reference,month,panel,n,reference_n,target_coverage_percent,reference_coverage_at_target_length_percent,conditional_bound_percent,se_percent,ci_low_percent,ci_high_percent,one_sided_95_lower_limit_percent,journal_clusters
2018–2021 trend,201501,Early,62157,4448927,25.797577103142043,24.14563016794644,2.2681405761199755,0.37323707669694683,1.5365959057939595,2.999685246445991,1.654165584953498,14040
2018–2021 trend,201501,Intermediate,62157,4448927,32.88446997120196,31.6549381448174,1.8975976762645725,0.43213364065886456,1.0506157405731982,2.744579611955947,1.1867378373807402,13953
2018–2021 trend,201501,Latest,62157,4448927,31.536271055552874,31.492904885741225,0.49571531139005687,0.33376500046690155,0.0,1.149894712305184,0.0,12871
2018–2021 trend,201501,Combined,62157,4448927,62.84087069839278,61.281653763202456,4.321824310599387,0.8299886236260228,2.6950466082923823,5.948602012906392,2.9564930247345793,13953
2018–2021 trend,201502,Early,64961,4448927,25.849355767306538,24.481928833129835,2.0018184662862093,0.37452872323436015,1.2677421687468633,2.7358947638255553,1.3857187165656868,13904
2018–2021 trend,201502,Intermediate,64961,4448927,33.7818075460661,31.973201036569417,2.849935158220242,0.46108494131859074,1.9462086732358042,3.7536616432046794,2.0914504297511605,13982
2018–2021 trend,201502,Latest,64961,4448927,31.628207693847077,31.77741428242305,0.47520808849152846,0.2529980482627953,0.0,0.9710842630866072,0.05902629909923024,11924
2018–2021 trend,201502,Combined,64961,4448927,63.07938609319438,61.75135824034318,4.138466175078805,0.8131213250455895,2.5447483779894498,5.73218397216816,2.80088159537881,13763
2018–2021 trend,201503,Early,74336,4448927,26.269909599655616,24.685949822484226,2.207565429680355,0.3865777239923997,1.4498730906552517,2.9652577687054587,1.5716450737128578,14065
2018–2021 trend,201503,Intermediate,74336,4448927,33.953938872148086,32.17077170777453,2.793089462359831,0.4189702738714511,1.971907725571787,3.6142711991478755,2.103883361841294,13802
2018–2021 trend,201503,Latest,74336,4448927,31.843252260008608,31.813710518571064,0.4075841296605652,0.25915566308719545,0.0,0.9155292293114683,0.0,11738
2018–2021 trend,201503,Combined,74336,4448927,63.54794446835988,61.90270753313426,4.788592306607297,0.9372073745373374,2.9516658525141164,6.625518760700479,3.2468861754933775,13981
2018–2021 trend,201504,Early,69764,4448927,26.323031936242188,24.918999504864896,2.080116656397478,0.37385986044063196,1.3473513299338393,2.8128819828611165,1.4651171859726384,13927
2018–2021 trend,201504,Intermediate,69764,4448927,33.84553637979474,32.25885931795394,2.4651649646936846,0.468469105309052,1.5469655182879425,3.3833644110994268,1.6945332864602938,13905
2018–2021 trend,201504,Latest,69764,4448927,32.212889169199016,32.09554475476995,0.6398685528889348,0.29231840179682106,0.06692448536716553,1.2128126204107041,0.15900478193316414,12678
2018–2021 trend,201504,Combined,69764,4448927,63.51126655581675,62.09907700544718,3.9823082643915235,0.9812504979452498,2.0590572884188343,5.905559240364213,2.368151195271588,14046
2018–2021 trend,201505,Early,66724,4448927,26.242431508902342,24.903848267250005,1.9319061543919718,0.38421821353588126,1.1788384558616443,2.684973852922299,1.2998671931254469,13785
2018–2021 trend,201505,Intermediate,66724,4448927,33.94580660631856,32.556989615026644,2.210025093593055,0.44736649766449077,1.3331867581706531,3.086863429015457,1.4741072049349677,13970
2018–2021 trend,201505,Latest,66724,4448927,32.20580300941191,31.948294640891085,0.6773819042839944,0.3337926969206023,0.02314821831961378,1.331615590248375,0.1282929178496035,13038
2018–2021 trend,201505,Combined,66724,4448927,63.52586775373179,62.3809506276248,3.4511222546630806,0.8564659348283498,1.7724490223995149,5.129795486926645,2.0422357918704446,13754
2018–2021 trend,201506,Early,73789,4448927,26.548672566371682,25.001441725752635,2.2479530130916405,0.37175989038699675,1.519303627933127,2.9766023982501544,1.6364079934050308,13895
2018–2021 trend,201506,Intermediate,73789,4448927,34.15414221631951,32.57664069626025,2.475198138468576,0.43951534802330405,1.6137480563429,3.3366482205942525,1.752195390970241,14079
2018–2021 trend,201506,Latest,73789,4448927,31.496564528588273,31.97660974914607,0.25768407501963275,0.1390218247885727,0.0,0.5301668516052352,0.02899317324243072,10814
2018–2021 trend,201506,Combined,73789,4448927,63.663960752957756,62.27614989531666,4.085510584831596,0.850655815747525,2.418225185966447,5.752795983696746,2.686181767926917,13999
2018–2021 trend,201507,Early,71463,4448927,26.504624770860445,25.29663214169196,1.8489547674315738,0.36116097322941426,1.1410792599019217,2.5568302749612255,1.2548449664691872,13885
2018–2021 trend,201507,Intermediate,71463,4448927,34.0735765361096,33.002581289038694,1.8445979534415193,0.43971135949759865,0.9827636888262261,2.7064322180568126,1.1212727670679696,13888
2018–2021 trend,201507,Latest,71463,4448927,32.18448707722877,32.48148055214424,0.13904209029710718,0.1197465976668676,0.0,0.3737454217241677,0.0,10013
2018–2021 trend,201507,Combined,71463,4448927,63.992555588206486,62.93541517449543,3.2299804203252673,0.9379311844513615,1.3916352988005989,5.068325541849935,1.6870836219027776,13958
2018–2021 trend,201508,Early,67369,4448927,26.481022428713505,25.346889175764275,1.6489959393254938,0.35896535862732715,0.9454238364159324,2.3525680422350552,1.0584979243835404,13880
2018–2021 trend,201508,Intermediate,67369,4448927,34.236815152369786,32.87822232737169,2.1297258718329726,0.43676143458669225,1.2736734600430557,2.985778283622889,1.4112533119378636,13999
2018–2021 trend,201508,Latest,67369,4448927,32.45854918434295,32.38240586885069,0.6459941670544932,0.3863445405634941,0.0,1.4032294665589418,0.010457397827545387,12984
2018–2021 trend,201508,Combined,67369,4448927,64.13483946622334,62.76847570785586,3.8813056492173295,0.8809693462469168,2.1546057305733726,5.608005567861286,2.4321110746411514,13978
2018–2021 trend,201509,Early,70741,4448927,26.732729251777613,25.603630791361642,1.63430820482195,0.3568906362458648,0.9348025577800549,2.333813851863845,1.0472231081975025,13927
2018–2021 trend,201509,Intermediate,70741,4448927,34.554218911239595,33.017552830695806,2.510040007692819,0.4346376202909179,1.6581502719226198,3.3619297434630178,1.795061122314259,14031
2018–2021 trend,201509,Latest,70741,4448927,32.2104578674319,32.60653372367455,0.15764863071411656,0.12782802305851956,0.0,0.40819155590881495,0.0,10327
2018–2021 trend,201509,Combined,70741,4448927,64.2979318923962,63.111617479079094,3.5235631315434146,0.8153520213117009,1.925473169772481,5.1216530933143485,2.1823090564856664,14011
2018–2021 trend,201510,Early,71329,4448927,26.99042465196484,25.711569445626,1.7980774097982135,0.3685290552711893,1.0757604614666825,2.5203943581297445,1.1918471138771072,14017
2018–2021 trend,201510,Intermediate,71329,4448927,34.0394509946866,33.03644176777125,1.6887556175593108,0.4271819916669056,0.8514789138921758,2.5260323212264457,0.986041241267251,13966
2018–2021 trend,201510,Latest,71329,4448927,32.306635449817044,32.432113879065085,0.28185261186642835,0.22899032460540159,0.0,0.7306736480930155,0.0,12079
2018–2021 trend,201510,Combined,71329,4448927,64.15062597260581,63.056913362183316,3.366128204294921,0.8306246396265057,1.7381039106269702,4.994152497962872,1.9997506721093197,13934
2018–2021 trend,201511,Early,66665,4448927,27.398184954623865,25.70615402768355,2.4395869942747517,0.38000127738250183,1.6947844906050482,3.184389497944455,1.814484892980536,14050
2018–2021 trend,201511,Intermediate,66665,4448927,34.59236480912023,33.16093154027554,2.3583420683985548,0.41418331346202986,1.5465427740129765,3.170141362784133,1.6770105177535157,13870
2018–2021 trend,201511,Latest,66665,4448927,32.99182479561989,32.55170591190246,0.8365002623519042,0.4176472186753174,0.017911713748281974,1.6550888109555264,0.14947058763100704,13656
2018–2021 trend,201511,Combined,66665,4448927,64.85112127803195,63.191418272579774,4.942750269168596,0.8813854364928752,3.2152348136425606,6.670265724694631,3.4928712261378156,13958
2018–2021 trend,201512,Early,70500,4448927,27.141843971631207,25.8929107823749,1.7801105981052137,0.3818747007578511,1.0316361846198254,2.528585011590602,1.1519267153585486,14080
2018–2021 trend,201512,Intermediate,70500,4448927,34.5645390070922,33.28606623211316,2.0321870366464214,0.43311110188703006,1.1832892769478427,2.8810847963450006,1.319719274042257,14103
2018–2021 trend,201512,Latest,70500,4448927,32.219858156028366,32.50604489323075,0.23305227256400265,0.2090471423987671,0.0,0.6427846716655863,0.0,11756
2018–2021 trend,201512,Combined,70500,4448927,64.21702127659574,63.27874128325442,2.779836311291891,0.8580998364266337,1.0979606318956887,4.461711990688093,1.3682620803700787,14029
2018–2021 trend,201601,Early,67621,4448927,27.2903388000769,25.79126402821913,2.19493908918936,0.3560430839928062,1.4970946445634596,2.89278353381526,1.6092482160211938,13909
2018–2021 trend,201601,Intermediate,67621,4448927,34.66526670708804,33.28171238486364,2.1348786207474038,0.41532532526223354,1.3208409832334262,2.9489162582613817,1.4516684606910297,14068
2018–2021 trend,201601,Latest,67621,4448927,32.82708034486328,32.57210942702627,0.6663847635010373,0.3524930190683412,0.0,1.3572710808749862,0.0865337471336161,13280
2018–2021 trend,201601,Combined,67621,4448927,64.90143594445513,63.327361063395614,4.637134555409395,0.8267232413772538,3.016757002309977,6.257512108508811,3.277174823343812,14041
2018–2021 trend,201602,Early,71934,4448927,27.62115272332972,26.03430090340769,2.2735001350081796,0.32604798246801175,1.6344460893708768,2.9125541806454827,1.7371512038483008,13928
2018–2021 trend,201602,Intermediate,71934,4448927,34.91533906080574,33.50423250601054,2.215077903924891,0.3895727365736155,1.4515153402406045,2.978640467609177,1.5742307522612933,13972
2018–2021 trend,201602,Latest,71934,4448927,32.889871270887205,32.793023833358745,0.49850655707233216,0.30832571291783295,0.0,1.1028249543912845,0.0,13085
2018–2021 trend,201602,Combined,71934,4448927,65.12775599855424,63.69736654540939,4.239333179890783,0.7184969190102013,2.831079218630789,5.647587141150778,3.0574057481190025,13928
2018–2021 trend,201603,Early,77658,4448927,27.411213268433386,26.21751060594164,1.8567054929272766,0.33342040186070915,1.2032015052802867,2.5102094805742667,1.30822893186641,13963
2018–2021 trend,201603,Intermediate,77658,4448927,35.04597079502434,33.64783800591349,2.164246177997037,0.3902354540965877,1.3993846879677252,2.929107668026349,1.5223088560081504,14115
2018–2021 trend,201603,Latest,77658,4448927,32.6534291380154,32.78543930166476,0.36608953908225317,0.22082720079613266,0.0,0.7989108526426733,0.002828793772614944,11429
2018–2021 trend,201603,Combined,77658,4448927,64.83556104973087,63.74450749426068,3.5726742088451906,0.7598183947066622,2.0834301552201326,5.061918262470249,2.3227729495527307,13956
2018–2021 trend,201604,Early,72686,4448927,27.530748699887187,26.423301311744094,1.6082456353627679,0.33648742690626426,0.9487302786264898,2.267760992099046,1.0547238181019631,13980
2018–2021 trend,201604,Intermediate,72686,4448927,35.17871392014968,33.69592012227914,2.360482910767092,0.38401386406112586,1.6078157372072854,3.113150084326899,1.7287801043865403,13983
2018–2021 trend,201604,Latest,72686,4448927,32.92105770024489,33.09113564585257,0.29195203901161304,0.24091541749384568,0.0,0.7641462572995505,0.0,12194
2018–2021 trend,201604,Combined,72686,4448927,64.96299149767493,63.9103081620793,3.1549830091777817,0.6795740129300819,1.823017943834821,4.486948074520742,2.037083757907797,13822
2018–2021 trend,201605,Early,72223,4448927,27.661548260249504,26.4554605723846,1.7370235941039935,0.33067127438348254,1.0889078963123677,2.3851392918956194,1.1930693477431646,13919
2018–2021 trend,201605,Intermediate,72223,4448927,34.91823934203786,34.0678104304295,1.4276031008795094,0.3819522308286914,0.6789767284552743,2.1762294733037444,0.7992916811663121,13881
2018–2021 trend,201605,Latest,72223,4448927,33.12933553023275,32.932861683653925,0.6164786843211525,0.2745518427133667,0.07835707260295385,1.154600296039351,0.16484090305766436,13062
2018–2021 trend,201605,Combined,72223,4448927,65.11637566980048,64.21979165341637,2.7795818553659966,0.7558025882598783,1.298208782376635,4.260954928355358,1.5362865976784965,13901
2018–2021 trend,201606,Early,77290,4448927,27.685340923793504,26.561260674612953,1.708625050104021,0.303947479508538,1.1128879902672866,2.3043621099407554,1.2086314463124759,13857
2018–2021 trend,201606,Intermediate,77290,4448927,35.16366929745116,34.095008997668465,1.7119193793832064,0.38467003162361985,0.9579661174009115,2.465872641365501,1.0791371773623517,14105
2018–2021 trend,201606,Latest,77290,4448927,33.08448699702419,32.95964091072324,0.6813892224389617,0.23947298005168824,0.2120221815376528,1.1507562633402708,0.28745617025393455,12322
2018–2021 trend,201606,Combined,77290,4448927,65.26070643032733,64.11791862469325,3.6243080545612143,0.7528460584885847,2.1487297799235883,5.09988632919884,2.385876288347492,14004
2018–2021 trend,201607,Early,71400,4448927,28.067226890756302,26.75541548972719,1.8612918758588646,0.34119083132387806,1.1925578464640636,2.5300259052536656,1.3000329583310852,13952
2018–2021 trend,201607,Intermediate,71400,4448927,35.03781512605042,34.41127842034973,1.22985900449001,0.352985561411524,0.5380073041234229,1.9217107048565967,0.649197755968053,13419
2018–2021 trend,201607,Latest,71400,4448927,32.88235294117647,33.38841274189438,0.2995756404928693,0.15466689803819772,0.0,0.6027227606477368,0.045148593220034006,10559
2018–2021 trend,201607,Combined,71400,4448927,65.22549019607843,64.63217032472505,2.0934986812966883,0.6959864723041348,0.7293651955805839,3.457632167012792,0.9486009343563864,13558
2018–2021 trend,201608,Early,75215,4448927,27.814930532473575,26.938560729920656,1.315674260108058,0.34145455338849084,0.646423335466616,1.9849251847495,0.7539815197839906,14030
2018–2021 trend,201608,Intermediate,75215,4448927,34.9039420328392,34.43609547570504,0.9853840700162421,0.3792837390058925,0.24198794156469272,1.7287801984677915,0.3614623193515488,13715
2018–2021 trend,201608,Latest,75215,4448927,33.56378381971681,33.375935961473914,0.5437437586477644,0.3974217699763384,0.0,1.3226904278013878,0.0,13105
2018–2021 trend,201608,Combined,75215,4448927,65.4071661237785,64.64692590589496,2.4516569543798488,0.8472652410419477,0.7910170819376314,4.1122968268220665,1.0579056328658447,13878
2018–2021 trend,201609,Early,72968,4448927,27.749150312465737,27.052495889867874,1.1353963880980038,0.31478319540941674,0.518421325095547,1.7523714511004609,0.6175780316495133,13879
2018–2021 trend,201609,Intermediate,72968,4448927,35.49912290319044,34.39097750777083,1.9038058868319059,0.3766070788990121,1.1656560121898423,2.6419557614739695,1.2842872420430311,13995
2018–2021 trend,201609,Latest,72968,4448927,33.29815809669992,33.46827139286789,0.5222723974428383,0.27923342914600974,0.0,1.0695699185690175,0.06293340649765229,12741
2018–2021 trend,201609,Combined,72968,4448927,65.47664729744545,64.7555949450671,2.8249435878837015,0.7222766931757111,1.4092812692593077,4.240605906508095,1.6367984276096563,13495
2018–2021 trend,201610,Early,71314,4448927,28.000112179936618,27.237434806456257,1.2378843740119156,0.32741865011960525,0.5961438197774892,1.8796249282463418,0.6992806945651648,13907
2018–2021 trend,201610,Intermediate,71314,4448927,34.99733572650531,34.48289906590301,1.042836194689449,0.37287549802052,0.3120002185692299,1.7736721708096683,0.42945600044569365,13485
2018–2021 trend,201610,Latest,71314,4448927,33.37914014078582,33.34153197544704,0.49233534219022834,0.2898439091845283,0.0,1.0604294041919038,0.0155421115816793,12994
2018–2021 trend,201610,Combined,71314,4448927,65.4401660263062,64.78601274619167,2.268780519459464,0.7277881992073789,0.842315649013001,3.695245389905927,1.0715689317633252,13892
2018–2021 trend,201611,Early,72029,4448927,27.811020561162866,27.15522929772981,1.0919978898724658,0.26476168297982305,0.5730649912320127,1.610930788512919,0.6564649213706568,13321
2018–2021 trend,201611,Intermediate,72029,4448927,35.51486206944425,34.528006324116404,1.6529881899859526,0.4125710383314747,0.8443489548562624,2.461627425115643,0.9743088319306769,14035
2018–2021 trend,201611,Latest,72029,4448927,33.493454025461965,33.43127000633516,0.5364324455722072,0.2714783628840009,0.004334854319565373,1.068530036824849,0.0898505386280257,12696
2018–2021 trend,201611,Combined,72029,4448927,65.74712962834414,64.83194500434115,3.1379005280027137,0.7563468067938007,1.6554607866868642,4.620340269318563,1.8937100308269113,13957
2018–2021 trend,201612,Early,68477,4448927,28.172963184718956,27.335501259035162,1.324615796339119,0.3457948812298616,0.6468578291285902,2.0023737635496475,0.7557832167159967,13819
2018–2021 trend,201612,Intermediate,68477,4448927,35.34471428362808,34.65394505904265,1.3525603282398138,0.32122390099834375,0.7229614822830599,1.9821591741965676,0.8241470110975382,13376
2018–2021 trend,201612,Latest,68477,4448927,33.30315288344992,33.372162875921006,0.33259500569111455,0.27451749848344786,0.0,0.8706493027186725,0.0,12942
2018–2021 trend,201612,Combined,68477,4448927,65.64247849642946,64.91677480014495,2.42432742882801,0.6527897311681121,1.1448595557385102,3.7037953019175096,1.3504883210564655,13460
2018–2021 trend,201701,Early,70442,4448927,28.298458306124186,27.25658325842112,1.5940164379414212,0.3119009883126625,0.9826905008486027,2.2053423750342396,1.0809393121670914,13882
2018–2021 trend,201701,Intermediate,70442,4448927,35.83799437835382,34.676766787069425,1.9713720185693113,0.3642043550122007,1.257531482745398,2.6852125543932246,1.3722558545742412,13946
2018–2021 trend,201701,Latest,70442,4448927,33.84060645637546,33.45599097423376,0.7934151125637929,0.32617607410283955,0.15411000732222738,1.4327202178053584,0.2568554706646219,13258
2018–2021 trend,201701,Combined,70442,4448927,66.24457000085177,64.97781764974116,4.122772115051635,0.7238343741277478,2.7040567417612493,5.541487488342021,2.93206456961149,13915
2018–2021 trend,201702,Early,71415,4448927,28.49261359658335,27.658779615231992,1.2372497385636942,0.277677005564809,0.6930028076566684,1.78149666947072,0.7804710644095834,13236
2018–2021 trend,201702,Intermediate,71415,4448927,36.0988587831688,35.06761798854834,1.7472479791547553,0.35766921650945904,1.0462163147962156,2.448279643513295,1.158882117996695,13817
2018–2021 trend,201702,Latest,71415,4448927,33.6119862773927,33.78392580031761,0.5366796479995283,0.2547544780296133,0.037360871061486306,1.0359984249375702,0.11760853164081447,12107
2018–2021 trend,201702,Combined,71415,4448927,66.23258419099629,65.52990332077819,2.7067003915755343,0.6476333134542602,1.437339097205184,3.976061685945884,1.6413435909432763,13549
2018–2021 trend,201703,Early,81997,4448927,28.543727209532054,27.835277431337982,1.2130658454524532,0.281099654196497,0.662110523227319,1.7640211676775874,0.7506569142992155,13501
2018–2021 trend,201703,Intermediate,81997,4448927,36.270839177043065,35.184401312887054,1.8124537933595963,0.36035351196039994,1.1061609099172125,2.5187466768019804,1.2196722661847383,13914
2018–2021 trend,201703,Latest,81997,4448927,33.932948766418285,33.762852694605954,0.5480824453816209,0.22368748252077608,0.10965497964089974,0.9865099111223421,0.18011653663494426,12317
2018–2021 trend,201703,Combined,81997,4448927,66.39267290266717,65.55254226074561,3.022891729994213,0.6853603518763893,1.6795854403164903,4.366198019671936,1.8954739511575527,13857
2018–2021 trend,201704,Early,71198,4448927,28.593499817410603,27.976654291848842,0.9533027971479572,0.2954236153745999,0.37427251101374137,1.5323330832821729,0.4673309498567403,13830
2018–2021 trend,201704,Intermediate,71198,4448927,36.0248883395601,35.183230418307794,1.4796425172780518,0.36688361964039445,0.7605506227828789,2.198734411773225,0.876118962969603,13811
2018–2021 trend,201704,Latest,71198,4448927,33.57538133093626,34.00185503317579,0.13404424467239484,0.23817248639750538,0.0,0.6008623180115055,0.0,11829
2018–2021 trend,201704,Combined,71198,4448927,66.1914660524172,65.65648001596821,2.0689328425807694,0.6627398736564163,0.7699626902141937,3.367902994947345,0.9787257504159647,13588
2018–2021 trend,201705,Early,76375,4448927,28.531587561374796,28.037682509641765,0.855409981212661,0.27935989089759444,0.3078645950533759,1.4029553673719461,0.3958629606861181,13229
2018–2021 trend,201705,Intermediate,76375,4448927,36.08117839607201,35.563098745009384,1.0722850095971297,0.30413115856285755,0.4761879388139289,1.6683820803803306,0.571989253761229,13387
2018–2021 trend,201705,Latest,76375,4448927,33.91031096563012,33.892753927649494,0.5646407090959236,0.23479451741481436,0.10444345496288748,1.0248379632289597,0.17840372794855397,11913
2018–2021 trend,201705,Combined,76375,4448927,66.41833060556465,65.97193712600759,2.1557497330113917,0.660324292170517,0.8615141203571784,3.449985345665605,1.069516272390891,13763
2018–2021 trend,201706,Early,78578,4448927,28.90249179159561,28.33016545216494,0.9564671071711816,0.28645255782079404,0.39502009384242526,1.5179141204999378,0.4852526495559753,13374
2018–2021 trend,201706,Intermediate,78578,4448927,36.40331899513859,35.81700920381391,1.051056607990816,0.3389707011797025,0.3866740336785989,1.715439182303033,0.49344980455020526,13791
2018–2021 trend,201706,Latest,78578,4448927,33.992975132988875,34.06891666446554,0.39992653524840965,0.24764305601444772,0.0,0.8853069250367271,0.0,13017
2018–2021 trend,201706,Combined,78578,4448927,66.68151390974573,66.17246496087766,1.9989143393805926,0.6349447407404886,0.7544226475292352,3.2434060312319506,0.9544302408624891,13710
2018–2021 trend,201707,Early,77417,4448927,28.86316958807497,28.393278514800645,0.9298948112847548,0.31599267503833406,0.3105491682096202,1.5492404543598897,0.4100868608466954,13837
2018–2021 trend,201707,Intermediate,77417,4448927,36.73224227236912,36.008393743143806,1.357371052677707,0.32069494562342526,0.7288089592557934,1.9859331460996204,0.8298278671271723,13504
2018–2021 trend,201707,Latest,77417,4448927,34.47692367309506,34.443160401620226,0.3633607393577141,0.23638883129418867,0.0,0.826682848694324,0.0,11971
2018–2021 trend,201707,Combined,77417,4448927,67.14933412557966,66.55159563177835,2.1121643646251873,0.7148602350169864,0.7110383039918943,3.5132904252584805,0.9362192780222449,13651
2018–2021 trend,201708,Early,76320,4448927,29.14832285115304,28.63522676741265,0.8696763604963307,0.3223526302005985,0.23786520530315766,1.5014875156895036,0.33940628381634613,13743
2018–2021 trend,201708,Intermediate,76320,4448927,36.952306079664574,36.07921239839688,1.452789016641377,0.3694247040384308,0.7287165967260526,2.176861436556701,0.8450853784981582,13840
2018–2021 trend,201708,Latest,76320,4448927,34.48899371069182,34.419965683717464,0.5913124669798869,0.23847831243477882,0.12389497460772039,1.0587299593520534,0.19901564302467573,12337
2018–2021 trend,201708,Combined,76320,4448927,67.48034591194968,66.58815668659518,3.061591860854453,0.679384441035246,1.7299983564253711,4.393185365283535,1.944004455351473,13699
2018–2021 trend,201709,Early,76193,4448927,29.168033808880082,28.844451625311567,0.6729402482593131,0.2547904997798074,0.17355086869089068,1.1723296278277355,0.2538098761215299,13141
2018–2021 trend,201709,Intermediate,76193,4448927,36.8354048272151,36.14604900833278,1.2061834271543557,0.3620049291465211,0.49665376602717437,1.915713088281537,0.6106853187083285,13824
2018–2021 trend,201709,Latest,76193,4448927,34.42442219101492,34.615184085906236,0.25164266798842294,0.17640437563300604,0.0,0.5973952442291147,0.0,11640
2018–2021 trend,201709,Combined,76193,4448927,67.03634192117386,66.86490122345505,1.0198699666308657,0.5807484075516685,0.0,2.158136845432136,0.06453883620837104,13211
2018–2021 trend,201710,Early,73441,4448927,29.115888944867308,29.024385355127606,0.368539298540174,0.2604053893717936,0.0,0.8789338617088894,0.0,13402
2018–2021 trend,201710,Intermediate,73441,4448927,36.83637205375744,36.225193593169436,1.2641443440018219,0.322571516963016,0.6319041707543106,1.8963845172493332,0.7335141985976605,13316
2018–2021 trend,201710,Latest,73441,4448927,34.499802562601275,34.47997928728167,0.4952609022405574,0.20136324824527335,0.10058893567982162,0.8899328688012933,0.16401835887708271,11940
2018–2021 trend,201710,Combined,73441,4448927,67.179096145205,66.8822964188958,1.6971262695489209,0.5896695262470678,0.5413739981046679,2.852878540993174,0.7271198988724944,13083
2018–2021 trend,201711,Early,77126,4448927,29.418095065217955,28.996471249444046,0.8576625798634375,0.27155771192101374,0.3254094644982505,1.3899156952286247,0.4109501437533698,13202
2018–2021 trend,201711,Intermediate,77126,4448927,36.97715426704354,36.332165091193424,1.2218946771923236,0.31621947262353856,0.6021045108501881,1.8416848435344593,0.7017136447266027,13324
2018–2021 trend,201711,Latest,77126,4448927,34.45660348001971,34.59083656458723,0.31535760288292725,0.2616581471737213,0.0,0.828207571343421,0.0,12457
2018–2021 trend,201711,Combined,77126,4448927,67.46622410082203,66.96359112389455,2.1889040272077547,0.6856593150121916,0.8450117697838591,3.53279628463165,1.0609944540126994,13734
2018–2021 trend,201712,Early,75861,4448927,29.61205362439198,29.28993909904616,0.6805607701668,0.2578076194266957,0.17525783609047646,1.1858637042431237,0.25646723620988565,13160
2018–2021 trend,201712,Intermediate,75861,4448927,36.76197255506782,36.556308124710576,0.7669403245415646,0.2462797782753746,0.28423195912183036,1.2496486899612989,0.36181008927857344,12418
2018–2021 trend,201712,Latest,75861,4448927,34.48807687744691,34.59605175551441,0.4032937547979964,0.1943402443874267,0.0223868757986401,0.7842006337973526,0.08360405278067949,11635
2018–2021 trend,201712,Combined,75861,4448927,67.25326584147322,67.16521430922884,1.338960559401885,0.49662095867806927,0.3655834803928693,2.312337638410901,0.5220190823764612,12339
2018–2021 trend,201801,Early,72575,4448927,29.295211849810542,28.98593521845553,0.5931899042655788,0.22288989559248362,0.1563257089043109,1.0300540996268468,0.22653602601594322,13323
2018–2021 trend,201801,Intermediate,72575,4448927,36.808818463658284,36.35077644891999,0.8699074692544344,0.28371131056173293,0.31383330055343794,1.4259816379554309,0.40320236338038373,13477
2018–2021 trend,201801,Latest,72575,4448927,35.163623837409574,34.54808741251503,0.9930494957332142,0.2538975261478228,0.49541034448348165,1.4906886469829468,0.5753880652200458,13469
2018–2021 trend,201801,Combined,72575,4448927,67.66655184292111,66.9755440046944,2.3280743083246875,0.5236387347598259,1.3017423881954286,3.354406228453946,1.4666885896447737,13806
2018–2021 trend,201802,Early,78949,4448927,29.731852208387693,29.40966828548571,0.6559173879722682,0.18886237946427273,0.2857471242222936,1.0260876517222426,0.3452387737535395,13289
2018–2021 trend,201802,Intermediate,78949,4448927,37.122699464211074,36.75853992859997,0.8173529100098633,0.19515030330543848,0.4348583155312039,1.1998475044885226,0.49633066107241697,13180
2018–2021 trend,201802,Latest,78949,4448927,34.65401715031223,34.886080442748764,0.14171027900747651,0.11016222964762645,0.0,0.3576282491168244,0.0,10721
2018–2021 trend,201802,Combined,78949,4448927,67.61833588772498,67.54430155893411,0.8797156218482665,0.3683762614111631,0.15769814948238683,1.6017330942141461,0.27373667182690326,12937
2018–2021 trend,201803,Early,83664,4448927,29.905335628227196,29.677452364148465,0.4824254488684816,0.2061032628546049,0.07846305367345602,0.8863878440635072,0.1433855814726565,13231
2018–2021 trend,201803,Intermediate,83664,4448927,37.20357620960031,36.96476140590859,0.46396377352307844,0.21364423178170727,0.04522107923093221,0.8827064678152247,0.11251901224216998,12803
2018–2021 trend,201803,Latest,83664,4448927,34.65528781793842,34.900203879771084,0.22214581618943097,0.1622551809100285,0.0,0.5401659707730868,0.0,12169
2018–2021 trend,201803,Combined,83664,4448927,67.70654044750431,67.65712519888922,0.7855238739192014,0.3769861245483939,0.04663106980434938,1.5244166780340533,0.16538169903709343,12532
2018–2021 trend,201804,Early,77260,4448927,30.472430753300543,29.839499390721553,0.9798160246474915,0.2212090700401282,0.5462462473688402,1.413385801926143,0.6159271044314806,13531
2018–2021 trend,201804,Intermediate,77260,4448927,37.52912244369661,36.98150362358806,1.035341008030157,0.23825165950965296,0.5683677553912373,1.5023142606690771,0.643417028136778,13373
2018–2021 trend,201804,Latest,77260,4448927,35.570799896453536,35.17193054183961,0.7098813363368935,0.23496776599709104,0.24934451498259508,1.170418157691192,0.3233593612716788,13323
2018–2021 trend,201804,Combined,77260,4448927,68.4675122961429,67.76928998566369,2.5027602851421795,0.4756266813215536,1.5705319897519343,3.434988580532425,1.7203543943682238,13465
2018–2021 trend,201805,Early,80208,4448927,30.457061639736686,29.846416779782174,1.0017961321486997,0.20908282493855598,0.59199379526913,1.4115984690282695,0.6578548851247751,13399
2018–2021 trend,201805,Intermediate,80208,4448927,37.45885697187313,37.30435649661637,0.49211563792303564,0.22278208825520146,0.05546274494284079,0.9287685309032305,0.12563910274322926,12766
2018–2021 trend,201805,Latest,80208,4448927,35.3468481946938,35.02318606142204,0.616583997519241,0.2157174593069482,0.1937777772776225,1.0393902177608594,0.2617287769593112,13621
2018–2021 trend,201805,Combined,80208,4448927,68.55425892679034,68.01553436210561,1.9458972191008375,0.47406216672332785,1.0167353723231147,2.87505906587856,1.166064954840963,13686
2018–2021 trend,201806,Early,79604,4448927,30.301241143661123,30.115048548172023,0.4134650760556137,0.18818228098768416,0.0446278053197528,0.7823023467914747,0.10390522383087329,12768
2018–2021 trend,201806,Intermediate,79604,4448927,37.825988643786744,37.49509592980094,0.7088588568188071,0.21170744990488907,0.2939122550052245,1.1238054586323896,0.3606001017252646,13128
2018–2021 trend,201806,Latest,79604,4448927,35.254509823626954,35.15312209570162,0.46937767612570974,0.1833841705098223,0.10994470192645799,0.8288106503249616,0.16771071563705203,12780
2018–2021 trend,201806,Combined,79604,4448927,68.39982915431385,68.09758442951707,1.1420834047599706,0.4672576370647444,0.22625843611307173,2.0579083734068697,0.3734445917884662,13669
2018–2021 trend,201807,Early,78806,4448927,30.086541633885744,30.257670877661802,0.10486507352880574,0.10501169702453354,0.0,0.3106879996968915,0.0,11138
2018–2021 trend,201807,Intermediate,78806,4448927,38.027561353196454,37.784392697967476,0.6005052206053595,0.2227321864836193,0.16395013509746562,1.0370603061132533,0.2341107738398057,12751
2018–2021 trend,201807,Latest,78806,4448927,35.88559246757861,35.58369145487155,0.678074356691461,0.18584878307752503,0.31381074185951197,1.04233797152341,0.3723531085289324,12218
2018–2021 trend,201807,Combined,78806,4448927,68.81328832829988,68.5727623282357,1.254411858288501,0.5219172183959875,0.23145411023236562,2.2773696063446365,0.3958580340271016,13369
2018–2021 trend,201808,Early,79292,4448927,30.653786006154466,30.464718765348287,0.44448201313139707,0.20529224738356092,0.0421092082596177,0.8468548180031763,0.10677626618543933,13481
2018–2021 trend,201808,Intermediate,79292,4448927,37.95464864046814,37.80233105658986,0.6117762542306832,0.20359233825231232,0.21273527125615105,1.0108172372052153,0.2768668578056294,12571
2018–2021 trend,201808,Latest,79292,4448927,35.76905614690006,35.533346518155675,0.5723469601510186,0.2125454459721747,0.15575788604555624,0.988936034256481,0.22270970152679126,12972
2018–2021 trend,201808,Combined,79292,4448927,68.72193916157998,68.5614859147867,1.139014229164812,0.44326486290976247,0.27021509786167747,2.0078133604679462,0.40984352967825266,13065
2018–2021 trend,201809,Early,78047,4448927,30.872423027150308,30.58168252059979,0.6785373850449403,0.18943586871254384,0.30724308236835435,1.0498316877215264,0.36691538101280563,12918
2018–2021 trend,201809,Intermediate,78047,4448927,37.709328994067675,37.74860170174149,0.2623939505280051,0.13473455055963027,0.0,0.5264736696248804,0.04075561485741334,11350
2018–2021 trend,201809,Latest,78047,4448927,35.86684946250336,35.63615435113287,0.5442839380610835,0.20275366370998885,0.14688675718950533,0.9416811189326617,0.21075416125815186,13060
2018–2021 trend,201809,Combined,78047,4448927,68.77138134713698,68.65749119271976,0.8447669259828875,0.41195715021155677,0.037330911568236175,1.652202940397539,0.16709741388487662,12984
2018–2021 trend,201810,Early,85806,4448927,30.994336060415357,30.866251350465554,0.33984398709661173,0.17013663065501633,0.006376191012779763,0.6733117831804437,0.0599692296691099,12683
2018–2021 trend,201810,Intermediate,85806,4448927,38.13835862294012,37.919492748731095,0.5824410153072617,0.2097077969715342,0.1714137332430546,0.9934682973714687,0.2374716892890879,13207
2018–2021 trend,201810,Latest,85806,4448927,35.64902221289886,35.5545694020216,0.3915236309613478,0.14578091037852492,0.10579304661943899,0.6772542153032566,0.1517140333886743,11677
2018–2021 trend,201810,Combined,85806,4448927,68.94389669720066,68.78357205986023,1.0898180031959939,0.2876034043447635,0.5261153306802574,1.6535206757117302,0.6167104030488578,12062
2018–2021 trend,201811,Early,81101,4448927,31.16237777585973,30.876102513878163,0.5110286586542647,0.2363857648464146,0.04771255955529213,0.9743447577532374,0.12217407548191267,13495
2018–2021 trend,201811,Intermediate,81101,4448927,38.0846105473422,38.102576185178414,0.4999578065771601,0.18306663963323205,0.14114719289602526,0.8587684202582948,0.19881318438049336,11948
2018–2021 trend,201811,Latest,81101,4448927,35.36824453459267,35.71937808139195,0.07015832007977772,0.1013367490864134,0.0,0.268778348289148,0.0,10588
2018–2021 trend,201811,Combined,81101,4448927,68.84871949791001,68.95534492226635,0.4151692500317923,0.25573969555662646,0.0,0.9164190533227802,0.0,10940
2018–2021 trend,201812,Early,74892,4448927,31.107461411098647,30.97943439084802,0.4032613422788006,0.1628456706557305,0.08408382779356884,0.7224388567640324,0.13538021405012393,12259
2018–2021 trend,201812,Intermediate,74892,4448927,38.49943919243711,38.097871941564044,0.8351654267551906,0.20645085396203117,0.4305217529896095,1.2398091005207716,0.49555377198764927,12754
2018–2021 trend,201812,Latest,74892,4448927,35.962452598408376,35.593753386569965,0.708234024349202,0.24839461582896769,0.22138057732442534,1.1950874713739785,0.2996248813105502,13431
2018–2021 trend,201812,Combined,74892,4448927,69.2624045291887,68.88438659164503,1.6872073100801979,0.5112892535870053,0.6850803730496676,2.6893342471107284,0.8461364879295743,13536
2018–2021 trend,201901,Early,83246,4448927,31.106599716502895,31.0115968788208,0.4557552641515564,0.14266818127464342,0.17612562885325533,0.7353848994498575,0.22106610595476797,11854
2018–2021 trend,201901,Intermediate,83246,4448927,38.268505393652546,38.27973070223707,0.3391738561853982,0.17439635218672694,0.0,0.6809907064713829,0.05229185683823237,11992
2018–2021 trend,201901,Latest,83246,4448927,35.62693703000745,35.75947236459849,0.1251183872904427,0.12575750049104206,0.0,0.3716030882528851,0.0,11450
2018–2021 trend,201901,Combined,83246,4448927,69.0147274343512,69.1319976582889,0.41072736806206983,0.2537315694475254,0.0,0.9080412441792196,0.0,11174
2018–2021 trend,201902,Early,80278,4448927,31.19160915817534,31.226368961518208,0.3217395305044646,0.15397597236745697,0.019946624664248912,0.6235324363446803,0.06844905595999787,12393
2018–2021 trend,201902,Intermediate,80278,4448927,38.325568648944916,38.45905073942705,0.3668964880192318,0.18315389562397663,0.007914852596237632,0.725878123442226,0.06560832971779025,12040
2018–2021 trend,201902,Latest,80278,4448927,36.050972869279256,35.952529419934685,0.38805985574014207,0.1693201646448494,0.05619233303623722,0.7199273784440469,0.1095281848993648,12545
2018–2021 trend,201902,Combined,80278,4448927,69.36146889558783,69.39534835023669,0.8726095693414019,0.32817212439118126,0.22939220553468664,1.5158269331481171,0.3327664247179086,11976
2018–2021 trend,201903,Early,85370,4448927,31.39744640974581,31.45631563322471,0.2985601409757489,0.15442712080921375,0.0,0.6012372977618079,0.04452752724459223,12748
2018–2021 trend,201903,Intermediate,85370,4448927,38.42216235211433,38.60674628039001,0.17088993672567096,0.13004477394490327,0.0,0.42577769365768137,0.0,11767
2018–2021 trend,201903,Latest,85370,4448927,36.040763734332906,35.961707593573486,0.39878977019874373,0.14973444986674722,0.10531024845991921,0.6922692919375683,0.1524766001679446,11776
2018–2021 trend,201903,Combined,85370,4448927,69.34520323298582,69.4666413764952,0.538257456704313,0.28215171417190243,0.0,1.0912748164812418,0.0741178868915335,11833
2018–2021 trend,201904,Early,83049,4448927,31.338125684836662,31.612592119210916,0.13028519749584816,0.09602098827066041,0.0,0.31848633450634256,0.0,11330
2018–2021 trend,201904,Intermediate,83049,4448927,38.51220363881564,38.610338923324406,0.2470856650592552,0.13637200893702225,0.0,0.5143748025758188,0.022753710357853583,11006
2018–2021 trend,201904,Latest,83049,4448927,36.361666004407034,36.21696926298234,0.35856010625163187,0.20359140062106976,0.0,0.7575992514689286,0.023652252229972158,13001
2018–2021 trend,201904,Combined,83049,4448927,69.45899408782766,69.54182726947641,0.3106569808797905,0.22232702878746233,0.0,0.7464179573032167,0.0,11447
2018–2021 trend,201905,Early,86180,4448927,31.53864005569738,31.768081275234362,0.19443609863479455,0.13228077083396605,0.0,0.453706409469368,0.0,12139
2018–2021 trend,201905,Intermediate,86180,4448927,39.017173358087724,39.09560798191288,0.32229235723690447,0.15984661988284257,0.00899298226653307,0.6355917322072759,0.05934466752962847,11783
2018–2021 trend,201905,Latest,86180,4448927,35.96658157345092,36.146106982669316,0.27087371165440377,0.14766597758874672,0.0,0.5602990277283474,0.0279631785209154,11462
2018–2021 trend,201905,Combined,86180,4448927,69.59967509863077,69.94834971463537,0.43857479975737335,0.21884426530603332,0.00964003975754803,0.8675095597571986,0.07857598332894852,9313
2018–2021 trend,201906,Early,82673,4448927,31.919731956019497,31.925789075927888,0.2544803346240375,0.16304810477089166,0.0,0.5740546199749851,0.0,11951
2018–2021 trend,201906,Intermediate,82673,4448927,39.12280913962237,39.15502847536446,0.28191587056915934,0.18189232336118766,0.0,0.6384248243570873,0.0,11960
2018–2021 trend,201906,Latest,82673,4448927,36.32262044440144,36.213543279036784,0.3000645656375416,0.20077596348736668,0.0,0.6935854540727802,0.0,12713
2018–2021 trend,201906,Combined,82673,4448927,69.88980682931549,69.89936449105284,0.6395271287860339,0.3661804169586517,0.0,1.3572407460249913,0.037160342889051845,12081
2018–2021 trend,201907,Early,88413,4448927,31.78491850745931,31.992051755613335,0.2106729005987291,0.12101446724634812,0.0,0.44786125640157143,0.011604101978486417,11775
2018–2021 trend,201907,Intermediate,88413,4448927,39.36298960560099,39.365540302835925,0.3475013089148353,0.18379175894730532,0.0,0.7077331564515538,0.04516386544651811,12121
2018–2021 trend,201907,Latest,88413,4448927,36.736678995170394,36.58936494355495,0.4479646788186853,0.1948013715682655,0.06615399054488492,0.8297753670924857,0.12751642258888854,13060
2018–2021 trend,201907,Combined,88413,4448927,70.12882720866841,70.24675981978163,0.6566227853645827,0.29457667019665973,0.07925251177912972,1.2339930589500356,0.17204416289107755,11422
2018–2021 trend,201908,Early,83214,4448927,32.180883024491074,32.23295694394357,0.3634836676646214,0.14337773661129422,0.08246330390648476,0.644504031422758,0.12762729093904243,10580
2018–2021 trend,201908,Intermediate,83214,4448927,39.04751604297354,39.39898053310794,0.27632340605209443,0.12801666323932315,0.02541074610302109,0.5272360660011678,0.06573599502340786,9879
2018–2021 trend,201908,Latest,83214,4448927,36.82313072319562,36.53851954313736,0.5899122511352298,0.23311675770630477,0.1330034060308724,1.0468210962395872,0.20643518470835842,13288
2018–2021 trend,201908,Combined,83214,4448927,70.18530535727162,70.23913749761577,0.7529000534800318,0.3008841109384504,0.16316719604066893,1.3426329109193944,0.25794569098628073,11089
2018–2021 trend,201909,Early,77422,4448927,31.82299604763504,32.2469233610059,0.2997673101985816,0.13680230882990416,0.03163478489196948,0.5678998355051937,0.07472751217338928,10997
2018–2021 trend,201909,Intermediate,77422,4448927,38.81713208132056,39.2652596910165,0.1720917466054399,0.11801473033777989,0.0,0.40340061806748845,0.0,10534
2018–2021 trend,201909,Latest,77422,4448927,36.49737800625145,36.61436485865112,0.12685942996499522,0.1558055676565297,0.0,0.4322383425717934,0.0,11081
2018–2021 trend,201909,Combined,77422,4448927,69.80832321562346,70.25650579136368,0.20234110302900665,0.24896594964121233,0.0,0.6903143643257827,0.0,10559
2018–2021 trend,201910,Early,83876,4448927,31.925699842624827,32.59498353800149,0.04575626255108864,0.02952759792231063,0.0,0.10363035447881748,0.0,6979
2018–2021 trend,201910,Intermediate,83876,4448927,38.837092851352,39.47793855911125,0.025124256680634914,0.05504337041685085,0.0,0.13300926269766258,0.0,6889
2018–2021 trend,201910,Latest,83876,4448927,36.51580905145691,36.55810827936282,0.3247966480393932,0.18658324003377713,0.0,0.6904997985055963,0.017867218183829827,12391
2018–2021 trend,201910,Combined,83876,4448927,69.87100004768945,70.42502585181481,0.12382068484003196,0.10610963021416052,0.0,0.33179556005978655,0.0,6759
2018–2021 trend,201911,Early,88735,4448927,32.27813151518566,32.64118281647941,0.0548838684406736,0.12143915391707041,0.0,0.2929046101181316,0.0,10679
2018–2021 trend,201911,Intermediate,88735,4448927,39.19197610863808,39.70659909788805,0.07568087326958085,0.10912048732731833,0.0,0.2895570284311248,0.0,10322
2018–2021 trend,201911,Latest,88735,4448927,36.67436749873218,36.73212486400124,0.3733766624642,0.16049087316553481,0.05881455105975178,0.6879387738686482,0.10936917610689526,12210
2018–2021 trend,201911,Combined,88735,4448927,70.31723671606468,70.66590425023135,0.25206991166840553,0.2767460178779371,0.0,0.7944921067091623,0.0,10770
2018–2021 trend,201912,Early,87904,4448927,32.449035311248636,32.85554236007579,0.13566640058363433,0.13366835549314038,0.0,0.39765637735018944,0.0,11854
2018–2021 trend,201912,Intermediate,87904,4448927,39.43620313068802,39.8317920298936,0.049769919958754155,0.029444532558448484,0.0,0.10748120377331317,0.0013336639001064053,6980
2018–2021 trend,201912,Latest,87904,4448927,36.22019475791773,36.6970002145654,0.04959945402723642,0.058725067518198996,0.0,0.16470058636290646,0.0,8615
2018–2021 trend,201912,Combined,87904,4448927,70.16631780123771,70.75462795901821,0.19049587742462581,0.1412640354352394,0.0,0.4673733868776951,0.0,8743
2018–2021 trend,202001,Early,89379,4448927,32.384564606898714,32.79503252960175,0.1580718164093694,0.1193934431911378,0.0,0.3920829650639995,0.0,11186
2018–2021 trend,202001,Intermediate,89379,4448927,39.26425670459504,39.90037825925127,0.13383418530653582,0.10972740957127572,0.0,0.3488999080662362,0.0,10462
2018–2021 trend,202001,Latest,89379,4448927,36.74353035948042,36.78825001700332,0.3369332020996862,0.20089300152935746,0.0,0.7306834850972268,0.0064642145838931814,12695
2018–2021 trend,202001,Combined,89379,4448927,70.39237404759507,70.84917012871198,0.10584675945696728,0.203848891687948,0.0,0.5053905871653454,0.0,9716
2018–2021 trend,202002,Early,86279,4448927,32.5664414283893,33.07509674236071,0.10130255955665374,0.09097544666162363,0.0,0.279614435013436,0.0,11000
2018–2021 trend,202002,Intermediate,86279,4448927,39.475422756406545,40.14397745929827,0.08529328359301448,0.10751665140953227,0.0,0.29602592035569775,0.0,10355
2018–2021 trend,202002,Latest,86279,4448927,37.05420786054544,37.01437421061853,0.39608053870128745,0.18935004232981528,0.0249544557348495,0.7672066216677255,0.08459971906874131,12519
2018–2021 trend,202002,Combined,86279,4448927,70.72868252993196,71.15621666885129,0.17311742735714086,0.20800325098332012,0.0,0.5808037992844484,0.0,8956
2018–2021 trend,202003,Early,88639,4448927,32.71810376922122,33.14686777296173,0.05280293207078229,0.03376346766511197,0.0,0.11897932869440174,0.0,7180
2018–2021 trend,202003,Intermediate,88639,4448927,39.46118525705389,40.12031456452057,0.10044557020993838,0.06653331381328394,0.0,0.23085086528397492,0.0,8611
2018–2021 trend,202003,Latest,88639,4448927,36.63624363993276,36.92046554110632,0.22465550036177478,0.11161041598656443,0.005899085028108521,0.4434119156954411,0.0410563660638763,11018
2018–2021 trend,202003,Combined,88639,4448927,70.38662439783842,71.02438553446099,0.04618774061790024,0.04191746614389772,0.0,0.12834597425993977,0.0,6212
2018–2021 trend,202004,Early,91373,4448927,32.76788548039355,33.209008106050895,0.07568704402713687,0.09020142513604883,0.0,0.2524818372937926,0.0,10354
2018–2021 trend,202004,Intermediate,91373,4448927,39.53246582688541,40.01351489410036,0.16606096460138595,0.0979641601626566,0.0,0.3580707185201929,0.004909921133815828,10605
2018–2021 trend,202004,Latest,91373,4448927,36.558939730554975,37.100882327648186,0.05681993294327065,0.09360259000231758,0.0,0.24028100934781307,0.0,10479
2018–2021 trend,202004,Combined,91373,4448927,70.47705558534797,70.97946615204137,0.22586652376107336,0.18765402352664787,0.0,0.5936684098733032,0.0,10595
2018–2021 trend,202005,Early,96791,4448927,32.80057030095773,33.38320153970184,0.006423068028233204,0.023535074543891168,0.0,0.05255181413425988,0.0,7915
2018–2021 trend,202005,Intermediate,96791,4448927,40.19898544286142,40.53486598150577,0.21176934204045073,0.10001974159773155,0.015730648508896883,0.4078080355720045,0.04723686711218232,11084
2018–2021 trend,202005,Latest,96791,4448927,36.48583029413892,37.06345998001562,0.0209143191589663,0.07028867658537968,0.0,0.15868012526631048,0.0,8792
2018–2021 trend,202005,Combined,96791,4448927,71.10061885919146,71.42739813922903,0.19617580427434594,0.11374393893603497,0.0,0.4191139245889745,0.009067024724568395,8636
2018–2021 trend,202006,Early,105658,4448927,33.271498608718694,33.58139839292003,0.15216090672121074,0.07413048028672047,0.006865165359238624,0.2974566480831829,0.03021626664955557,10075
2018–2021 trend,202006,Intermediate,105658,4448927,40.443695697438905,40.634483524738506,0.1742989262658348,0.10869855549277005,0.0,0.38734809503166406,0.0,11497
2018–2021 trend,202006,Latest,105658,4448927,36.69670067576521,37.15794056076929,0.05404843050242516,0.04254494588863612,0.0,0.13743652444415194,0.0,7740
2018–2021 trend,202006,Combined,105658,4448927,71.12570747127525,71.41159025709584,0.20624688641953845,0.18424946780210813,0.0,0.5673758433116703,0.0,10474
2018–2021 trend,202007,Early,109345,4448927,33.46014906945905,33.72777243452685,0.16854174050671714,0.12214188547264565,0.0,0.4079398360331026,0.0,12058
2018–2021 trend,202007,Intermediate,109345,4448927,40.70968036947277,40.924544939245415,0.13271666713581942,0.10989494667977859,0.0,0.3481107626281854,0.0,11470
2018–2021 trend,202007,Latest,109345,4448927,37.0945173533312,37.578644495565484,0.12395888473842652,0.08897110440403783,0.0,0.29834224937034065,0.0,10751
2018–2021 trend,202007,Combined,109345,4448927,71.53504961360831,71.84197622360742,0.30385205128063003,0.2070680853831877,0.0,0.7097054986316779,0.0,11253
2018–2021 trend,202008,Early,101334,4448927,33.897803303925635,34.07986599354503,0.2625657482316945,0.11350466428652389,0.04009660623010762,0.48503489023328134,0.07585057548036266,11813
2018–2021 trend,202008,Intermediate,101334,4448927,41.04347997710541,41.07997881708988,0.31913244252277523,0.13393955045568734,0.056610923629628065,0.5816539614159224,0.09880188202316957,12083
2018–2021 trend,202008,Latest,101334,4448927,36.90863875895553,37.60697959829353,0.06806350751965168,0.07220101487981165,0.0,0.20957749668408251,0.0,9904
2018–2021 trend,202008,Combined,101334,4448927,71.72123867606135,71.99178678475941,0.2760338722729511,0.1693347037168,0.0,0.6079298915578792,0.0,10305
2018–2021 trend,202009,Early,108121,4448927,34.00172029485484,34.172571558833454,0.153606122333978,0.14093058046060322,0.0,0.4298300600367603,0.0,12355
2018–2021 trend,202009,Intermediate,108121,4448927,41.1520426189177,40.996893194057705,0.40948380945208934,0.18319084456323353,0.050429754108151675,0.768537864796027,0.10813487014557023,13032
2018–2021 trend,202009,Latest,108121,4448927,37.29525254113447,37.70905464425739,0.10867480671756745,0.085977262456949,0.0,0.2771902411331875,0.0,9835
2018–2021 trend,202009,Combined,108121,4448927,71.94902007935553,72.05512845256771,0.27383529076217716,0.34001208941012495,0.0,0.940258986006022,0.0,12532
2018–2021 trend,202010,Early,107734,4448927,34.68635713887909,34.62162892350545,0.33592128387098363,0.14892419829756334,0.044029855207759455,0.6278127125342079,0.09094097767149192,12605
2018–2021 trend,202010,Intermediate,107734,4448927,41.51521339595671,41.316661956574265,0.7257047211680232,0.18192707166136568,0.3691276607117464,1.0822817816242998,0.4264346882850766,12903
2018–2021 trend,202010,Latest,107734,4448927,37.487701189967886,37.72477730687416,0.22050299582110225,0.1406495989374336,0.0,0.4961762097384721,0.0,12093
2018–2021 trend,202010,Combined,107734,4448927,72.39590101546402,72.33277700155159,1.4817521541547027,0.3245379267168247,0.8456578177897264,2.117846490519679,0.9478872647055263,12388
2018–2021 trend,202011,Early,101886,4448927,34.47186070706476,34.44608633449668,0.31624358966129873,0.16632574512238663,0.0,0.6422420501011765,0.04263773893497273,13091
2018–2021 trend,202011,Intermediate,101886,4448927,41.53956382623717,41.319425270202544,0.6107351359435871,0.18338578306561243,0.2512990011349867,0.9701712707521873,0.3090655228006546,12762
2018–2021 trend,202011,Latest,101886,4448927,37.531162279410324,37.74736284886735,0.3279075187646517,0.15125890288851115,0.03144006910316983,0.6243749684261335,0.07908662351305082,11767
2018–2021 trend,202011,Combined,101886,4448927,72.33084035098051,72.27896765954877,0.4047921292274199,0.37351057274429444,0.0,1.136872851806237,0.0,12652
2018–2021 trend,202012,Early,99428,4448927,34.69746952568693,34.62964152948592,0.3539856939562075,0.20347499515704837,0.0,0.7527966844640223,0.019269326922862928,12761
2018–2021 trend,202012,Intermediate,99428,4448927,41.47020959890574,41.39878725296251,0.4300254425425672,0.2063097756691851,0.025658282230964398,0.83439260285417,0.0906458615667577,12533
2018–2021 trend,202012,Latest,99428,4448927,37.76099287926942,37.679234745203956,0.44317476295753916,0.10772354925411191,0.2320366064194798,0.6543129194955986,0.2659695244345251,11369
2018–2021 trend,202012,Combined,99428,4448927,72.46650842820935,72.3161108248904,0.8813150556151218,0.40759190731935907,0.08243491726917795,1.6801951939610655,0.21082636807477603,12952
2018–2021 trend,202101,Early,111019,4448927,34.76431962096578,34.707276639881464,0.2567533021457302,0.1240598587311871,0.013595979032603482,0.49991062525885693,0.05267483453292739,12428
2018–2021 trend,202101,Intermediate,111019,4448927,41.8477918194183,41.626676773773724,0.539323424921966,0.18765797506460818,0.17151379379533402,0.9071330560485982,0.2306260559406856,13339
2018–2021 trend,202101,Latest,111019,4448927,37.59716805231537,37.864172090395485,0.14664909079325292,0.08982158425262989,0.0,0.3226993959284075,0.0,10852
2018–2021 trend,202101,Combined,111019,4448927,72.60378854070024,72.59982201121646,0.5733355696338098,0.29333403156620674,0.0,1.148270271503575,0.09080108770739967,12384
2018–2021 trend,202102,Early,104772,4448927,35.187836444851676,34.985104600487624,0.4675699183856529,0.1830082452694099,0.10887375765760952,0.8262660791136963,0.1665213549174736,12936
2018–2021 trend,202102,Intermediate,104772,4448927,42.2393387546291,41.86091822916846,0.7406648731284428,0.22572491487215887,0.2982440399790114,1.1830857062778741,0.36934738816374135,13690
2018–2021 trend,202102,Latest,104772,4448927,38.15523231397702,38.08859700906688,0.4233365833372249,0.14516449698660877,0.13881416924347176,0.707858997430978,0.1845409857942535,12498
2018–2021 trend,202102,Combined,104772,4448927,73.1798572137594,72.857614089562,1.4700462540732566,0.43517351181568314,0.6171061709145177,2.3229863372319954,0.7541858271364578,13666
2018–2021 trend,202103,Early,118939,4448927,35.29372199194545,35.092230027744755,0.4551525922807378,0.1599939072288008,0.14156453411228825,0.7687406504491874,0.1919626148893605,12638
2018–2021 trend,202103,Intermediate,118939,4448927,42.32589814947158,41.87018311146578,0.8260716172883211,0.219158361849004,0.3965212280642732,1.2556220065123689,0.46555611204670955,13815
2018–2021 trend,202103,Latest,118939,4448927,38.345706622722574,38.01835579785723,0.615401890386163,0.20871500274320579,0.20632048500947966,1.0244832957628462,0.27206571087358944,13630
2018–2021 trend,202103,Combined,118939,4448927,73.32330017908339,72.79560609774462,2.075244005090879,0.4533249496070157,1.1867271038611282,2.96376090632063,1.329524462987338,13843
2018–2021 trend,202104,Early,105266,4448927,35.46064256265081,35.32574066166015,0.3641657469703627,0.13609236936445648,0.09742470301602799,0.6309067909246974,0.14029379936583175,12283
2018–2021 trend,202104,Intermediate,105266,4448927,42.04396481295005,41.95090624113944,0.4779323048532766,0.16737974053867785,0.149868013397468,0.8059965963090853,0.2025926316671515,12438
2018–2021 trend,202104,Latest,105266,4448927,38.39511333194004,38.33160417505989,0.3939751843335484,0.15334524482867234,0.0934185044693506,0.6945318641977462,0.1417222565903824,11773
2018–2021 trend,202104,Combined,105266,4448927,72.96372997929056,72.97473716199343,0.7416992375450808,0.3239306162178405,0.10679522975811347,1.3766032453320483,0.20883337386673326,12004
2018–2021 trend,202105,Early,109132,4448927,35.54869332551406,35.299562899958325,0.46957740876759296,0.19408936182413306,0.08916225959229221,0.8499925579428937,0.1503004085668941,13035
2018–2021 trend,202105,Intermediate,109132,4448927,42.51090422607484,42.26461958932501,0.6470561665565008,0.18596443749318908,0.2825658690698502,1.0115464640431515,0.3411446668802048,12707
2018–2021 trend,202105,Latest,109132,4448927,38.58080123153612,38.16460284511717,0.740696938576145,0.21248741470229343,0.32422160575964987,1.15717227139264,0.39115514139087226,13722
2018–2021 trend,202105,Combined,109132,4448927,73.3350438001686,73.16581706724737,1.075158288837101,0.41098514756226917,0.26962739961505344,1.8806891780591486,0.39908772109716817,13139
2018–2021 trend,202106,Early,113137,4448927,35.80261099375094,35.639777647436155,0.4205972781571257,0.18623529901492364,0.05557609208787541,0.785618464226376,0.11424021127757633,13614
2018–2021 trend,202106,Intermediate,113137,4448927,42.47505237013532,42.50615142882965,0.33484677581421585,0.17058899084654863,0.0004923537549805009,0.6692011978734511,0.05422788587164332,12076
2018–2021 trend,202106,Latest,113137,4448927,38.623085285980714,38.343379455140216,0.5800653598766662,0.1899996353732758,0.20766607454504563,0.9524646452082867,0.2675159596876275,13135
2018–2021 trend,202106,Combined,113137,4448927,73.36857084773328,73.30726398189523,1.0772832964925478,0.33473926799492587,0.4211943312224933,1.7333722617626026,0.5266372006408949,12135
2018–2021 trend,202107,Early,110695,4448927,36.32323049821582,35.7716016088586,0.9800165080605293,0.21200705939604883,0.5644826716442736,1.395550344476785,0.6312648953540289,13616
2018–2021 trend,202107,Intermediate,110695,4448927,42.81313519129139,42.77197044010618,0.3785414234516878,0.18722840071675764,0.011573758046842754,0.7455090888565328,0.07055070427262142,11867
2018–2021 trend,202107,Latest,110695,4448927,38.87890148606532,38.73326894697377,0.4699387251650926,0.19913397153028925,0.07963614096572572,0.8602413093644595,0.1423633419977668,12570
2018–2021 trend,202107,Combined,110695,4448927,73.88861285514251,73.6624709864434,1.1585459719599192,0.5329082520247911,0.11404579799132869,2.20304614592851,0.2819118973791378,13428
2018–2021 trend,202108,Early,105241,4448927,36.109501049971016,36.03547191621889,0.31159529742303294,0.15765399713140887,0.002593463045471537,0.6205971318005943,0.052254472141865335,12676
2018–2021 trend,202108,Intermediate,105241,4448927,43.033608574604955,42.83532298560302,0.49204747627956236,0.20147675914531735,0.09715302835474034,0.8869419242043843,0.1606182074855153,12865
2018–2021 trend,202108,Latest,105241,4448927,38.988607101794926,38.718824906702636,0.5985927270454564,0.1711214436315984,0.2631946975275236,0.9339907565633891,0.3170979522714771,12495
2018–2021 trend,202108,Combined,105241,4448927,73.87995172983914,73.69777319743565,0.9370511797791091,0.48789540681977345,0.0,1.893326177145865,0.13446323556058193,13480
2018–2021 trend,202109,Early,106778,4448927,36.407312367716195,36.13944365268424,0.48509648622093615,0.17830972913128043,0.13560941712362648,0.8345835553182458,0.19177698179997982,13043
2018–2021 trend,202109,Intermediate,106778,4448927,42.9498585851018,42.75332800906168,0.5424633072052669,0.20588077176355093,0.13893699454870712,0.9459896198618266,0.20378943765422564,13200
2018–2021 trend,202109,Latest,106778,4448927,39.154132873812955,38.81892344938932,0.7199991951474854,0.19889618655351896,0.33016266950258827,1.1098357207923826,0.3928149682669467,13579
2018–2021 trend,202109,Combined,106778,4448927,74.11826406188541,73.76910084551844,1.6293073431850276,0.43131394050467725,0.7839320197958601,2.474682666574195,0.9197959110548335,13386
2018–2021 trend,202110,Early,106379,4448927,36.813656830765474,36.45481746344302,0.664789137012843,0.20609220838521936,0.26084840857781305,1.068729865447873,0.32576745421915715,13423
2018–2021 trend,202110,Intermediate,106379,4448927,43.05643031049361,42.928765746893575,0.5468288649306897,0.20472241291387996,0.14557293561948498,0.9480847942418945,0.21006049568735716,13048
2018–2021 trend,202110,Latest,106379,4448927,38.940016356611736,38.742755332081686,0.5384109253590371,0.19317493681561831,0.1597880492004252,0.9170338015176489,0.22063815429734496,12926
2018–2021 trend,202110,Combined,106379,4448927,74.13587268163829,73.89229030165401,1.8263918097588003,0.416147432657636,1.0107428417498339,2.642040777767767,1.1418292830369892,12815
2018–2021 trend,202111,Early,105921,4448927,36.36011744602109,36.29995846456452,0.2990712929613454,0.16891208090462376,0.0,0.630138971534408,0.021210919873239278,12837
2018–2021 trend,202111,Intermediate,105921,4448927,43.22561154067654,42.99248434941977,0.6731055622171536,0.23233868033610722,0.2177217487583834,1.1284893756759236,0.2909084330642571,12783
2018–2021 trend,202111,Latest,105921,4448927,39.34819346494085,38.82298889921908,0.9921986943698415,0.32493046827524275,0.35533497655036567,1.6290624121893174,0.4576880740570672,13100
2018–2021 trend,202111,Combined,105921,4448927,74.24023564732207,73.91639673770277,1.5424101300153195,0.5527952684819074,0.45893140379078096,2.625888856239858,0.6330619133625818,13088
2018–2021 trend,202112,Early,105117,4448927,36.7780663451202,36.59349682721903,0.41219023390048115,0.2502011640377691,0.0,0.9025845154145085,0.0006093190583510329,13533
2018–2021 trend,202112,Intermediate,105117,4448927,43.1167175623353,43.13956552193332,0.30492799081364136,0.18990949003276617,0.0,0.677150591277863,0.0,12824
2018–2021 trend,202112,Latest,105117,4448927,38.83672479237421,38.778014614816904,0.4039488186851574,0.2371985010977244,0.0,0.8688578808366973,0.013757284379400762,12857
2018–2021 trend,202112,Combined,105117,4448927,74.09077504114462,74.01038306051146,0.7774473654446753,0.4910474090461519,0.0,1.7399002871751328,0.0,13412
2018–2021 trend,202201,Early,110684,4448927,37.179718839217955,36.65372083131601,0.954917095388755,0.32901271299399165,0.3100521779205314,1.5997820128569786,0.41369118251363873,13510
2018–2021 trend,202201,Intermediate,110684,4448927,43.54287882620795,43.34996436038076,0.6311521518661322,0.3284762083216069,0.0,1.2749655201764818,0.09080878917708882,12716
2018–2021 trend,202201,Latest,110684,4448927,39.61548191247154,38.958755322943745,1.1746663725695732,0.33442151557819416,0.5192002020363127,1.830132543102834,0.6245429794434437,13786
2018–2021 trend,202201,Combined,110684,4448927,74.83105055834628,74.27269551227783,2.565246992693308,0.7217370235578687,1.1506424265198851,3.9798515588667307,1.377989588940614,13691
2018–2021 trend,202202,Early,103266,4448927,37.232971161853854,36.877414585646626,0.8945831558525524,0.2814686219467686,0.342904656836886,1.4462616548682188,0.431567272750118,13085
2018–2021 trend,202202,Intermediate,103266,4448927,43.749152673677685,43.52926114732812,0.6683525018814622,0.29474852719841255,0.09064538857257373,1.246059615190351,0.1834911746400736,13073
2018–2021 trend,202202,Latest,103266,4448927,39.804969689926985,39.16039773129372,1.2568473230340045,0.3271953853813648,0.6155443676865294,1.8981502783814794,0.7186109140816593,13633
2018–2021 trend,202202,Combined,103266,4448927,75.07601727577324,74.45548515528091,3.154117890617858,0.6833520175133857,1.814747936291622,4.493487844944094,2.0300038218083385,13662
2018–2021 trend,202203,Early,116364,4448927,37.210821216183696,37.14633204386179,0.46221893510088813,0.2935049881805829,0.0,1.0374887119348304,0.0,13293
2018–2021 trend,202203,Intermediate,116364,4448927,43.62173868206662,43.68742698376487,0.4631583015777693,0.23679683950062402,0.0,0.9272801069989924,0.0736275005992428,12545
2018–2021 trend,202203,Latest,116364,4448927,39.920422123680865,39.16680001797817,1.3095375315365845,0.3534772372679864,0.6167221464913312,2.0023529165818377,0.7280674762307469,13887
2018–2021 trend,202203,Combined,116364,4448927,74.74304767797601,74.52095243709786,1.1505832450483802,0.5590955207708049,0.054756024337602495,2.2464104657591575,0.23087111338040595,13015
2018–2021 trend,202204,Early,105294,4448927,37.8046232453891,37.28104424499933,1.0133778743231716,0.3401223705724339,0.34673802800120107,1.6800177206451419,0.45387657473151777,13846
2018–2021 trend,202204,Intermediate,105294,4448927,44.06898778657853,43.66230876186002,0.9699493325531481,0.28520876581945037,0.4109401515470253,1.528958513559271,0.5007809127801521,13037
2018–2021 trend,202204,Latest,105294,4448927,39.82942997701674,39.417088681109554,0.8152174390617807,0.29880460952380195,0.22956040439512884,1.4008744737284327,0.3236838563951265,13416
2018–2021 trend,202204,Combined,105294,4448927,75.1761733811993,74.56651540487307,2.6002855283855357,0.7144504186165791,1.199962707897041,4.000608348874031,1.4250145897612632,13873
2018–2021 trend,202205,Early,107841,4448927,37.909514934023235,37.28395020839795,1.0927253250131936,0.35601034359806244,0.39494505156099124,1.790505598465396,0.5070883097943808,13904
2018–2021 trend,202205,Intermediate,107841,4448927,44.05281850131212,44.013885979161,0.38923919269561624,0.2610665133716294,0.0,0.9009295589040098,0.0,12906
2018–2021 trend,202205,Latest,107841,4448927,40.47347483795588,39.26055287570594,2.036114689551748,0.35938302876492717,1.3317239531724907,2.740505425931005,1.4449296072334428,14002
2018–2021 trend,202205,Combined,107841,4448927,75.36372993573873,74.77283654478931,2.695416740970454,0.7738078935187547,1.178753269673695,4.212080212267214,1.4225027561321026,13986
2018–2021 trend,202206,Early,110259,4448927,38.313425661397254,37.68325841778765,1.1707301733318252,0.3613266207063958,0.4625299967472894,1.878930349916361,0.576347882269804,13434
2018–2021 trend,202206,Intermediate,110259,4448927,44.18777605456244,44.29241130190373,0.54906824866576,0.20513699891257434,0.14699973079711423,0.9511367665344057,0.21161788545457516,11999
2018–2021 trend,202206,Latest,110259,4448927,40.09831396983466,39.482654351352885,1.165039551370177,0.30571599800242194,0.56583619528543,1.764242907454924,0.6621367346561929,13623
2018–2021 trend,202206,Combined,110259,4448927,75.36618325941646,74.97008283643848,2.2238631290113773,0.6460519056117944,0.9576013940122603,3.4901248640104936,1.1611077442799755,13464
2018–2021 trend,202207,Early,108125,4448927,38.05410404624278,37.79144664062099,0.6919482886745791,0.2457488137341238,0.21028061375569654,1.1736159635934618,0.2876914900819455,12595
2018–2021 trend,202207,Intermediate,108125,4448927,44.14705202312139,44.55417631246972,0.13120891428193213,0.24189837437092618,0.0,0.6053297280489474,0.0,12329
2018–2021 trend,202207,Latest,108125,4448927,40.57248554913295,39.86197091922444,1.282057771571434,0.3865524138252757,0.5244150404738935,2.0397005026689743,0.6461790508288554,13936
2018–2021 trend,202207,Combined,108125,4448927,75.34797687861271,75.30141878521418,1.204386943012652,0.6692329114691293,0.0,2.516083449492145,0.10349880364593414,13034
2018–2021 trend,202208,Early,112272,4448927,38.4904517600114,38.104445903501734,0.943708507985654,0.33572636587986754,0.2856848308611135,1.6017321851101944,0.3914386361132718,13146
2018–2021 trend,202208,Intermediate,112272,4448927,44.495510902094914,44.660298634291635,0.393836936160033,0.17530062988749692,0.050247701580539025,0.737426170739527,0.10546739999510056,11987
2018–2021 trend,202208,Latest,112272,4448927,40.48204360837965,39.875291256710014,1.1666613462637132,0.3694414581589243,0.4425560882722216,1.890766604255205,0.5589301475922828,13928
2018–2021 trend,202208,Combined,112272,4448927,75.83368961094484,75.39895354626555,2.2761625184371064,0.6235948579999735,1.0539165967571584,3.498408440117054,1.25034897702715,13457
2018–2021 trend,202209,Early,114124,4448927,38.93747152220392,38.18467005417276,1.3522078316338126,0.3651331280353551,0.6365469006845168,2.0678687625831085,0.7515638360156537,13616
2018–2021 trend,202209,Intermediate,114124,4448927,44.552416669587465,44.548432561762915,0.7330397891062955,0.24106613575966004,0.2605501630173618,1.2055294151952292,0.3364859957816547,12503
2018–2021 trend,202209,Latest,114124,4448927,40.099365602327296,39.95876475556227,0.6079658988774964,0.2528550649671221,0.1123699715419371,1.1035618262130558,0.1920193170065806,12737
2018–2021 trend,202209,Combined,114124,4448927,75.83505660509621,75.42871202280435,2.155884242966002,0.6906036789703833,0.8023010321840505,3.5094674537479533,1.0198411910597212,13314
2018–2021 trend,202210,Early,107833,4448927,38.669053072807024,38.42867659804024,0.5640197018589662,0.3355240186866592,0.0,1.2216467784848184,0.012082691119411765,13840
2018–2021 trend,202210,Intermediate,107833,4448927,44.891637995789786,44.65522983880364,0.7408463283621632,0.2682173644317848,0.21514029407586507,1.2665523626484616,0.29962876387187726,12061
2018–2021 trend,202210,Latest,107833,4448927,40.47647751615925,39.84663299061608,1.2551965334196327,0.32866595904915746,0.6110112536832841,1.8993818131559814,0.7145410307837687,13732
2018–2021 trend,202210,Combined,107833,4448927,76.1232646777888,75.49056602555427,3.0059560425465466,0.7055772552505662,1.6230246222554368,4.388887462837656,1.845281457659365,13833
2018–2021 trend,202211,Early,112131,4448927,38.784100739313836,38.359790952170286,0.9212824384659124,0.28499020407185505,0.3627016384850764,1.4798632384467483,0.4524735527677108,12740
2018–2021 trend,202211,Intermediate,112131,4448927,44.679883350723706,44.79174629099784,0.33933546697860417,0.2495652133717818,0.0,0.8284832851872965,0.0,12270
2018–2021 trend,202211,Latest,112131,4448927,40.73182260035137,39.96654256156752,1.3410190803543214,0.3755794034175708,0.6048834496558826,2.0771547110527604,0.7231909617324174,13890
2018–2021 trend,202211,Combined,112131,4448927,75.90140103985517,75.58239779090796,1.9874526048941115,0.6382385219568709,0.7365051018586444,3.2384001079295786,0.9375502362750587,13247
2018–2021 trend,202212,Early,112572,4448927,38.78850868777316,38.65032639654289,0.5964290053305734,0.26792013802011605,0.07130553481114604,1.1215524758500008,0.1557003782874825,13095
2018–2021 trend,202212,Intermediate,112572,4448927,44.49863198663966,44.93384708827392,0.24943798567887404,0.1573282168795652,0.0,0.5578012907628218,0.0,10754
2018–2021 trend,202212,Latest,112572,4448927,40.027715595352305,39.92272332230508,0.6413158703350983,0.2694796326568618,0.11313579032764913,1.1694959503425475,0.1980218746145606,13118
2018–2021 trend,202212,Combined,112572,4448927,75.67157019507515,75.69260308481222,0.980149557415849,0.5894390295320782,0.0,2.1354500552987226,0.010522353835580416,13353
2018–2021 trend,202301,Early,108447,4448927,39.31690134351342,38.60925705551949,1.27978235302902,0.4021214238343926,0.4916243623136106,2.0679403437444295,0.6182926108214443,13715
2018–2021 trend,202301,Intermediate,108447,4448927,45.12619067378535,45.05611866661512,0.6225627275203476,0.342086195839529,0.0,1.2930516713658242,0.05983093536432241,13047
2018–2021 trend,202301,Latest,108447,4448927,41.29390393464089,40.065325289612886,2.079186717919741,0.46537185832810635,1.1670578755966525,2.991315560242829,1.313650010970006,14029
2018–2021 trend,202301,Combined,108447,4448927,76.53969219987644,75.82885861528733,3.254301507362479,0.8531276053116696,1.5821714009516066,4.92643161377335,1.8509065966247822,13920
2018–2021 trend,202302,Early,104444,4448927,39.280379916510284,38.82160710634436,0.9567573903914004,0.3602390115800084,0.25068892769458395,1.6628258530882167,0.3641642163422866,13781
2018–2021 trend,202302,Intermediate,104444,4448927,45.18114970702003,45.24128475020083,0.4112469514404289,0.3312135978703896,0.0,1.0604256032663926,0.0,13165
2018–2021 trend,202302,Latest,104444,4448927,41.13591972731799,40.23896482791551,1.6389645099444652,0.412313002392912,0.8308310252543577,2.447097994634573,0.960709621008125,13813
2018–2021 trend,202302,Combined,104444,4448927,76.53479376507985,76.01018427451834,2.820152052392894,0.7965337587155149,1.258945885310485,4.381358219475303,1.5098540193058718,13668
2018–2021 trend,202303,Early,116293,4448927,39.23279991057071,39.08442734307635,0.6238509332358662,0.3037456146424698,0.028509528536625316,1.2191923379351068,0.12418939714900334,13029
2018–2021 trend,202303,Intermediate,116293,4448927,45.50488851435598,45.36968258450357,0.6349370333190544,0.23679717452748938,0.17081457124517516,1.0990594953929336,0.24540568122133435,12317
2018–2021 trend,202303,Latest,116293,4448927,41.284514115209,40.23756511094425,1.8521790151728734,0.39501271639819396,1.0779540910324132,2.6264039393133336,1.2023830966978444,13709
2018–2021 trend,202303,Combined,116293,4448927,76.5549087219351,76.04256434507127,2.388369989848824,0.7040885797525267,1.0083563735338716,3.768383606163776,1.2301442761559174,13764
2018–2021 trend,202304,Early,100339,4448927,39.389469697724714,39.13790264719352,0.7122785810631417,0.3261132081568046,0.07309669307580466,1.3514604690504786,0.17582235364519808,13337
2018–2021 trend,202304,Intermediate,100339,4448927,45.79575239936615,45.2833387159085,1.1371141978628239,0.44387225424715016,0.2671245795384096,2.007103816187238,0.4069443396262618,13622
2018–2021 trend,202304,Latest,100339,4448927,41.65379363956188,40.44752742379686,2.107010361028395,0.43662587691755195,1.251223642269993,2.9627970797867964,1.3887607934990216,13857
2018–2021 trend,202304,Combined,100339,4448927,76.69799380101456,76.01682717310952,3.111504556916175,0.9001409065657556,1.347228380047294,4.875780733785056,1.6307727656155069,13920
2018–2021 trend,202305,Early,107765,4448927,40.130840254256945,39.17054236209634,1.7215258985980393,0.4569159241212721,0.825970687320346,2.6170811098757323,0.9698992034185467,13983
2018–2021 trend,202305,Intermediate,107765,4448927,46.407460678327844,45.64594035528186,1.6522905027554813,0.42573973518031566,0.8178406218020626,2.4867403837089,0.9519486383838621,13952
2018–2021 trend,202305,Latest,107765,4448927,41.947756692803786,40.30733704048967,2.8520749107604533,0.43091692226048856,2.0074777431298956,3.6966720783910105,2.1432165736419493,14024
2018–2021 trend,202305,Combined,107765,4448927,77.29225629842713,76.22389536774143,4.815671884402322,0.8509745230275876,3.1477618192682506,6.4835819495363936,3.415818794021941,14034
2018–2021 trend,202306,Early,106538,4448927,41.0548348945916,39.60527901753041,2.4795788998487716,0.549544109645507,1.4024724449435777,3.5566853547539656,1.5755788394819121,14118
2018–2021 trend,202306,Intermediate,106538,4448927,47.36807524075917,45.94433143906416,2.7820308436801664,0.4918782252875416,1.8179495221165847,3.7461121652437477,1.9728911630821604,14015
2018–2021 trend,202306,Latest,106538,4448927,42.542566971409265,40.53476921432592,3.442365431058668,0.4618783216272928,2.5370839206691738,4.347646941448162,2.6825755919817715,13995
2018–2021 trend,202306,Combined,106538,4448927,77.96748577972178,76.42643461751098,7.106686487733073,0.8901480828871945,5.361996245274172,8.851376730191973,5.642392891383638,14046
2018–2021 trend,202307,Early,102833,4448927,41.854268571373005,39.74260614763431,3.615345266574885,0.5446821918458332,2.5477681705570516,4.682922362592717,2.719343060988489,14022
2018–2021 trend,202307,Intermediate,102833,4448927,48.418309297599016,46.24257022809817,4.101663773651251,0.5328559521519937,3.057266107433343,5.146061439869158,3.2251157323612207,14033
2018–2021 trend,202307,Latest,102833,4448927,42.78782103021403,40.95015374062506,3.1677984017210803,0.4896797395196455,2.208026112262575,4.127570691179586,2.362275230211263,14066
2018–2021 trend,202307,Combined,102833,4448927,78.27156652047495,76.80696775677018,6.555827101187388,0.9319251646398973,4.729253778493189,8.382400423881586,5.022810205354757,13968
2018–2021 trend,202308,Early,102168,4448927,42.502544828126226,39.93781086593609,4.405535330934394,0.5713486683096453,3.2856919410474887,5.5253787208212986,3.4656667715650276,14112
2018–2021 trend,202308,Intermediate,102168,4448927,49.059392373345865,46.222330906250704,5.502208377216791,0.5323296738083629,4.458842216552399,6.5455745378811825,4.626526063802033,13967
2018–2021 trend,202308,Latest,102168,4448927,43.246417665022314,40.8643932179675,4.1118093807704685,0.4668320417984011,3.196818578845602,5.026800182695334,3.3438706720120983,14073
2018–2021 trend,202308,Combined,102168,4448927,78.57058961710125,76.75450263454218,8.117909549908832,0.9600641518057853,6.236183812369492,9.999635287448172,6.538604020188315,14097
2018–2021 trend,202309,Early,101632,4448927,43.33576039042821,40.139387981697645,5.497366013075562,0.6260116567256041,4.270383165893378,6.724348860257747,4.467576837761944,14118
2018–2021 trend,202309,Intermediate,101632,4448927,49.9104612720403,46.22504736669633,7.009650906365346,0.5468378784601324,5.937848664583487,8.081453148147205,6.110102596298428,14102
2018–2021 trend,202309,Latest,101632,4448927,43.39381297229219,41.021982482832804,4.108842098903365,0.5193209630314725,3.0909730113616787,5.126711186445051,3.254559114716592,14092
2018–2021 trend,202309,Combined,101632,4448927,79.01546756926952,76.90183754878244,9.564061409522443,1.0311615547689057,7.5429847621753865,11.585138056869498,7.867800651927592,14099
2018–2021 trend,202310,Early,102912,4448927,44.57400497512438,40.38791072258397,7.209134049438208,0.6643443711448394,5.907019081994323,8.511249016882093,6.116287558904947,14132
2018–2021 trend,202310,Intermediate,102912,4448927,50.89979788557214,46.313994431234484,8.707467330257252,0.5854214571442246,7.560041274254571,9.854893386259931,7.744449033255002,14113
2018–2021 trend,202310,Latest,102912,4448927,44.36703202736319,40.902138525299804,5.959032049069258,0.5000892940243004,4.978857032781629,6.939207065356885,5.136385160399283,14102
2018–2021 trend,202310,Combined,102912,4448927,79.91002021144278,76.92638544554246,13.816967943958183,0.9877287425341594,11.881019608591231,15.752916279325134,12.19215416248949,14104
2018–2021 trend,202311,Early,106903,4448927,45.48328858872062,40.343131544056035,8.867203078514855,0.7193259392320448,7.457324237620047,10.277081919409662,7.68391190847814,14124
2018–2021 trend,202311,Intermediate,106903,4448927,52.30255465234839,46.49163186849416,10.97939426337608,0.5825169070203912,9.837661125616114,12.121127401136047,10.021153951327538,14124
2018–2021 trend,202311,Latest,106903,4448927,44.968803494756926,41.02627389932669,6.803180936492794,0.5466401140594175,5.731766312936335,7.8745955600492525,5.9039579488650515,14099
2018–2021 trend,202311,Combined,106903,4448927,80.43647044516992,77.03780189485946,15.7289323900734,1.076195453011939,13.619589302169999,17.8382754779768,13.95859086986876,14124
2018–2021 trend,202312,Early,101667,4448927,45.749358198825576,40.57152848491936,8.889082078192931,0.6649697564845793,7.585741355483155,10.192422800902706,7.7952068287757985,14140
2018–2021 trend,202312,Intermediate,101667,4448927,52.31687764958148,46.584276697860304,10.956617781548687,0.6568986338863809,9.66909645913138,12.244139103965992,9.876019528805589,14120
2018–2021 trend,202312,Latest,101667,4448927,44.77952531303176,40.96399843854925,6.573066676353374,0.6064345227040777,5.384455011853382,7.761678340853368,5.575481886505167,14037
2018–2021 trend,202312,Combined,101667,4448927,80.5059655542113,77.11486014934819,15.773016840172746,1.161360648841853,13.496749968442714,18.049283711902778,13.862578572827896,14121
2018–2021 trend,202401,Early,110700,4448927,47.0776874435411,40.6096137145101,11.125905345228885,0.6874990424487372,9.77840722202936,12.47340346842841,9.994969420400713,14139
2018–2021 trend,202401,Intermediate,110700,4448927,53.98012646793135,46.77514598226477,13.701090147855657,0.596036553014021,12.532858503948177,14.869321791763138,12.720610018147593,14142
2018–2021 trend,202401,Latest,110700,4448927,46.18518518518518,41.151796261210926,8.695936342524057,0.5405828133518703,7.63639402835439,9.755478656693722,7.80667761456023,14096
2018–2021 trend,202401,Combined,110700,4448927,81.5275519421861,77.31655442971157,19.64852223675757,0.9712245386634497,17.74492214097721,21.55212233253793,18.050857870656195,14121
2018–2021 trend,202402,Early,109223,4448927,47.86446078206971,40.91520357597172,12.045838374412254,0.7248366371909256,10.62515856551804,13.46651818330647,10.85348210623318,14142
2018–2021 trend,202402,Intermediate,109223,4448927,54.69910183752506,47.04253347267554,14.67881966123456,0.6460243532125917,13.412611928937881,15.94502739353124,13.616109600199847,14145
2018–2021 trend,202402,Latest,109223,4448927,46.48379919980224,41.375876120622834,8.818745200984994,0.5760027001701131,7.689779908651573,9.947710493318414,7.871220759205158,14125
2018–2021 trend,202402,Combined,109223,4448927,81.94885692573908,77.56798463043121,20.67335227271743,1.0861722918268593,18.544454580736787,22.802249964698074,18.886598852662246,14145
2018–2021 trend,202403,Early,109109,4448927,47.96671218689567,41.06322610012384,11.96772347573706,0.7571644137079542,10.483681224869471,13.45176572660465,10.722188015187475,14187
2018–2021 trend,202403,Intermediate,109109,4448927,55.15860286502488,47.059014170020994,15.502467888790514,0.6402897931693358,14.247499894178617,16.75743588340241,14.449191179026958,14185
2018–2021 trend,202403,Latest,109109,4448927,46.3829748233418,41.30454417719407,8.757731471586387,0.5449895580521159,7.689551937804239,9.825911005368534,7.861223648590657,14163
2018–2021 trend,202403,Combined,109109,4448927,81.99598566571044,77.52256345604103,20.292891508217977,1.0615820560991072,18.212190678263728,22.373592338172227,18.546589025934946,14187
2018–2021 trend,202404,Early,108284,4448927,48.92320195042666,41.242299188987666,13.350752218512346,0.7378361845464101,11.904593296801384,14.79691114022331,12.137011694933502,14198
2018–2021 trend,202404,Intermediate,108284,4448927,55.97041114107348,47.098625809521174,16.976776567403235,0.6623481698516226,15.678574154494054,18.274978980312415,15.887213827997314,14198
2018–2021 trend,202404,Latest,108284,4448927,47.118687894795166,41.59808210017019,9.543407158777672,0.593326853332502,8.380486526245969,10.706327791309377,8.567384485045707,14196
2018–2021 trend,202404,Combined,108284,4448927,82.58653171290311,77.62872265773417,22.974333231110776,1.0398823168815658,20.936163890022907,25.01250257219865,21.2637268198406,14192
2018–2021 trend,202405,Early,113531,4448927,49.60935779654896,41.29366040211681,14.530080302997817,0.7204329355081676,13.11803174940181,15.942128856593824,13.344968124086881,14213
2018–2021 trend,202405,Intermediate,113531,4448927,57.05930538795571,47.47590192590033,18.458057769645624,0.6361966299442274,17.21111237495494,19.70500316433631,17.41151431338737,14213
2018–2021 trend,202405,Latest,113531,4448927,47.84067787652712,41.481547203273124,10.950355911062994,0.5709065563142321,9.831379060687098,12.06933276143889,10.011214625926081,14211
2018–2021 trend,202405,Combined,113531,4448927,83.21163382688428,77.86822764228087,25.114837892463232,1.1374427593279492,22.88545008418045,27.344225700746012,23.243744553368757,14213
2018–2021 trend,202406,Early,105702,4448927,50.481542449527915,41.66270927698136,15.447858785808643,0.7786906858400526,13.921625041562141,16.974092530055145,14.166912607601756,14211
2018–2021 trend,202406,Intermediate,105702,4448927,58.06418043177991,47.72154914398464,20.058892046705036,0.6819534497310415,18.722263285232195,21.395520808177878,18.937078621897474,14211
2018–2021 trend,202406,Latest,105702,4448927,48.262095324591776,41.66643551484533,11.412741097616049,0.5843825065991275,10.267351384681758,12.558130810550338,10.451431874260484,14190
2018–2021 trend,202406,Combined,105702,4448927,83.8489337950086,77.99932291515461,27.55657185775838,1.0731814358170129,25.45313624355704,29.660007471959727,25.7911883958394,14211
2018–2021 trend,202407,Early,116153,4448927,50.653018002117896,41.66360948078582,15.766102680625696,0.7467490831861653,14.302474477580812,17.22973088367058,14.537700438784453,14221
2018–2021 trend,202407,Intermediate,116153,4448927,58.46082322454004,47.89523905846137,20.426034536936317,0.7040319773023077,19.04613186142379,21.80593721244884,19.267901934274022,14221
2018–2021 trend,202407,Latest,116153,4448927,48.58505591762589,42.004661866747384,11.476416021616416,0.5872188954235039,10.325466986586349,12.627365056646484,10.510440938644752,14200
2018–2021 trend,202407,Combined,116153,4448927,83.86696856732068,78.23200319724296,26.81112693368357,1.039208266027713,24.774278732269252,28.847975135097887,25.101629336067983,14221
2018–2021 trend,202408,Early,110821,4448927,51.2348742566842,41.913189397048356,16.32605105154342,0.7881977332906572,14.781183494293732,17.870918608793108,15.029465780280288,14226
2018–2021 trend,202408,Intermediate,110821,4448927,59.44180254644878,47.92519936064151,22.282142875541147,0.7329622587292336,20.845536848431852,23.718748902650443,21.07641995993156,14226
2018–2021 trend,202408,Latest,110821,4448927,49.244276806742405,41.960008174476904,12.666206183601908,0.5736355940817994,11.541880419201581,13.790531948002235,11.722575631337348,14206
2018–2021 trend,202408,Combined,110821,4448927,84.51105837341298,78.22319624369948,29.67971378179945,1.0893704585504698,27.544547683040527,31.814879880558372,27.887699377483926,14225
2018–2021 trend,202409,Early,110208,4448927,51.81384291521486,42.112607196403204,17.09017824891607,0.7947962937314458,15.532377513202439,18.647978984629702,15.782738345727843,14207
2018–2021 trend,202409,Intermediate,110208,4448927,59.930313588850176,47.911743520439224,23.354544418278774,0.7639526314022635,21.857197260730338,24.85189157582721,22.09784233962205,14206
2018–2021 trend,202409,Latest,110208,4448927,49.42109465737514,42.10424325587292,12.78936413696834,0.5815564593177023,11.649513476705643,13.929214797231037,11.83270376139072,14205
2018–2021 trend,202409,Combined,110208,4448927,84.49931039488966,78.34072038184557,29.364577707802674,1.1534699333801206,27.103776638377642,31.62537877722771,27.467119667392375,14206
2018–2021 trend,202410,Early,115575,4448927,51.93510707332901,42.41418299876824,16.978501072067907,0.805605480499055,15.39951433028976,18.55748781384606,15.653280056646961,14230
2018–2021 trend,202410,Intermediate,115575,4448927,61.25373134328358,48.04131641028538,25.841441401714228,0.7086696840451996,24.452448820985637,27.23043398244282,24.675679771459873,14230
2018–2021 trend,202410,Latest,115575,4448927,50.35864157473502,42.011382812225186,14.563852986539306,0.6161459524683037,13.35620691970143,15.77149905337718,13.550292894728946,14209
2018–2021 trend,202410,Combined,115575,4448927,85.20527795803591,78.41685764953074,32.895120437710034,1.018351099385562,30.899152282914333,34.89108859250574,31.219932879220785,14230
2018–2021 trend,202411,Early,113000,4448927,52.584070796460175,42.297753007852975,18.266149143222304,0.7898532057611074,16.718036859930535,19.814261426514072,16.966840619745284,14197
2018–2021 trend,202411,Intermediate,113000,4448927,62.36725663716814,48.16697296186393,27.71445369482483,0.7015069984479991,26.339499977866755,29.089407411782908,26.560474682377873,14197
2018–2021 trend,202411,Latest,113000,4448927,51.21061946902655,42.11327451684004,15.890942126084978,0.6318194561869006,14.652575991958653,17.129308260211303,14.851599120657527,14195
2018–2021 trend,202411,Combined,113000,4448927,85.71327433628319,78.48946811898362,34.89419266500947,1.1153292158357582,32.70814740197139,37.08023792804755,33.05947610495965,14197
2018–2021 trend,202412,Early,109047,4448927,52.85335680944914,42.653735183995394,18.234373440556215,0.7888744753191455,16.688179468930688,19.78056741218174,16.93667492865622,14235
2018–2021 trend,202412,Intermediate,109047,4448927,62.84262749089842,48.35073406473478,28.35138267398158,0.7438879415731164,26.89336230849827,29.80940303946489,27.127687010093805,14235
2018–2021 trend,202412,Latest,109047,4448927,51.678633983511695,42.09124605625403,16.73228947562344,0.6468630811604281,15.464437836549003,18.00014111469788,15.668199707114535,14233
2018–2021 trend,202412,Combined,109047,4448927,86.11974653131219,78.62168701512341,36.21675124815036,1.1224328350175605,34.01678289151594,38.416719604784774,34.370349234546474,14235
2018–2021 trend,202501,Early,120935,4448927,53.2955720014884,42.55843596687802,19.181594357815335,0.8464609806165835,17.522530835806833,20.840657879823837,17.789166044701055,14223
2018–2021 trend,202501,Intermediate,120935,4448927,64.54045561665357,48.42810721526688,31.540606639470088,0.700598742913432,30.16743310335976,32.91378017558041,30.38812170737749,14223
2018–2021 trend,202501,Latest,120935,4448927,53.27159217761607,42.19680125732236,19.339009386786405,0.6399567573403817,18.084694142399258,20.59332463117355,18.286280520961476,14221
2018–2021 trend,202501,Combined,120935,4448927,86.9888783230661,78.72690744285879,40.213923258098525,1.014721462464959,38.2250691916672,42.20277732452985,38.54470645234367,14223
2018–2021 trend,202502,Early,111035,4448927,53.17422434367542,42.821278924241405,18.642017835429872,0.8477451793486553,16.980437283906507,20.303598386953237,17.247477015401333,14228
2018–2021 trend,202502,Intermediate,111035,4448927,65.28752195253749,48.64481755964949,32.78259480990284,0.7453443112518113,31.321719959849286,34.24346965995639,31.556503417893605,14228
2018–2021 trend,202502,Latest,111035,4448927,54.003692529382626,42.405279525034246,20.350198860798063,0.678033388067483,19.021253420185797,21.67914430141033,19.234833937427055,14228
2018–2021 trend,202502,Combined,111035,4448927,87.17791687305804,78.91811904259903,40.752080871865275,1.0539299654800018,38.68637813952447,42.81778360420608,39.01836607865067,14228
2018–2021 trend,202503,Early,119822,4448927,53.84236617649513,43.07707292237462,19.491577179337373,0.8401605376726147,17.844862525499046,21.138291833175696,18.10951309486592,14279
2018–2021 trend,202503,Intermediate,119822,4448927,66.41601709201983,48.771835069760755,34.775349291205494,0.7507706721953427,33.30383877370262,36.246859808708365,33.54033153544415,14279
2018–2021 trend,202503,Latest,119822,4448927,55.221912503546925,42.39599984591059,22.481125185508887,0.7100622660530899,21.089403144044834,23.872847226972944,21.313072757851558,14277
2018–2021 trend,202503,Combined,119822,4448927,87.81776301513912,78.97810242724768,43.560822504275016,1.1352634251106446,41.33570619105815,45.785938817491875,41.693314169968005,14279
2018–2021 trend,202504,Early,119791,4448927,53.434732158509405,43.20926211212396,18.55761214540709,0.9411292879803683,16.71299874096557,20.402225549848616,17.00945446667939,14266
2018–2021 trend,202504,Intermediate,119791,4448927,67.76552495596498,48.74763430036564,37.515192459090805,0.7706610681382782,36.004696765539784,39.02568815264183,36.247455002003335,14266
2018–2021 trend,202504,Latest,119791,4448927,56.394887762853635,42.64679004811645,24.195599560252703,0.7336126724948635,22.757718722162767,25.633480398342634,22.98880671399865,14264
2018–2021 trend,202504,Combined,119791,4448927,88.36223088545884,79.01021056999781,46.13911106454716,1.2441638233954155,43.70054997069215,48.57767215840217,44.092461575061705,14266
2018–2021 trend,202505,Early,123756,4448927,52.72794854390898,43.256866854529825,17.238420664637705,0.878364590815437,15.516826066639448,18.960015262635963,15.793510912746312,14316
2018–2021 trend,202505,Intermediate,123756,4448927,68.93322343967161,49.13972047914726,39.332118689106146,0.7520000426253495,37.85819860556047,40.80603877265183,38.09507861898745,14316
2018–2021 trend,202505,Latest,123756,4448927,58.31232425094541,42.523251166891974,27.718979734347748,0.6870089456744116,26.3724422008259,29.065517267869595,26.588850018713337,14316
2018–2021 trend,202505,Combined,123756,4448927,88.95003070558195,79.24430162332665,48.36094269816932,1.0283333489771644,46.34540933417408,50.37647606216456,46.66933433910188,14316
2018–2021 trend,202506,Early,114981,4448927,51.81812647306946,43.525156978805924,15.140795950179703,0.8426197485839754,13.489261242955111,16.792330657404296,13.754686463759064,14314
2018–2021 trend,202506,Intermediate,114981,4448927,69.7019507570816,49.2714746116827,40.75998833646706,0.7267821769385386,39.335495269667526,42.1844814032666,39.56443165540316,14314
2018–2021 trend,202506,Latest,114981,4448927,59.35589358241796,42.64243526079445,29.44195442906657,0.645954183248004,28.175884229900483,30.708024628232657,28.379359797623604,14314
2018–2021 trend,202506,Combined,114981,4448927,89.32606256685887,79.26303743685918,50.05041354944618,0.9466422011024538,48.19499483528537,51.90583226360699,48.49318712863265,14314
2018–2021 trend,202507,Early,135462,4448927,51.94298031920391,43.76008898220215,15.101137928471703,1.2160566762442686,12.717666843032937,17.484609013910468,13.10072469604988,14296
2018–2021 trend,202507,Intermediate,135462,4448927,71.17789490779703,49.66568926900891,43.25347374812983,0.8795553300648278,41.529545301202766,44.97740219505689,41.80660523017319,14296
2018–2021 trend,202507,Latest,135462,4448927,61.34044972021674,43.12904208378501,32.30100985897859,0.7722347967408593,30.787429657366506,33.814590060590675,31.03068361833988,14294
2018–2021 trend,202507,Combined,135462,4448927,90.07175444035965,79.71040142169957,52.83241863322205,1.1042583062528648,50.66807235296643,54.996764913477655,51.01591371943608,14296
2018–2021 trend,202508,Early,117838,4448927,50.543967141329624,43.896281274982385,12.33293781797255,0.9961782362621879,10.380428474898661,14.285447161046438,10.69422461932125,14269
2018–2021 trend,202508,Intermediate,117838,4448927,71.88597905599212,49.597112287540014,44.70184070482743,0.7432546923299027,43.245061507860825,46.15861990179404,43.479186735944744,14269
2018–2021 trend,202508,Latest,117838,4448927,62.4560837760315,43.01039055389621,34.45247731453315,0.649121979720841,33.1801982342803,35.72475639478599,33.38467165789236,14269
2018–2021 trend,202508,Combined,117838,4448927,90.3240041412787,79.61598991553919,54.24616571850807,0.9622112893501498,52.36023159138177,56.132099845634364,52.66332814752707,14269
2018–2021 trend,202509,Early,120896,4448927,49.20179327686607,44.1107251178573,9.520988101756311,0.9364741886908584,7.68549869192223,11.356477511590393,7.98048806135985,14281
2018–2021 trend,202509,Intermediate,120896,4448927,72.20834436209634,49.56800663183177,45.36798515696495,0.7162316121426072,43.96417119716544,46.77179911676446,44.18978415499036,14281
2018–2021 trend,202509,Latest,120896,4448927,63.1195407623081,43.13683505001028,35.46333521289793,0.6597971602033672,34.17013277889933,36.756537646896525,34.37796888436339,14281
2018–2021 trend,202509,Combined,120896,4448927,90.56379036527264,79.71476039736065,55.249892036271945,0.9487159415642392,53.390408790806035,57.109375281737854,53.68925431239877,14281
2018–2021 trend,202510,Early,127113,4448927,48.684241580326166,44.50036803212783,7.996835786763048,1.1294354871551253,5.783142231939004,10.210529341587094,6.138914410392868,14282
2018–2021 trend,202510,Intermediate,127113,4448927,73.24113190625664,49.78472936408358,47.318771177310126,0.7815898629543053,45.78685504591969,48.850687308700564,46.033055852750294,14282
2018–2021 trend,202510,Latest,127113,4448927,64.74711477189587,43.09931188659113,38.41535805378562,0.6788696261592582,37.08477358651347,39.745942521057756,37.29861751875364,14282
2018–2021 trend,202510,Combined,127113,4448927,91.10712515635694,79.85659829736379,57.84441466108127,0.9558449409210971,55.970958576875915,59.71787074528662,56.27204973326606,14282
2018–2021 trend,202511,Early,124362,4448927,47.481545809813284,44.39732917100457,5.98591744475137,1.0890261078263526,3.8514262734117186,8.120408616091021,4.194469497377019,14201
2018–2021 trend,202511,Intermediate,124362,4448927,73.65433170904295,49.930984232403695,47.982520977663484,0.7824062077965621,46.44900481038222,49.51603714494475,46.695462765838144,14285
2018–2021 trend,202511,Latest,124362,4448927,66.03062028593943,43.20698669305949,40.56950995268759,0.7230574208344973,39.152317407851974,41.986702497523204,39.38008049541484,14285
2018–2021 trend,202511,Combined,124362,4448927,91.54645309660508,79.95420516910784,60.02355999794675,0.9245497915006647,58.21144240660545,61.83567758928805,58.502675590928156,14283
2018–2021 trend,202512,Early,124635,4448927,46.40670758615156,44.76068489779963,3.359031704328911,0.9230976846451756,1.5497602424243668,5.168303166233455,1.8405360130875972,13842
2018–2021 trend,202512,Intermediate,124635,4448927,73.82837886628957,50.127929661578634,48.20505540695854,0.9089322686902447,46.42354816032566,49.98656265359142,46.70986182496309,14281
2018–2021 trend,202512,Latest,124635,4448927,67.17454968508044,43.215490355061725,42.61848640699941,0.7523060893050737,41.14396647196146,44.09300634203735,41.38094289009256,14281
2018–2021 trend,202512,Combined,124635,4448927,91.68532113772216,80.08286534139512,60.33329131627322,1.107216216677012,58.163147531586276,62.50343510096016,58.51192063983953,14281
2018–2021 trend,202601,Early,126581,4448927,45.21215664278209,44.69255082387709,1.7107706965206009,0.7706396654886024,0.2003169521629402,3.221224440878262,0.44306844679185,12316
2018–2021 trend,202601,Intermediate,126581,4448927,74.39031134214456,50.20502185504871,49.245625077822055,0.7331161728512751,47.80871737903356,50.68253277661056,48.03964897348171,14257
2018–2021 trend,202601,Latest,126581,4448927,69.06249753122506,43.30546353319172,45.89807914148437,0.6731256233231364,44.57875291977102,47.21740536319771,44.790787491117804,14257
2018–2021 trend,202601,Combined,126581,4448927,92.18050102306033,80.18761614589646,62.87523410954282,0.8446256899664162,61.21976775720864,64.530700461877,61.48582484954807,14255
2018–2021 trend,202602,Early,119264,4448927,44.30507110276362,45.070426844621196,0.6355249253825755,0.17497795043819564,0.29256814252371216,0.9784817082414389,0.3476861969117438,9750
2018–2021 trend,202602,Intermediate,119264,4448927,74.41809766568285,50.53130767493412,48.99329248250767,0.7140984399417706,47.5936595402218,50.392925424793546,47.81860054880346,14282
2018–2021 trend,202602,Latest,119264,4448927,69.72598604775959,43.55365616721607,46.878904873426,0.6937848732301448,45.51908652189492,48.238723224957084,45.73762875696241,14282
2018–2021 trend,202602,Combined,119264,4448927,92.32375234773276,80.42201794138228,63.13939230850942,0.8763071504770674,61.421830293574374,64.85695432344447,61.697867045974654,14282
2018–2021 trend,202603,Early,129361,4448927,42.83130155147224,45.390887716576145,0.45302084038294793,0.13120629255347852,0.19585650697813003,0.7101851737877658,0.23718648913247575,9007
2018–2021 trend,202603,Intermediate,129361,4448927,74.1630012136579,50.69331625374008,48.41643593297512,0.7615853884305518,46.92372857165124,49.909143294299,47.16362796900686,14288
2018–2021 trend,202603,Latest,129361,4448927,70.84747334977311,43.5757618538741,48.86895062243374,0.698894763134651,47.499116886689826,50.238784358177654,47.71926873707724,14288
2018–2021 trend,202603,Combined,129361,4448927,92.26041851871894,80.5291806275295,63.012769985307294,0.8874745306964557,61.273319905142245,64.75222006547234,61.55287438231163,14288
2018–2021 trend,202604,Early,127638,4448927,41.93500368228897,45.65726142799357,0.3314991877559951,0.12098029598611232,0.09437780762321492,0.5686205678887752,0.13248660085884031,8958
2018–2021 trend,202604,Intermediate,127638,4448927,74.41749322302135,50.7875008752345,48.898642787228724,0.8393781970584179,47.25346152099423,50.543824053463226,47.517865653067624,14277
2018–2021 trend,202604,Latest,127638,4448927,72.45491154671807,43.885053681856434,51.43679943206272,0.6747004552882021,50.11438653969784,52.759212324427594,50.32691718311363,14277
2018–2021 trend,202604,Combined,127638,4448927,92.65657562794779,80.6469166367851,64.84791440244902,0.9045311758595572,63.07503329776429,66.62079550713375,63.35996061816005,14277
2018–2021 trend,202605,Early,128258,4448927,40.43802335916668,45.72163384287717,0.2014644294464828,0.07377695253750902,0.056861602472965136,0.3460672564200004,0.08010134252228046,9095
2018–2021 trend,202605,Intermediate,128258,4448927,74.90137067473374,51.199766024296196,49.486405579383316,0.8659870872449331,47.78907088838325,51.183740270383396,48.06185682086541,14260
2018–2021 trend,202605,Latest,128258,4448927,73.50730558717585,43.79677185410367,53.45361967736867,0.6791720098062569,52.122442538148405,54.78479681658893,52.33638172123738,14260
2018–2021 trend,202605,Combined,128258,4448927,93.04760716680441,80.87303212469091,66.54216108974539,0.9494042868803352,64.68132868745992,68.40299349203084,64.98039103782723,14260
2018–2021 trend,202606,Early,133769,4448927,39.361885040629744,46.23987361637281,0.1167117695309635,0.056108382490495,0.006739339849593309,0.22668419921233368,0.02441348033409923,7485
2018–2021 trend,202606,Intermediate,133769,4448927,74.5284781974897,51.52958965730959,48.367061066282844,0.8634895722459658,46.67462150468075,50.05950062788494,46.94662071993823,14284
2018–2021 trend,202606,Latest,133769,4448927,74.46269315013194,44.06101434858103,54.98404953660123,0.6773471672137871,53.65644908886221,56.31164998434025,53.86981344653455,14284
2018–2021 trend,202606,Combined,133769,4448927,93.13817102617199,81.06149425598123,66.86433822494304,0.8334509479846234,65.23077436689319,68.4979020829929,65.49331141550834,14284
2018–2021 trend,202607,Early,133117,4448927,38.185956714769716,46.54013266056315,0.043160919886318566,0.025514404355700453,0.0,0.09316915242349146,0.0011897247211913238,7085
2018–2021 trend,202607,Intermediate,133117,4448927,74.19863728900141,51.982955852159094,47.205718789683104,0.746480642016721,45.74261673133033,48.66882084803588,45.9777581335656,14240
2018–2021 trend,202607,Latest,133117,4448927,75.44340692774026,44.49871839216217,56.42399203492048,0.647584700577055,55.15472602178944,57.69325804805151,55.35871520247122,14240
2018–2021 trend,202607,Combined,133117,4448927,93.27959614474484,81.46336037556573,66.96706975271668,0.8371744271330382,65.32620787553593,68.60793162989744,65.58991782008283,14238
2018–2021 trend,202608,Early,108840,4448927,36.44340316060272,46.67032313519261,0.04829134361052594,0.026694381837021823,0.0,0.10061233201108871,0.004379085488625043,6752
2018–2021 trend,202608,Intermediate,108840,4448927,73.57405365674384,51.908830274180886,45.97088336627302,0.6726225561673638,44.65254315618499,47.28922357636105,44.864419261377705,14162
2018–2021 trend,202608,Latest,108840,4448927,76.25413450937155,44.39709925099246,57.97909512777668,0.6032319579788469,56.79676049013814,59.16142976541522,56.98677855690148,14162
2018–2021 trend,202608,Combined,108840,4448927,93.37375964718854,81.41132318541771,67.51855673291392,0.7632763167674864,66.02253515204966,69.0145783137782,66.26296719183141,14162
