fit,sample,month,panel,n,marker_n,raw_percent,observed_percent,baseline_percent,excess_pp
train0,training,201501,Early,31022,8052,25.955773322158468,27.01366945678274,33.15825995567023,-6.144590498887492
train0,training,201501,Intermediate,31022,9869,31.81290696924763,33.020319271952495,39.23053948021442,-6.21022020826193
train0,training,201501,Latest,31022,9953,32.08368254786925,32.88808668277446,37.3497357954992,-4.461649112724747
train0,training,201501,Combined,31022,19462,62.736122751595644,64.2557550649206,70.89910374826803,-6.643348683347428
train0,training,201502,Early,32567,8485,26.053981023735684,27.04080789950257,33.15825995567023,-6.117452056167661
train0,training,201502,Intermediate,32567,10754,33.021156385298,34.201422321984246,39.23053948021442,-5.029117158230173
train0,training,201502,Latest,32567,10576,32.47459084349188,33.19257579748224,37.3497357954992,-4.157159998016957
train0,training,201502,Combined,32567,20651,63.41081462830473,64.80214502249642,70.89910374826803,-6.096958725771618
train0,training,201503,Early,37363,9942,26.609212322350988,27.48693601333378,33.15825995567023,-5.671323942336453
train0,training,201503,Intermediate,37363,12354,33.064796724031794,34.067469571401055,39.23053948021442,-5.163069908813367
train0,training,201503,Latest,37363,12194,32.63656558627519,33.30040366676524,37.3497357954992,-4.0493321287339565
train0,training,201503,Combined,37363,23907,63.985761314669595,65.23414470114639,70.89910374826803,-5.664959047121643
train0,training,201504,Early,35142,9180,26.122588355813555,26.98848171679888,33.15825995567023,-6.169778238871354
train0,training,201504,Intermediate,35142,11609,33.03454555802174,33.9553857915752,39.23053948021442,-5.275153688639217
train0,training,201504,Latest,35142,11484,32.67884582550794,33.28132996752143,37.3497357954992,-4.068405827977772
train0,training,201504,Combined,35142,22223,63.23772124523362,64.38613309959861,70.89910374826803,-6.512970648669425
train0,training,201505,Early,33309,8912,26.75553153802276,27.591885215333473,33.15825995567023,-5.5663747403367605
train0,training,201505,Intermediate,33309,11165,33.519469212525145,34.490612490728765,39.23053948021442,-4.739926989485655
train0,training,201505,Latest,33309,10927,32.80494761175658,33.46856671710338,37.3497357954992,-3.881169078395824
train0,training,201505,Combined,33309,21263,63.83559998799123,64.96167210809574,70.89910374826803,-5.9374316401722975
train0,training,201506,Early,36888,10023,27.171437865972674,28.08593993210038,33.15825995567023,-5.072320023569854
train0,training,201506,Intermediate,36888,12106,32.818260680980266,33.9727564042833,39.23053948021442,-5.257783075931116
train0,training,201506,Latest,36888,11887,32.22457167642594,32.89356038386558,37.3497357954992,-4.456175411633623
train0,training,201506,Combined,36888,23470,63.625027109086965,64.9287464255608,70.89910374826803,-5.9703573227072315
train0,training,201507,Early,35806,9518,26.582137071999107,27.45418399200822,33.15825995567023,-5.704075963662014
train0,training,201507,Intermediate,35806,11875,33.16483270960174,34.03081940151209,39.23053948021442,-5.19972007870233
train0,training,201507,Latest,35806,11667,32.5839244819304,33.15203942092265,37.3497357954992,-4.197696374576553
train0,training,201507,Combined,35806,22861,63.84684131151204,64.95846551102596,70.89910374826803,-5.9406382372420685
train0,training,201508,Early,33417,8932,26.72891043480863,27.5835195761002,33.15825995567023,-5.574740379570031
train0,training,201508,Intermediate,33417,11249,33.66250710716103,34.66252189365797,39.23053948021442,-4.568017586556455
train0,training,201508,Latest,33417,11059,33.09393422509501,33.71990739537739,37.3497357954992,-3.6298284001218093
train0,training,201508,Combined,33417,21500,64.33851033904898,65.55218781391355,70.89910374826803,-5.346915934354479
train0,training,201509,Early,35171,9504,27.022262659577493,27.79116380811482,33.15825995567023,-5.3670961475554115
train0,training,201509,Intermediate,35171,11770,33.46507065480083,34.29857356978176,39.23053948021442,-4.931965910432662
train0,training,201509,Latest,35171,11682,33.214864519064,33.71545208279709,37.3497357954992,-3.634283712702108
train0,training,201509,Combined,35171,22733,64.63563731483325,65.66849312709918,70.89910374826803,-5.230610621168852
train0,training,201510,Early,35584,9628,27.057104316546763,27.8693470309457,33.15825995567023,-5.2889129247245315
train0,training,201510,Intermediate,35584,11774,33.087904676258994,33.96424836952136,39.23053948021442,-5.266291110693066
train0,training,201510,Latest,35584,11781,33.10757643884892,33.691164456751046,37.3497357954992,-3.658571338748157
train0,training,201510,Combined,35584,22792,64.05125899280576,65.12097736797419,70.89910374826803,-5.7781263802938465
train0,training,201511,Early,33450,9139,27.32137518684604,28.062399645037296,33.15825995567023,-5.095860310632938
train0,training,201511,Intermediate,33450,11245,33.61733931240658,34.48899263005424,39.23053948021442,-4.741546850160184
train0,training,201511,Latest,33450,11342,33.907324364723465,34.505818041369416,37.3497357954992,-2.8439177541297878
train0,training,201511,Combined,33450,21677,64.80418535127055,65.82105772802227,70.89910374826803,-5.078046020245763
train0,training,201512,Early,35156,9591,27.28126066674252,28.071416151496692,33.15825995567023,-5.086843804173541
train0,training,201512,Intermediate,35156,11761,33.45374900443736,34.33709658290491,39.23053948021442,-4.893442897309508
train0,training,201512,Latest,35156,11517,32.75969962453066,33.26487351811955,37.3497357954992,-4.084862277379653
train0,training,201512,Combined,35156,22539,64.11138923654568,65.10031041014395,70.89910374826803,-5.798793338124087
train0,training,201601,Early,33640,9257,27.51783590963139,28.401273582923594,33.15825995567023,-4.756986372746641
train0,training,201601,Intermediate,33640,11242,33.41854934601665,34.39782084217432,39.23053948021442,-4.832718638040101
train0,training,201601,Latest,33640,11276,33.51961950059453,34.17643257749918,37.3497357954992,-3.173303218000023
train0,training,201601,Combined,33640,21721,64.56896551724138,65.75109821604804,70.89910374826803,-5.148005532220001
train0,training,201602,Early,36039,10025,27.817087044590583,28.68020405032437,33.15825995567023,-4.478055905345863
train0,training,201602,Intermediate,36039,12111,33.60526096728544,34.5069320527728,39.23053948021442,-4.723607427441623
train0,training,201602,Latest,36039,12120,33.63023391326063,34.19803224911748,37.3497357954992,-3.151703546381718
train0,training,201602,Combined,36039,23468,65.11834401620467,66.2004018848098,70.89910374826803,-4.698701863458233
train0,training,201603,Early,38898,10685,27.469278626150444,28.277318215273606,33.15825995567023,-4.8809417403966275
train0,training,201603,Intermediate,38898,13436,34.541621677207054,35.467581745537856,39.23053948021442,-3.762957734676564
train0,training,201603,Latest,38898,12982,33.37446655355031,33.94522395831544,37.3497357954992,-3.4045118371837657
train0,training,201603,Combined,38898,25287,65.00848372666975,66.11473233208608,70.89910374826803,-4.784371416181954
train0,training,201604,Early,35845,9904,27.63007392941833,28.42013079532873,33.15825995567023,-4.738129160341503
train0,training,201604,Intermediate,35845,12244,34.15818105733017,34.98411011693407,39.23053948021442,-4.246429363280352
train0,training,201604,Latest,35845,12084,33.71181475798577,34.19688156578019,37.3497357954992,-3.1528542297190096
train0,training,201604,Combined,35845,23278,64.94071697586833,65.9198355439862,70.89910374826803,-4.979268204281839
train0,training,201605,Early,36140,10017,27.71721084670725,28.452172906319706,33.15825995567023,-4.706087049350527
train0,training,201605,Intermediate,36140,12304,34.045379081350305,34.82446013413435,39.23053948021442,-4.406079346080071
train0,training,201605,Latest,36140,12170,33.674598782512454,34.17563582724168,37.3497357954992,-3.1740999682575213
train0,training,201605,Combined,36140,23481,64.97232982844494,65.91448648806268,70.89910374826803,-4.98461726020536
train0,training,201606,Early,38983,10848,27.827514557627683,28.777615893609347,33.15825995567023,-4.380644062060885
train0,training,201606,Intermediate,38983,13303,34.12513146756278,35.092506941403805,39.23053948021442,-4.138032538810616
train0,training,201606,Latest,38983,13031,33.4273914270323,34.11006037755099,37.3497357954992,-3.239675417948212
train0,training,201606,Combined,38983,25359,65.05143267578175,66.29098785149145,70.89910374826803,-4.608115896776576
train0,training,201607,Early,35852,10114,28.21042061809662,29.003172197712885,33.15825995567023,-4.155087757957348
train0,training,201607,Intermediate,35852,12314,34.346758897690506,35.25306921608182,39.23053948021442,-3.977470264132604
train0,training,201607,Latest,35852,12004,33.48209304920228,34.05827154472776,37.3497357954992,-3.2914642507714422
train0,training,201607,Combined,35852,23421,65.326899475622,66.4403590766166,70.89910374826803,-4.458744671651438
train0,training,201608,Early,37747,10439,27.65517789493205,28.386142691001137,33.15825995567023,-4.772117264669095
train0,training,201608,Intermediate,37747,12844,34.02654515590643,34.82601538431182,39.23053948021442,-4.404524095902601
train0,training,201608,Latest,37747,12992,34.41862929504332,34.87414634994519,37.3497357954992,-2.475589445554011
train0,training,201608,Combined,37747,24672,65.36148568098127,66.29221906057097,70.89910374826803,-4.606884687697066
train0,training,201609,Early,36558,10103,27.635538049127415,28.437737047206873,33.15825995567023,-4.7205229084633595
train0,training,201609,Intermediate,36558,12567,34.37551288363696,35.20439299444264,39.23053948021442,-4.026146485771781
train0,training,201609,Latest,36558,12493,34.17309480824991,34.74382219003992,37.3497357954992,-2.605913605459281
train0,training,201609,Combined,36558,23879,65.31812462388534,66.39287318634042,70.89910374826803,-4.506230561927616
train0,training,201610,Early,35774,10098,28.227204114720188,28.973779504287922,33.15825995567023,-4.184480451382311
train0,training,201610,Intermediate,35774,12197,34.09459383910102,34.88636396030678,39.23053948021442,-4.3441755199076395
train0,training,201610,Latest,35774,12294,34.36574048191424,34.941547474984745,37.3497357954992,-2.408188320514454
train0,training,201610,Combined,35774,23462,65.58394364622352,66.59351221195438,70.89910374826803,-4.305591536313658
train0,training,201611,Early,35837,9963,27.800876189413177,28.63280726428131,33.15825995567023,-4.525452691388921
train0,training,201611,Intermediate,35837,12282,34.271841951056174,35.2024709188512,39.23053948021442,-4.028068561363224
train0,training,201611,Latest,35837,12100,33.76398694087116,34.34691667296638,37.3497357954992,-3.0028191225328236
train0,training,201611,Combined,35837,23415,65.33750034880151,66.43038574556243,70.89910374826803,-4.468718002705607
train0,training,201612,Early,34382,9681,28.157175266127624,28.944316137135846,33.15825995567023,-4.213943818534388
train0,training,201612,Intermediate,34382,11914,34.651852713629225,35.500718347668354,39.23053948021442,-3.7298211325460686
train0,training,201612,Latest,34382,11710,34.058518992496076,34.57388532366654,37.3497357954992,-2.7758504718326638
train0,training,201612,Combined,34382,22586,65.69135012506544,66.68501996774842,70.89910374826803,-4.214083780519617
train0,training,201701,Early,35437,9997,28.21062731043824,29.06822268911704,33.15825995567023,-4.0900372665531926
train0,training,201701,Intermediate,35437,12379,34.93241527217315,35.83122949058477,39.23053948021442,-3.399309989629651
train0,training,201701,Latest,35437,12280,34.65304625109349,35.27867592571112,37.3497357954992,-2.0710598697880833
train0,training,201701,Combined,35437,23457,66.19352654005701,67.36914853819206,70.89910374826803,-3.5299552100759746
train0,training,201702,Early,35614,10331,29.008255180546975,29.679764588923714,33.15825995567023,-3.47849536674652
train0,training,201702,Intermediate,35614,12574,35.306340203290844,36.04395815841869,39.23053948021442,-3.186581321795734
train0,training,201702,Latest,35614,12259,34.421856573257706,34.9402179751852,37.3497357954992,-2.409517820314
train0,training,201702,Combined,35614,23670,66.46262705677543,67.40810588116678,70.89910374826803,-3.490997867101253
train0,training,201703,Early,40919,11868,29.003641340208706,29.77848240389906,33.15825995567023,-3.3797775517711734
train0,training,201703,Intermediate,40919,14310,34.97152911850241,35.69065775767365,39.23053948021442,-3.539881722540772
train0,training,201703,Latest,40919,14082,34.41433075099587,34.92941085723299,37.3497357954992,-2.4203249382662104
train0,training,201703,Combined,40919,27121,66.27972335589824,67.25830411181242,70.89910374826803,-3.640799636455616
train0,training,201704,Early,35727,10254,28.70098245024771,29.353560390284766,33.15825995567023,-3.8046995653854667
train0,training,201704,Intermediate,35727,12431,34.79441318890475,35.47677598184993,39.23053948021442,-3.7537634983644876
train0,training,201704,Latest,35727,12257,34.30738657038094,34.84214597667608,37.3497357954992,-2.5075898188231194
train0,training,201704,Combined,35727,23586,66.01729784196826,66.9296808489581,70.89910374826803,-3.9694228993099268
train0,training,201705,Early,37957,10794,28.437442368996496,29.059992490376956,33.15825995567023,-4.098267465293276
train0,training,201705,Intermediate,37957,13398,35.29783702610849,35.97390513454572,39.23053948021442,-3.2566343456687017
train0,training,201705,Latest,37957,12984,34.20712911979345,34.70784833491746,37.3497357954992,-2.641887460581743
train0,training,201705,Combined,37957,25239,66.49366388281476,67.37320623229888,70.89910374826803,-3.5258975159691452
train0,training,201706,Early,39260,11509,29.314824248599084,29.94765296399135,33.15825995567023,-3.2106069916788824
train0,training,201706,Intermediate,39260,13922,35.46102903718798,36.083906551316886,39.23053948021442,-3.146632928897536
train0,training,201706,Latest,39260,13631,34.719816607233824,35.120538089151275,37.3497357954992,-2.2291977063479242
train0,training,201706,Combined,39260,26232,66.8160978094753,67.58402341305626,70.89910374826803,-3.315080335211773
train0,training,201707,Early,38780,11250,29.009798865394533,29.665729837353442,33.15825995567023,-3.4925301183167887
train0,training,201707,Intermediate,38780,13983,36.05724600309438,36.70196205885755,39.23053948021442,-2.52857742135687
train0,training,201707,Latest,38780,13675,35.26302217637958,35.702453802812464,37.3497357954992,-1.6472819926867333
train0,training,201707,Combined,38780,26101,67.30531201650335,68.0722504275536,70.89910374826803,-2.8268533207144397
train0,training,201708,Early,38318,11262,29.39088678949841,29.960621009606264,33.15825995567023,-3.197638946063969
train0,training,201708,Intermediate,38318,13845,36.13184404196461,36.70844526955988,39.23053948021442,-2.522094210654541
train0,training,201708,Latest,38318,13499,35.228874158359,35.627360720659475,37.3497357954992,-1.722375074839727
train0,training,201708,Combined,38318,25751,67.20340310037058,67.89399004491945,70.89910374826803,-3.005113703348583
train0,training,201709,Early,38084,11135,29.23800021006197,29.72494448542115,33.15825995567023,-3.433315470249082
train0,training,201709,Intermediate,38084,13667,35.886461506144315,36.35911309752288,39.23053948021442,-2.8714263826915385
train0,training,201709,Latest,38084,13275,34.85715786156916,35.17769757363922,37.3497357954992,-2.172038221859979
train0,training,201709,Combined,38084,25491,66.93362041802332,67.46665150400959,70.89910374826803,-3.4324522442584438
train0,training,201710,Early,36888,10805,29.29136846671004,29.779955587945967,33.15825995567023,-3.378304367724266
train0,training,201710,Intermediate,36888,13388,36.293645630015185,36.79673199134793,39.23053948021442,-2.4338074888664907
train0,training,201710,Latest,36888,12920,35.02494036000868,35.329223595025184,37.3497357954992,-2.020512200474017
train0,training,201710,Combined,36888,24788,67.19800477119931,67.77052618597006,70.89910374826803,-3.128577562297974
train0,training,201711,Early,38632,11492,29.747359701801614,30.208352678788273,33.15825995567023,-2.949907276881958
train0,training,201711,Intermediate,38632,13964,36.14620004141644,36.606407796961946,39.23053948021442,-2.624131683252479
train0,training,201711,Latest,38632,13418,34.73286394698695,35.04468280611992,37.3497357954992,-2.305052989379275
train0,training,201711,Combined,38632,26067,67.47515013460344,68.01576858647225,70.89910374826803,-2.883335161795786
train0,training,201712,Early,38091,11309,29.68942794885931,30.041881980984652,33.15825995567023,-3.11637797468558
train0,training,201712,Intermediate,38091,13721,36.021632406605235,36.39172135078873,39.23053948021442,-2.8388181294256967
train0,training,201712,Latest,38091,13239,34.756241631881544,35.00884656156069,37.3497357954992,-2.3408892339385146
train0,training,201712,Combined,38091,25589,67.17859861909638,67.60499513983592,70.89910374826803,-3.2941086084321114
train0,training,201801,Early,36357,10725,29.49913359188052,30.090029023064456,33.15825995567023,-3.0682309326057755
train0,training,201801,Intermediate,36357,13039,35.863795142613526,36.5531027949236,39.23053948021442,-2.677436685290818
train0,training,201801,Latest,36357,12975,35.68776301675056,36.077169892081855,37.3497357954992,-1.2725659034173442
train0,training,201801,Combined,36357,24647,67.7916219710097,68.52036129109793,70.89910374826803,-2.378742457170102
train0,training,201802,Early,39512,11726,29.677060133630288,30.203053030522426,33.15825995567023,-2.9552069251478077
train0,training,201802,Intermediate,39512,14257,36.08270905041506,36.54033472881195,39.23053948021442,-2.6902047514024696
train0,training,201802,Latest,39512,13910,35.20449483701154,35.5261833606178,37.3497357954992,-1.823552434881398
train0,training,201802,Combined,39512,26608,67.34156711884997,67.88447873202578,70.89910374826803,-3.014625016242256
train0,training,201803,Early,42061,12743,30.296474168469604,30.668107064016546,33.15825995567023,-2.4901528916536853
train0,training,201803,Intermediate,42061,15231,36.21169254178455,36.567317627098376,39.23053948021442,-2.663221853116049
train0,training,201803,Latest,42061,14781,35.141817836000094,35.3923650268756,37.3497357954992,-1.9573707686236008
train0,training,201803,Combined,42061,28491,67.73733387223318,68.14533834024208,70.89910374826803,-2.7537654080259544
train0,training,201804,Early,38800,11928,30.742268041237114,31.068718162957914,33.15825995567023,-2.0895417927123185
train0,training,201804,Intermediate,38800,14253,36.73453608247423,37.06442047538819,39.23053948021442,-2.1661190048262338
train0,training,201804,Latest,38800,14098,36.33505154639175,36.53831499760611,37.3497357954992,-0.8114207978930921
train0,training,201804,Combined,38800,26645,68.67268041237114,69.03593068403882,70.89910374826803,-1.8631730642292177
train0,training,201805,Early,39951,12123,30.344672223473754,30.722232756328317,33.15825995567023,-2.436027199341917
train0,training,201805,Intermediate,39951,14553,36.42712322595179,36.810731997931704,39.23053948021442,-2.4198074822827156
train0,training,201805,Latest,39951,14411,36.07168781757653,36.32275822292751,37.3497357954992,-1.0269775725716912
train0,training,201805,Combined,39951,27266,68.24860454056218,68.67237567295534,70.89910374826803,-2.2267280753126895
train0,training,201806,Early,39940,12074,30.230345518277417,30.588231442802293,33.15825995567023,-2.570028512867939
train0,training,201806,Intermediate,39940,14746,36.92038057085628,37.265879323751236,39.23053948021442,-1.9646601564631827
train0,training,201806,Latest,39940,14327,35.87130696044066,36.09180499260889,37.3497357954992,-1.2579308028903058
train0,training,201806,Combined,39940,27349,68.47521281922884,68.86592899420108,70.89910374826803,-2.0331747540669465
train0,training,201807,Early,39497,11994,30.366863306073878,30.66118288305305,33.15825995567023,-2.497077072617182
train0,training,201807,Intermediate,39497,14661,37.11927488163658,37.42386726932468,39.23053948021442,-1.806672210889737
train0,training,201807,Latest,39497,14252,36.0837531964453,36.25428910552079,37.3497357954992,-1.0954466899784132
train0,training,201807,Combined,39497,27023,68.4178545205965,68.7286084175877,70.89910374826803,-2.170495330680333
train0,training,201808,Early,39834,12253,30.760154641763318,31.039230063402297,33.15825995567023,-2.119029892267937
train0,training,201808,Intermediate,39834,14801,37.15670030627103,37.43530105008712,39.23053948021442,-1.7952384301272994
train0,training,201808,Latest,39834,14433,36.2328663955415,36.40837863591181,37.3497357954992,-0.9413571595873915
train0,training,201808,Combined,39834,27320,68.5846261987247,68.87867010745944,70.89910374826803,-2.0204336408085943
train0,training,201809,Early,39123,12053,30.807964624389744,31.0902572580064,33.15825995567023,-2.068002697663834
train0,training,201809,Intermediate,39123,14426,36.873450400020445,37.17304977942238,39.23053948021442,-2.0574897007920425
train0,training,201809,Latest,39123,14236,36.38780257137745,36.590558220892966,37.3497357954992,-0.7591775746062346
train0,training,201809,Combined,39123,26908,68.77795670066202,69.09747488354995,70.89910374826803,-1.8016288647180856
train0,training,201810,Early,42863,13301,31.03142570515363,31.30474131002501,33.15825995567023,-1.8535186456452246
train0,training,201810,Intermediate,42863,15836,36.94561743228425,37.224642418418156,39.23053948021442,-2.0058970617962633
train0,training,201810,Latest,42863,15372,35.86309870984299,36.04879685662583,37.3497357954992,-1.300938938873375
train0,training,201810,Combined,42863,29431,68.66294939691575,68.95496680498421,70.89910374826803,-1.9441369432838251
train0,training,201811,Early,40490,12667,31.284267720424797,31.41846397037311,33.15825995567023,-1.7397959852971212
train0,training,201811,Intermediate,40490,14993,37.02889602370956,37.176689221729546,39.23053948021442,-2.053850258484874
train0,training,201811,Latest,40490,14451,35.69029389972833,35.771977029516854,37.3497357954992,-1.5777587659823455
train0,training,201811,Combined,40490,27798,68.65398863917017,68.79082960949593,70.89910374826803,-2.108274138772104
train0,training,201812,Early,37557,11701,31.15531059456293,31.469286292071075,33.15825995567023,-1.6889736635991581
train0,training,201812,Intermediate,37557,13964,37.1808184892297,37.48556709161303,39.23053948021442,-1.7449723886013901
train0,training,201812,Latest,37557,13604,36.222275474611926,36.42017743778811,37.3497357954992,-0.9295583577110855
train0,training,201812,Combined,37557,25931,69.04438586681577,69.4086882335584,70.89910374826803,-1.490415514709642
train0,training,201901,Early,41790,13057,31.24431682220627,31.36972596387224,33.15825995567023,-1.7885339917979914
train0,training,201901,Intermediate,41790,15686,37.535295525245274,37.648351944578344,39.23053948021442,-1.582187535636076
train0,training,201901,Latest,41790,15066,36.051687006460874,36.11989060094656,37.3497357954992,-1.2298451945526423
train0,training,201901,Combined,41790,28876,69.09787030390045,69.22519833201657,70.89910374826803,-1.6739054162514533
train0,training,201902,Early,40337,12539,31.08560378808538,31.278772795005793,33.15825995567023,-1.8794871606644392
train0,training,201902,Intermediate,40337,15134,37.518903240201304,37.71599161239138,39.23053948021442,-1.5145478678230406
train0,training,201902,Latest,40337,14805,36.70327490889258,36.81184294648862,37.3497357954992,-0.5378928490105794
train0,training,201902,Combined,40337,28040,69.51434167141831,69.71191621820401,70.89910374826803,-1.1871875300640267
train0,training,201903,Early,42597,13431,31.530389464046763,31.659951652304123,33.15825995567023,-1.4983083033661082
train0,training,201903,Intermediate,42597,16004,37.5707209427894,37.7018905906267,39.23053948021442,-1.5286488895877248
train0,training,201903,Latest,42597,15602,36.62699251120971,36.71510444523544,37.3497357954992,-0.634631350263759
train0,training,201903,Combined,42597,29618,69.5307181256896,69.67504659885493,70.89910374826803,-1.2240571494131047
train0,training,201904,Early,41681,13187,31.637916556704493,31.770145539302558,33.15825995567023,-1.388114416367675
train0,training,201904,Intermediate,41681,15643,37.53028958038435,37.67962663573813,39.23053948021442,-1.5509128444762876
train0,training,201904,Latest,41681,15339,36.80094047647609,36.878127653655135,37.3497357954992,-0.4716081418440654
train0,training,201904,Combined,41681,28970,69.50409059283606,69.66114412163019,70.89910374826803,-1.2379596266378412
train0,training,201905,Early,43340,13699,31.608214120904478,31.61419010126331,33.15825995567023,-1.544069854406921
train0,training,201905,Intermediate,43340,16398,37.83571758191047,37.84843532333963,39.23053948021442,-1.3821041568747916
train0,training,201905,Latest,43340,15815,36.49053991693586,36.48750602064254,37.3497357954992,-0.8622297748566599
train0,training,201905,Combined,43340,30071,69.38394093216428,69.3851807471359,70.89910374826803,-1.5139230011321225
train0,training,201906,Early,41344,13165,31.842589009287927,31.97808020806355,33.15825995567023,-1.1801797476066855
train0,training,201906,Intermediate,41344,15764,38.128869969040245,38.27859877718509,39.23053948021442,-0.9519407030293303
train0,training,201906,Latest,41344,15246,36.87596749226006,36.964680548348895,37.3497357954992,-0.3850552471503066
train0,training,201906,Combined,41344,28845,69.76828560371517,69.92633585632944,70.89910374826803,-0.9727678919385863
train0,training,201907,Early,44364,14023,31.608962221621134,31.819123218013345,33.15825995567023,-1.3391367376568875
train0,training,201907,Intermediate,44364,17054,38.44107835181679,38.63489474720577,39.23053948021442,-0.595644733008649
train0,training,201907,Latest,44364,16461,37.10440898025426,37.237096391530685,37.3497357954992,-0.11263940396851746
train0,training,201907,Combined,44364,30994,69.86295194301687,70.1042273845267,70.89910374826803,-0.794876363741337
train0,training,201908,Early,41537,13366,32.17853961528276,32.28877142318968,33.15825995567023,-0.8694885324805557
train0,training,201908,Intermediate,41537,15953,38.40672171798637,38.54291976247507,39.23053948021442,-0.6876197177393517
train0,training,201908,Latest,41537,15438,37.16686327852276,37.24192477855174,37.3497357954992,-0.1078110169474622
train0,training,201908,Combined,41537,29119,70.10376291017647,70.26079116583098,70.89910374826803,-0.6383125824370506
train0,training,201909,Early,38999,12340,31.641836970178723,31.848535034463293,33.15825995567023,-1.3097249212069395
train0,training,201909,Intermediate,38999,14873,38.136875304494986,38.32333119292893,39.23053948021442,-0.9072082872854881
train0,training,201909,Latest,38999,14449,37.0496679402036,37.1633908483332,37.3497357954992,-0.18634494716600059
train0,training,201909,Combined,38999,27235,69.83512397753789,70.06598634086328,70.89910374826803,-0.8331174074047598
train0,training,201910,Early,41882,13462,32.14268659567356,32.24728977969155,33.15825995567023,-0.910970175978687
train0,training,201910,Intermediate,41882,15822,37.77756554128265,37.883082384442126,39.23053948021442,-1.347457095772292
train0,training,201910,Latest,41882,15542,37.10902058163411,37.17999586605714,37.3497357954992,-0.16973992944205873
train0,training,201910,Combined,41882,29245,69.82713337471945,69.97355992874621,70.89910374826803,-0.9255438195218235
train0,training,201911,Early,44230,14226,32.163689803300926,32.060230833343674,33.15825995567023,-1.0980291223265604
train0,training,201911,Intermediate,44230,17134,38.73841284196247,38.643112930573395,39.23053948021442,-0.5874265496410291
train0,training,201911,Latest,44230,16445,37.180646619941214,37.13135779298394,37.3497357954992,-0.21837800251525707
train0,training,201911,Combined,44230,31152,70.43183359710603,70.31008138826198,70.89910374826803,-0.5890223600060529
train0,training,201912,Early,44056,14333,32.5335936081351,32.46214338127061,33.15825995567023,-0.6961165743996245
train0,training,201912,Intermediate,44056,16945,38.46241147630289,38.38455233130586,39.23053948021442,-0.8459871489085613
train0,training,201912,Latest,44056,16045,36.41955692754676,36.35093573410643,37.3497357954992,-0.9988000613927739
train0,training,201912,Combined,44056,30757,69.81341928454694,69.69853462086246,70.89910374826803,-1.2005691274055708
train0,training,202001,Early,44611,14436,32.35973190468719,32.3066769269465,33.15825995567023,-0.8515830287237292
train0,training,202001,Intermediate,44611,17123,38.38291004460783,38.324928369519355,39.23053948021442,-0.9056111106950648
train0,training,202001,Latest,44611,16570,37.14330546277824,37.10395864765076,37.3497357954992,-0.24577714784844162
train0,training,202001,Combined,44611,31392,70.3682948151801,70.29680534318895,70.89910374826803,-0.6022984050790825
train0,training,202002,Early,43106,13905,32.25769034473159,32.249516717500015,33.15825995567023,-0.9087432381702176
train0,training,202002,Intermediate,43106,16612,38.53755857653227,38.53275590278236,39.23053948021442,-0.6977835774320595
train0,training,202002,Latest,43106,16108,37.36834779381061,37.38428451334582,37.3497357954992,0.034548717846616395
train0,training,202002,Combined,43106,30367,70.44726952164432,70.45168815505252,70.89910374826803,-0.4474155932155055
train0,training,202003,Early,44282,14486,32.713066257169956,32.76564877946571,33.15825995567023,-0.392611176204527
train0,training,202003,Intermediate,44282,16987,38.3609593062644,38.41767204257237,39.23053948021442,-0.8128674376420508
train0,training,202003,Latest,44282,16291,36.7892145792873,36.83196677273751,37.3497357954992,-0.5177690227616938
train0,training,202003,Combined,44282,31092,70.21363082064947,70.30589129117433,70.89910374826803,-0.5932124570936947
train0,training,202004,Early,45875,14979,32.65177111716621,32.81117722316127,33.15825995567023,-0.3470827325089576
train0,training,202004,Intermediate,45875,17713,38.611444141689375,38.784006847109964,39.23053948021442,-0.44653263310445723
train0,training,202004,Latest,45875,16900,36.83923705722071,36.95196755419162,37.3497357954992,-0.39776824130758337
train0,training,202004,Combined,45875,32248,70.29536784741144,70.50706106841871,70.89910374826803,-0.39204267984932484
train0,training,202005,Early,48492,15800,32.58269405262724,32.63058278923448,33.15825995567023,-0.5276771664357527
train0,training,202005,Intermediate,48492,19053,39.29101707498144,39.34766991686496,39.23053948021442,0.11713043665053657
train0,training,202005,Latest,48492,17717,36.535923451290934,36.58583031026828,37.3497357954992,-0.7639054852309202
train0,training,202005,Combined,48492,34257,70.64464241524375,70.73749448550106,70.89910374826803,-0.16160926276697074
train0,training,202006,Early,52948,17530,33.10795497469215,33.25433884869197,33.15825995567023,0.09607889302173933
train0,training,202006,Intermediate,52948,20916,39.50290851401375,39.65947409630518,39.23053948021442,0.4289346160907592
train0,training,202006,Latest,52948,19590,36.99856462944776,37.102278012891674,37.3497357954992,-0.24745778260752416
train0,training,202006,Combined,52948,37547,70.91297121704314,71.1077915607464,70.89910374826803,0.20868781247836976
train0,training,202007,Early,54758,18454,33.701011724314256,33.783615046821915,33.15825995567023,0.6253550911516803
train0,training,202007,Intermediate,54758,21816,39.840753862449326,39.91405311061167,39.23053948021442,0.6835136303972478
train0,training,202007,Latest,54758,20258,36.995507505752585,37.02451299441602,37.3497357954992,-0.32522280108318036
train0,training,202007,Combined,54758,39069,71.34847876109427,71.43107006395653,70.89910374826803,0.5319663156884924
train0,training,202008,Early,50427,16971,33.654589803081684,33.53771415344422,33.15825995567023,0.37945419777398737
train0,training,202008,Intermediate,50427,20136,39.930989350942944,39.824477347492774,39.23053948021442,0.5939378672783546
train0,training,202008,Latest,50427,18812,37.30541178337002,37.249654618152235,37.3497357954992,-0.10008117734696675
train0,training,202008,Combined,50427,36065,71.5192258115692,71.3959861972032,70.89910374826803,0.4968824489351653
train0,training,202009,Early,54131,18477,34.13386044964992,34.07931197088417,33.15825995567023,0.9210520152139356
train0,training,202009,Intermediate,54131,21748,40.17660859766123,40.13032181960004,39.23053948021442,0.8997823393856186
train0,training,202009,Latest,54131,20384,37.65679555153239,37.624813898315445,37.3497357954992,0.27507810281624523
train0,training,202009,Combined,54131,38754,71.59298738246106,71.53376005342346,70.89910374826803,0.6346563051554344
train0,training,202010,Early,53797,18698,34.75658493968065,34.526415127157485,33.15825995567023,1.3681551714872509
train0,training,202010,Intermediate,53797,21853,40.62122423183449,40.41684863859777,39.23053948021442,1.1863091583833474
train0,training,202010,Latest,53797,20474,38.05788426863951,37.94062500766231,37.3497357954992,0.5908892121631093
train0,training,202010,Combined,53797,38947,72.39623027306355,72.16890457682078,70.89910374826803,1.2698008285527473
train0,training,202011,Early,50811,17520,34.48072267816024,34.28259091304108,33.15825995567023,1.1243309573708504
train0,training,202011,Intermediate,50811,20525,40.39479640235382,40.19936060215848,39.23053948021442,0.9688211219440579
train0,training,202011,Latest,50811,19233,37.85203991261735,37.733211343004584,37.3497357954992,0.3834755475053797
train0,training,202011,Combined,50811,36604,72.03951900179095,71.83679970017599,70.89910374826803,0.9376959519079575
train0,training,202012,Early,49668,17181,34.591688813723124,34.46524431986693,33.15825995567023,1.3069843641967005
train0,training,202012,Intermediate,49668,20178,40.625755013288234,40.502964629648766,39.23053948021442,1.272425149434342
train0,training,202012,Latest,49668,18924,38.10099057743416,38.041285809657175,37.3497357954992,0.6915500141579767
train0,training,202012,Combined,49668,35948,72.37658049448336,72.25944123857673,70.89910374826803,1.360337490308694
train0,training,202101,Early,55562,19292,34.72157229761348,34.437272387875,33.15825995567023,1.2790124322047625
train0,training,202101,Intermediate,55562,22767,40.97584680177099,40.70571222692359,39.23053948021442,1.475172746709169
train0,training,202101,Latest,55562,21010,37.813613620819986,37.67788067738407,37.3497357954992,0.32814488188486757
train0,training,202101,Combined,55562,40286,72.50638925884597,72.2245093390655,70.89910374826803,1.3254055907974682
train0,training,202102,Early,52494,18591,35.41547605440622,35.0885736061625,33.15825995567023,1.9303136504922658
train0,training,202102,Intermediate,52494,21640,41.22375890577971,40.91812067520053,39.23053948021442,1.6875811949861041
train0,training,202102,Latest,52494,20226,38.53011772774031,38.37377475526368,37.3497357954992,1.0240389597644783
train0,training,202102,Combined,52494,38375,73.10359279155713,72.80557881980053,70.89910374826803,1.9064750715324985
train0,training,202103,Early,59368,21040,35.4399676593451,35.20696609982218,33.15825995567023,2.048706144151946
train0,training,202103,Intermediate,59368,24508,41.28149845034362,41.07248484854382,39.23053948021442,1.8419453683294007
train0,training,202103,Latest,59368,23030,38.791941786821184,38.68924505855868,37.3497357954992,1.3395092630594851
train0,training,202103,Combined,59368,43438,73.1673628890985,72.9728233566521,70.89910374826803,2.0737196083840725
train0,training,202104,Early,52477,18561,35.36978104693485,35.08983983040459,33.15825995567023,1.931579874734357
train0,training,202104,Intermediate,52477,21423,40.823598909998665,40.53971932517949,39.23053948021442,1.3091798449650693
train0,training,202104,Latest,52477,20171,38.43779179450045,38.2677007090373,37.3497357954992,0.9179649135380996
train0,training,202104,Combined,52477,38043,72.49461668921623,72.18247861569137,70.89910374826803,1.283374867423337
train0,training,202105,Early,54541,19393,35.55673713353257,35.30381227719515,33.15825995567023,2.145552321524918
train0,training,202105,Intermediate,54541,22825,41.84925102216681,41.59965535192703,39.23053948021442,2.369115871712607
train0,training,202105,Latest,54541,21168,38.81116957884894,38.677731904503446,37.3497357954992,1.327996109004248
train0,training,202105,Combined,54541,39920,73.19264406593206,72.94654748606982,70.89910374826803,2.0474437378017796
train0,training,202106,Early,56798,20275,35.69667946054439,35.432375807519236,33.15825995567023,2.2741158518490012
train0,training,202106,Intermediate,56798,23706,41.737385119194336,41.46617805349864,39.23053948021442,2.2356385732842154
train0,training,202106,Latest,56798,22161,39.01721891615902,38.83335969437235,37.3497357954992,1.4836238988731487
train0,training,202106,Combined,56798,41579,73.20504243107152,72.90272203202531,70.89910374826803,2.003618283757269
train0,training,202107,Early,55461,20169,36.36609509384973,36.03550493557205,33.15825995567023,2.8772449799018163
train0,training,202107,Intermediate,55461,23230,41.885288761472026,41.54919469122617,39.23053948021442,2.31865521101175
train0,training,202107,Latest,55461,21713,39.15003335677323,38.95631651921236,37.3497357954992,1.606580723713158
train0,training,202107,Combined,55461,40906,73.75633327924128,73.42170196296766,70.89910374826803,2.522598214699623
train0,training,202108,Early,52557,18852,35.86962726183001,35.424078738793945,33.15825995567023,2.265818783123713
train0,training,202108,Intermediate,52557,22148,42.140913674677016,41.70100577592102,39.23053948021442,2.470466295706597
train0,training,202108,Latest,52557,20658,39.30589645527713,39.0530603604596,37.3497357954992,1.7033245649603956
train0,training,202108,Combined,52557,38731,73.6933234393135,73.25222190409681,70.89910374826803,2.3531181558287817
train0,training,202109,Early,53376,19391,36.32906175059952,35.977113256125584,33.15825995567023,2.8188533004553538
train0,training,202109,Intermediate,53376,22448,42.05635491606714,41.731826915036116,39.23053948021442,2.5012874348216974
train0,training,202109,Latest,53376,20958,39.264838129496404,39.07370293024804,37.3497357954992,1.7239671347488383
train0,training,202109,Combined,53376,39443,73.89650779376498,73.56501138818679,70.89910374826803,2.665907639918763
train0,training,202110,Early,52987,19481,36.76562175627984,36.35920100471804,33.15825995567023,3.200941049047806
train0,training,202110,Intermediate,52987,22358,42.19525544001359,41.813940896464864,39.23053948021442,2.5834014162504415
train0,training,202110,Latest,52987,20760,39.179421367505235,38.92176837539956,37.3497357954992,1.5720325799003565
train0,training,202110,Combined,52987,39191,73.96342499103554,73.54822358192632,70.89910374826803,2.6491198336582866
train0,training,202111,Early,53378,19395,36.33519427479486,35.948835130892476,33.15825995567023,2.790575175222243
train0,training,202111,Intermediate,53378,22563,42.270223687661584,41.90444184268863,39.23053948021442,2.673902362474206
train0,training,202111,Latest,53378,20946,39.24088575817753,39.005672421918106,37.3497357954992,1.655936626418908
train0,training,202111,Combined,53378,39410,73.83191577054217,73.44461834234941,70.89910374826803,2.5455145940813884
train0,training,202112,Early,52448,19274,36.748779743746184,36.29440511897707,33.15825995567023,3.136145163306836
train0,training,202112,Intermediate,52448,22020,41.984441732763884,41.54757615313547,39.23053948021442,2.317036672921052
train0,training,202112,Latest,52448,20425,38.94333435021355,38.644167793313336,37.3497357954992,1.2944319978141383
train0,training,202112,Combined,52448,38614,73.62339841366688,73.15673370173931,70.89910374826803,2.257629953471274
train0,training,202201,Early,55154,20523,37.210356456467345,36.605030138902514,33.15825995567023,3.446770183232284
train0,training,202201,Intermediate,55154,23585,42.76208434565036,42.1750314829554,39.23053948021442,2.9444920027409784
train0,training,202201,Latest,55154,21884,39.67799253000689,39.35865167848492,37.3497357954992,2.008915882985718
train0,training,202201,Combined,55154,41033,74.39714254632483,73.79535090947287,70.89910374826803,2.8962471612048346
train0,training,202202,Early,51658,19002,36.78423477486546,36.318119268872664,33.15825995567023,3.1598593132024346
train0,training,202202,Intermediate,51658,22255,43.081420109179604,42.66015635768112,39.23053948021442,3.429616877466696
train0,training,202202,Latest,51658,20690,40.05187967013822,39.77040528890352,37.3497357954992,2.420669493404315
train0,training,202202,Combined,51658,38565,74.65445816717643,74.19846890034916,70.89910374826803,3.299365152081124
train0,training,202203,Early,58447,21682,37.09685698153883,36.522079130050365,33.15825995567023,3.363819174380134
train0,training,202203,Intermediate,58447,25035,42.833678375280165,42.31239425976984,39.23053948021442,3.081854779555421
train0,training,202203,Latest,58447,23596,40.371618731500334,40.06670693072055,37.3497357954992,2.7169711352213466
train0,training,202203,Combined,58447,43625,74.64027238352696,74.14710402058368,70.89910374826803,3.248000272315643
train0,training,202204,Early,52642,19817,37.644846320428556,37.13070034538809,33.15825995567023,3.972440389717863
train0,training,202204,Intermediate,52642,22585,42.90300520496942,42.451749613358054,39.23053948021442,3.2212101331436314
train0,training,202204,Latest,52642,21012,39.91489685042362,39.62932590764075,37.3497357954992,2.279590112141544
train0,training,202204,Combined,52642,39338,74.72740397401314,74.29335141840437,70.89910374826803,3.394247670136341
train0,training,202205,Early,54175,20478,37.799723119520074,37.28016584276894,33.15825995567023,4.121905887098704
train0,training,202205,Intermediate,54175,23334,43.07152745731426,42.574232625255135,39.23053948021442,3.34369314504071
train0,training,202205,Latest,54175,22083,40.76234425473004,40.478685737877115,37.3497357954992,3.1289499423779175
train0,training,202205,Combined,54175,40739,75.1988924780803,74.75456035488018,70.89910374826803,3.855456606612151
train0,training,202206,Early,55102,21055,38.21095423033647,37.57482095108289,33.15825995567023,4.41656099541266
train0,training,202206,Intermediate,55102,23784,43.163587528583356,42.53787756155545,39.23053948021442,3.307338081341027
train0,training,202206,Latest,55102,22073,40.05843708032376,39.71180252077539,37.3497357954992,2.3620667252761907
train0,training,202206,Combined,55102,41310,74.97005553337446,74.38552395906648,70.89910374826803,3.4864202107984354
train0,training,202207,Early,54081,20638,38.161276603613096,37.525539495413824,33.15825995567023,4.36727953974359
train0,training,202207,Intermediate,54081,23639,43.710360385347904,43.08334499062024,39.23053948021442,3.8528055104058154
train0,training,202207,Latest,54081,22026,40.72779719309924,40.33222154040658,37.3497357954992,2.9824857449073763
train0,training,202207,Combined,54081,40700,75.25748414415413,74.65019971127866,70.89910374826803,3.751095963010631
train0,training,202208,Early,55868,21497,38.47819861101167,37.70447588763214,33.15825995567023,4.546215931961911
train0,training,202208,Intermediate,55868,24310,43.51328130593542,42.84196720172618,39.23053948021442,3.611427721511756
train0,training,202208,Latest,55868,22651,40.54378177131811,40.13526925564948,37.3497357954992,2.785533460150286
train0,training,202208,Combined,55868,42199,75.53340015751414,74.86394692870977,70.89910374826803,3.964843180441735
train0,training,202209,Early,57101,22016,38.556242447592865,37.83450970680425,33.15825995567023,4.676249751134015
train0,training,202209,Intermediate,57101,24838,43.49836255056829,42.81677959546089,39.23053948021442,3.586240115246475
train0,training,202209,Latest,57101,23051,40.36882016076776,39.976444981341416,37.3497357954992,2.626709185842219
train0,training,202209,Combined,57101,43045,75.38396875711459,74.73179079397389,70.89910374826803,3.8326870457058515
train0,training,202210,Early,54018,20845,38.58898885556666,37.91767857487896,33.15825995567023,4.759418619208727
train0,training,202210,Intermediate,54018,23772,44.007553037876264,43.36292263733274,39.23053948021442,4.132383157118319
train0,training,202210,Latest,54018,21878,40.50131437668925,40.088728796666366,37.3497357954992,2.738993001167167
train0,training,202210,Combined,54018,40858,75.63775037950313,75.00395282750331,70.89910374826803,4.104849079235285
train0,training,202211,Early,55949,21401,38.25090707608715,37.51486665002765,33.15825995567023,4.356606694357418
train0,training,202211,Intermediate,55949,24588,43.9471661691898,43.22039131594179,39.23053948021442,3.9898518357273707
train0,training,202211,Latest,55949,22794,40.74067454288727,40.29578639804323,37.3497357954992,2.946050602544026
train0,training,202211,Combined,55949,42261,75.53486210656133,74.82282607027366,70.89910374826803,3.9237223220056294
train0,training,202212,Early,56003,21771,38.874703140903165,38.11385371142668,33.15825995567023,4.955593755756444
train0,training,202212,Intermediate,56003,24461,43.67801724907594,42.94233631066917,39.23053948021442,3.71179683045475
train0,training,202212,Latest,56003,22406,40.008570969412354,39.64290627464779,37.3497357954992,2.2931704791485927
train0,training,202212,Combined,56003,42158,75.27811010124458,74.58750958927469,70.89910374826803,3.688405841006659
train0,training,202301,Early,54051,21107,39.05015633383286,38.242386987428404,33.15825995567023,5.084127031758168
train0,training,202301,Intermediate,54051,23893,44.204547556936966,43.45428944390567,39.23053948021442,4.223749963691254
train0,training,202301,Latest,54051,22530,41.68285508131209,41.2066788388103,37.3497357954992,3.8569430433111007
train0,training,202301,Combined,54051,41256,76.32791252705778,75.56352496023995,70.89910374826803,4.664421211971915
train0,training,202302,Early,52487,20613,39.272581782155584,38.54193900322364,33.15825995567023,5.383679047553408
train0,training,202302,Intermediate,52487,23101,44.012803170308835,43.33124093072133,39.23053948021442,4.100701450506911
train0,training,202302,Latest,52487,21640,41.22925676834264,40.83024981415584,37.3497357954992,3.4805140186566383
train0,training,202302,Combined,52487,40063,76.32937679806429,75.68475015933294,70.89910374826803,4.785646411064903
train0,training,202303,Early,58216,22810,39.18166826989144,38.38684762742727,33.15825995567023,5.22858767175704
train0,training,202303,Intermediate,58216,25927,44.53586642847327,43.75850484064465,39.23053948021442,4.527965360430225
train0,training,202303,Latest,58216,24177,41.5298199807613,41.09579302434375,37.3497357954992,3.7460572288445517
train0,training,202303,Combined,58216,44401,76.26941047134808,75.5512285938834,70.89910374826803,4.652124845615358
train0,training,202304,Early,50483,19842,39.30432026622824,38.67215072318592,33.15825995567023,5.513890767515689
train0,training,202304,Intermediate,50483,22662,44.890359130796504,44.23849481764916,39.23053948021442,5.007955337434739
train0,training,202304,Latest,50483,21068,41.73286056692352,41.40512233797548,37.3497357954992,4.05538654247628
train0,training,202304,Combined,50483,38627,76.51486639066617,75.96434552259225,70.89910374826803,5.065241774324214
train0,training,202305,Early,53917,21598,40.05786672107128,39.427245350042355,33.15825995567023,6.268985394372123
train0,training,202305,Intermediate,53917,24658,45.7332566722926,45.15483123540624,39.23053948021442,5.924291755191819
train0,training,202305,Latest,53917,22619,41.95151807407682,41.61275078307546,37.3497357954992,4.2630149875762635
train0,training,202305,Combined,53917,41647,77.24279911716157,76.74319594675558,70.89910374826803,5.84409219848755
train0,training,202306,Early,53059,21634,40.77347858044818,39.97785321683553,33.15825995567023,6.819593261165291
train0,training,202306,Intermediate,53059,24511,46.19574436005202,45.43846565176935,39.23053948021442,6.207926171554928
train0,training,202306,Latest,53059,22474,42.35662187376317,41.953287003446476,37.3497357954992,4.603551207947277
train0,training,202306,Combined,53059,41062,77.38932132154771,76.7318515537328,70.89910374826803,5.832747805464766
train0,training,202307,Early,51420,21664,42.1314663555037,41.27891754206566,33.15825995567023,8.12065758639543
train0,training,202307,Intermediate,51420,24397,47.446518864255154,46.68430735534552,39.23053948021442,7.453767875131096
train0,training,202307,Latest,51420,22079,42.93854531310774,42.480138886994936,37.3497357954992,5.130403091495738
train0,training,202307,Combined,51420,40149,78.08051341890315,77.37818005801444,70.89910374826803,6.479076309746401
train0,training,202308,Early,50912,21795,42.80916090509114,41.947122966224185,33.15825995567023,8.788863010553955
train0,training,202308,Intermediate,50912,24503,48.128142677561286,47.336138891456045,39.23053948021442,8.10559941124162
train0,training,202308,Latest,50912,22306,43.81285355122564,43.32137860194904,37.3497357954992,5.971642806449845
train0,training,202308,Combined,50912,39916,78.401948460088,77.71117860576135,70.89910374826803,6.812074857493311
train0,training,202309,Early,50896,22048,43.31971078277271,42.38292284212968,33.15825995567023,9.22466288645945
train0,training,202309,Intermediate,50896,25028,49.174787802577804,48.36818395235508,39.23053948021442,9.13764447214066
train0,training,202309,Latest,50896,22252,43.72052813580635,43.18741107132211,37.3497357954992,5.837675275822907
train0,training,202309,Combined,50896,40173,78.93154668343288,78.21930595061717,70.89910374826803,7.320202202349135
train0,training,202310,Early,51263,22842,44.55845346546242,43.68114242128047,33.15825995567023,10.52288246561024
train0,training,202310,Intermediate,51263,25599,49.936601447437724,49.16044847686104,39.23053948021442,9.929908996646619
train0,training,202310,Latest,51263,22859,44.591615785264224,44.115051762819185,37.3497357954992,6.765315967319985
train0,training,202310,Combined,51263,40848,79.68320230965804,79.0146093386095,70.89910374826803,8.115505590341476
train0,training,202311,Early,53620,24366,45.4419992540097,44.37790957597704,33.15825995567023,11.219649620306809
train0,training,202311,Intermediate,53620,27421,51.13950018649758,50.23196549708664,39.23053948021442,11.001426016872218
train0,training,202311,Latest,53620,24220,45.16971279373368,44.60722607493108,37.3497357954992,7.257490279431877
train0,training,202311,Combined,53620,42953,80.10630361805296,79.29961538489259,70.89910374826803,8.400511636624564
train0,training,202312,Early,50935,23287,45.71905369588691,44.75985222915667,33.15825995567023,11.601592273486439
train0,training,202312,Intermediate,50935,26168,51.37528222244037,50.50807898992261,39.23053948021442,11.27753950970819
train0,training,202312,Latest,50935,23075,45.30283694905271,44.755087778795975,37.3497357954992,7.405351983296776
train0,training,202312,Combined,50935,40870,80.23952095808383,79.4667844653641,70.89910374826803,8.56768071709607
train0,training,202401,Early,55217,26039,47.15757828205082,46.02081701275948,33.15825995567023,12.862557057089246
train0,training,202401,Intermediate,55217,29374,53.1973848633573,52.22520737009039,39.23053948021442,12.994667889875966
train0,training,202401,Latest,55217,25655,46.462140282883894,45.82148483147368,37.3497357954992,8.471749035974485
train0,training,202401,Combined,55217,44998,81.49301845446149,80.63590898184229,70.89910374826803,9.736805233574264
train0,training,202402,Early,54450,26121,47.972451790633606,46.77601733355131,33.15825995567023,13.617757377881073
train0,training,202402,Intermediate,54450,29497,54.172635445362715,53.1990020787028,39.23053948021442,13.968462598488374
train0,training,202402,Latest,54450,25731,47.256198347107436,46.64643147145029,37.3497357954992,9.296695675951094
train0,training,202402,Combined,54450,44607,81.9228650137741,81.04365686657624,70.89910374826803,10.144553118308208
train0,training,202403,Early,54626,26309,48.162047376707065,47.13382376780192,33.15825995567023,13.975563812131691
train0,training,202403,Intermediate,54626,29757,54.47405997144217,53.64928251239631,39.23053948021442,14.41874303218189
train0,training,202403,Latest,54626,25505,46.690220773990404,46.14120975256602,37.3497357954992,8.79147395706682
train0,training,202403,Combined,54626,44829,82.0653168820708,81.3806787484706,70.89910374826803,10.48157500020257
train0,training,202404,Early,54312,26768,49.28560907350125,48.20454520224323,33.15825995567023,15.046285246573
train0,training,202404,Intermediate,54312,29970,55.181175430844014,54.31806228693874,39.23053948021442,15.08752280672432
train0,training,202404,Latest,54312,25713,47.34312859036677,46.77763204227819,37.3497357954992,9.427896246778994
train0,training,202404,Combined,54312,44837,82.55449992635145,81.80850993601446,70.89910374826803,10.909406187746429
train0,training,202405,Early,56644,28322,50.0,48.898158494735895,33.15825995567023,15.739898539065662
train0,training,202405,Intermediate,56644,31776,56.09773321093143,55.188225086118926,39.23053948021442,15.957685605904503
train0,training,202405,Latest,56644,27507,48.56118918155497,47.949055472734756,37.3497357954992,10.599319677235558
train0,training,202405,Combined,56644,47088,83.12972247722618,82.3262731101933,70.89910374826803,11.42716936192526
train0,training,202406,Early,52761,26648,50.50700327893709,49.293967059464244,33.15825995567023,16.13570710379401
train0,training,202406,Intermediate,52761,30142,57.12931900456777,56.14115139073942,39.23053948021442,16.910611910525
train0,training,202406,Latest,52761,25677,48.66662875987946,48.01453030284596,37.3497357954992,10.664794507346764
train0,training,202406,Combined,52761,44149,83.67733742726635,82.8383534092247,70.89910374826803,11.939249660956664
train0,training,202407,Early,58202,29477,50.64602590976255,49.55888425209935,33.15825995567023,16.40062429642912
train0,training,202407,Intermediate,58202,33644,57.80557369162572,56.93375208297241,39.23053948021442,17.70321260275799
train0,training,202407,Latest,58202,28397,48.79041957321054,48.1505622221805,37.3497357954992,10.800826426681297
train0,training,202407,Combined,58202,48641,83.57272945946875,82.77873230379195,70.89910374826803,11.879628555523924
train0,training,202408,Early,55464,28614,51.59022068368672,50.539344270265765,33.15825995567023,17.38108431459553
train0,training,202408,Intermediate,55464,32572,58.72638107601327,57.89175390757401,39.23053948021442,18.661214427359585
train0,training,202408,Latest,55464,27540,49.65382951103418,49.02689538248015,37.3497357954992,11.67715958698095
train0,training,202408,Combined,55464,46812,84.40069234097793,83.69518065956554,70.89910374826803,12.796076911297504
train0,training,202409,Early,55205,28838,52.238021918304504,51.14788099421227,33.15825995567023,17.989621038542037
train0,training,202409,Intermediate,55205,32688,59.21202789602391,58.326049652713586,39.23053948021442,19.095510172499164
train0,training,202409,Latest,55205,27387,49.60963680826012,48.966148622164575,37.3497357954992,11.616412826665373
train0,training,202409,Combined,55205,46542,84.30758083506929,83.57828398256254,70.89910374826803,12.679180234294506
train0,training,202410,Early,57657,29869,51.80463777164958,50.52797135715606,33.15825995567023,17.369711401485834
train0,training,202410,Intermediate,57657,34757,60.28235947066271,59.30814631385005,39.23053948021442,20.07760683363563
train0,training,202410,Latest,57657,29194,50.63392129316475,49.961264855890555,37.3497357954992,12.611529060391351
train0,training,202410,Combined,57657,49029,85.03564181278942,84.2131663783714,70.89910374826803,13.314062630103363
train0,training,202411,Early,56621,29802,52.634181664046906,51.34352677565829,33.15825995567023,18.185266819988055
train0,training,202411,Intermediate,56621,34927,61.68559368432207,60.63716376035836,39.23053948021442,21.406624280143937
train0,training,202411,Latest,56621,29104,51.401423500114795,50.68081011502007,37.3497357954992,13.33107431952087
train0,training,202411,Combined,56621,48449,85.567192384451,84.68910349985286,70.89910374826803,13.789999751584824
train0,training,202412,Early,54495,28842,52.92595650977154,51.54500945180911,33.15825995567023,18.386749496138876
train0,training,202412,Intermediate,54495,33865,62.14331590054133,61.13447934201777,39.23053948021442,21.903939861803345
train0,training,202412,Latest,54495,28145,51.646940086246445,50.88587206992592,37.3497357954992,13.536136274426719
train0,training,202412,Combined,54495,46729,85.74915129828425,84.91840316967658,70.89910374826803,14.01929942140855
train0,training,202501,Early,60486,32232,53.288364249578414,51.85784426555219,33.15825995567023,18.699584309881956
train0,training,202501,Intermediate,60486,38609,63.831299804913535,62.79570455876191,39.23053948021442,23.56516507854749
train0,training,202501,Latest,60486,32366,53.50990311807691,52.772042704923074,37.3497357954992,15.422306909423872
train0,training,202501,Combined,60486,52545,86.87134212875706,85.99796092420009,70.89910374826803,15.098857175932057
train0,training,202502,Early,55315,29484,53.30199764982374,51.93962275297862,33.15825995567023,18.781362797308386
train0,training,202502,Intermediate,55315,35684,64.51053059748712,63.504563612236794,39.23053948021442,24.274024132022376
train0,training,202502,Latest,55315,29876,54.01066618457923,53.30385106273749,37.3497357954992,15.954115267238295
train0,training,202502,Combined,55315,48098,86.95290608334086,86.12425101262137,70.89910374826803,15.225147264353334
train0,training,202503,Early,59865,32219,53.819427044182746,52.410046932833374,33.15825995567023,19.251786977163142
train0,training,202503,Intermediate,59865,39238,65.5441409838804,64.5789573887085,39.23053948021442,25.34841790849408
train0,training,202503,Latest,59865,33142,55.361229432890674,54.60383071353294,37.3497357954992,17.25409491803374
train0,training,202503,Combined,59865,52443,87.60210473565522,86.7730875808648,70.89910374826803,15.87398383259676
train0,training,202504,Early,59592,31738,53.25882668814606,51.9295887090128,33.15825995567023,18.771328753342566
train0,training,202504,Intermediate,59592,39984,67.0962545308095,66.13354017711202,39.23053948021442,26.903000696897607
train0,training,202504,Latest,59592,34044,57.12847362062022,56.38675458501149,37.3497357954992,19.037018789512288
train0,training,202504,Combined,59592,52578,88.22996375352396,87.46895514146954,70.89910374826803,16.569851393201496
train0,training,202505,Early,62006,32932,53.11098925910396,51.60960821251205,33.15825995567023,18.451348256841815
train0,training,202505,Intermediate,62006,42252,68.14179272973583,67.13688641891636,39.23053948021442,27.906346938701944
train0,training,202505,Latest,62006,36364,58.64593748992033,57.8065211128338,37.3497357954992,20.456785317334596
train0,training,202505,Combined,62006,55111,88.88010837660872,88.05931032761521,70.89910374826803,17.16020657934717
train0,training,202506,Early,57420,29841,51.96969696969697,50.681558069990196,33.15825995567023,17.523298114319964
train0,training,202506,Intermediate,57420,39624,69.00731452455591,68.1449847097682,39.23053948021442,28.914445229553777
train0,training,202506,Latest,57420,34327,59.78230581678857,59.03703587132176,37.3497357954992,21.687300075822563
train0,training,202506,Combined,57420,51248,89.2511320097527,88.56809975322639,70.89910374826803,17.66899600495836
train0,training,202507,Early,67816,35428,52.2413589713342,50.73770983308224,33.15825995567023,17.579449877412014
train0,training,202507,Intermediate,67816,47824,70.52023121387283,69.45827544118778,39.23053948021442,30.227735960973355
train0,training,202507,Latest,67816,41818,61.66391412056152,60.84365444369503,37.3497357954992,23.493918648195827
train0,training,202507,Combined,67816,61027,89.98908812079745,89.1905224199707,70.89910374826803,18.291418671702676
train0,training,202508,Early,58850,30013,50.999150382327954,49.55853218933029,33.15825995567023,16.400272233660058
train0,training,202508,Intermediate,58850,41809,71.04333050127443,70.08860033335516,39.23053948021442,30.858060853140735
train0,training,202508,Latest,58850,36919,62.734069668649106,61.915944841539805,37.3497357954992,24.566209046040605
train0,training,202508,Combined,58850,53114,90.25318606627017,89.50663600907792,70.89910374826803,18.60753226080989
train0,training,202509,Early,60551,30009,49.55987514657066,47.98944224149826,33.15825995567023,14.831182285828026
train0,training,202509,Intermediate,60551,43318,71.53969381182804,70.4932323711449,39.23053948021442,31.262692890930477
train0,training,202509,Latest,60551,38424,63.457250912453965,62.567723461582005,37.3497357954992,25.217987666082802
train0,training,202509,Combined,60551,54785,90.47744876220045,89.69635886872526,70.89910374826803,18.797255120457223
train0,training,202510,Early,63525,30975,48.760330578512395,47.07056781085829,33.15825995567023,13.912307855188061
train0,training,202510,Intermediate,63525,46111,72.58717040535223,71.49316754044972,39.23053948021442,32.2626280602353
train0,training,202510,Latest,63525,41363,65.1129476584022,64.16176383920151,37.3497357954992,26.812028043702313
train0,training,202510,Combined,63525,57845,91.0586383313656,90.25329077837354,70.89910374826803,19.354187030105507
train0,training,202511,Early,62334,29553,47.4107228799692,45.700137708003496,33.15825995567023,12.541877752333264
train0,training,202511,Intermediate,62334,45373,72.79013058683864,71.56697360290994,39.23053948021442,32.336434122695515
train0,training,202511,Latest,62334,41525,66.6169345782398,65.5525640706084,37.3497357954992,28.202828275109198
train0,training,202511,Combined,62334,57021,91.4765617480027,90.57039050568973,70.89910374826803,19.67128675742169
train0,training,202512,Early,62487,29222,46.76492710483781,45.11299228246211,33.15825995567023,11.954732326791879
train0,training,202512,Intermediate,62487,45733,73.18802310880663,71.93326860295912,39.23053948021442,32.7027291227447
train0,training,202512,Latest,62487,42198,67.53084641605454,66.36999471509044,37.3497357954992,29.020258919591242
train0,training,202512,Combined,62487,57246,91.61265543232993,90.74241042121585,70.89910374826803,19.843306672947826
train0,training,202601,Early,63172,28756,45.52016716266701,43.69831686643978,33.15825995567023,10.540056910769552
train0,training,202601,Intermediate,63172,46333,73.34420312796809,71.91063963616877,39.23053948021442,32.68010015595434
train0,training,202601,Latest,63172,43831,69.38358766542139,68.13625138371991,37.3497357954992,30.786515588220702
train0,training,202601,Combined,63172,58124,92.00911796365479,91.02083656339886,70.89910374826803,20.121732815130834
train0,training,202602,Early,59826,26699,44.62775381940962,42.73701358819899,33.15825995567023,9.578753632528759
train0,training,202602,Intermediate,59826,44010,73.56333366763614,72.16132814225459,39.23053948021442,32.930788662040165
train0,training,202602,Latest,59826,41894,70.02640992210745,68.73101510970771,37.3497357954992,31.381279314208516
train0,training,202602,Combined,59826,55170,92.21743054859091,91.27717846998445,70.89910374826803,20.37807472171641
train0,training,202603,Early,64721,27893,43.09729454118447,41.18770837959871,33.15825995567023,8.029448423928475
train0,training,202603,Intermediate,64721,47588,73.52791211507856,72.01548406961865,39.23053948021442,32.78494458940423
train0,training,202603,Latest,64721,46169,71.335424359945,70.01098245612629,37.3497357954992,32.66124666062708
train0,training,202603,Combined,64721,59773,92.35487708780767,91.30586288603868,70.89910374826803,20.406759137770646
train0,training,202604,Early,63827,26876,42.107572030645336,40.19610931250768,33.15825995567023,7.03784935683745
train0,training,202604,Intermediate,63827,47005,73.64438247136792,72.057020666158,39.23053948021442,32.82648118594357
train0,training,202604,Latest,63827,46450,72.77484450154323,71.34003046477943,37.3497357954992,33.99029466928024
train0,training,202604,Combined,63827,59176,92.71311513936108,91.69435476636895,70.89910374826803,20.795251018100913
train0,training,202605,Early,64247,26287,40.91552912976481,38.98119992960961,33.15825995567023,5.822939973939379
train0,training,202605,Intermediate,64247,47589,74.07194110230827,72.38016865713335,39.23053948021442,33.149629176918936
train0,training,202605,Latest,64247,47427,73.81978925085997,72.1941690791031,37.3497357954992,34.8444332836039
train0,training,202605,Combined,64247,59774,93.03780721278815,91.95925225040112,70.89910374826803,21.060148502133092
train0,training,202606,Early,66820,26613,39.82789583956899,37.77818524724391,33.15825995567023,4.619925291573679
train0,training,202606,Intermediate,66820,49068,73.43310386111942,71.60312361829013,39.23053948021442,32.37258413807571
train0,training,202606,Latest,66820,50019,74.85633043998803,73.08083774024522,37.3497357954992,35.73110194474601
train0,training,202606,Combined,66820,62123,92.97066746483088,91.7897391259375,70.89910374826803,20.890635377669465
train0,training,202607,Early,66491,25412,38.21870629107699,36.03750311564919,33.15825995567023,2.879243159978956
train0,training,202607,Intermediate,66491,48487,72.92265118587478,70.87044350650783,39.23053948021442,31.639904026293408
train0,training,202607,Latest,66491,50341,75.71099848099743,73.7385186014405,37.3497357954992,36.388782805941304
train0,training,202607,Combined,66491,61931,93.14192898286986,91.8718361019773,70.89910374826803,20.972732353709254
train0,training,202608,Early,54393,19961,36.69773684113765,34.731919051234996,33.15825995567023,1.5736590955647667
train0,training,202608,Intermediate,54393,39485,72.59206147849908,70.62690582356372,39.23053948021442,31.396366343349303
train0,training,202608,Latest,54393,41663,76.59625319434485,74.58207903801787,37.3497357954992,37.23234324251867
train0,training,202608,Combined,54393,50775,93.34840880260327,92.05626661091001,70.89910374826803,21.157162862641975
train0,held_out,201501,Early,31135,8127,26.102457041914246,27.118510584103557,33.16425282313207,-6.045742239028512
train0,held_out,201501,Intermediate,31135,10065,32.32696322466678,33.438809889857815,39.2886908118647,-5.849880922006879
train0,held_out,201501,Latest,31135,10021,32.18564316685402,32.91697085509873,37.35736385847456,-4.440393003375825
train0,held_out,201501,Combined,31135,19645,63.09619399389754,64.39668431831021,70.90680924840339,-6.510124930093186
train0,held_out,201502,Early,32394,8370,25.83811817003149,26.824062013252494,33.16425282313207,-6.340190809879576
train0,held_out,201502,Intermediate,32394,10612,32.75915292955486,33.91589568754077,39.2886908118647,-5.372795124323932
train0,held_out,201502,Latest,32394,10392,32.080014817558805,32.848228921573856,37.35736385847456,-4.5091349369007
train0,held_out,201502,Combined,32394,20353,62.82953633388899,64.27064340132685,70.90680924840339,-6.636165847076548
train0,held_out,201503,Early,36973,9761,26.400346198577342,27.333947672379427,33.16425282313207,-5.830305150752641
train0,held_out,201503,Intermediate,36973,12228,33.07278284153301,34.12590965960145,39.2886908118647,-5.162781152263252
train0,held_out,201503,Latest,36973,12042,32.5697130338355,33.23214210316253,37.35736385847456,-4.125221755312025
train0,held_out,201503,Combined,36973,23468,63.473345414221185,64.76673917737882,70.90680924840339,-6.140070071024562
train0,held_out,201504,Early,34622,9242,26.694009589278494,27.53091369459281,33.16425282313207,-5.633339128539255
train0,held_out,201504,Intermediate,34622,11301,32.64109525735082,33.59682330559937,39.2886908118647,-5.691867506265325
train0,held_out,201504,Latest,34622,11530,33.30252440644677,33.85661566161344,37.35736385847456,-3.50074819686112
train0,held_out,201504,Combined,34622,22048,63.68205187453064,64.7655274243006,70.90680924840339,-6.141281824102796
train0,held_out,201505,Early,33415,8775,26.260661379619933,27.17173691848575,33.16425282313207,-5.992515904646317
train0,held_out,201505,Intermediate,33415,10937,32.730809516684126,33.67078488359414,39.2886908118647,-5.617905928270556
train0,held_out,201505,Latest,33415,11005,32.934310938201406,33.48973698058903,37.35736385847456,-3.8676268778855274
train0,held_out,201505,Combined,33415,21185,63.399670806524014,64.53125284876594,70.90680924840339,-6.375556399637439
train0,held_out,201506,Early,36901,9791,26.53315628302756,27.50969702743268,33.16425282313207,-5.654555795699389
train0,held_out,201506,Intermediate,36901,12389,33.57361589116826,34.74740105311853,39.2886908118647,-4.5412897587461645
train0,held_out,201506,Latest,36901,11945,32.37039646622043,33.040589707200624,37.35736385847456,-4.3167741512739335
train0,held_out,201506,Combined,36901,23569,63.87089780764749,65.20518913730268,70.90680924840339,-5.701620111100702
train0,held_out,201507,Early,35657,9479,26.583840480130128,27.332123776293777,33.16425282313207,-5.832129046838292
train0,held_out,201507,Intermediate,35657,11849,33.230501724766526,34.058683917939916,39.2886908118647,-5.230006893924777
train0,held_out,201507,Latest,35657,11795,33.07905881033177,33.59280608799179,37.35736385847456,-3.764557770482768
train0,held_out,201507,Combined,35657,22824,64.00987183442241,65.00274645209852,70.90680924840339,-5.904062796304876
train0,held_out,201508,Early,33952,9035,26.611098020735156,27.496750430671703,33.16425282313207,-5.667502392460366
train0,held_out,201508,Intermediate,33952,11259,33.16152214891612,34.186593419930716,39.2886908118647,-5.102097391933979
train0,held_out,201508,Latest,33952,11268,33.188030160226205,33.791500380287935,37.35736385847456,-3.5658634781866203
train0,held_out,201508,Combined,33952,21749,64.05808199811499,65.2725721759399,70.90680924840339,-5.634237072463488
train0,held_out,201509,Early,35570,9537,26.81192015743604,27.587333321294043,33.16425282313207,-5.576919501838024
train0,held_out,201509,Intermediate,35570,12018,33.7868990722519,34.66652237230134,39.2886908118647,-4.622168439563362
train0,held_out,201509,Latest,35570,11728,32.97160528535282,33.41667048470072,37.35736385847456,-3.9406933737738403
train0,held_out,201509,Combined,35570,22887,64.34354793365195,65.35099421170494,70.90680924840339,-5.555815036698453
train0,held_out,201510,Early,35745,9664,27.03594908378794,27.97383106695632,33.16425282313207,-5.19042175617575
train0,held_out,201510,Intermediate,35745,11872,33.21303678836201,34.21635755016867,39.2886908118647,-5.072333261696027
train0,held_out,201510,Latest,35745,11828,33.089942649321586,33.68958467963609,37.35736385847456,-3.6677791788384653
train0,held_out,201510,Combined,35745,22989,64.31389005455308,65.50763803155856,70.90680924840339,-5.399171216844834
train0,held_out,201511,Early,33215,9093,27.37618545837724,28.13285322149033,33.16425282313207,-5.0313996016417395
train0,held_out,201511,Intermediate,33215,11115,33.46379647749511,34.3429039547182,39.2886908118647,-4.945786857146494
train0,held_out,201511,Latest,33215,11102,33.42465753424658,33.95274588605848,37.35736385847456,-3.4046179724160797
train0,held_out,201511,Combined,33215,21452,64.58527773596266,65.65354884076375,70.90680924840339,-5.253260407639637
train0,held_out,201512,Early,35344,9609,27.18707559981892,27.942413920759556,33.16425282313207,-5.221838902372511
train0,held_out,201512,Intermediate,35344,11977,33.88693979176098,34.774636101477654,39.2886908118647,-4.514054710387039
train0,held_out,201512,Latest,35344,11623,32.88535536441829,33.439296739249485,37.35736385847456,-3.9180671192250713
train0,held_out,201512,Combined,35344,22673,64.14950203712087,65.18176355643597,70.90680924840339,-5.7250456919674235
train0,held_out,201601,Early,33981,9312,27.40354904211177,28.234023921084557,33.16425282313207,-4.930228902047512
train0,held_out,201601,Intermediate,33981,11526,33.918954709984995,34.74787871817788,39.2886908118647,-4.540812093686819
train0,held_out,201601,Latest,33981,11352,33.40690385803831,33.938891519231454,37.35736385847456,-3.418472339243106
train0,held_out,201601,Combined,33981,22113,65.07460051205085,66.09716184133265,70.90680924840339,-4.809647407070738
train0,held_out,201602,Early,35895,9935,27.677949575149743,28.48505308260032,33.16425282313207,-4.679199740531748
train0,held_out,201602,Intermediate,35895,12314,34.30561359520824,35.21295590823183,39.2886908118647,-4.075734903632866
train0,held_out,201602,Latest,35895,12038,33.53670427636161,34.06211899990802,37.35736385847456,-3.295244858566532
train0,held_out,201602,Combined,35895,23389,65.1594929655941,66.2067051539787,70.90680924840339,-4.700104094424685
train0,held_out,201603,Early,38760,10718,27.652218782249744,28.503048316575924,33.16425282313207,-4.661204506556143
train0,held_out,201603,Intermediate,38760,12996,33.529411764705884,34.3995190969182,39.2886908118647,-4.8891717149464995
train0,held_out,201603,Latest,38760,12953,33.41847265221878,34.062844666498435,37.35736385847456,-3.294519191976125
train0,held_out,201603,Combined,38760,25105,64.7703818369453,65.91265409567647,70.90680924840339,-4.99415515272692
train0,held_out,201604,Early,36841,10170,27.605113867701746,28.34182665555557,33.16425282313207,-4.822426167576499
train0,held_out,201604,Intermediate,36841,12584,34.15759615645612,34.936999331543426,39.2886908118647,-4.351691480321273
train0,held_out,201604,Latest,36841,12331,33.4708612686952,33.95969444483645,37.35736385847456,-3.3976694136381047
train0,held_out,201604,Combined,36841,23834,64.69422654108195,65.66661827877397,70.90680924840339,-5.240190969629421
train0,held_out,201605,Early,36083,10032,27.802566305462406,28.572833882570457,33.16425282313207,-4.591418940561609
train0,held_out,201605,Intermediate,36083,12241,33.92456281351329,34.76188723556344,39.2886908118647,-4.526803576301253
train0,held_out,201605,Latest,36083,12200,33.810935897791204,34.38091370364559,37.35736385847456,-2.976450154828969
train0,held_out,201605,Combined,36083,23501,65.13039381426157,66.14516741643251,70.90680924840339,-4.761641831970875
train0,held_out,201606,Early,38307,10698,27.92701072910956,28.818349199380407,33.16425282313207,-4.345903623751663
train0,held_out,201606,Intermediate,38307,13120,34.24961495288068,35.21982376182744,39.2886908118647,-4.068867050037256
train0,held_out,201606,Latest,38307,12979,33.88153601169499,34.53547008825596,37.35736385847456,-2.8218937702185922
train0,held_out,201606,Combined,38307,25011,65.29093899287336,66.48030399531996,70.90680924840339,-4.426505253083435
train0,held_out,201607,Early,35548,10009,28.15629571283898,28.905201189193985,33.16425282313207,-4.259051633938082
train0,held_out,201607,Intermediate,35548,11995,33.743107910430965,34.56375451967757,39.2886908118647,-4.7249362921871265
train0,held_out,201607,Latest,35548,11905,33.489929109935865,34.041422283692455,37.35736385847456,-3.315941574782105
train0,held_out,201607,Combined,35548,23112,65.01631596714302,66.00447253437943,70.90680924840339,-4.902336714023958
train0,held_out,201608,Early,37468,10486,27.98654852140493,28.759870795195354,33.16425282313207,-4.404382027936715
train0,held_out,201608,Intermediate,37468,12775,34.09576171666489,34.960124946985175,39.2886908118647,-4.328565864879518
train0,held_out,201608,Latest,37468,12738,33.99701078253443,34.55127365064039,37.35736385847456,-2.8060902078341665
train0,held_out,201608,Combined,37468,24525,65.45585566349952,66.4774981784979,70.90680924840339,-4.429311069905495
train0,held_out,201609,Early,36410,10183,27.96759132106564,28.743500645384994,33.16425282313207,-4.420752177747072
train0,held_out,201609,Intermediate,36410,12605,34.619609997253505,35.48895980729391,39.2886908118647,-3.7997310045707833
train0,held_out,201609,Latest,36410,12325,33.85059049711618,34.438561341689194,37.35736385847456,-2.9188025167853624
train0,held_out,201609,Combined,36410,23827,65.44081296347157,66.51291626402497,70.90680924840339,-4.3938929843784225
train0,held_out,201610,Early,35540,9921,27.915025323579066,28.771284177482915,33.16425282313207,-4.3929686456491535
train0,held_out,201610,Intermediate,35540,12186,34.28812605514913,35.170584055811,39.2886908118647,-4.118106756053697
train0,held_out,201610,Latest,35540,12011,33.79572312886888,34.398373783960324,37.35736385847456,-2.958990074514234
train0,held_out,201610,Combined,35540,23220,65.33483398987057,66.48291986361491,70.90680924840339,-4.423889384788482
train0,held_out,201611,Early,36192,10069,27.82106542882405,28.547745226714362,33.16425282313207,-4.616507596417707
train0,held_out,201611,Intermediate,36192,12582,34.76458885941645,35.64118878774585,39.2886908118647,-3.6475020241188485
train0,held_out,201611,Latest,36192,12419,34.31421308576481,34.89996828606488,37.35736385847456,-2.4573955724096708
train0,held_out,201611,Combined,36192,23834,65.85433244916004,66.91954680378076,70.90680924840339,-3.98726244462263
train0,held_out,201612,Early,34095,9579,28.09502859656841,28.92294804700021,33.16425282313207,-4.241304776131854
train0,held_out,201612,Intermediate,34095,11696,34.30415016864643,35.17346119927242,39.2886908118647,-4.11522961259228
train0,held_out,201612,Latest,34095,11507,33.749816688664026,34.28541401541068,37.35736385847456,-3.0719498430638756
train0,held_out,201612,Combined,34095,22344,65.53453585569731,66.57430194487861,70.90680924840339,-4.33250730352478
train0,held_out,201701,Early,35005,9981,28.513069561491214,29.37238828640254,33.16425282313207,-3.791864536729528
train0,held_out,201701,Intermediate,35005,12247,34.98643050992715,35.96088641458852,39.2886908118647,-3.327804397276174
train0,held_out,201701,Latest,35005,11986,34.240822739608625,34.818452233867156,37.35736385847456,-2.5389116246074037
train0,held_out,201701,Combined,35005,23133,66.08484502213969,67.19462205372432,70.90680924840339,-3.712187194679073
train0,held_out,201702,Early,35801,10077,28.147258456467696,28.853907757976042,33.16425282313207,-4.310345065156024
train0,held_out,201702,Intermediate,35801,12612,35.22806625513254,35.96780026196464,39.2886908118647,-3.3208905499000574
train0,held_out,201702,Latest,35801,12169,33.99067065165777,34.4933686099635,37.35736385847456,-2.863995248511059
train0,held_out,201702,Combined,35801,23578,65.85849557274936,66.79179247223841,70.90680924840339,-4.115016776164982
train0,held_out,201703,Early,41078,11680,28.4337114757291,29.15954371982169,33.16425282313207,-4.004709103310377
train0,held_out,201703,Intermediate,41078,14682,35.74175957933687,36.49882501211383,39.2886908118647,-2.789865799750868
train0,held_out,201703,Latest,41078,14171,34.49778470227373,35.007602740196205,37.35736385847456,-2.349761118278354
train0,held_out,201703,Combined,41078,27314,66.49301329178635,67.45620434963952,70.90680924840339,-3.450604898763865
train0,held_out,201704,Early,35471,10207,28.775619520171407,29.436796844351765,33.16425282313207,-3.727455978780303
train0,held_out,201704,Intermediate,35471,12470,35.15547912379127,35.89108629030625,39.2886908118647,-3.3976045215584447
train0,held_out,201704,Latest,35471,12033,33.92348679202729,34.432833657234276,37.35736385847456,-2.9245302012402776
train0,held_out,201704,Combined,35471,23451,66.11316286543938,67.04993324198725,70.90680924840339,-3.8568760064161434
train0,held_out,201705,Early,38418,10997,28.624603050653338,29.319431539411056,33.16425282313207,-3.8448212837210116
train0,held_out,201705,Intermediate,38418,13511,35.16841064084544,35.89785112080417,39.2886908118647,-3.3908396910605267
train0,held_out,201705,Latest,38418,13356,34.76495392784632,35.29900716015424,37.35736385847456,-2.0583566983203183
train0,held_out,201705,Combined,38418,25455,66.25800406059659,67.21699414869398,70.90680924840339,-3.6898150997094037
train0,held_out,201706,Early,39318,11246,28.602675619309224,29.18928470990115,33.16425282313207,-3.9749681132309203
train0,held_out,201706,Intermediate,39318,14022,35.66305508927209,36.25055994635848,39.2886908118647,-3.0381308655062167
train0,held_out,201706,Latest,39318,13571,34.51599776183936,34.95964197929203,37.35736385847456,-2.397721879182529
train0,held_out,201706,Combined,39318,26130,66.45811078895163,67.22151283533547,70.90680924840339,-3.6852964130679178
train0,held_out,201707,Early,38637,11112,28.7599968941688,29.360467754576074,33.16425282313207,-3.8037850685559924
train0,held_out,201707,Intermediate,38637,13839,35.81799829179284,36.494827931283105,39.2886908118647,-2.793862880581588
train0,held_out,201707,Latest,38637,13528,35.013070372958566,35.42437233214503,37.35736385847456,-1.932991526329525
train0,held_out,201707,Combined,38637,25892,67.01348448378498,67.7672886875769,70.90680924840339,-3.139520560826503
train0,held_out,201708,Early,38002,11029,29.02215672859323,29.574754336865837,33.16425282313207,-3.5894984862662294
train0,held_out,201708,Intermediate,38002,13675,35.98494816062313,36.50967761713024,39.2886908118647,-2.7790131947344587
train0,held_out,201708,Latest,38002,13258,34.88763749276354,35.26696091132027,37.35736385847456,-2.0904029471542906
train0,held_out,201708,Combined,38002,25674,67.55960212620388,68.21731648095101,70.90680924840339,-2.6894927674523728
train0,held_out,201709,Early,38109,11045,28.982655015875515,29.480000470130456,33.16425282313207,-3.68425235300161
train0,held_out,201709,Intermediate,38109,13796,36.20142223621717,36.66262971573393,39.2886908118647,-2.6260610961307664
train0,held_out,201709,Latest,38109,13357,35.04946338135348,35.34628136398543,37.35736385847456,-2.011082494489125
train0,held_out,201709,Combined,38109,25554,67.05502637172322,67.59734983397301,70.90680924840339,-3.3094594144303713
train0,held_out,201710,Early,36553,10624,29.06464585670123,29.56891332402335,33.16425282313207,-3.5953394991087184
train0,held_out,201710,Intermediate,36553,12982,35.51555275900747,36.08641149106458,39.2886908118647,-3.2022793208001166
train0,held_out,201710,Latest,36553,12823,35.08056794243974,35.445215912560485,37.35736385847456,-1.9121479459140722
train0,held_out,201710,Combined,36553,24458,66.9110606516565,67.5495980135605,70.90680924840339,-3.357211234842894
train0,held_out,201711,Early,38494,11288,29.32405050137684,29.78434286440616,33.16425282313207,-3.379909958725907
train0,held_out,201711,Intermediate,38494,13838,35.94845950018185,36.398872764016446,39.2886908118647,-2.8898180478482525
train0,held_out,201711,Latest,38494,13514,35.106769886216036,35.41292374530693,37.35736385847456,-1.9444401131676337
train0,held_out,201711,Combined,38494,25891,67.25983270120018,67.84205741998358,70.90680924840339,-3.0647518284198205
train0,held_out,201712,Early,37770,11207,29.67169711411173,30.08977349922525,33.16425282313207,-3.07447932390682
train0,held_out,201712,Intermediate,37770,13440,35.58379666401906,35.98637999145721,39.2886908118647,-3.3023108204074836
train0,held_out,201712,Latest,37770,13267,35.12576118612655,35.37803630585569,37.35736385847456,-1.9793275526188703
train0,held_out,201712,Combined,37770,25338,67.08498808578237,67.53755840069029,70.90680924840339,-3.369250847713101
train0,held_out,201801,Early,36218,10608,29.289303661162958,29.905470411632145,33.16425282313207,-3.258782411499922
train0,held_out,201801,Intermediate,36218,13046,36.02076315644155,36.65003362818392,39.2886908118647,-2.6386571836807757
train0,held_out,201801,Latest,36218,12965,35.797117455408916,36.178771457236756,37.35736385847456,-1.178592401237799
train0,held_out,201801,Combined,36218,24454,67.51891324755647,68.23741290888704,70.90680924840339,-2.66939633951635
train0,held_out,201802,Early,39437,11862,30.078352815883562,30.50457147156709,33.16425282313207,-2.6596813515649798
train0,held_out,201802,Intermediate,39437,14295,36.24768618302609,36.64849222865395,39.2886908118647,-2.6401985832107453
train0,held_out,201802,Latest,39437,13907,35.263838527271346,35.517714492141785,37.35736385847456,-1.839649366332774
train0,held_out,201802,Combined,39437,26736,67.79420341303852,68.2430549937047,70.90680924840339,-2.6637542546986803
train0,held_out,201803,Early,41603,12369,29.73102901233084,30.114901348206303,33.16425282313207,-3.0493514749257655
train0,held_out,201803,Intermediate,41603,15115,36.33151455423888,36.69559827531466,39.2886908118647,-2.5930925365500346
train0,held_out,201803,Latest,41603,14652,35.21861404225657,35.44771734419881,37.35736385847456,-1.909646514275748
train0,held_out,201803,Combined,41603,28067,67.46388481599885,67.9013939822208,70.90680924840339,-3.0054152661825984
train0,held_out,201804,Early,38460,11753,30.559022360894435,30.937415048286752,33.16425282313207,-2.226837774845314
train0,held_out,201804,Intermediate,38460,14059,36.55486219448778,36.93041532453018,39.2886908118647,-2.3582754873345158
train0,held_out,201804,Latest,38460,13804,35.89183567342694,36.136273082886945,37.35736385847456,-1.2210907755876133
train0,held_out,201804,Combined,38460,26265,68.29173166926677,68.72069282622128,70.90680924840339,-2.186116422182116
train0,held_out,201805,Early,40257,12403,30.80954864992424,31.168347616190044,33.16425282313207,-1.9959052069420224
train0,held_out,201805,Intermediate,40257,14763,36.67188315075639,37.0259716721927,39.2886908118647,-2.262719139671993
train0,held_out,201805,Latest,40257,14365,35.683235213751644,35.875482149261224,37.35736385847456,-1.481881709213334
train0,held_out,201805,Combined,40257,27697,68.80045706336786,69.2106511897409,70.90680924840339,-1.6961580586624891
train0,held_out,201806,Early,39664,12023,30.312121823315852,30.69167041713599,33.16425282313207,-2.472582405996077
train0,held_out,201806,Intermediate,39664,14644,36.920129084308186,37.29833909788113,39.2886908118647,-1.9903517139835625
train0,held_out,201806,Latest,39664,14122,35.604074223477205,35.87949383707717,37.35736385847456,-1.4778700213973872
train0,held_out,201806,Combined,39664,26998,68.06676079064138,68.50780491385945,70.90680924840339,-2.3990043345439416
train0,held_out,201807,Early,39309,11831,30.097433157801014,30.412421251836815,33.16425282313207,-2.751831571295255
train0,held_out,201807,Intermediate,39309,14634,37.22811569869496,37.528681345681214,39.2886908118647,-1.760009466183482
train0,held_out,201807,Latest,39309,14395,36.62011244244321,36.78668416280486,37.35736385847456,-0.5706796956696958
train0,held_out,201807,Combined,39309,27116,68.98165814444529,69.29617631357108,70.90680924840339,-1.6106329348323123
train0,held_out,201808,Early,39458,12050,30.538800750164732,30.779538921944393,33.16425282313207,-2.384713901187674
train0,held_out,201808,Intermediate,39458,14653,37.13568858026256,37.41244145057062,39.2886908118647,-1.87624936129408
train0,held_out,201808,Latest,39458,14342,36.34750874347407,36.51349624285978,37.35736385847456,-0.843867615614774
train0,held_out,201808,Combined,39458,27137,68.77439302549547,69.05636101761755,70.90680924840339,-1.8504482307858505
train0,held_out,201809,Early,38924,12090,31.060528208817182,31.367028507996043,33.16425282313207,-1.7972243151360257
train0,held_out,201809,Intermediate,38924,14334,36.82560887884082,37.13018007660768,39.2886908118647,-2.158510735257013
train0,held_out,201809,Latest,38924,14135,36.31435618127633,36.50334973844579,37.35736385847456,-0.8540141200287676
train0,held_out,201809,Combined,38924,26697,68.58750385366355,68.928112481821,70.90680924840339,-1.9786967665823885
train0,held_out,201810,Early,42943,13315,31.00621754418648,31.184348787974304,33.16425282313207,-1.9799040351577646
train0,held_out,201810,Intermediate,42943,16199,37.72209673287847,37.90150336619894,39.2886908118647,-1.3871874456657607
train0,held_out,201810,Latest,42943,15578,36.27599375916913,36.408843559053636,37.35736385847456,-0.9485202994209241
train0,held_out,201810,Combined,42943,29643,69.02871247933307,69.23292777822361,70.90680924840339,-1.6738814701797722
train0,held_out,201811,Early,40611,12612,31.0556253231883,31.14173286671135,33.16425282313207,-2.022519956420715
train0,held_out,201811,Intermediate,40611,15114,37.21651769225087,37.305321142809966,39.2886908118647,-1.9833696690547298
train0,held_out,201811,Latest,40611,14622,36.00502326955751,36.05268196411082,37.35736385847456,-1.3046818943637406
train0,held_out,201811,Combined,40611,27933,68.78185713230405,68.88279053566825,70.90680924840339,-2.0240187127351428
train0,held_out,201812,Early,37335,11625,31.137002812374448,31.31614295886356,33.16425282313207,-1.84810986426851
train0,held_out,201812,Intermediate,37335,14202,38.03937324226597,38.23955091117482,39.2886908118647,-1.0491399006898827
train0,held_out,201812,Latest,37335,13644,36.544797107272,36.64524456926081,37.35736385847456,-0.7121192892137473
train0,held_out,201812,Combined,37335,25871,69.29422793625285,69.50502147722811,70.90680924840339,-1.401787771175278
train0,held_out,201901,Early,41456,12933,31.19693168660749,31.35070488373861,33.16425282313207,-1.8135479393934562
train0,held_out,201901,Intermediate,41456,15380,37.09957545349286,37.26938899725392,39.2886908118647,-2.0193018146107744
train0,held_out,201901,Latest,41456,14955,36.07439212659205,36.16926359109966,37.35736385847456,-1.1881002673748975
train0,held_out,201901,Combined,41456,28552,68.8730219992281,69.04803272085456,70.90680924840339,-1.8587765275488222
train0,held_out,201902,Early,39941,12381,30.99822237800756,31.19216364429261,33.16425282313207,-1.972089178839459
train0,held_out,201902,Intermediate,39941,14938,37.400165243734506,37.60137222799244,39.2886908118647,-1.6873185838722549
train0,held_out,201902,Latest,39941,14524,36.36363636363637,36.480315609644606,37.35736385847456,-0.877048248829948
train0,held_out,201902,Combined,39941,27601,69.10442903282342,69.31545552407525,70.90680924840339,-1.5913537243281484
train0,held_out,201903,Early,42773,13318,31.136464592149252,31.300575583726353,33.16425282313207,-1.8636772394057144
train0,held_out,201903,Intermediate,42773,16030,37.47691300586819,37.638384046144374,39.2886908118647,-1.6503067657203219
train0,held_out,201903,Latest,42773,15509,36.25885488509106,36.361588678489746,37.35736385847456,-0.9957751799848147
train0,held_out,201903,Combined,42773,29418,68.77703223996447,68.95481773528972,70.90680924840339,-1.9519915131136711
train0,held_out,201904,Early,41368,12898,31.178688841616708,31.334178402324564,33.16425282313207,-1.8300744208075037
train0,held_out,201904,Intermediate,41368,15594,37.6958035196287,37.84456310020799,39.2886908118647,-1.4441277116567008
train0,held_out,201904,Latest,41368,15254,36.87391220266873,36.95524442175153,37.35736385847456,-0.4021194367230252
train0,held_out,201904,Combined,41368,28629,69.20566621543222,69.36843378051344,70.90680924840339,-1.538375467889952
train0,held_out,201905,Early,42840,13478,31.46125116713352,31.46871134941163,33.16425282313207,-1.6955414737204355
train0,held_out,201905,Intermediate,42840,16338,38.13725490196079,38.16733151558633,39.2886908118647,-1.1213592962783625
train0,held_out,201905,Latest,42840,15499,36.178804855275445,36.18722063833074,37.35736385847456,-1.1701432201438156
train0,held_out,201905,Combined,42840,29751,69.4467787114846,69.48918609975685,70.90680924840339,-1.4176231486465407
train0,held_out,201906,Early,41329,13170,31.86624404171405,32.001160856099254,33.16425282313207,-1.1630919670328144
train0,held_out,201906,Intermediate,41329,15862,38.379830143482785,38.52516547257548,39.2886908118647,-0.7635253392892172
train0,held_out,201906,Latest,41329,15132,36.613515933122024,36.702106292812296,37.35736385847456,-0.6552575656622595
train0,held_out,201906,Combined,41329,28823,69.74037600716204,69.90063019207685,70.90680924840339,-1.0061790563265505
train0,held_out,201907,Early,44049,14072,31.946241685395808,32.05546373685453,33.16425282313207,-1.1087890862775396
train0,held_out,201907,Intermediate,44049,16976,38.538899861517855,38.6611189487175,39.2886908118647,-0.6275718631471916
train0,held_out,201907,Latest,44049,16425,37.288020159367974,37.32613740632089,37.35736385847456,-0.031226452153665374
train0,held_out,201907,Combined,44049,30813,69.95164475924538,70.05929138068029,70.90680924840339,-0.847517867723091
train0,held_out,201908,Early,41677,13429,32.221609040957844,32.28616178514169,33.16425282313207,-0.8780910379903806
train0,held_out,201908,Intermediate,41677,15821,37.960985675552465,38.06048251792913,39.2886908118647,-1.228208293935562
train0,held_out,201908,Latest,41677,15465,37.106797514216474,37.18295306785673,37.35736385847456,-0.17441079061782938
train0,held_out,201908,Combined,41677,29195,70.0506274443938,70.16275128192343,70.90680924840339,-0.7440579664799607
train0,held_out,201909,Early,38423,12224,31.814277906462276,32.07331969388738,33.16425282313207,-1.0909331292446922
train0,held_out,201909,Intermediate,38423,14530,37.815891523306355,38.05950501245423,39.2886908118647,-1.229185799410465
train0,held_out,201909,Latest,38423,14130,36.77484839809489,36.93309140524608,37.35736385847456,-0.42427245322847473
train0,held_out,201909,Combined,38423,26698,69.48442339223902,69.7736925446247,70.90680924840339,-1.1331167037786916
train0,held_out,201910,Early,41994,13322,31.723579558984618,31.84660382469086,33.16425282313207,-1.3176489984412065
train0,held_out,201910,Intermediate,41994,16087,38.307853502881365,38.446143164320524,39.2886908118647,-0.8425476475441729
train0,held_out,201910,Latest,41994,15355,36.56474734485879,36.62932147063274,37.35736385847456,-0.7280423878418207
train0,held_out,201910,Combined,41994,29311,69.79806639043673,69.9557128338388,70.90680924840339,-0.9510964145645895
train0,held_out,201911,Early,44505,14355,32.25480283114257,32.245104276754255,33.16425282313207,-0.9191485463778126
train0,held_out,201911,Intermediate,44505,16889,37.94854510729132,37.947297496512824,39.2886908118647,-1.3413933153518742
train0,held_out,201911,Latest,44505,16401,36.85203909673071,36.8641050110637,37.35736385847456,-0.4932588474108546
train0,held_out,201911,Combined,44505,31133,69.95393775980227,69.94102855306495,70.90680924840339,-0.9657806953384362
train0,held_out,201912,Early,43848,14169,32.31390257252326,32.34063325329022,33.16425282313207,-0.8236195698418436
train0,held_out,201912,Intermediate,43848,16883,38.5034665207079,38.525274406573594,39.2886908118647,-0.7634164052911008
train0,held_out,201912,Latest,43848,15999,36.48741105637657,36.48952759619639,37.35736385847456,-0.8678362622781655
train0,held_out,201912,Combined,43848,30723,70.06704980842912,70.05990480889264,70.90680924840339,-0.8469044395107539
train0,held_out,202001,Early,44768,14506,32.40260900643317,32.37264266091807,33.16425282313207,-0.7916101622140015
train0,held_out,202001,Intermediate,44768,17177,38.368924231593994,38.343986781717035,39.2886908118647,-0.9447040301476584
train0,held_out,202001,Latest,44768,16539,36.94379914224446,36.935668348220325,37.35736385847456,-0.421695510254233
train0,held_out,202001,Combined,44768,31418,70.17959256611866,70.15110404197482,70.90680924840339,-0.7557052064285696
train0,held_out,202002,Early,43173,14214,32.923354874574386,32.85050724729914,33.16425282313207,-0.3137455758329244
train0,held_out,202002,Intermediate,43173,16740,38.774233896185116,38.68428074062821,39.2886908118647,-0.6044100712364886
train0,held_out,202002,Latest,43173,16135,37.372895096472334,37.319103918217415,37.35736385847456,-0.03825994025714041
train0,held_out,202002,Combined,43173,30578,70.8266740787066,70.71430638184476,70.90680924840339,-0.19250286655863036
train0,held_out,202003,Early,44357,14459,32.59688436999797,32.71482962765928,33.16425282313207,-0.4494231954727923
train0,held_out,202003,Intermediate,44357,17149,38.66131613950448,38.77908171286739,39.2886908118647,-0.5096090989973101
train0,held_out,202003,Latest,44357,16445,37.07419347566337,37.15537269834513,37.35736385847456,-0.20199116012942775
train0,held_out,202003,Combined,44357,31123,70.16479924250964,70.30846407950331,70.90680924840339,-0.5983451689000829
train0,held_out,202004,Early,45498,15002,32.972877928700164,33.15828731701823,33.16425282313207,-0.005965506113836394
train0,held_out,202004,Intermediate,45498,17635,38.759945492109544,38.95759368489599,39.2886908118647,-0.33109712696870464
train0,held_out,202004,Latest,45498,16668,36.63457734405908,36.7681808164737,37.35736385847456,-0.5891830420008515
train0,held_out,202004,Combined,45498,31916,70.148138379709,70.40044262063911,70.90680924840339,-0.5063666277642764
train0,held_out,202005,Early,48299,15896,32.91165448560012,32.899419013775386,33.16425282313207,-0.26483380935667933
train0,held_out,202005,Intermediate,48299,19009,39.356922503571504,39.35338202016652,39.2886908118647,0.06469120830182584
train0,held_out,202005,Latest,48299,17895,37.050456531191124,37.03945301186937,37.35736385847456,-0.31791084660519053
train0,held_out,202005,Combined,48299,34332,71.08221702312677,71.0780312395007,70.90680924840339,0.1712219910973145
train0,held_out,202006,Early,52710,17569,33.33143616012142,33.40361687545011,33.16425282313207,0.23936405231804736
train0,held_out,202006,Intermediate,52710,20906,39.662303168279266,39.74138393468931,39.2886908118647,0.4526931228246156
train0,held_out,202006,Latest,52710,19581,37.148548662492885,37.19143921734985,37.35736385847456,-0.16592464112470395
train0,held_out,202006,Combined,52710,37458,71.0643141718839,71.16158843307645,70.90680924840339,0.2547791846730596
train0,held_out,202007,Early,54587,18241,33.41638118966054,33.443537871483926,33.16425282313207,0.2792850483518572
train0,held_out,202007,Intermediate,54587,21721,39.79152545477861,39.8212039018349,39.2886908118647,0.5325130899702046
train0,held_out,202007,Latest,54587,20622,37.77822558484621,37.79087309695639,37.35736385847456,0.43350923848183287
train0,held_out,202007,Combined,54587,39021,71.48405297964717,71.51032728595901,70.90680924840339,0.6035180375556171
train0,held_out,202008,Early,50907,17324,34.03068340306834,33.92152799673121,33.16425282313207,0.7572751735991368
train0,held_out,202008,Intermediate,50907,20503,40.275404168385485,40.172867510914394,39.2886908118647,0.8841766990496991
train0,held_out,202008,Latest,50907,18912,37.15009723613648,37.08500518003977,37.35736385847456,-0.27235867843478645
train0,held_out,202008,Combined,50907,36441,71.58347574989688,71.45836981197245,70.90680924840339,0.5515605635690535
train0,held_out,202009,Early,53990,18402,34.08408964623079,34.016769691023626,33.16425282313207,0.8525168678915618
train0,held_out,202009,Intermediate,53990,21747,40.279681422485645,40.217357332728604,39.2886908118647,0.9286665208639078
train0,held_out,202009,Latest,53990,20222,37.45508427486572,37.42288883547307,37.35736385847456,0.06552497699851001
train0,held_out,202009,Combined,53990,38795,71.85589924060011,71.79405196848569,70.90680924840339,0.887242720082293
train0,held_out,202010,Early,53937,18630,34.54029701318205,34.221948076290346,33.16425282313207,1.0576952531582806
train0,held_out,202010,Intermediate,53937,21856,40.52134898121883,40.22634959516076,39.2886908118647,0.9376587832960692
train0,held_out,202010,Latest,53937,20291,37.619815710922005,37.42460683243113,37.35736385847456,0.06724297395657719
train0,held_out,202010,Combined,53937,38814,71.96173313309973,71.64151039129358,70.90680924840339,0.7347011428901817
train0,held_out,202011,Early,51075,17635,34.527655408712675,34.31604835315966,33.16425282313207,1.151795530027594
train0,held_out,202011,Intermediate,51075,20709,40.54625550660793,40.341753411976164,39.2886908118647,1.0530626001114707
train0,held_out,202011,Latest,51075,19277,37.74253548702888,37.64020563054093,37.35736385847456,0.28284177206637784
train0,held_out,202011,Combined,51075,36799,72.04894762604013,71.86555849525683,70.90680924840339,0.9587492468534409
train0,held_out,202012,Early,49760,17284,34.734726688102896,34.55885366375157,33.16425282313207,1.3946008406195032
train0,held_out,202012,Intermediate,49760,20178,40.55064308681672,40.37135858715899,39.2886908118647,1.0826677752942937
train0,held_out,202012,Latest,49760,18907,37.99638263665595,37.89514056213985,37.35736385847456,0.5377767036652936
train0,held_out,202012,Combined,49760,35971,72.28898713826366,72.10090164672587,70.90680924840339,1.1940923983224883
train0,held_out,202101,Early,55457,19389,34.96222298357286,34.62089229188908,33.16425282313207,1.4566394687570094
train0,held_out,202101,Intermediate,55457,22681,40.8983536794273,40.58512003727358,39.2886908118647,1.296429225408885
train0,held_out,202101,Latest,55457,21062,37.97897470111979,37.788819336969574,37.35736385847456,0.43145547849501864
train0,held_out,202101,Combined,55457,40199,72.48679156824205,72.13225893270229,70.90680924840339,1.225449684298896
train0,held_out,202102,Early,52278,18349,35.098894372393744,34.80336391841097,33.16425282313207,1.6391110952789056
train0,held_out,202102,Intermediate,52278,21659,41.43042962622901,41.14790050764404,39.2886908118647,1.8592096957793458
train0,held_out,202102,Latest,52278,20093,38.43490569646888,38.2615158722726,37.35736385847456,0.9041520137980374
train0,held_out,202102,Combined,52278,38109,72.89682084241937,72.61729554417502,70.90680924840339,1.7104862957716294
train0,held_out,202103,Early,59571,20876,35.04389719830119,34.85540072475731,33.16425282313207,1.691147901625245
train0,held_out,202103,Intermediate,59571,24824,41.671283006832184,41.480528749096344,39.2886908118647,2.19183793723165
train0,held_out,202103,Latest,59571,22930,38.49188363465444,38.38190644187182,37.35736385847456,1.0245425833972643
train0,held_out,202103,Combined,59571,43604,73.19668966443403,72.99908466696431,70.90680924840339,2.0922754185609183
train0,held_out,202104,Early,52789,18715,35.4524616870939,35.163061889847235,33.16425282313207,1.9988090667151681
train0,held_out,202104,Intermediate,52789,21754,41.20934285551914,40.92330354671723,39.2886908118647,1.6346127348525308
train0,held_out,202104,Latest,52789,20553,38.934247665233286,38.76526027502144,37.35736385847456,1.4078964165468832
train0,held_out,202104,Combined,52789,38549,73.02468317263066,72.71729803135227,70.90680924840339,1.8104887829488825
train0,held_out,202105,Early,54591,19418,35.569965745269364,35.34077260460254,33.16425282313207,2.1765197814704704
train0,held_out,202105,Intermediate,54591,22578,41.35846568115623,41.13557264788927,39.2886908118647,1.846881836024572
train0,held_out,202105,Latest,54591,21286,38.99177520104046,38.847741767134806,37.35736385847456,1.4903779086602509
train0,held_out,202105,Combined,54591,39875,73.04317561502812,72.82085530378565,70.90680924840339,1.914046055382257
train0,held_out,202106,Early,56339,20246,35.93603010348072,35.64852576316346,33.16425282313207,2.4842729400313956
train0,held_out,202106,Intermediate,56339,23405,41.54315838051794,41.253083344685436,39.2886908118647,1.9643925328207412
train0,held_out,202106,Latest,56339,21850,38.78308099185289,38.61122165155729,37.35736385847456,1.25385779308273
train0,held_out,202106,Combined,56339,41223,73.16956282504127,72.85280877884017,70.90680924840339,1.9459995304367816
train0,held_out,202107,Early,55234,20079,36.352608900315026,36.027119463312665,33.16425282313207,2.8628666401806004
train0,held_out,202107,Intermediate,55234,23173,41.95423108954629,41.63721704671116,39.2886908118647,2.3485262348464597
train0,held_out,202107,Latest,55234,21664,39.22221819893544,39.03874247426856,37.35736385847456,1.6813786157940047
train0,held_out,202107,Combined,55234,40736,73.7516746931238,73.42890679644653,70.90680924840339,2.522097548043134
train0,held_out,202108,Early,52684,19083,36.22162326322982,35.87543905490938,33.16425282313207,2.7111862317773125
train0,held_out,202108,Intermediate,52684,22134,42.012755295725455,41.68435143439272,39.2886908118647,2.3956606225280233
train0,held_out,202108,Latest,52684,20655,39.20545137043505,39.00049524810045,37.35736385847456,1.6431313896258903
train0,held_out,202108,Combined,52684,38812,73.66942525244856,73.33950844954718,70.90680924840339,2.4326992011437953
train0,held_out,202109,Early,53402,19397,36.32260964008839,35.95922073662815,33.16425282313207,2.7949679134960825
train0,held_out,202109,Intermediate,53402,22426,41.99468184712183,41.65521746860099,39.2886908118647,2.3665266567362897
train0,held_out,202109,Latest,53402,21213,39.7232313396502,39.52211538004636,37.35736385847456,2.1647515215718007
train0,held_out,202109,Combined,53402,39490,73.94854125313658,73.61666457570333,70.90680924840339,2.709855327299937
train0,held_out,202110,Early,53392,19724,36.94186394965538,36.51016128328182,33.16425282313207,3.345908460149749
train0,held_out,202110,Intermediate,53392,22469,42.08308360803117,41.688053215720224,39.2886908118647,2.399362403855526
train0,held_out,202110,Latest,53392,20834,39.02082709020078,38.781473546874956,37.35736385847456,1.424109688400399
train0,held_out,202110,Combined,53392,39452,73.89121965837579,73.47586063228955,70.90680924840339,2.569051383886156
train0,held_out,202111,Early,52543,19091,36.33405020649754,35.96914506489565,33.16425282313207,2.804892241763579
train0,held_out,202111,Intermediate,52543,22252,42.35007517652209,41.94226001655912,39.2886908118647,2.6535692046944224
train0,held_out,202111,Latest,52543,20963,39.896846392478544,39.63356475795927,37.35736385847456,2.276200899484715
train0,held_out,202111,Combined,52543,39045,74.31056468035705,73.9037772813586,70.90680924840339,2.996968032955216
train0,held_out,202112,Early,52669,19363,36.76356110805217,36.38271883598162,33.16425282313207,3.2184660128495524
train0,held_out,202112,Intermediate,52669,22198,42.14623402760637,41.78825434117658,39.2886908118647,2.499563529311888
train0,held_out,202112,Latest,52669,20566,39.04763713000057,38.846684787394786,37.35736385847456,1.4893209289202292
train0,held_out,202112,Combined,52669,38939,73.93153467884335,73.56240564344671,70.90680924840339,2.655596395043325
train0,held_out,202201,Early,55530,20693,37.26454168917702,36.691763099221866,33.16425282313207,3.527510276089796
train0,held_out,202201,Intermediate,55530,23649,42.58779038357645,42.04224878718662,39.2886908118647,2.7535579753219244
train0,held_out,202201,Latest,55530,22071,39.74608319827121,39.424388721135806,37.35736385847456,2.0670248626612486
train0,held_out,202201,Combined,55530,41473,74.68575544750585,74.12559496169462,70.90680924840339,3.218785713291228
train0,held_out,202202,Early,51608,19413,37.61626104479926,37.04704915012538,33.16425282313207,3.882796326993315
train0,held_out,202202,Intermediate,51608,22021,42.669741125406915,42.15264328197186,39.2886908118647,2.8639524701071672
train0,held_out,202202,Latest,51608,20604,39.92404278406448,39.615865415591905,37.35736385847456,2.2585015571173486
train0,held_out,202202,Combined,51608,38664,74.91861726864052,74.3808177600861,70.90680924840339,3.4740085116827135
train0,held_out,202203,Early,57917,21585,37.26885025122158,36.69289789560112,33.16425282313207,3.5286450724690557
train0,held_out,202203,Intermediate,57917,24681,42.6144309960806,42.09598984824315,39.2886908118647,2.8072990363784522
train0,held_out,202203,Latest,57917,23120,39.919194709670734,39.593742408042985,37.35736385847456,2.2363785495684296
train0,held_out,202203,Combined,57917,43127,74.46345632543122,73.96327635691522,70.90680924840339,3.056467108511829
train0,held_out,202204,Early,52652,19898,37.791536883689126,37.23205569820118,33.16425282313207,4.06780287506911
train0,held_out,202204,Intermediate,52652,22820,43.341183620755146,42.801649372308546,39.2886908118647,3.5129585604438516
train0,held_out,202204,Latest,52652,21218,40.298564157107045,39.95381846187822,37.35736385847456,2.596454603403664
train0,held_out,202204,Combined,52652,39560,75.1348476791005,74.61910780674089,70.90680924840339,3.71229855833749
train0,held_out,202205,Early,53666,20356,37.93090597398726,37.40431688382133,33.16425282313207,4.240064060689264
train0,held_out,202205,Intermediate,53666,23141,43.120411433682406,42.625576272642334,39.2886908118647,3.336885460777639
train0,held_out,202205,Latest,53666,21847,40.70920135653859,40.4270444282072,37.35736385847456,3.069680569732647
train0,held_out,202205,Combined,53666,40273,75.04378936384303,74.60827747865561,70.90680924840339,3.701468230252214
train0,held_out,202206,Early,55157,21240,38.508258244647095,37.88535571512892,33.16425282313207,4.721102891996848
train0,held_out,202206,Intermediate,55157,23901,43.33266856428015,42.78537993167424,39.2886908118647,3.4966891198095484
train0,held_out,202206,Latest,55157,22370,40.556955599470605,40.22565381009236,37.35736385847456,2.868289951617803
train0,held_out,202206,Combined,55157,41581,75.38662363797886,74.84791174366605,70.90680924840339,3.9411024952626494
train0,held_out,202207,Early,54044,20511,37.952409148101545,37.35148413810512,33.16425282313207,4.187231314973055
train0,held_out,202207,Intermediate,54044,23081,42.70779364961883,42.10421024877443,39.2886908118647,2.8155194369097303
train0,held_out,202207,Latest,54044,21988,40.685367478350976,40.35983102005348,37.35736385847456,3.0024671615789202
train0,held_out,202207,Combined,54044,40425,74.80016283028644,74.24500527597702,70.90680924840339,3.3381960275736255
train0,held_out,202208,Early,56404,21763,38.58414296858379,37.799540500107945,33.16425282313207,4.63528767697588
train0,held_out,202208,Intermediate,56404,24480,43.40117722147365,42.69081474380928,39.2886908118647,3.402123931944584
train0,held_out,202208,Latest,56404,22908,40.6141408410751,40.21833714128892,37.35736385847456,2.860973282814361
train0,held_out,202208,Combined,56404,42616,75.55492518261116,74.86153477366287,70.90680924840339,3.9547255252594837
train0,held_out,202209,Early,57023,22284,39.07896813566455,38.382552979559335,33.16425282313207,5.218300156427269
train0,held_out,202209,Intermediate,57023,24999,43.840204829630146,43.18832549055943,39.2886908118647,3.899634678694736
train0,held_out,202209,Latest,57023,22824,40.02595443943672,39.62583999756196,37.35736385847456,2.2684761390874053
train0,held_out,202209,Combined,57023,43120,75.61861003454746,75.00836360189793,70.90680924840339,4.10155435349453
train0,held_out,202210,Early,53815,20824,38.695530985784636,38.0503762269069,33.16425282313207,4.886123403774834
train0,held_out,202210,Intermediate,53815,23621,43.89296664498746,43.25675361398716,39.2886908118647,3.968062802122463
train0,held_out,202210,Latest,53815,21885,40.66710025085943,40.291137706747854,37.35736385847456,2.9337738482732965
train0,held_out,202210,Combined,53815,40848,75.90448759639506,75.31857525843118,70.90680924840339,4.411766010027796
train0,held_out,202211,Early,56182,22010,39.176248620554624,38.42479785464838,33.16425282313207,5.260545031516312
train0,held_out,202211,Intermediate,56182,24537,43.67413050443202,42.91513687498141,39.2886908118647,3.6264460631167115
train0,held_out,202211,Latest,56182,22982,40.90634010893169,40.484527781348994,37.35736385847456,3.1271639228744377
train0,held_out,202211,Combined,56182,42597,75.81965754156136,75.1108612794481,70.90680924840339,4.204052031044714
train0,held_out,202212,Early,56569,21796,38.52993689123018,37.77447608566604,33.16425282313207,4.610223262533969
train0,held_out,202212,Intermediate,56569,24566,43.42661174848415,42.728723143959094,39.2886908118647,3.4400323320944004
train0,held_out,202212,Latest,56569,22645,40.03075889621524,39.65632328366123,37.35736385847456,2.298959425186675
train0,held_out,202212,Combined,56569,42613,75.329243932189,74.62307633299366,70.90680924840339,3.7162670845902745
train0,held_out,202301,Early,54396,21445,39.42385469519817,38.62713547905914,33.16425282313207,5.462882655927076
train0,held_out,202301,Intermediate,54396,24173,44.43892933303919,43.66579483515458,39.2886908118647,4.377104023289885
train0,held_out,202301,Latest,54396,22419,41.21442753143614,40.79934145488293,37.35736385847456,3.4419775964083685
train0,held_out,202301,Combined,54396,41557,76.39716155599676,75.69591611469012,70.90680924840339,4.78910686628673
train0,held_out,202302,Early,51957,20366,39.19779817926362,38.51384904999291,33.16425282313207,5.349596226860842
train0,held_out,202302,Intermediate,51957,22971,44.211559558865986,43.51061950180459,39.2886908118647,4.2219286899398965
train0,held_out,202302,Latest,51957,21362,41.11476798121524,40.71896496954603,37.35736385847456,3.3616011110714714
train0,held_out,202302,Combined,51957,39498,76.02055545932213,75.36940882847001,70.90680924840339,4.462599580066618
train0,held_out,202303,Early,58077,22829,39.30815985674191,38.51830327324342,33.16425282313207,5.354050450111347
train0,held_out,202303,Intermediate,58077,25914,44.62007335089623,43.92078326929327,39.2886908118647,4.632092457428572
train0,held_out,202303,Latest,58077,23967,41.26762746009608,40.831502568354416,37.35736385847456,3.4741387098798593
train0,held_out,202303,Combined,58077,44261,76.21089243590406,75.57385104674717,70.90680924840339,4.667041798343774
train0,held_out,202304,Early,49856,19705,39.52382862644416,38.890584070758585,33.16425282313207,5.72633124762652
train0,held_out,202304,Intermediate,49856,22349,44.827102053915276,44.172410795801646,39.2886908118647,4.883719983936952
train0,held_out,202304,Latest,49856,20778,41.676026957637994,41.33327873733612,37.35736385847456,3.975914878861564
train0,held_out,202304,Combined,49856,38134,76.4882862644416,75.92695521537748,70.90680924840339,5.020145966974088
train0,held_out,202305,Early,53848,21705,40.307903729015,39.64804614324862,33.16425282313207,6.483793320116554
train0,held_out,202305,Intermediate,53848,24441,45.38887238151835,44.725706816892625,39.2886908118647,5.437016005027928
train0,held_out,202305,Latest,53848,22695,42.14641212301292,41.7970635972118,37.35736385847456,4.4396997387372465
train0,held_out,202305,Combined,53848,41475,77.02235923339771,76.46732343480258,70.90680924840339,5.560514186399191
train0,held_out,202306,Early,53479,22061,41.25170627723031,40.38858713249281,33.16425282313207,7.224334309360741
train0,held_out,202306,Intermediate,53479,24951,46.65569662858318,45.87502451406431,39.2886908118647,6.586333702199615
train0,held_out,202306,Latest,53479,22993,42.994446418220235,42.586488482851294,37.35736385847456,5.229124624376736
train0,held_out,202306,Combined,53479,41725,78.02127938069148,77.35704476928005,70.90680924840339,6.450235520876657
train0,held_out,202307,Early,51413,21478,41.77542644856359,40.90162276981925,33.16425282313207,7.737369946687184
train0,held_out,202307,Intermediate,51413,24378,47.416023184797616,46.618106076458034,39.2886908118647,7.329415264593337
train0,held_out,202307,Latest,51413,22111,43.00663256374847,42.56693606298006,37.35736385847456,5.209572204505503
train0,held_out,202307,Combined,51413,40124,78.04251842919106,77.3106691077722,70.90680924840339,6.40385985936881
train0,held_out,202308,Early,51256,21752,42.437958482909316,41.577352792927144,33.16425282313207,8.413099969795073
train0,held_out,202308,Intermediate,51256,24683,48.15631340721086,47.40079685075443,39.2886908118647,8.112106038889733
train0,held_out,202308,Latest,51256,22144,43.2027469954737,42.775189476904785,37.35736385847456,5.417825618430228
train0,held_out,202308,Combined,51256,40168,78.36741064460746,77.71796025155851,70.90680924840339,6.811151003155125
train0,held_out,202309,Early,50736,22042,43.44449700409965,42.514797072494716,33.16425282313207,9.350544249362647
train0,held_out,202309,Intermediate,50736,24805,48.89033427940713,48.09376815813863,39.2886908118647,8.805077346273931
train0,held_out,202309,Latest,50736,22082,43.52333648691265,43.087235206659415,37.35736385847456,5.729871348184856
train0,held_out,202309,Combined,50736,39949,78.73896247240619,78.04881421274199,70.90680924840339,7.1420049643386
train0,held_out,202310,Early,51649,23071,44.66882224244419,43.68973706106836,33.16425282313207,10.52548423793629
train0,held_out,202310,Intermediate,51649,25799,49.95062827934713,49.15689549642312,39.2886908118647,9.868204684558425
train0,held_out,202310,Latest,51649,23082,44.6901198474317,44.20755794703663,37.35736385847456,6.850194088562079
train0,held_out,202310,Combined,51649,41096,79.56785223334431,78.86781050408726,70.90680924840339,7.961001255683864
train0,held_out,202311,Early,53283,24303,45.6111705421992,44.59335600411176,33.16425282313207,11.429103180979695
train0,held_out,202311,Intermediate,53283,27514,51.637482874462776,50.79752391654914,39.2886908118647,11.50883310468444
train0,held_out,202311,Latest,53283,24102,45.23393953043185,44.66726982871668,37.35736385847456,7.30990597024212
train0,held_out,202311,Combined,53283,42791,80.30891653998461,79.55321008257322,70.90680924840339,8.646400834169832
train0,held_out,202312,Early,50732,23269,45.866514231648665,44.88223816687057,33.16425282313207,11.717985343738501
train0,held_out,202312,Intermediate,50732,26174,51.59268311913585,50.69038289622235,39.2886908118647,11.401692084357656
train0,held_out,202312,Latest,50732,22735,44.81392415043759,44.26091812445284,37.35736385847456,6.9035542659782845
train0,held_out,202312,Combined,50732,40762,80.34770953244501,79.55753118365894,70.90680924840339,8.650721935255545
train0,held_out,202401,Early,55483,26095,47.03242434619613,45.950927926927555,33.16425282313207,12.786675103795487
train0,held_out,202401,Intermediate,55483,29451,53.08112394787592,52.13696318417217,39.2886908118647,12.848272372307473
train0,held_out,202401,Latest,55483,25876,46.63770884775517,46.00547569763634,37.35736385847456,8.648111839161782
train0,held_out,202401,Combined,55483,45035,81.16900672277995,80.31165072459957,70.90680924840339,9.404841476196179
train0,held_out,202402,Early,54773,26220,47.8703010607416,46.78237020755197,33.16425282313207,13.618117384419904
train0,held_out,202402,Intermediate,54773,29284,53.46429810307998,52.4935417744526,39.2886908118647,13.204850962587905
train0,held_out,202402,Latest,54773,25532,46.614207730085994,45.95861520309301,37.35736385847456,8.601251344618454
train0,held_out,202402,Combined,54773,44701,81.61137786865791,80.76285568598882,70.90680924840339,9.85604643758543
train0,held_out,202403,Early,54483,26286,48.24624194702935,47.17922784671033,33.16425282313207,14.01497502357827
train0,held_out,202403,Intermediate,54483,29556,54.24811409063378,53.362948937679,39.2886908118647,14.074258125814303
train0,held_out,202403,Latest,54483,25560,46.91371620505479,46.353699545073226,37.35736385847456,8.996335686598666
train0,held_out,202403,Combined,54483,44638,81.93014334746618,81.20828853897102,70.90680924840339,10.301479290567627
train0,held_out,202404,Early,53972,26380,48.877195582894835,47.82202955551185,33.16425282313207,14.65777673237978
train0,held_out,202404,Intermediate,53972,29699,55.02668050100052,54.07939854527757,39.2886908118647,14.790707733412873
train0,held_out,202404,Latest,53972,25686,47.59134365967539,46.99371729831983,37.35736385847456,9.636353439845275
train0,held_out,202404,Combined,53972,44404,82.27228933521086,81.44679909593022,70.90680924840339,10.539989847526831
train0,held_out,202405,Early,56887,28115,49.42253942025419,48.25730227521722,33.16425282313207,15.093049452085156
train0,held_out,202405,Intermediate,56887,32087,56.40480250320812,55.48593276607091,39.2886908118647,16.197241954206216
train0,held_out,202405,Latest,56887,27320,48.02503208114332,47.42719816136747,37.35736385847456,10.069834302892911
train0,held_out,202405,Combined,56887,47271,83.09631374479231,82.2731839203889,70.90680924840339,11.366374671985513
train0,held_out,202406,Early,52941,26740,50.509057252413065,49.356158263662834,33.16425282313207,16.191905440530768
train0,held_out,202406,Intermediate,52941,30321,57.273190910636366,56.311345779191214,39.2886908118647,17.022654967326517
train0,held_out,202406,Latest,52941,25715,48.572939687576735,47.936404127335976,37.35736385847456,10.579040268861418
train0,held_out,202406,Combined,52941,44280,83.64027880092934,82.83907862242795,70.90680924840339,11.932269374024562
train0,held_out,202407,Early,57951,29455,50.8274231678487,49.729540540866005,33.16425282313207,16.565287717733934
train0,held_out,202407,Intermediate,57951,33435,57.6952943003572,56.83866541668298,39.2886908118647,17.54997460481828
train0,held_out,202407,Latest,57951,28477,49.1397905126745,48.496488022919095,37.35736385847456,11.139124164444542
train0,held_out,202407,Combined,57951,48649,83.9485082224638,83.1743915776477,70.90680924840339,12.26758232924431
train0,held_out,202408,Early,55357,28304,51.12993839984103,50.04942215062754,33.16425282313207,16.885169327495475
train0,held_out,202408,Intermediate,55357,32439,58.599635095832504,57.730017349666596,39.2886908118647,18.4413265378019
train0,held_out,202408,Latest,55357,27359,49.422837220225084,48.859313386870056,37.35736385847456,11.5019495283955
train0,held_out,202408,Combined,55357,46683,84.3307982730278,83.58703794312054,70.90680924840339,12.680228694717144
train0,held_out,202409,Early,55003,28406,51.64445575695871,50.46643577314951,33.16425282313207,17.302182950017443
train0,held_out,202409,Intermediate,55003,32541,59.16222751486283,58.21497214012774,39.2886908118647,18.926281328263045
train0,held_out,202409,Latest,55003,27396,49.80819228042107,49.16870185489841,37.35736385847456,11.811337996423848
train0,held_out,202409,Combined,55003,46419,84.39357853208007,83.6362358789004,70.90680924840339,12.729426630496999
train0,held_out,202410,Early,57918,30284,52.28771711730377,51.05410138712468,33.16425282313207,17.889848563992615
train0,held_out,202410,Intermediate,57918,35082,60.57184295037812,59.59600425240284,39.2886908118647,20.30731344053815
train0,held_out,202410,Latest,57918,29350,50.67509237197417,49.99995411102129,37.35736385847456,12.642590252546732
train0,held_out,202410,Combined,57918,49266,85.06163886874546,84.26347436022293,70.90680924840339,13.356665111819543
train0,held_out,202411,Early,56379,29676,52.63662001809184,51.373152027462346,33.16425282313207,18.208899204330276
train0,held_out,202411,Intermediate,56379,34684,61.51936004540698,60.56887692186904,39.2886908118647,21.280186110004344
train0,held_out,202411,Latest,56379,29143,51.69123255112719,50.95559903900815,37.35736385847456,13.59823518053359
train0,held_out,202411,Combined,56379,48278,85.63117472817893,84.82157140922581,70.90680924840339,13.914762160822425
train0,held_out,202412,Early,54552,29130,53.39859216893973,52.036597114271785,33.16425282313207,18.87234429113972
train0,held_out,202412,Intermediate,54552,33842,62.03622231998827,61.04288193840195,39.2886908118647,21.754191126537254
train0,held_out,202412,Latest,54552,28488,52.22173339199296,51.50810147102375,37.35736385847456,14.150737612549191
train0,held_out,202412,Combined,54552,47079,86.30114386273647,85.4823378110789,70.90680924840339,14.575528562675522
train0,held_out,202501,Early,60449,32326,53.476484309087,52.09762726177982,33.16425282313207,18.933374438647753
train0,held_out,202501,Intermediate,60449,38586,63.83232146106636,62.873176475233414,39.2886908118647,23.58448566336872
train0,held_out,202501,Latest,60449,32371,53.55092722791113,52.805902000965645,37.35736385847456,15.448538142491087
train0,held_out,202501,Combined,60449,52496,86.84345481314827,86.02142621541508,70.90680924840339,15.114616967011685
train0,held_out,202502,Early,55720,29723,53.3435032304379,51.9200430022025,33.16425282313207,18.75579017907043
train0,held_out,202502,Intermediate,55720,35949,64.51722900215363,63.52621630101098,39.2886908118647,24.23752548914629
train0,held_out,202502,Latest,55720,30287,54.355707106963386,53.53599192459916,37.35736385847456,16.178628066124602
train0,held_out,202502,Combined,55720,48514,87.06748025843503,86.24264898324184,70.90680924840339,15.33583973483844
train0,held_out,202503,Early,59957,32387,54.01704554931034,52.562489763624754,33.16425282313207,19.398236940492687
train0,held_out,202503,Intermediate,59957,39434,65.77046883599914,64.81998779068833,39.2886908118647,25.53129697882363
train0,held_out,202503,Latest,59957,33350,55.62319662424738,54.85495468411416,37.35736385847456,17.49759082563961
train0,held_out,202503,Combined,59957,52646,87.80626115382691,87.0149856917823,70.90680924840339,16.10817644337891
train0,held_out,202504,Early,60199,32396,53.814847422714664,52.38525436231901,33.16425282313207,19.221001539186943
train0,held_out,202504,Intermediate,60199,40374,67.06755926178175,66.10758341731811,39.2886908118647,26.81889260545341
train0,held_out,202504,Latest,60199,33892,56.299938537185,55.52751305658842,37.35736385847456,18.17014919811386
train0,held_out,202504,Combined,60199,53199,88.37189986544627,87.59698450755792,70.90680924840339,16.69017525915453
train0,held_out,202505,Early,61750,32535,52.688259109311744,51.30011610490454,33.16425282313207,18.13586328177247
train0,held_out,202505,Intermediate,61750,42191,68.32550607287449,67.367347476097,39.2886908118647,28.078656664232298
train0,held_out,202505,Latest,61750,36188,58.60404858299595,57.906964708679354,37.35736385847456,20.549600850204797
train0,held_out,202505,Combined,61750,54907,88.91821862348178,88.20069208376796,70.90680924840339,17.29388283536457
train0,held_out,202506,Early,57561,29840,51.84065599972203,50.43329980058184,33.16425282313207,17.269046977449776
train0,held_out,202506,Intermediate,57561,39714,68.99463178193568,68.0182914880341,39.2886908118647,28.729600676169394
train0,held_out,202506,Latest,57561,34288,59.568110352495616,58.76529720451582,37.35736385847456,21.407933346041265
train0,held_out,202506,Combined,57561,51364,89.23402998558052,88.52388092624493,70.90680924840339,17.617071677841533
train0,held_out,202507,Early,67646,35158,51.97350915057801,50.33486062635155,33.16425282313207,17.170607803219482
train0,held_out,202507,Intermediate,67646,47611,70.38257990125062,69.15752611138203,39.2886908118647,29.868835299517333
train0,held_out,202507,Latest,67646,41839,61.8499246075156,60.91539892639204,37.35736385847456,23.558035067917483
train0,held_out,202507,Combined,67646,60965,90.1235845430624,89.18590212428883,70.90680924840339,18.27909287588544
train0,held_out,202508,Early,58988,29847,50.598426798670914,49.13441239457501,33.16425282313207,15.970159571442938
train0,held_out,202508,Intermediate,58988,42113,71.39248660744558,70.39310468371426,39.2886908118647,31.104413871849562
train0,held_out,202508,Latest,58988,37156,62.98908252525938,62.14723684271749,37.35736385847456,24.789872984242933
train0,held_out,202508,Combined,58988,53314,90.38109445989015,89.6638881210578,70.90680924840339,18.757078872654397
train0,held_out,202509,Early,60345,29771,49.3346590438313,47.876895617158766,33.16425282313207,14.712642794026698
train0,held_out,202509,Intermediate,60345,43153,71.51048139862458,70.53836609603104,39.2886908118647,31.24967528416635
train0,held_out,202509,Latest,60345,38414,63.65730383627476,62.83383539647042,37.35736385847456,25.47647153799586
train0,held_out,202509,Combined,60345,54677,90.60734112188251,89.87798714078366,70.90680924840339,18.971177892380265
train0,held_out,202510,Early,63588,31183,49.0391268792854,47.336891503263885,33.16425282313207,14.172638680131817
train0,held_out,202510,Intermediate,63588,46039,72.40202553940995,71.29407117180088,39.2886908118647,32.00538035993618
train0,held_out,202510,Latest,63588,41513,65.28433037680065,64.33216163411645,37.35736385847456,26.97479777564189
train0,held_out,202510,Combined,63588,57904,91.06120651695288,90.23233612908832,70.90680924840339,19.32552688068494
train0,held_out,202511,Early,62028,29684,47.85580705487844,46.063030368273026,33.16425282313207,12.89877754514096
train0,held_out,202511,Intermediate,62028,45237,72.92996711162701,71.61002958338014,39.2886908118647,32.32133877151544
train0,held_out,202511,Latest,62028,41101,66.26201070484298,65.17360778147467,37.35736385847456,27.816243923000116
train0,held_out,202511,Combined,62028,56755,91.49900045140905,90.54720945224676,70.90680924840339,19.640400203843367
train0,held_out,202512,Early,62148,28913,46.52281650254232,44.783627007136964,33.16425282313207,11.619374184004894
train0,held_out,202512,Intermediate,62148,45407,73.06268906481303,71.69446225643256,39.2886908118647,32.40577144456786
train0,held_out,202512,Latest,62148,42014,67.60314088948961,66.48516865662674,37.35736385847456,29.12780479815218
train0,held_out,202512,Combined,62148,56981,91.685975413529,90.73503832386588,70.90680924840339,19.828229075462488
train0,held_out,202601,Early,63409,28707,45.27275307921588,43.48950685809146,33.16425282313207,10.325254034959391
train0,held_out,202601,Intermediate,63409,46860,73.9011812203315,72.52678573751072,39.2886908118647,33.23809492564603
train0,held_out,202601,Latest,63409,44062,69.48855840653535,68.29433964608268,37.35736385847456,30.936975787608112
train0,held_out,202601,Combined,63409,58476,92.22034726931508,91.29176654753086,70.90680924840339,20.38495729912746
train0,held_out,202602,Early,59438,26458,44.513610821360075,42.87112239335282,33.16425282313207,9.70686957022075
train0,held_out,202602,Intermediate,59438,43700,73.52198929977456,72.16520865738441,39.2886908118647,32.87651784551971
train0,held_out,202602,Latest,59438,41809,70.34052289780948,69.06631796572663,37.35736385847456,31.70895410725206
train0,held_out,202602,Combined,59438,54895,92.35674147851543,91.4718936246921,70.90680924840339,20.565084376288713
train0,held_out,202603,Early,64640,27851,43.086324257425744,41.20349189668086,33.16425282313207,8.039239073548792
train0,held_out,202603,Intermediate,64640,47149,72.94090346534654,71.43238812340802,39.2886908118647,32.14369731154332
train0,held_out,202603,Latest,64640,46140,71.3799504950495,70.01957241397717,37.35736385847456,32.662208555502616
train0,held_out,202603,Combined,64640,59563,92.1457301980198,91.10195245291641,70.90680924840339,20.195143204513023
train0,held_out,202604,Early,63811,26993,42.301484070144646,40.333864060205705,33.16425282313207,7.169611237073637
train0,held_out,202604,Intermediate,63811,46860,73.43561454921566,71.71839096637171,39.2886908118647,32.42970015450702
train0,held_out,202604,Latest,63811,46581,72.99838585823761,71.58353553596595,37.35736385847456,34.22617167749139
train0,held_out,202604,Combined,63811,59092,92.6047233235649,91.49104328363843,70.90680924840339,20.58423403523504
train0,held_out,202605,Early,64011,26009,40.63207886144569,38.81726166047925,33.16425282313207,5.653008837347179
train0,held_out,202605,Intermediate,64011,47313,73.91385855556076,72.24491230945695,39.2886908118647,32.956221497592246
train0,held_out,202605,Latest,64011,47380,74.01852806548874,72.54530826514262,37.35736385847456,35.18794440666806
train0,held_out,202605,Combined,64011,59527,92.99495399228257,91.95323895210026,70.90680924840339,21.046429703696866
train0,held_out,202606,Early,66949,26558,39.6690017774724,37.54290472330021,33.16425282313207,4.3786519001681405
train0,held_out,202606,Intermediate,66949,49284,73.61424367802357,71.74163551632527,39.2886908118647,32.45294470446058
train0,held_out,202606,Latest,66949,50161,74.92419602981374,73.065936193226,37.35736385847456,35.708572334751445
train0,held_out,202606,Combined,66949,62369,93.15897175461919,91.94792485595595,70.90680924840339,21.041115607552552
train0,held_out,202607,Early,66626,25681,38.545012457599135,36.45603812920117,33.16425282313207,3.2917853060691007
train0,held_out,202607,Intermediate,66626,48824,73.28070122774892,71.27073631198924,39.2886908118647,31.98204550012454
train0,held_out,202607,Latest,66626,50593,75.93582085071894,74.02122331284157,37.35736385847456,36.66385945436701
train0,held_out,202607,Combined,66626,62241,93.41848527601837,92.17603539551375,70.90680924840339,21.269226147110366
train0,held_out,202608,Early,54447,20144,36.997447058607456,35.181049164925014,33.16425282313207,2.016796341792948
train0,held_out,202608,Intermediate,54447,39529,72.60087791797528,70.51997793205412,39.2886908118647,31.231287120189428
train0,held_out,202608,Latest,54447,41799,76.77006997630724,74.70179661954312,37.35736385847456,37.34443276106856
train0,held_out,202608,Combined,54447,50879,93.44683820963506,92.11706285972755,70.90680924840339,21.21025361132416
train1,held_out,201501,Early,31022,7908,25.49158661594997,26.50303142706575,33.14317476406221,-6.640143336996463
train1,held_out,201501,Intermediate,31022,10375,33.4440074785636,34.677795555355715,41.04295050882948,-6.365154953473762
train1,held_out,201501,Latest,31022,9581,30.884533556830636,31.61103810678963,36.64508466213666,-5.034046555347032
train1,held_out,201501,Combined,31022,19415,62.58461736831926,64.03270892541467,71.20207971193756,-7.169370786522899
train1,held_out,201502,Early,32567,8422,25.860533669051495,26.85715077472185,33.14317476406221,-6.286023989340361
train1,held_out,201502,Intermediate,32567,11333,34.799029692633646,36.06618480548585,41.04295050882948,-4.9767657033436326
train1,held_out,201502,Latest,32567,10154,31.178800626400957,31.836307883054072,36.64508466213666,-4.80877677908259
train1,held_out,201502,Combined,32567,20624,63.32790861915436,64.73289010974204,71.20207971193756,-6.469189602195513
train1,held_out,201503,Early,37363,9767,26.140834515429702,26.988071960899852,33.14317476406221,-6.15510280316236
train1,held_out,201503,Intermediate,37363,13012,34.825897278055834,35.89279893153188,41.04295050882948,-5.150151577297601
train1,held_out,201503,Latest,37363,11629,31.124374381072183,31.75760607941132,36.64508466213666,-4.887478582725341
train1,held_out,201503,Combined,37363,23771,63.62176484757648,64.8391912027382,71.20207971193756,-6.362888509199349
train1,held_out,201504,Early,35142,9122,25.957543679927152,26.79337128115682,33.14317476406221,-6.349803482905392
train1,held_out,201504,Intermediate,35142,12311,35.03215525581925,36.01579520745836,41.04295050882948,-5.027155301371117
train1,held_out,201504,Latest,35142,10943,31.139377383188208,31.70036519880073,36.64508466213666,-4.944719463335934
train1,held_out,201504,Combined,35142,22260,63.34300836605771,64.49740825583358,71.20207971193756,-6.704671456103983
train1,held_out,201505,Early,33309,8735,26.22414362484614,27.05905591603524,33.14317476406221,-6.084118848026971
train1,held_out,201505,Intermediate,33309,11713,35.164670209252755,36.15539073961495,41.04295050882948,-4.887559769214528
train1,held_out,201505,Latest,33309,10484,31.4749767330151,32.0930385864142,36.64508466213666,-4.55204607572246
train1,held_out,201505,Combined,33309,21202,63.65246630039929,64.74420754087316,71.20207971193756,-6.457872171064394
train1,held_out,201506,Early,36888,9799,26.56419431793537,27.455642190885104,33.14317476406221,-5.687532573177107
train1,held_out,201506,Intermediate,36888,12813,34.734873129473,35.94450640477959,41.04295050882948,-5.098444104049888
train1,held_out,201506,Latest,36888,11296,30.622424636738234,31.234417285615677,36.64508466213666,-5.410667376520983
train1,held_out,201506,Combined,36888,23408,63.45695076989807,64.73725867713054,71.20207971193756,-6.464821034807022
train1,held_out,201507,Early,35806,9462,26.42573870301067,27.26977951611824,33.14317476406221,-5.873395247943969
train1,held_out,201507,Intermediate,35806,12501,34.913143048651065,35.83963388878649,41.04295050882948,-5.203316620042991
train1,held_out,201507,Latest,35806,11205,31.29363793777579,31.825601016990234,36.64508466213666,-4.819483645146427
train1,held_out,201507,Combined,35806,22907,63.97531140032397,65.07143218741373,71.20207971193756,-6.130647524523825
train1,held_out,201508,Early,33417,8805,26.348864350480294,27.16599987781329,33.14317476406221,-5.97717488624892
train1,held_out,201508,Intermediate,33417,11806,35.32932339827034,36.380102634903686,41.04295050882948,-4.662847873925791
train1,held_out,201508,Latest,33417,10599,31.717389352724663,32.28180193340123,36.64508466213666,-4.363282728735429
train1,held_out,201508,Combined,33417,21458,64.21282580722387,65.3853585358754,71.20207971193756,-5.816721176062156
train1,held_out,201509,Early,35171,9374,26.65263995905718,27.407238022934727,33.14317476406221,-5.735936741127484
train1,held_out,201509,Intermediate,35171,12426,35.33024366665719,36.23909583702139,41.04295050882948,-4.803854671808089
train1,held_out,201509,Latest,35171,11058,31.44067555656649,31.886644279092252,36.64508466213666,-4.75844038304441
train1,held_out,201509,Combined,35171,22598,64.2517983566006,65.27551895715428,71.20207971193756,-5.926560754783283
train1,held_out,201510,Early,35584,9588,26.944694244604317,27.75395280836187,33.14317476406221,-5.389221955700341
train1,held_out,201510,Intermediate,35584,12408,34.86960431654676,35.82671121859318,41.04295050882948,-5.216239290236296
train1,held_out,201510,Latest,35584,11216,31.519784172661872,32.0424042655457,36.64508466213666,-4.602680396590964
train1,held_out,201510,Combined,35584,22769,63.986623201438846,65.05376552894295,71.20207971193756,-6.148314182994619
train1,held_out,201511,Early,33450,9172,27.42002989536622,28.130502456237526,33.14317476406221,-5.012672307824683
train1,held_out,201511,Intermediate,33450,11946,35.71300448430493,36.62260533927928,41.04295050882948,-4.420345169550194
train1,held_out,201511,Latest,33450,10892,32.56203288490284,33.09340711737094,36.64508466213666,-3.5516775447657247
train1,held_out,201511,Combined,33450,21781,65.1150971599402,66.1017716241067,71.20207971193756,-5.100308087830852
train1,held_out,201512,Early,35156,9526,27.09637046307885,27.86944528438261,33.14317476406221,-5.2737294796796
train1,held_out,201512,Intermediate,35156,12391,35.245761747639094,36.15857145779291,41.04295050882948,-4.88437905103657
train1,held_out,201512,Latest,35156,11092,31.550802139037433,32.02683201339397,36.64508466213666,-4.618252648742688
train1,held_out,201512,Combined,35156,22600,64.28490158152236,65.24395150812886,71.20207971193756,-5.958128203808699
train1,held_out,201601,Early,33640,9142,27.175980975029727,28.035792995440072,33.14317476406221,-5.107381768622138
train1,held_out,201601,Intermediate,33640,11915,35.41914387633769,36.43784105647788,41.04295050882948,-4.605109452351602
train1,held_out,201601,Latest,33640,10846,32.241379310344826,32.82705713610788,36.64508466213666,-3.8180275260287777
train1,held_out,201601,Combined,33640,21774,64.72651605231867,65.876345396683,71.20207971193756,-5.32573431525456
train1,held_out,201602,Early,36039,9934,27.564582813063627,28.40914220618017,33.14317476406221,-4.73403255788204
train1,held_out,201602,Intermediate,36039,12802,35.522628263825304,36.473732239722466,41.04295050882948,-4.569218269107012
train1,held_out,201602,Latest,36039,11621,32.2456227975249,32.780572738390454,36.64508466213666,-3.8645119237462113
train1,held_out,201602,Combined,36039,23460,65.09614584200449,66.16957508856875,71.20207971193756,-5.032504623368805
train1,held_out,201603,Early,38898,10569,27.171062779577355,27.96284569704503,33.14317476406221,-5.180329067017181
train1,held_out,201603,Intermediate,38898,14220,36.55714946783896,37.510408873106634,41.04295050882948,-3.532541635722847
train1,held_out,201603,Latest,38898,12405,31.89109979947555,32.41983290452599,36.64508466213666,-4.225251757610671
train1,held_out,201603,Combined,38898,25245,64.90050902360018,65.97776166416031,71.20207971193756,-5.224318047777254
train1,held_out,201604,Early,35845,9841,27.45431719905147,28.194230427123664,33.14317476406221,-4.948944336938549
train1,held_out,201604,Intermediate,35845,12986,36.228204770539826,37.105073130788014,41.04295050882948,-3.9378773780414655
train1,held_out,201604,Latest,35845,11598,32.35597712372716,32.80269466213985,36.64508466213666,-3.842389999996815
train1,held_out,201604,Combined,35845,23385,65.23922443855488,66.1918717808916,71.20207971193756,-5.010207931045962
train1,held_out,201605,Early,36140,9946,27.520752628666298,28.222498735256984,33.14317476406221,-4.920676028805227
train1,held_out,201605,Intermediate,36140,12978,35.910348644161594,36.73967550071772,41.04295050882948,-4.303275008111757
train1,held_out,201605,Latest,36140,11727,32.448810182623134,32.880109592390205,36.64508466213666,-3.764975069746457
train1,held_out,201605,Combined,36140,23528,65.10237963475373,65.98779568578554,71.20207971193756,-5.214284026152017
train1,held_out,201606,Early,38983,10700,27.447861888515508,28.345799732990567,33.14317476406221,-4.797375031071644
train1,held_out,201606,Intermediate,38983,14058,36.061873124182334,37.08386819675816,41.04295050882948,-3.959082312071321
train1,held_out,201606,Latest,38983,12592,32.30125952338199,32.91922329738669,36.64508466213666,-3.725861364749977
train1,held_out,201606,Combined,38983,25429,65.23099812738886,66.43209006055905,71.20207971193756,-4.7699896513785145
train1,held_out,201607,Early,35852,10031,27.978913310275576,28.73785872232979,33.14317476406221,-4.405316041732421
train1,held_out,201607,Intermediate,35852,13022,36.32154412585072,37.283998497105806,41.04295050882948,-3.758952011723676
train1,held_out,201607,Latest,35852,11573,32.279928595336386,32.7997043930928,36.64508466213666,-3.845380269043858
train1,held_out,201607,Combined,35852,23459,65.43289077317863,66.52602170827484,71.20207971193756,-4.676058003662719
train1,held_out,201608,Early,37747,10435,27.644581026306728,28.3665854304799,33.14317476406221,-4.77658933358231
train1,held_out,201608,Intermediate,37747,13478,35.706148833019846,36.53918649128037,41.04295050882948,-4.503764017549111
train1,held_out,201608,Latest,37747,12507,33.13375897422312,33.56745600076664,36.64508466213666,-3.0776286613700243
train1,held_out,201608,Combined,37747,24671,65.35883646382494,66.29394763823338,71.20207971193756,-4.908132073704186
train1,held_out,201609,Early,36558,10065,27.531593632036763,28.32768481756317,33.14317476406221,-4.81548994649904
train1,held_out,201609,Intermediate,36558,13298,36.37507522293342,37.263758010392436,41.04295050882948,-3.779192498437045
train1,held_out,201609,Latest,36558,11972,32.747962142349145,33.2782801463688,36.64508466213666,-3.3668045157678628
train1,held_out,201609,Combined,36558,23950,65.51233656108103,66.58537386832847,71.20207971193756,-4.616705843609081
train1,held_out,201610,Early,35774,10047,28.084642477777155,28.815129247278836,33.14317476406221,-4.328045516783375
train1,held_out,201610,Intermediate,35774,12772,35.70190641247834,36.53673742227774,41.04295050882948,-4.506213086551742
train1,held_out,201610,Latest,35774,11793,32.96528204841505,33.494664211841005,36.64508466213666,-3.15042045029566
train1,held_out,201610,Combined,35774,23448,65.54480907921955,66.54833476928412,71.20207971193756,-4.653744942653438
train1,held_out,201611,Early,35837,9963,27.800876189413177,28.602179832025616,33.14317476406221,-4.540994932036596
train1,held_out,201611,Intermediate,35837,12999,36.27256745821358,37.252603320324646,41.04295050882948,-3.7903471885048337
train1,held_out,201611,Latest,35837,11706,32.66456455618495,33.19939910534696,36.64508466213666,-3.4456855567897016
train1,held_out,201611,Combined,35837,23523,65.63886486033988,66.72747006196067,71.20207971193756,-4.474609649976891
train1,held_out,201612,Early,34382,9713,28.250247222383805,29.005490257422295,33.14317476406221,-4.137684506639916
train1,held_out,201612,Intermediate,34382,12507,36.376592403001574,37.264634505987644,41.04295050882948,-3.7783160028418363
train1,held_out,201612,Latest,34382,11298,32.86021755569775,33.329599993374686,36.64508466213666,-3.3154846687619752
train1,held_out,201612,Combined,34382,22606,65.74952009772555,66.74089165723612,71.20207971193756,-4.461188054701449
train1,held_out,201701,Early,35437,9953,28.086463301069504,28.934138553936243,33.14317476406221,-4.209036210125966
train1,held_out,201701,Intermediate,35437,12998,36.679177131247,37.62363400055105,41.04295050882948,-3.4193165082784303
train1,held_out,201701,Latest,35437,11852,33.445269069052124,34.010281922999596,36.64508466213666,-2.6348027391370654
train1,held_out,201701,Combined,35437,23531,66.4023478285408,67.5600084010917,71.20207971193756,-3.6420713108458735
train1,held_out,201702,Early,35614,10271,28.839782108159714,29.463912512454097,33.14317476406221,-3.6792622516081117
train1,held_out,201702,Intermediate,35614,13168,36.97422361992475,37.739741979508295,41.04295050882948,-3.303208529321183
train1,held_out,201702,Latest,35614,11835,33.231313528387716,33.7270590897118,36.64508466213666,-2.9180255724248596
train1,held_out,201702,Combined,35614,23722,66.60863705284439,67.53018001106662,71.20207971193756,-3.6718997008709398
train1,held_out,201703,Early,40919,11725,28.654170434272586,29.389967255164457,33.14317476406221,-3.753207508897755
train1,held_out,201703,Intermediate,40919,15059,36.80197463281117,37.57117187911449,41.04295050882948,-3.4717786297149944
train1,held_out,201703,Latest,40919,13653,33.36591803318752,33.84944744719955,36.64508466213666,-2.7956372149371136
train1,held_out,201703,Combined,40919,27126,66.29194261834355,67.24622201158792,71.20207971193756,-3.955857700349641
train1,held_out,201704,Early,35727,10151,28.412685084110056,29.037663511810052,33.14317476406221,-4.105511252252159
train1,held_out,201704,Intermediate,35727,13179,36.888067847846166,37.607879024633554,41.04295050882948,-3.435071484195923
train1,held_out,201704,Latest,35727,11872,33.22977020180816,33.7137107752205,36.64508466213666,-2.9313738869161607
train1,held_out,201704,Combined,35727,23676,66.26920816189437,67.15252596358415,71.20207971193756,-4.049553748353407
train1,held_out,201705,Early,37957,10794,28.437442368996496,29.061518834481454,33.14317476406221,-4.081655929580758
train1,held_out,201705,Intermediate,37957,14046,37.005032009905946,37.72356754513882,41.04295050882948,-3.319382963690659
train1,held_out,201705,Latest,37957,12543,33.045288089153516,33.52228613498071,36.64508466213666,-3.1227985271559513
train1,held_out,201705,Combined,37957,25272,66.58060436810075,67.46367091105692,71.20207971193756,-3.7384088008806327
train1,held_out,201706,Early,39260,11465,29.202750891492613,29.798114808421726,33.14317476406221,-3.3450599556404836
train1,held_out,201706,Intermediate,39260,14583,37.14467651553744,37.806337612326345,41.04295050882948,-3.2366128965031327
train1,held_out,201706,Latest,39260,13140,33.469179826795724,33.83591217311575,36.64508466213666,-2.809172489020911
train1,held_out,201706,Combined,39260,26267,66.90524707080999,67.65413202858846,71.20207971193756,-3.5479476833490953
train1,held_out,201707,Early,38780,11233,28.965961835997938,29.58648310058517,33.14317476406221,-3.5566916634770407
train1,held_out,201707,Intermediate,38780,14598,37.64311500773594,38.32112926870092,41.04295050882948,-2.721821240128558
train1,held_out,201707,Latest,38780,13163,33.94275399690562,34.3360016656614,36.64508466213666,-2.3090829964752646
train1,held_out,201707,Combined,38780,26093,67.28468282619907,68.03177568482316,71.20207971193756,-3.170304027114401
train1,held_out,201708,Early,38318,11217,29.27344850983872,29.817079186254343,33.14317476406221,-3.3260955778078696
train1,held_out,201708,Intermediate,38318,14527,37.91168641369591,38.528741258229374,41.04295050882948,-2.514209250600108
train1,held_out,201708,Latest,38318,13064,34.093637454981994,34.45280173860967,36.64508466213666,-2.192282923526989
train1,held_out,201708,Combined,38318,25827,67.40174330601806,68.08714098637526,71.20207971193756,-3.1149387255622996
train1,held_out,201709,Early,38084,11179,29.35353429261632,29.836897648278892,33.14317476406221,-3.306277115783318
train1,held_out,201709,Intermediate,38084,14270,37.469803592059655,37.97266697995197,41.04295050882948,-3.0702835288775154
train1,held_out,201709,Latest,38084,12872,33.798970696355426,34.07987345264895,36.64508466213666,-2.5652112094877166
train1,held_out,201709,Combined,38084,25523,67.01764520533557,67.54449709952962,71.20207971193756,-3.657582612407939
train1,held_out,201710,Early,36888,10759,29.166666666666668,29.62769587114023,33.14317476406221,-3.5154788929219807
train1,held_out,201710,Intermediate,36888,14071,38.145196269789636,38.67774314525943,41.04295050882948,-2.3652073635700486
train1,held_out,201710,Latest,36888,12514,33.924311429191064,34.19637108415494,36.64508466213666,-2.4487135779817204
train1,held_out,201710,Combined,36888,24879,67.44469746258946,68.00443614455705,71.20207971193756,-3.197643567380515
train1,held_out,201711,Early,38632,11401,29.511803686063367,29.947608646191583,33.14317476406221,-3.1955661178706296
train1,held_out,201711,Intermediate,38632,14681,38.0021743632222,38.50100293456772,41.04295050882948,-2.541947574261755
train1,held_out,201711,Latest,38632,13061,33.80875957755229,34.10069064179913,36.64508466213666,-2.5443940203375313
train1,held_out,201711,Combined,38632,26143,67.67187823565956,68.21095342813072,71.20207971193756,-2.991126283806844
train1,held_out,201712,Early,38091,11257,29.55291276154472,29.895123588393723,33.14317476406221,-3.248051175668487
train1,held_out,201712,Intermediate,38091,14448,37.93021973694574,38.321336139489226,41.04295050882948,-2.721614369340253
train1,held_out,201712,Latest,38091,12896,33.85576645401801,34.08612816429533,36.64508466213666,-2.55895649784133
train1,held_out,201712,Combined,38091,25681,67.42012548896065,67.82956192926181,71.20207971193756,-3.3725177826757435
train1,held_out,201801,Early,36357,10653,29.301097450284676,29.876662268120945,33.14317476406221,-3.266512495941265
train1,held_out,201801,Intermediate,36357,13668,37.59386087961053,38.3042785342769,41.04295050882948,-2.738671974552581
train1,held_out,201801,Latest,36357,12555,34.532552190774815,34.895994096018114,36.64508466213666,-1.7490905661185496
train1,held_out,201801,Combined,36357,24655,67.81362598674258,68.53626790296103,71.20207971193756,-2.665811808976526
train1,held_out,201802,Early,39512,11611,29.38600931362624,29.863454330070983,33.14317476406221,-3.279720433991229
train1,held_out,201802,Intermediate,39512,15013,37.99605183235473,38.492094251499225,41.04295050882948,-2.5508562573302527
train1,held_out,201802,Latest,39512,13452,34.045353310386716,34.352833898812854,36.64508466213666,-2.292250763323805
train1,held_out,201802,Combined,39512,26648,67.44280218667747,67.96482808378998,71.20207971193756,-3.237251628147575
train1,held_out,201803,Early,42061,12651,30.077744228620336,30.430844088404392,33.14317476406221,-2.71233067565782
train1,held_out,201803,Intermediate,42061,16011,38.06614203181094,38.44859236028363,41.04295050882948,-2.5943581485458553
train1,held_out,201803,Latest,42061,14342,34.0980956230237,34.319023242611266,36.64508466213666,-2.3260614195253937
train1,held_out,201803,Combined,42061,28579,67.9465538146977,68.35032517770249,71.20207971193756,-2.8517545342350736
train1,held_out,201804,Early,38800,11790,30.38659793814433,30.710247044553242,33.14317476406221,-2.4329277195089705
train1,held_out,201804,Intermediate,38800,14936,38.49484536082474,38.8444935795405,41.04295050882948,-2.1984569292889833
train1,held_out,201804,Latest,38800,13678,35.25257731958763,35.435652751308986,36.64508466213666,-1.209431910827674
train1,held_out,201804,Combined,38800,26633,68.6417525773196,68.9943503708145,71.20207971193756,-2.2077293411230547
train1,held_out,201805,Early,39951,12026,30.101874796625868,30.475787975625835,33.14317476406221,-2.6673867884363767
train1,held_out,201805,Intermediate,39951,15282,38.2518585266952,38.65816301706302,41.04295050882948,-2.38478749176646
train1,held_out,201805,Latest,39951,13986,35.007884658706914,35.23193212491172,36.64508466213666,-1.4131525372249376
train1,held_out,201805,Combined,39951,27289,68.30617506445395,68.71212311035022,71.20207971193756,-2.48995660158734
train1,held_out,201806,Early,39940,12098,30.29043565348022,30.6396351489316,33.14317476406221,-2.503539615130612
train1,held_out,201806,Intermediate,39940,15467,38.72558838257386,39.09704327276047,41.04295050882948,-1.9459072360690055
train1,held_out,201806,Latest,39940,13942,34.907361041562346,35.11432620241841,36.64508466213666,-1.530758459718251
train1,held_out,201806,Combined,39940,27451,68.73059589384076,69.11557710650553,71.20207971193756,-2.086502605432039
train1,held_out,201807,Early,39497,11879,30.07570195204699,30.346477211425775,33.14317476406221,-2.7966975526364344
train1,held_out,201807,Intermediate,39497,15334,38.82320176215915,39.15693319451207,41.04295050882948,-1.8860173143174064
train1,held_out,201807,Latest,39497,13885,35.15456870142036,35.31913442097882,36.64508466213666,-1.3259502411578417
train1,held_out,201807,Combined,39497,27113,68.6457199280958,68.95661610904703,71.20207971193756,-2.2454636028905295
train1,held_out,201808,Early,39834,12256,30.76768589647035,31.045295947199737,33.14317476406221,-2.097878816862475
train1,held_out,201808,Intermediate,39834,15442,38.765878395340664,39.056966440267324,41.04295050882948,-1.9859840685621521
train1,held_out,201808,Latest,39834,14020,35.196063664206456,35.37314505877232,36.64508466213666,-1.271939603364336
train1,held_out,201808,Combined,39834,27354,68.66998041873777,68.96601424257321,71.20207971193756,-2.2360654693643456
train1,held_out,201809,Early,39123,12005,30.685274646627303,30.96051918556863,33.14317476406221,-2.1826555784935806
train1,held_out,201809,Intermediate,39123,15097,38.58855404749124,38.894305917590685,41.04295050882948,-2.1486445912387966
train1,held_out,201809,Latest,39123,13858,35.421618996498225,35.61364923931034,36.64508466213666,-1.0314354228263212
train1,held_out,201809,Combined,39123,26977,68.95432354369552,69.2621900946896,71.20207971193756,-1.9398896172479585
train1,held_out,201810,Early,42863,13280,30.98243240090521,31.261108684606516,33.14317476406221,-1.8820660794556965
train1,held_out,201810,Intermediate,42863,16526,38.555397429018036,38.84213838332033,41.04295050882948,-2.2008121255091497
train1,held_out,201810,Latest,42863,15011,35.02088047966778,35.188541204020076,36.64508466213666,-1.4565434581165881
train1,held_out,201810,Combined,42863,29515,68.85892261390943,69.14644814625326,71.20207971193756,-2.0556315656842905
train1,held_out,201811,Early,40490,12661,31.269449246727586,31.410209744162337,33.14317476406221,-1.7329650198998736
train1,held_out,201811,Intermediate,40490,15773,38.955297604346754,39.11653761316477,41.04295050882948,-1.926412895664703
train1,held_out,201811,Latest,40490,14062,34.72956285502593,34.806780143243024,36.64508466213666,-1.8383045188936409
train1,held_out,201811,Combined,40490,27904,68.91578167448753,69.05386194960374,71.20207971193756,-2.148217762333815
train1,held_out,201812,Early,37557,11672,31.078094629496498,31.38894176843045,33.14317476406221,-1.7542329956317604
train1,held_out,201812,Intermediate,37557,14631,38.95678568575765,39.27617812927164,41.04295050882948,-1.766772379557835
train1,held_out,201812,Latest,37557,13289,35.383550336821365,35.571021351020825,36.64508466213666,-1.074063311115836
train1,held_out,201812,Combined,37557,26001,69.23076923076923,69.5900608329035,71.20207971193756,-1.6120188790340495
train1,held_out,201901,Early,41790,12962,31.016989710457047,31.14741680904423,33.14317476406221,-1.9957579550179794
train1,held_out,201901,Intermediate,41790,16477,39.42809284517827,39.55395525227797,41.04295050882948,-1.4889952565515063
train1,held_out,201901,Latest,41790,14703,35.18305814788227,35.25281889447677,36.64508466213666,-1.3922657676598948
train1,held_out,201901,Combined,41790,28900,69.1553003110792,69.28556295015807,71.20207971193756,-1.9165167617794965
train1,held_out,201902,Early,40337,12659,31.383097404368197,31.572365691345333,33.14317476406221,-1.5708090727168778
train1,held_out,201902,Intermediate,40337,15829,39.24188710117262,39.44852529156064,41.04295050882948,-1.5944252172688356
train1,held_out,201902,Latest,40337,14417,35.74137888291147,35.840015501569596,36.64508466213666,-0.8050691605670679
train1,held_out,201902,Combined,40337,28081,69.61598532364826,69.80172240966223,71.20207971193756,-1.4003573022753235
train1,held_out,201903,Early,42597,13486,31.65950653801911,31.786243939509166,33.14317476406221,-1.3569308245530431
train1,held_out,201903,Intermediate,42597,16771,39.37131722891284,39.51433224096637,41.04295050882948,-1.5286182678631133
train1,held_out,201903,Latest,42597,15259,35.8217714862549,35.90339824333554,36.64508466213666,-0.7416864188011241
train1,held_out,201903,Combined,42597,29782,69.9157217644435,70.05954983993831,71.20207971193756,-1.1425298719992538
train1,held_out,201904,Early,41681,13128,31.49636525035388,31.627566035281205,33.14317476406221,-1.5156087287810038
train1,held_out,201904,Intermediate,41681,16390,39.32247306926417,39.47878208594389,41.04295050882948,-1.5641684228855868
train1,held_out,201904,Latest,41681,14944,35.853266476332145,35.928463429130645,36.64508466213666,-0.7166212330060207
train1,held_out,201904,Combined,41681,29056,69.71041961565221,69.86408541553523,71.20207971193756,-1.337994296402334
train1,held_out,201905,Early,43340,13702,31.61513613290263,31.627539608297635,33.14317476406221,-1.5156351557645775
train1,held_out,201905,Intermediate,43340,17287,39.886940470696814,39.90376952901145,41.04295050882948,-1.139180979818033
train1,held_out,201905,Latest,43340,15497,35.75680664513152,35.758966362427834,36.64508466213666,-0.8861182997088268
train1,held_out,201905,Combined,43340,30230,69.75080756806645,69.75494806865382,71.20207971193756,-1.44713164328375
train1,held_out,201906,Early,41344,13219,31.973200464396285,32.11654894488005,33.14317476406221,-1.0266258191821587
train1,held_out,201906,Intermediate,41344,16482,39.8655185758514,40.02450306684998,41.04295050882948,-1.0184474419794975
train1,held_out,201906,Latest,41344,14897,36.03183049535604,36.12078940011581,36.64508466213666,-0.5242952620208519
train1,held_out,201906,Combined,41344,28957,70.03918343653251,70.2007451677309,71.20207971193756,-1.0013345442066668
train1,held_out,201907,Early,44364,14030,31.624740780813273,31.836457615766335,33.14317476406221,-1.3067171482958773
train1,held_out,201907,Intermediate,44364,17826,40.18122802272112,40.39330409217316,41.04295050882948,-0.6496464166563187
train1,held_out,201907,Latest,44364,16055,36.18925254711027,36.31266410387834,36.64508466213666,-0.33242055825832284
train1,held_out,201907,Combined,44364,31190,70.30475160039671,70.54988006290853,71.20207971193756,-0.6521996490290283
train1,held_out,201908,Early,41537,13350,32.140019741435346,32.260996321040984,33.14317476406221,-0.8821784430212254
train1,held_out,201908,Intermediate,41537,16672,40.1377085490045,40.28408736435234,41.04295050882948,-0.7588631444771399
train1,held_out,201908,Latest,41537,15177,36.538507836386835,36.62005445246708,36.64508466213666,-0.025030209669579806
train1,held_out,201908,Combined,41537,29209,70.32043720056816,70.48978348627574,71.20207971193756,-0.7122962256618126
train1,held_out,201909,Early,38999,12414,31.831585425267313,32.03730054852178,33.14317476406221,-1.1058742155404366
train1,held_out,201909,Intermediate,38999,15523,39.80358470730019,40.00374506740985,41.04295050882948,-1.0392054414196272
train1,held_out,201909,Latest,38999,14127,36.22400574373702,36.3313460162361,36.64508466213666,-0.31373864590056866
train1,held_out,201909,Combined,38999,27349,70.1274391651068,70.35847136850816,71.20207971193756,-0.8436083434294028
train1,held_out,201910,Early,41882,13456,32.128360632252516,32.23509453973102,33.14317476406221,-0.908080224331187
train1,held_out,201910,Intermediate,41882,16488,39.3677474810181,39.48359895831602,41.04295050882948,-1.5593515505134548
train1,held_out,201910,Latest,41882,15273,36.466739888257486,36.54446190544295,36.64508466213666,-0.10062275669371346
train1,held_out,201910,Combined,41882,29294,69.94412874265794,70.0927436219747,71.20207971193756,-1.1093360899628535
train1,held_out,201911,Early,44230,14287,32.301605245308615,32.209505392475045,33.14317476406221,-0.9336693715871647
train1,held_out,201911,Intermediate,44230,17888,40.4431381415329,40.34593096318148,41.04295050882948,-0.6970195456479977
train1,held_out,201911,Latest,44230,16142,36.49559122767352,36.45674470113333,36.64508466213666,-0.18833996100333095
train1,held_out,201911,Combined,44230,31263,70.68279448338232,70.5710217494368,71.20207971193756,-0.6310579625007695
train1,held_out,201912,Early,44056,14355,32.58353005266025,32.513831474447194,33.14317476406221,-0.6293432896150142
train1,held_out,201912,Intermediate,44056,17783,40.364536045033596,40.28830467427797,41.04295050882948,-0.7546458345515095
train1,held_out,201912,Latest,44056,15840,35.954240058107864,35.890666919994906,36.64508466213666,-0.7544177421417553
train1,held_out,201912,Combined,44056,30956,70.2651171236608,70.15100708622413,71.20207971193756,-1.051072625713434
train1,held_out,202001,Early,44611,14439,32.36645670350362,32.3139077280863,33.14317476406221,-0.8292670359759113
train1,held_out,202001,Intermediate,44611,17917,40.16274013135774,40.108500671295225,41.04295050882948,-0.9344498375342569
train1,held_out,202001,Latest,44611,16302,36.54255676851001,36.50640401633451,36.64508466213666,-0.13868064580215278
train1,held_out,202001,Combined,44611,31498,70.60590437336083,70.53632543573661,71.20207971193756,-0.6657542762009472
train1,held_out,202002,Early,43106,13884,32.208973228784856,32.20557506366267,33.14317476406221,-0.9375997003995384
train1,held_out,202002,Intermediate,43106,17319,40.17770148007238,40.18097729594744,41.04295050882948,-0.861973212882039
train1,held_out,202002,Latest,43106,15835,36.73502528650304,36.753494193853335,36.64508466213666,0.10840953171667445
train1,held_out,202002,Combined,43106,30446,70.63053867211062,70.64417481539189,71.20207971193756,-0.557904896545669
train1,held_out,202003,Early,44282,14542,32.839528476581904,32.89105901785307,33.14317476406221,-0.25211574620914723
train1,held_out,202003,Intermediate,44282,17829,40.2624091052798,40.32704841526183,41.04295050882948,-0.7159020935676497
train1,held_out,202003,Latest,44282,16029,36.19755205275281,36.24303782807024,36.64508466213666,-0.4020468340664163
train1,held_out,202003,Combined,44282,31267,70.60882525631182,70.70302430232765,71.20207971193756,-0.49905540960990535
train1,held_out,202004,Early,45875,14939,32.56457765667575,32.731661526305864,33.14317476406221,-0.4115132377563502
train1,held_out,202004,Intermediate,45875,18487,40.29863760217984,40.483128622459866,41.04295050882948,-0.5598218863696158
train1,held_out,202004,Latest,45875,16737,36.48392370572207,36.59739560488781,36.64508466213666,-0.047689057248856415
train1,held_out,202004,Combined,45875,32481,70.8032697547684,71.02577306257665,71.20207971193756,-0.17630664936091334
train1,held_out,202005,Early,48492,15852,32.68992823558525,32.74977471380657,33.14317476406221,-0.39340005025563785
train1,held_out,202005,Intermediate,48492,19900,41.03769693970139,41.101418903087996,41.04295050882948,0.058468394258520684
train1,held_out,202005,Latest,48492,17420,35.92345129093459,35.977787940923264,36.64508466213666,-0.6672967212133951
train1,held_out,202005,Combined,48492,34487,71.11894745525035,71.2191971710821,71.20207971193756,0.017117459144544434
train1,held_out,202006,Early,52948,17585,33.2118304751832,33.36104391570621,33.14317476406221,0.21786915164400122
train1,held_out,202006,Intermediate,52948,21826,41.22157588577472,41.3903166460172,41.04295050882948,0.34736613718772125
train1,held_out,202006,Latest,52948,19192,36.24688373498527,36.348376269605254,36.64508466213666,-0.29670839253140846
train1,held_out,202006,Combined,52948,37692,71.18682480924681,71.38283604334254,71.20207971193756,0.18075633140497427
train1,held_out,202007,Early,54758,18346,33.50378026954966,33.584438143262005,33.14317476406221,0.44126337919979663
train1,held_out,202007,Intermediate,54758,22793,41.62496804119946,41.709842782105724,41.04295050882948,0.6668922732762428
train1,held_out,202007,Latest,54758,19939,36.412944227327515,36.441470451162665,36.64508466213666,-0.2036142109739958
train1,held_out,202007,Combined,54758,39199,71.58588699368129,71.66697652583889,71.20207971193756,0.46489681390132764
train1,held_out,202008,Early,50427,17026,33.76365835762587,33.666721145280746,33.14317476406221,0.523546381218537
train1,held_out,202008,Intermediate,50427,21088,41.81886687687152,41.71357591558844,41.04295050882948,0.6706254067589623
train1,held_out,202008,Latest,50427,18489,36.6648819085014,36.61941486048048,36.64508466213666,-0.025669801656180713
train1,held_out,202008,Combined,50427,36237,71.86031292759832,71.74959412674937,71.20207971193756,0.5475144148118116
train1,held_out,202009,Early,54131,18361,33.91956549851287,33.87422962197056,33.14317476406221,0.731054857908342
train1,held_out,202009,Intermediate,54131,22747,42.02213149581571,41.978909173384146,41.04295050882948,0.9359586645546702
train1,held_out,202009,Latest,54131,20102,37.135837135837136,37.111643340022994,36.64508466213666,0.46655867788633065
train1,held_out,202009,Combined,54131,38997,72.04189835768783,71.98868582279395,71.20207971193756,0.7866061108563915
train1,held_out,202010,Early,53797,18739,34.83279736788297,34.61548283530228,33.14317476406221,1.4723080712400693
train1,held_out,202010,Intermediate,53797,22870,42.51166421919438,42.3004936117775,41.04295050882948,1.2575431029480222
train1,held_out,202010,Latest,53797,20096,37.355242857408406,37.24094919048897,36.64508466213666,0.5958645283523079
train1,held_out,202010,Combined,53797,39181,72.83119876573043,72.60836299850737,71.20207971193756,1.4062832865698205
train1,held_out,202011,Early,50811,17487,34.41577611147193,34.23193708730222,33.14317476406221,1.0887623232400112
train1,held_out,202011,Intermediate,50811,21614,42.53803310306823,42.346176242424235,41.04295050882948,1.303225733594754
train1,held_out,202011,Latest,50811,18962,37.31869083466179,37.206172323702944,36.64508466213666,0.5610876615662785
train1,held_out,202011,Combined,50811,36896,72.61419771309362,72.42121090879203,71.20207971193756,1.2191311968544727
train1,held_out,202012,Early,49668,17215,34.66014335185633,34.543676905338685,33.14317476406221,1.4005021412764718
train1,held_out,202012,Intermediate,49668,21055,42.39147942337119,42.26899532481285,41.04295050882948,1.2260448159833681
train1,held_out,202012,Latest,49668,18638,37.52516710960779,37.473016565212134,36.64508466213666,0.8279319030754739
train1,held_out,202012,Combined,49668,36081,72.64435854071031,72.53505633440503,71.20207971193756,1.3329766224674633
train1,held_out,202101,Early,55562,19206,34.566790252330726,34.30713264704852,33.14317476406221,1.163957882986305
train1,held_out,202101,Intermediate,55562,23778,42.795435729455384,42.52085712429911,41.04295050882948,1.4779066154696374
train1,held_out,202101,Latest,55562,20678,37.216082934379614,37.08722157986843,36.64508466213666,0.44213691773176134
train1,held_out,202101,Combined,55562,40405,72.72056441452791,72.44599003143809,71.20207971193756,1.2439103195005297
train1,held_out,202102,Early,52494,18518,35.2764125423858,34.968825880325745,33.14317476406221,1.8256511162635325
train1,held_out,202102,Intermediate,52494,22596,43.044919419362216,42.73295210369789,41.04295050882948,1.6900015948684122
train1,held_out,202102,Latest,52494,19883,37.876709719206005,37.731717151616834,36.64508466213666,1.0866324894801715
train1,held_out,202102,Combined,52494,38563,73.46172895950014,73.17536721953421,71.20207971193756,1.9732875075966438
train1,held_out,202103,Early,59368,21102,35.54440102412074,35.325133092916,33.14317476406221,2.1819583288537836
train1,held_out,202103,Intermediate,59368,25518,42.98275165072093,42.77740129527391,41.04295050882948,1.7344507864444358
train1,held_out,202103,Latest,59368,22678,38.19902978035305,38.109533096432266,36.64508466213666,1.4644484342956066
train1,held_out,202103,Combined,59368,43606,73.4503436194583,73.26734700221357,71.20207971193756,2.065267290276007
train1,held_out,202104,Early,52477,18613,35.468872077291,35.2043136131335,33.14317476406221,2.0611388490712867
train1,held_out,202104,Intermediate,52477,22504,42.88354898336414,42.58614510480685,41.04295050882948,1.5431945959773763
train1,held_out,202104,Latest,52477,19864,37.852773596051605,37.68611207509915,36.64508466213666,1.041027412962492
train1,held_out,202104,Combined,52477,38257,72.90241439106656,72.59348502817207,71.20207971193756,1.3914053162345064
train1,held_out,202105,Early,54541,19377,35.52740140444803,35.285671204077076,33.14317476406221,2.1424964400148685
train1,held_out,202105,Intermediate,54541,23815,43.66439925927284,43.411065362515835,41.04295050882948,2.368114853686354
train1,held_out,202105,Latest,54541,20818,38.16945050512459,38.03487567094824,36.64508466213666,1.389791008811575
train1,held_out,202105,Combined,54541,40157,73.62717955299682,73.38297151175419,71.20207971193756,2.180891799816631
train1,held_out,202106,Early,56798,20260,35.67027007993239,35.4098614911097,33.14317476406221,2.2666867270474897
train1,held_out,202106,Intermediate,56798,24650,43.399415472375786,43.12859320600811,41.04295050882948,2.0856426971786304
train1,held_out,202106,Latest,56798,21847,38.46438254868129,38.2896839040974,36.64508466213666,1.644599241960737
train1,held_out,202106,Combined,56798,41784,73.56597063276875,73.27034241915516,71.20207971193756,2.068262707217594
train1,held_out,202107,Early,55461,20129,36.293972340924256,35.97269138168356,33.14317476406221,2.829516617621347
train1,held_out,202107,Intermediate,55461,24219,43.668523827554495,43.32526761177522,41.04295050882948,2.2823171029457354
train1,held_out,202107,Latest,55461,21373,38.53698995690665,38.34658347232161,36.64508466213666,1.7014988101849482
train1,held_out,202107,Combined,55461,41055,74.02499053388868,73.69654570253948,71.20207971193756,2.494465990601924
train1,held_out,202108,Early,52557,18919,35.99710790189699,35.56320489478127,33.14317476406221,2.420030130719064
train1,held_out,202108,Intermediate,52557,23155,44.05692866792245,43.61147379014212,41.04295050882948,2.56852328131264
train1,held_out,202108,Latest,52557,20377,38.771238845443996,38.52455699908589,36.64508466213666,1.8794723369492228
train1,held_out,202108,Combined,52557,38940,74.09098692847765,73.65201580308161,71.20207971193756,2.449936091144056
train1,held_out,202109,Early,53376,19478,36.492056354916066,36.164419023913744,33.14317476406221,3.021244259851535
train1,held_out,202109,Intermediate,53376,23435,43.90550059952039,43.57057718799035,41.04295050882948,2.527626679160877
train1,held_out,202109,Latest,53376,20595,38.5847571942446,38.41099538516086,36.64508466213666,1.7659107230241944
train1,held_out,202109,Combined,53376,39652,74.2880695443645,73.96914977360741,71.20207971193756,2.767070061669852
train1,held_out,202110,Early,52987,19438,36.684469775605336,36.2910310748,33.14317476406221,3.14785631073779
train1,held_out,202110,Intermediate,52987,23334,44.0372166757884,43.64807791227378,41.04295050882948,2.605127403444296
train1,held_out,202110,Latest,52987,20590,38.858587955536265,38.61817613006903,36.64508466213666,1.9730914679323697
train1,held_out,202110,Combined,52987,39413,74.38239568195972,73.98142098056275,71.20207971193756,2.7793412686251906
train1,held_out,202111,Early,53378,19422,36.38577691183634,36.007185061708604,33.14317476406221,2.864010297646397
train1,held_out,202111,Intermediate,53378,23533,44.08745175915171,43.712384544670016,41.04295050882948,2.6694340358405344
train1,held_out,202111,Latest,53378,20715,38.80812319682266,38.57798963637655,36.64508466213666,1.9329049742398907
train1,held_out,202111,Combined,53378,39591,74.17100678182022,73.77956890466734,71.20207971193756,2.577489192729787
train1,held_out,202112,Early,52448,19297,36.7926327028676,36.346671626170746,33.14317476406221,3.2034968621085347
train1,held_out,202112,Intermediate,52448,23125,44.09129042098841,43.645473312368175,41.04295050882948,2.6025228035386982
train1,held_out,202112,Latest,52448,20258,38.62492373398414,38.34134418672794,36.64508466213666,1.696259524591276
train1,held_out,202112,Combined,52448,38943,74.25068639414278,73.79079586889749,71.20207971193756,2.588716156959936
train1,held_out,202201,Early,55154,20459,37.0943177285419,36.50296472531219,33.14317476406221,3.3597899612499815
train1,held_out,202201,Intermediate,55154,24546,44.50447836965587,43.90165168674741,41.04295050882948,2.8587011779179274
train1,held_out,202201,Latest,55154,21777,39.48399028175653,39.174970019606306,36.64508466213666,2.529885357469641
train1,held_out,202201,Combined,55154,41353,74.97733618595205,74.38726396246366,71.20207971193756,3.1851842505260963
train1,held_out,202202,Early,51658,19036,36.85005226683185,36.40279899178649,33.14317476406221,3.259624227724278
train1,held_out,202202,Intermediate,51658,23157,44.8275194548763,44.40212751319636,41.04295050882948,3.3591770043668867
train1,held_out,202202,Latest,51658,20501,39.686011847148556,39.41085556506677,36.64508466213666,2.765770902930104
train1,held_out,202202,Combined,51658,38864,75.23326493476326,74.78894864241575,71.20207971193756,3.586868930478193
train1,held_out,202203,Early,58447,21715,37.153318391020925,36.601107131083985,33.14317476406221,3.4579323670217708
train1,held_out,202203,Intermediate,58447,26079,44.61991205707735,44.079451780468744,41.04295050882948,3.036501271639269
train1,held_out,202203,Latest,58447,23333,39.92163840744606,39.639706934497035,36.64508466213666,2.99462227236037
train1,held_out,202203,Combined,58447,43847,75.02010368367922,74.54152662353734,71.20207971193756,3.339446911599775
train1,held_out,202204,Early,52642,19908,37.81771209300558,37.30962236451539,33.14317476406221,4.166447600453177
train1,held_out,202204,Intermediate,52642,23582,44.79693020781885,44.33713158520936,41.04295050882948,3.294181076379882
train1,held_out,202204,Latest,52642,20720,39.36020667907754,39.08179646765239,36.64508466213666,2.4367118055157233
train1,held_out,202204,Combined,52642,39596,75.21750693362713,74.77348438389632,71.20207971193756,3.5714046719587556
train1,held_out,202205,Early,54175,20526,37.888324873096444,37.38191575324971,33.14317476406221,4.2387409891874945
train1,held_out,202205,Intermediate,54175,24366,44.97646515920628,44.48203947426316,41.04295050882948,3.4390889654336787
train1,held_out,202205,Latest,54175,21800,40.23996308260268,39.95143713892279,36.64508466213666,3.3063524767861283
train1,held_out,202205,Combined,54175,41000,75.68066451315183,75.23665999882247,71.20207971193756,4.034580286884914
train1,held_out,202206,Early,55102,21004,38.11839860622119,37.476137619174935,33.14317476406221,4.332962855112727
train1,held_out,202206,Intermediate,55102,24820,45.04373706943487,44.39757502909031,41.04295050882948,3.3546245202608347
train1,held_out,202206,Latest,55102,21842,39.63921454756633,39.29089410456869,36.64508466213666,2.6458094424320344
train1,held_out,202206,Combined,55102,41517,75.34572247831295,74.76665742714147,71.20207971193756,3.5645777152039093
train1,held_out,202207,Early,54081,20635,38.1557293689096,37.51480748776118,33.14317476406221,4.371632723698971
train1,held_out,202207,Intermediate,54081,24653,45.585325715131006,44.94171480037974,41.04295050882948,3.8987642915502607
train1,held_out,202207,Latest,54081,21881,40.45968084909673,40.06225155912815,36.64508466213666,3.417166896991486
train1,held_out,202207,Combined,54081,41045,75.89541613505668,75.280156862298,71.20207971193756,4.078077150360437
train1,held_out,202208,Early,55868,21451,38.39586167394573,37.614665620727486,33.14317476406221,4.471490856665272
train1,held_out,202208,Intermediate,55868,25476,45.60034366721558,44.90636115850518,41.04295050882948,3.8634106496756973
train1,held_out,202208,Latest,55868,22542,40.348679029140115,39.95217443699495,36.64508466213666,3.307089774858291
train1,held_out,202208,Combined,55868,42524,76.11512851721916,75.43272726728945,71.20207971193756,4.230647555351885
train1,held_out,202209,Early,57101,22153,38.79616819320152,38.08802117222419,33.14317476406221,4.944846408161979
train1,held_out,202209,Intermediate,57101,25846,45.263655627747326,44.57854487499025,41.04295050882948,3.5355943661607716
train1,held_out,202209,Latest,57101,22939,40.17267648552565,39.79432798030429,36.64508466213666,3.149243318167627
train1,held_out,202209,Combined,57101,43426,76.05120750950071,75.40919725017714,71.20207971193756,4.207117538239579
train1,held_out,202210,Early,54018,20874,38.642674664000886,37.985835209429155,33.14317476406221,4.842660445366942
train1,held_out,202210,Intermediate,54018,24787,45.88655633307416,45.22212788390363,41.04295050882948,4.1791773750741505
train1,held_out,202210,Latest,54018,21762,40.28657114295235,39.88087993005862,36.64508466213666,3.2357952679219535
train1,held_out,202210,Combined,54018,41238,76.34121959346885,75.71961668213441,71.20207971193756,4.517536970196856
train1,held_out,202211,Early,55949,21479,38.39031975549161,37.642315048646545,33.14317476406221,4.499140284584335
train1,held_out,202211,Intermediate,55949,25563,45.68982466174552,44.95645766386336,41.04295050882948,3.9135071550338854
train1,held_out,202211,Latest,55949,22691,40.55657831239164,40.14343069700143,36.64508466213666,3.4983460348647633
train1,held_out,202211,Combined,55949,42512,75.9834849595167,75.27166113829247,71.20207971193756,4.069581426354918
train1,held_out,202212,Early,56003,21869,39.04969376640537,38.314964892258494,33.14317476406221,5.171790128196285
train1,held_out,202212,Intermediate,56003,25527,45.58148670606932,44.83085862485435,41.04295050882948,3.7879081160248687
train1,held_out,202212,Latest,56003,22415,40.02464153706052,39.64986790106417,36.64508466213666,3.004783238927511
train1,held_out,202212,Combined,56003,42572,76.01735621306001,75.31486209241423,71.20207971193756,4.112782380476676
train1,held_out,202301,Early,54051,21193,39.209265323490776,38.42327372715954,33.14317476406221,5.28009896309733
train1,held_out,202301,Intermediate,54051,24765,45.817838707887,45.05700702119594,41.04295050882948,4.014056512366465
train1,held_out,202301,Latest,54051,22363,41.37388762465079,40.90149187096069,36.64508466213666,4.256407208824031
train1,held_out,202301,Combined,54051,41448,76.68313259699173,75.90876092689494,71.20207971193756,4.706681214957376
train1,held_out,202302,Early,52487,20660,39.362127764970374,38.62244637321099,33.14317476406221,5.479271609148784
train1,held_out,202302,Intermediate,52487,24218,46.14094918741784,45.444472070731614,41.04295050882948,4.401521561902133
train1,held_out,202302,Latest,52487,21602,41.15685788862004,40.77152163562781,36.64508466213666,4.126436973491154
train1,held_out,202302,Combined,52487,40438,77.0438394269057,76.39704391747067,71.20207971193756,5.194964205533115
train1,held_out,202303,Early,58216,22796,39.15761989830974,38.384900898782135,33.14317476406221,5.241726134719926
train1,held_out,202303,Intermediate,58216,27005,46.38759104026384,45.59983562309845,41.04295050882948,4.5568851142689715
train1,held_out,202303,Latest,58216,24044,41.301360450735196,40.881686736734736,36.64508466213666,4.236602074598073
train1,held_out,202303,Combined,58216,44767,76.8981036141267,76.19911827672239,71.20207971193756,4.9970385647848286
train1,held_out,202304,Early,50483,19818,39.256779509934034,38.62001834904005,33.14317476406221,5.476843584977842
train1,held_out,202304,Intermediate,50483,23602,46.752372085652596,46.07821541311322,41.04295050882948,5.035264904283743
train1,held_out,202304,Latest,50483,21017,41.63183645979835,41.3195458932696,36.64508466213666,4.674461231132937
train1,held_out,202304,Combined,50483,38824,76.9050967652477,76.34482145281261,71.20207971193756,5.142741740875056
train1,held_out,202305,Early,53917,21542,39.95400337555873,39.3357407231371,33.14317476406221,6.192565959074886
train1,held_out,202305,Intermediate,53917,25570,47.424745442068364,46.82164079813367,41.04295050882948,5.778690289304189
train1,held_out,202305,Latest,53917,22510,41.749355490847044,41.41923922772413,36.64508466213666,4.774154565587462
train1,held_out,202305,Combined,53917,41819,77.56180796409296,77.06132150302186,71.20207971193756,5.859241791084302
train1,held_out,202306,Early,53059,21678,40.856405133907536,40.08294570056734,33.14317476406221,6.93977093650513
train1,held_out,202306,Intermediate,53059,25514,48.086092840045985,47.3190685866231,41.04295050882948,6.276118077793619
train1,held_out,202306,Latest,53059,22331,42.08711057502026,41.68815651084036,36.64508466213666,5.043071848703695
train1,held_out,202306,Combined,53059,41340,77.9132663638591,77.26783596189523,71.20207971193756,6.065756249957666
train1,held_out,202307,Early,51420,21562,41.93309996110463,41.097893490470064,33.14317476406221,7.95471872640785
train1,held_out,202307,Intermediate,51420,25412,49.42045896538312,48.62981631120406,41.04295050882948,7.586865802374581
train1,held_out,202307,Latest,51420,21889,42.569039284325164,42.120078329737005,36.64508466213666,5.474993667600342
train1,held_out,202307,Combined,51420,40365,78.50058343057177,77.79137265873698,71.20207971193756,6.589292946799407
train1,held_out,202308,Early,50912,21672,42.567567567567565,41.70437021235111,33.14317476406221,8.561195448288899
train1,held_out,202308,Intermediate,50912,25440,49.96857322438718,49.168408491713556,41.04295050882948,8.125457982884077
train1,held_out,202308,Latest,50912,22040,43.29038340666248,42.820462179057174,36.64508466213666,6.175377516920511
train1,held_out,202308,Combined,50912,40106,78.77514142049026,78.07537583532459,71.20207971193756,6.873296123387029
train1,held_out,202309,Early,50896,22001,43.22736560829928,42.30795863052492,33.14317476406221,9.164783866462711
train1,held_out,202309,Intermediate,50896,25920,50.92738132662684,50.10434325423032,41.04295050882948,9.061392745400843
train1,held_out,202309,Latest,50896,22020,43.2646966362779,42.73255088386887,36.64508466213666,6.087466221732207
train1,held_out,202309,Combined,50896,40356,79.29110342659541,78.57946392300008,71.20207971193756,7.377384211062521
train1,held_out,202310,Early,51263,22801,44.47847375299924,43.617322397905774,33.14317476406221,10.474147633843561
train1,held_out,202310,Intermediate,51263,26583,51.856114546554046,51.06387480677967,41.04295050882948,10.020924297950195
train1,held_out,202310,Latest,51263,22577,44.041511421493084,43.58213962407198,36.64508466213666,6.937054961935313
train1,held_out,202310,Combined,51263,41141,80.25476464506565,79.56812468869916,71.20207971193756,8.3660449767616
train1,held_out,202311,Early,53620,24320,45.3562103692652,44.3165266379937,33.14317476406221,11.173351873931486
train1,held_out,202311,Intermediate,53620,28399,52.96344647519582,52.05655116312283,41.04295050882948,11.013600654293354
train1,held_out,202311,Latest,53620,23971,44.7053338306602,44.16303967849239,36.64508466213666,7.517955016355726
train1,held_out,202311,Combined,53620,43198,80.56322267810519,79.77135364110435,71.20207971193756,8.569273929166787
train1,held_out,202312,Early,50935,23243,45.632669088053404,44.688693040653256,33.14317476406221,11.545518276591043
train1,held_out,202312,Intermediate,50935,27015,53.038185923235496,52.15513998045929,41.04295050882948,11.112189471629808
train1,held_out,202312,Latest,50935,22791,44.74526357121822,44.22910425812015,36.64508466213666,7.584019595983488
train1,held_out,202312,Combined,50935,41086,80.66359085108472,79.89120812808282,71.20207971193756,8.689128416145264
train1,held_out,202401,Early,55217,26020,47.1231685893837,46.01484502068452,33.14317476406221,12.87167025662231
train1,held_out,202401,Intermediate,55217,30305,54.883459804045856,53.89477699188945,41.04295050882948,12.85182648305997
train1,held_out,202401,Latest,55217,25251,45.730481554593695,45.12458317869104,36.64508466213666,8.47949851655438
train1,held_out,202401,Combined,55217,45216,81.8878244019052,81.03363604786539,71.20207971193756,9.831556335927827
train1,held_out,202402,Early,54450,26059,47.85858585858586,46.69962102008719,33.14317476406221,13.556446256024984
train1,held_out,202402,Intermediate,54450,30460,55.94123048668503,54.952595628779875,41.04295050882948,13.909645119950397
train1,held_out,202402,Latest,54450,25239,46.352617079889804,45.74351417872014,36.64508466213666,9.098429516583478
train1,held_out,202402,Combined,54450,44806,82.28833792470157,81.41640996240399,71.20207971193756,10.21433025046643
train1,held_out,202403,Early,54626,26050,47.68791418006078,46.72921247313486,33.14317476406221,13.586037709072645
train1,held_out,202403,Intermediate,54626,30627,56.066708160949,55.21632772389767,41.04295050882948,14.173377215068195
train1,held_out,202403,Latest,54626,25048,45.853622816973605,45.326440631956885,36.64508466213666,8.68135596982022
train1,held_out,202403,Combined,54626,44827,82.06165562186504,81.39678387128245,71.20207971193756,10.19470415934489
train1,held_out,202404,Early,54312,26596,48.96892031226985,47.9357035133512,33.14317476406221,14.792528749288985
train1,held_out,202404,Intermediate,54312,30908,56.90823390779202,56.01158203526489,41.04295050882948,14.968631526435406
train1,held_out,202404,Latest,54312,25336,46.648991014877005,46.096280955051036,36.64508466213666,9.451196292914377
train1,held_out,202404,Combined,54312,45024,82.8988068935042,82.1608299220616,71.20207971193756,10.958750210124036
train1,held_out,202405,Early,56644,28207,49.79697761457524,48.71840993750014,33.14317476406221,15.575235173437928
train1,held_out,202405,Intermediate,56644,32693,57.71661605818798,56.78842534777129,41.04295050882948,15.745474838941808
train1,held_out,202405,Latest,56644,26994,47.65553280135584,47.047923902301385,36.64508466213666,10.402839240164724
train1,held_out,202405,Combined,56644,47200,83.32744862650942,82.55098625209021,71.20207971193756,11.348906540152647
train1,held_out,202406,Early,52761,26620,50.453933776842746,49.26418156762179,33.14317476406221,16.121006803559577
train1,held_out,202406,Intermediate,52761,31054,58.85786850135517,57.83320473664095,41.04295050882948,16.790254227811474
train1,held_out,202406,Latest,52761,25299,47.95019048160573,47.29338474186936,36.64508466213666,10.648300079732698
train1,held_out,202406,Combined,52761,44350,84.05830063872936,83.21918810102362,71.20207971193756,12.017108389086061
train1,held_out,202407,Early,58202,29380,50.47936497027594,49.43121098653864,33.14317476406221,16.288036222476425
train1,held_out,202407,Intermediate,58202,34469,59.223050754269615,58.33700005683162,41.04295050882948,17.294049548002143
train1,held_out,202407,Latest,58202,27956,48.032713652451804,47.42038988894563,36.64508466213666,10.775305226808968
train1,held_out,202407,Combined,58202,48765,83.78578055736916,82.99977287914406,71.20207971193756,11.797693167206502
train1,held_out,202408,Early,55464,28475,51.33960767344584,50.31285287517227,33.14317476406221,17.169678111110052
train1,held_out,202408,Intermediate,55464,33435,60.28234530506274,59.43655146552017,41.04295050882948,18.39360095669069
train1,held_out,202408,Latest,55464,27214,49.06606086831098,48.43872840226221,36.64508466213666,11.793643740125548
train1,held_out,202408,Combined,55464,46973,84.69097071974615,83.9829897068069,71.20207971193756,12.780909994869349
train1,held_out,202409,Early,55205,28697,51.982610270808806,50.9281650792606,33.14317476406221,17.78499031519839
train1,held_out,202409,Intermediate,55205,33507,60.69558916764786,59.778319698080516,41.04295050882948,18.73536918925104
train1,held_out,202409,Latest,55205,27070,49.035413458925824,48.3949250324131,36.64508466213666,11.749840370276438
train1,held_out,202409,Combined,55205,46706,84.60465537541889,83.86211403163189,71.20207971193756,12.660034319694336
train1,held_out,202410,Early,57657,29740,51.58090084465026,50.34275435011397,33.14317476406221,17.19957958605176
train1,held_out,202410,Intermediate,57657,35712,61.93870648837088,60.94670397624241,41.04295050882948,19.903753467412933
train1,held_out,202410,Latest,57657,28852,50.0407582773991,49.39184123192519,36.64508466213666,12.74675656978853
train1,held_out,202410,Combined,57657,49210,85.34956726850166,84.53498542623554,71.20207971193756,13.332905714297983
train1,held_out,202411,Early,56621,29744,52.53174617191502,51.28101091765139,33.14317476406221,18.13783615358918
train1,held_out,202411,Intermediate,56621,35791,63.21152929125236,62.168929905464076,41.04295050882948,21.125979396634598
train1,held_out,202411,Latest,56621,28725,50.73206054290811,50.02715119579511,36.64508466213666,13.382066533658454
train1,held_out,202411,Combined,56621,48578,85.79502304798574,84.92277039946015,71.20207971193756,13.720690687522586
train1,held_out,202412,Early,54495,28505,52.30755115148179,50.98838182087092,33.14317476406221,17.84520705680871
train1,held_out,202412,Intermediate,54495,34686,63.64987613542527,62.63524406840142,41.04295050882948,21.59229355957194
train1,held_out,202412,Latest,54495,27866,51.134966510689054,50.36343733417426,36.64508466213666,13.718352672037593
train1,held_out,202412,Combined,54495,46832,85.93815946417102,85.1051028513771,71.20207971193756,13.90302313943954
train1,held_out,202501,Early,60486,32127,53.11477036008333,51.72291788143344,33.14317476406221,18.57974311737123
train1,held_out,202501,Intermediate,60486,39466,65.24815659822107,64.18189841712363,41.04295050882948,23.13894790829415
train1,held_out,202501,Latest,60486,32053,52.992427999867736,52.236368503638865,36.64508466213666,15.591283841502202
train1,held_out,202501,Combined,60486,52704,87.13421287570678,86.24464849599067,71.20207971193756,15.042568784053111
train1,held_out,202502,Early,55315,29319,53.00370604718431,51.701638518618985,33.14317476406221,18.558463754556776
train1,held_out,202502,Intermediate,55315,36543,66.06345475910693,65.03065406952643,41.04295050882948,23.98770356069695
train1,held_out,202502,Latest,55315,29676,53.649100605622344,52.932769206454545,36.64508466213666,16.287684544317884
train1,held_out,202502,Combined,55315,48284,87.28916207177076,86.47526841210887,71.20207971193756,15.273188700171314
train1,held_out,202503,Early,59865,32128,53.6674183579721,52.31744749831845,33.14317476406221,19.17427273425624
train1,held_out,202503,Intermediate,59865,40147,67.06255742086361,66.07484113060076,41.04295050882948,25.03189062177128
train1,held_out,202503,Latest,59865,32818,54.82001169297586,54.049736363064994,36.64508466213666,17.40465170092833
train1,held_out,202503,Combined,59865,52579,87.8292825524096,86.99200126350067,71.20207971193756,15.789921551563102
train1,held_out,202504,Early,59592,31614,53.050745066451874,51.76140890717539,33.14317476406221,18.618234143113177
train1,held_out,202504,Intermediate,59592,40803,68.47060008054773,67.48586048995845,41.04295050882948,26.44290998112898
train1,held_out,202504,Latest,59592,33664,56.49080413478319,55.7430273045841,36.64508466213666,19.097942642447443
train1,held_out,202504,Combined,59592,52651,88.35246341790844,87.58266567379219,71.20207971193756,16.38058596185463
train1,held_out,202505,Early,62006,32719,52.767474115408184,51.34293075130037,33.14317476406221,18.199755987238163
train1,held_out,202505,Intermediate,62006,43118,69.53843176466793,68.53132431287983,41.04295050882948,27.488373804050347
train1,held_out,202505,Latest,62006,35977,58.021804341515335,57.18387624042914,36.64508466213666,20.538791578292482
train1,held_out,202505,Combined,62006,55174,88.9817114472793,88.16559741698376,71.20207971193756,16.963517705046193
train1,held_out,202506,Early,57420,29741,51.79554162312783,50.56244977854205,33.14317476406221,17.41927501447984
train1,held_out,202506,Intermediate,57420,40430,70.41100661790317,69.55004472494588,41.04295050882948,28.507094216116403
train1,held_out,202506,Latest,57420,33960,59.14315569487983,58.37700379952964,36.64508466213666,21.731919137392975
train1,held_out,202506,Combined,57420,51344,89.41832114245908,88.73329006440326,71.20207971193756,17.53121035246571
train1,held_out,202507,Early,67816,35205,51.91252801698714,50.48616120398282,33.14317476406221,17.342986439920605
train1,held_out,202507,Intermediate,67816,48808,71.9712162321576,70.86117077494522,41.04295050882948,29.81822026611575
train1,held_out,202507,Latest,67816,41254,60.83225197593488,59.968135963982746,36.64508466213666,23.323051301846085
train1,held_out,202507,Combined,67816,61048,90.02005426448036,89.18638590669234,71.20207971193756,17.984306194754772
train1,held_out,202508,Early,58850,29713,50.48937977909941,49.115968169208,33.14317476406221,15.97279340514579
train1,held_out,202508,Intermediate,58850,42596,72.38062871707731,71.37826086967604,41.04295050882948,30.335310360846556
train1,held_out,202508,Latest,58850,36441,61.921835174171626,61.09438772969021,36.64508466213666,24.44930306755355
train1,held_out,202508,Combined,58850,53122,90.26677994902293,89.49188330292618,71.20207971193756,18.28980359098863
train1,held_out,202509,Early,60551,29712,49.06937953130419,47.61709909499759,33.14317476406221,14.473924330935379
train1,held_out,202509,Intermediate,60551,44144,72.90383313240079,71.84917501551719,41.04295050882948,30.806224506687705
train1,held_out,202509,Latest,60551,37895,62.58360720714769,61.668500283724946,36.64508466213666,25.023415621588285
train1,held_out,202509,Combined,60551,54811,90.52038777229113,89.72830874318306,71.20207971193756,18.5262290312455
train1,held_out,202510,Early,63525,30701,48.32900432900433,46.73322508432642,33.14317476406221,13.590050320264208
train1,held_out,202510,Intermediate,63525,47060,74.08107044470681,72.92462706070474,41.04295050882948,31.88167655187526
train1,held_out,202510,Latest,63525,40789,64.20936639118457,63.22537915920129,36.64508466213666,26.580294497064628
train1,held_out,202510,Combined,63525,57905,91.15308933490752,90.33277074168699,71.20207971193756,19.130691029749425
train1,held_out,202511,Early,62334,29365,47.109121827574036,45.49748539994894,33.14317476406221,12.354310635886733
train1,held_out,202511,Intermediate,62334,46361,74.37514037283023,73.11260833681504,41.04295050882948,32.069657827985566
train1,held_out,202511,Latest,62334,41016,65.80036577148907,64.71973425827562,36.64508466213666,28.074649596138958
train1,held_out,202511,Combined,62334,57094,91.59367279494337,90.68339672327335,71.20207971193756,19.481317011335786
train1,held_out,202512,Early,62487,28926,46.29122857554371,44.70068626300251,33.14317476406221,11.557511498940299
train1,held_out,202512,Intermediate,62487,46609,74.58991470225807,73.29237093620411,41.04295050882948,32.24942042737463
train1,held_out,202512,Latest,62487,41709,66.74828364299775,65.52076336191405,36.64508466213666,28.875678699777385
train1,held_out,202512,Combined,62487,57291,91.68467041144558,90.78656732030927,71.20207971193756,19.584487608371713
train1,held_out,202601,Early,63172,28523,45.15133286899259,43.41849399029372,33.14317476406221,10.275319226231511
train1,held_out,202601,Intermediate,63172,47304,74.88127651491168,73.4072446950163,41.04295050882948,32.364294186186825
train1,held_out,202601,Latest,63172,43358,68.63483821946431,67.32799414183542,36.64508466213666,30.68290947969876
train1,held_out,202601,Combined,63172,58207,92.14050528715254,91.13574055491615,71.20207971193756,19.933660842978597
train1,held_out,202602,Early,59826,26382,44.097883863203286,42.35973837507949,33.14317476406221,9.216563611017275
train1,held_out,202602,Intermediate,59826,45054,75.30839434359643,73.86831530409384,41.04295050882948,32.82536479526436
train1,held_out,202602,Latest,59826,41349,69.11543476080634,67.7471840106478,36.64508466213666,31.102099348511135
train1,held_out,202602,Combined,59826,55214,92.29097716711797,91.32385572162092,71.20207971193756,20.121776009683355
train1,held_out,202603,Early,64721,27556,42.576598013009686,40.79457990781241,33.14317476406221,7.651405143750201
train1,held_out,202603,Intermediate,64721,48789,75.38356947513172,73.79593401932904,41.04295050882948,32.752983510499554
train1,held_out,202603,Latest,64721,45509,70.31566261337125,68.92174124795186,36.64508466213666,32.2766565858152
train1,held_out,202603,Combined,64721,59786,92.37496330402806,91.2885215056526,71.20207971193756,20.08644179371504
train1,held_out,202604,Early,63827,26532,41.56861516286211,39.74456296023378,33.14317476406221,6.601388196171571
train1,held_out,202604,Intermediate,63827,48125,75.39912576182493,73.74712024768455,41.04295050882948,32.70416973885507
train1,held_out,202604,Latest,63827,45899,71.91157347204161,70.42652891350713,36.64508466213666,33.78144425137046
train1,held_out,202604,Combined,63827,59173,92.70841493411879,91.6534598814575,71.20207971193756,20.45138016951994
train1,held_out,202605,Early,64247,25856,40.24468068547948,38.359410249703394,33.14317476406221,5.216235485641185
train1,held_out,202605,Intermediate,64247,48754,75.88525534266192,74.10839936825838,41.04295050882948,33.065448859428905
train1,held_out,202605,Latest,64247,46899,72.99796099428767,71.32978895937013,36.64508466213666,34.68470429723347
train1,held_out,202605,Combined,64247,59814,93.10006692919514,91.97637562466984,71.20207971193756,20.774295912732278
train1,held_out,202606,Early,66820,26096,39.05417539658785,37.121253609529404,33.14317476406221,3.9780788454671923
train1,held_out,202606,Intermediate,66820,50412,75.44447770128704,73.52912033250497,41.04295050882948,32.486169823675496
train1,held_out,202606,Latest,66820,49447,74.00029931158336,72.14661107375542,36.64508466213666,35.501526411618755
train1,held_out,202606,Combined,66820,62221,93.11733014067644,91.87894493037602,71.20207971193756,20.67686521843847
train1,held_out,202607,Early,66491,25151,37.82617196312283,35.75513147250254,33.14317476406221,2.611956708440333
train1,held_out,202607,Intermediate,66491,49947,75.11843708171031,72.98021147685407,41.04295050882948,31.93726096802458
train1,held_out,202607,Latest,66491,49835,74.94999323216676,72.92959198672408,36.64508466213666,36.28450732458741
train1,held_out,202607,Combined,66491,61930,93.1404250199275,91.81323129274726,71.20207971193756,20.611151580809704
train1,held_out,202608,Early,54393,19521,35.88880922177486,34.01455425647411,33.14317476406221,0.8713794924119
train1,held_out,202608,Intermediate,54393,40549,74.54819553986727,72.46491277997191,41.04295050882948,31.421962271142434
train1,held_out,202608,Latest,54393,41196,75.737686834703,73.66292658700581,36.64508466213666,37.01784192486915
train1,held_out,202608,Combined,54393,50749,93.30060853418638,91.97144521028576,71.20207971193756,20.7693654983482
train1,training,201501,Early,31135,7944,25.51469407419303,26.537775368845924,33.134287123295564,-6.596511754449641
train1,training,201501,Intermediate,31135,10683,34.31186767303677,35.482431903470136,41.0643835221955,-5.581951618725367
train1,training,201501,Latest,31135,9627,30.920186285530754,31.578795585673923,36.60935407697512,-5.030558491301202
train1,training,201501,Combined,31135,19611,62.986992131042236,64.27133143406412,71.18377525161624,-6.912443817552116
train1,training,201502,Early,32394,8286,25.578810890905725,26.508567777095347,33.134287123295564,-6.625719346200215
train1,training,201502,Intermediate,32394,11160,34.45082422670865,35.667301445110674,41.0643835221955,-5.39708207708483
train1,training,201502,Latest,32394,10021,30.934741001420015,31.638992197613184,36.60935407697512,-4.97036187936194
train1,training,201502,Combined,32394,20421,63.03945175032413,64.44851472942665,71.18377525161624,-6.73526052218959
train1,training,201503,Early,36973,9690,26.208314175208937,27.120184366262617,33.134287123295564,-6.014102757032946
train1,training,201503,Intermediate,36973,12905,34.90384875449652,36.00886761052304,41.0643835221955,-5.055515911672464
train1,training,201503,Latest,36973,11554,31.24983095772591,31.838074842238363,36.60935407697512,-4.771279234736764
train1,training,201503,Combined,36973,23545,63.68160549590242,64.96524643891394,71.18377525161624,-6.218528812702306
train1,training,201504,Early,34622,9139,26.396510889030097,27.2208524507701,33.134287123295564,-5.913434672525463
train1,training,201504,Intermediate,34622,11923,34.43764080642366,35.436096815900285,41.0643835221955,-5.628286706295215
train1,training,201504,Latest,34622,10994,31.754375830396857,32.25951441378407,36.60935407697512,-4.349839663191057
train1,training,201504,Combined,34622,22013,63.5809600831841,64.67666972421445,71.18377525161624,-6.507105527401791
train1,training,201505,Early,33415,8645,25.871614544366302,26.731499866408694,33.134287123295564,-6.402787256886872
train1,training,201505,Intermediate,33415,11506,34.43363758790962,35.419817302054064,41.0643835221955,-5.6445662201414395
train1,training,201505,Latest,33415,10524,31.49483764776298,32.01990410375528,36.60935407697512,-4.589449973219844
train1,training,201505,Combined,33415,21169,63.351788119108186,64.45849164247015,71.18377525161624,-6.725283609146093
train1,training,201506,Early,36901,9684,26.24319124142977,27.213517834745364,33.134287123295564,-5.920769288550199
train1,training,201506,Intermediate,36901,13060,35.39199479688897,36.638480389564634,41.0643835221955,-4.425903132630865
train1,training,201506,Latest,36901,11510,31.191566624210726,31.792540941866676,36.60935407697512,-4.8168131351084496
train1,training,201506,Combined,36901,23593,63.93593669548251,65.23426396989143,71.18377525161624,-5.949511281724817
train1,training,201507,Early,35657,9354,26.23327817819783,26.97109015805269,33.134287123295564,-6.163196965242873
train1,training,201507,Intermediate,35657,12528,35.13475614886278,36.00072268074667,41.0643835221955,-5.063660841448836
train1,training,201507,Latest,35657,11388,31.937627955240206,32.40528432898495,36.60935407697512,-4.2040697479901805
train1,training,201507,Combined,35657,22894,64.2061867235045,65.19445699608627,71.18377525161624,-5.989318255529974
train1,training,201508,Early,33952,9034,26.608152686145147,27.498368303678085,33.134287123295564,-5.63591881961748
train1,training,201508,Intermediate,33952,11843,34.88159754948162,35.963189052662706,41.0643835221955,-5.1011944695328
train1,training,201508,Latest,33952,10892,32.08058435438266,32.62056716358194,36.60935407697512,-3.988786913393189
train1,training,201508,Combined,33952,21848,64.34967012252592,65.5757056903919,71.18377525161624,-5.6080695612243385
train1,training,201509,Early,35570,9459,26.59263424233905,27.34512252730986,33.134287123295564,-5.789164595985702
train1,training,201509,Intermediate,35570,12580,35.366882204104584,36.271447943163906,41.0643835221955,-4.792935579031599
train1,training,201509,Latest,35570,11279,31.709305594602192,32.09278737613533,36.60935407697512,-4.516566700839797
train1,training,201509,Combined,35570,22860,64.26764127073376,65.22881939808632,71.18377525161624,-5.954955853529931
train1,training,201510,Early,35745,9476,26.510001398797034,27.424131802030395,33.134287123295564,-5.71015532126517
train1,training,201510,Intermediate,35745,12475,34.89998601202966,35.95311819149593,41.0643835221955,-5.111265330699571
train1,training,201510,Latest,35745,11412,31.926143516575745,32.44887390035046,36.60935407697512,-4.1604801766246595
train1,training,201510,Combined,35745,22955,64.21877185620366,65.38234757324928,71.18377525161624,-5.8014276783669665
train1,training,201511,Early,33215,8980,27.035977720909226,27.742621621889167,33.134287123295564,-5.391665501406395
train1,training,201511,Intermediate,33215,11778,35.459882583170256,36.40159245920521,41.0643835221955,-4.662791062990291
train1,training,201511,Latest,33215,10580,31.853078428420893,32.34202766454679,36.60935407697512,-4.267326412428335
train1,training,201511,Combined,33215,21355,64.29324100556977,65.3179873295228,71.18377525161624,-5.865787922093446
train1,training,201512,Early,35344,9565,27.062584880036216,27.81888999064112,33.134287123295564,-5.315397132654443
train1,training,201512,Intermediate,35344,12637,35.754300588501586,36.69044734360108,41.0643835221955,-4.373936178594423
train1,training,201512,Latest,35344,11186,31.648936170212767,32.1431286458067,36.60935407697512,-4.466225431168425
train1,training,201512,Combined,35344,22728,64.30511543684925,65.31937504775512,71.18377525161624,-5.8644002038611305
train1,training,201601,Early,33981,9217,27.123981048232835,27.92614065254727,33.134287123295564,-5.208146470748293
train1,training,201601,Intermediate,33981,12219,35.958329654807095,36.83832089020288,41.0643835221955,-4.226062631992622
train1,training,201601,Latest,33981,10799,31.77952385156411,32.28616181303373,36.60935407697512,-4.323192263941395
train1,training,201601,Combined,33981,22054,64.9009740737471,65.91409397212034,71.18377525161624,-5.269681279495897
train1,training,201602,Early,35895,9814,27.34085527232205,28.133269456945055,33.134287123295564,-5.00101766635051
train1,training,201602,Intermediate,35895,12926,36.01058643265079,36.96662924870328,41.0643835221955,-4.097754273492221
train1,training,201602,Latest,35895,11589,32.28583368157125,32.771082892310154,36.60935407697512,-3.838271184664971
train1,training,201602,Combined,35895,23390,65.16227886892325,66.20206387897728,71.18377525161624,-4.981711372638964
train1,training,201603,Early,38760,10663,27.51031991744066,28.343568061500584,33.134287123295564,-4.790719061794979
train1,training,201603,Intermediate,38760,13766,35.515995872033024,36.43211938837897,41.0643835221955,-4.632264133816527
train1,training,201603,Latest,38760,12487,32.216202270381835,32.774998354482896,36.60935407697512,-3.8343557224922273
train1,training,201603,Combined,38760,25138,64.85552115583076,65.9366317233752,71.18377525161624,-5.2471435282410495
train1,training,201604,Early,36841,10060,27.306533481718738,27.993768843531836,33.134287123295564,-5.140518279763729
train1,training,201604,Intermediate,36841,13346,36.225943921174775,37.05031601434995,41.0643835221955,-4.014067507845548
train1,training,201604,Latest,36841,11872,32.22496674900247,32.66324545849903,36.60935407697512,-3.9461086184760963
train1,training,201604,Combined,36841,23880,64.81908742976574,65.76456141605208,71.18377525161624,-5.4192138355641735
train1,training,201605,Early,36083,9923,27.50048499293296,28.262171743300346,33.134287123295564,-4.8721153799952175
train1,training,201605,Intermediate,36083,12905,35.7647645705734,36.644993551340576,41.0643835221955,-4.419389970854926
train1,training,201605,Latest,36083,11806,32.719008951583845,33.254946606617786,36.60935407697512,-3.35440747035734
train1,training,201605,Combined,36083,23487,65.09159437962475,66.10840399481691,71.18377525161624,-5.0753712567993325
train1,training,201606,Early,38307,10614,27.7077296577649,28.561448726694334,33.134287123295564,-4.572838396601231
train1,training,201606,Intermediate,38307,13908,36.30668024120918,37.34746645784789,41.0643835221955,-3.7169170643476193
train1,training,201606,Latest,38307,12576,32.829508967029525,33.456628297706395,36.60935407697512,-3.1527257792687333
train1,training,201606,Combined,38307,25068,65.43973686271438,66.612102838592,71.18377525161624,-4.5716724130242525
train1,training,201607,Early,35548,9964,28.029706312591426,28.759647486046813,33.134287123295564,-4.374639637248751
train1,training,201607,Intermediate,35548,12638,35.55192978507933,36.41882810746577,41.0643835221955,-4.6455554147297295
train1,training,201607,Latest,35548,11416,32.11432429391245,32.63763960927815,36.60935407697512,-3.971714467696974
train1,training,201607,Combined,35548,23144,65.10633509620794,66.08390242520845,71.18377525161624,-5.0998728264077915
train1,training,201608,Early,37468,10458,27.911818084765667,28.696048393187418,33.134287123295564,-4.4382387301081465
train1,training,201608,Intermediate,37468,13512,36.06277356677698,36.97178707309191,41.0643835221955,-4.092596449103592
train1,training,201608,Latest,37468,12234,32.65186292302765,33.15391283353052,36.60935407697512,-3.455441243444607
train1,training,201608,Combined,37468,24597,65.64801964342907,66.6740322792355,71.18377525161624,-4.509742972380737
train1,training,201609,Early,36410,10150,27.876956879978028,28.6508555983032,33.134287123295564,-4.4834315249923655
train1,training,201609,Intermediate,36410,13281,36.476242790442186,37.367486537864934,41.0643835221955,-3.6968969843305666
train1,training,201609,Latest,36410,11849,32.543257346882726,33.08790647298608,36.60935407697512,-3.5214476039890474
train1,training,201609,Combined,36410,23852,65.50947541884098,66.56274201119334,71.18377525161624,-4.6210332404229
train1,training,201610,Early,35540,9872,27.777152504220595,28.63149723927488,33.134287123295564,-4.502789884020686
train1,training,201610,Intermediate,35540,12896,36.28587507034327,37.211817535920694,41.0643835221955,-3.8525659862748087
train1,training,201610,Latest,35540,11552,32.504220596510976,33.06777906193368,36.60935407697512,-3.541575015041448
train1,training,201610,Combined,35540,23292,65.5374226223973,66.69297613959908,71.18377525161624,-4.490799112017163
train1,training,201611,Early,36192,10119,27.9592175066313,28.68449516268382,33.134287123295564,-4.449791960611743
train1,training,201611,Intermediate,36192,13277,36.684902740937225,37.59021981975737,41.0643835221955,-3.4741637024381324
train1,training,201611,Latest,36192,12008,33.17860300618921,33.72911281098527,36.60935407697512,-2.880241265989852
train1,training,201611,Combined,36192,23946,66.16379310344827,67.20510049810481,71.18377525161624,-3.9786747535114353
train1,training,201612,Early,34095,9556,28.02757002493034,28.834471915392427,33.134287123295564,-4.299815207903135
train1,training,201612,Intermediate,34095,12388,36.33377328053967,37.2338647657487,41.0643835221955,-3.8305187564468044
train1,training,201612,Latest,34095,11086,32.51503152954979,33.005697896434114,36.60935407697512,-3.603656180541015
train1,training,201612,Combined,34095,22386,65.65772107347118,66.69743582566802,71.18377525161624,-4.486339425948216
train1,training,201701,Early,35005,9891,28.255963433795174,29.10710464496698,33.134287123295564,-4.027182478328584
train1,training,201701,Intermediate,35005,12836,36.66904727896015,37.67739003153796,41.0643835221955,-3.3869934906575416
train1,training,201701,Latest,35005,11614,33.17811741179831,33.69344307601215,36.60935407697512,-2.915911000962973
train1,training,201701,Combined,35005,23172,66.19625767747465,67.28220677013952,71.18377525161624,-3.9015684814767138
train1,training,201702,Early,35801,10083,28.1640177648669,28.834679759525372,33.134287123295564,-4.299607363770192
train1,training,201702,Intermediate,35801,13184,36.82578698919025,37.599527363922206,41.0643835221955,-3.4648561582732995
train1,training,201702,Latest,35801,11710,32.70858355911846,33.1820679945786,36.60935407697512,-3.4272860823965248
train1,training,201702,Combined,35801,23606,65.93670567861233,66.84414847266173,71.18377525161624,-4.339626778954509
train1,training,201703,Early,41078,11700,28.482399337845074,29.211471876550387,33.134287123295564,-3.9228152467451762
train1,training,201703,Intermediate,41078,15390,37.46530989824237,38.26713798033208,41.0643835221955,-2.7972455418634192
train1,training,201703,Latest,41078,13747,33.465602025415066,33.93823466779322,36.60935407697512,-2.67111940918191
train1,training,201703,Combined,41078,27389,66.67559277472127,67.63388049200148,71.18377525161624,-3.549894759614758
train1,training,201704,Early,35471,10137,28.57827521073553,29.2237378091057,33.134287123295564,-3.910549314189865
train1,training,201704,Intermediate,35471,13079,36.872374615883395,37.645860451551826,41.0643835221955,-3.4185230706436753
train1,training,201704,Latest,35471,11698,32.97905331115559,33.45285813526757,36.60935407697512,-3.15649594170756
train1,training,201704,Combined,35471,23505,66.26539990414705,67.1969706635235,71.18377525161624,-3.9868045880927405
train1,training,201705,Early,38418,10994,28.616794211046905,29.312541265223235,33.134287123295564,-3.8217458580723287
train1,training,201705,Intermediate,38418,14296,37.21172367119579,37.97538476821941,41.0643835221955,-3.0889987539760853
train1,training,201705,Latest,38418,12918,33.624863345306885,34.121190822721445,36.60935407697512,-2.4881632542536836
train1,training,201705,Combined,38418,25525,66.44021031808006,67.38495966482394,71.18377525161624,-3.7988155867923035
train1,training,201706,Early,39318,11251,28.615392441121116,29.193091232733977,33.134287123295564,-3.9411958905615885
train1,training,201706,Intermediate,39318,14702,37.392542855689506,38.019908890044704,41.0643835221955,-3.044474632150801
train1,training,201706,Latest,39318,13135,33.40709089984231,33.80420417230187,36.60935407697512,-2.805149904673254
train1,training,201706,Combined,39318,26212,66.66666666666667,67.41517281662622,71.18377525161624,-3.7686024349900205
train1,training,201707,Early,38637,11061,28.62799906825064,29.196077029847544,33.134287123295564,-3.938210093448019
train1,training,201707,Intermediate,38637,14496,37.518440872738566,38.22935585667436,41.0643835221955,-2.8350276655211393
train1,training,201707,Latest,38637,13040,33.75003235240831,34.14038629311624,36.60935407697512,-2.4689677838588886
train1,training,201707,Combined,38637,25927,67.10407122706214,67.83821007710375,71.18377525161624,-3.345565174512488
train1,training,201708,Early,38002,10903,28.690595231829903,29.223576739855496,33.134287123295564,-3.910710383440069
train1,training,201708,Intermediate,38002,14369,37.81116783327193,38.3959791858564,41.0643835221955,-2.668404336339103
train1,training,201708,Latest,38002,12843,33.79558970580496,34.14319939086266,36.60935407697512,-2.466154686112465
train1,training,201708,Combined,38002,25684,67.58591653070891,68.25470137815414,71.18377525161624,-2.929073873462107
train1,training,201709,Early,38109,10973,28.793723267469627,29.276850487183797,33.134287123295564,-3.8574366361117662
train1,training,201709,Intermediate,38109,14547,38.17208533417303,38.663702469313435,41.0643835221955,-2.4006810528820646
train1,training,201709,Latest,38109,12944,33.96572988008082,34.24890796429907,36.60935407697512,-2.3604461126760565
train1,training,201709,Combined,38109,25621,67.23083785982314,67.78043746536501,71.18377525161624,-3.403337786251226
train1,training,201710,Early,36553,10594,28.982573249801657,29.485818936128766,33.134287123295564,-3.648468187166798
train1,training,201710,Intermediate,36553,13691,37.45520203540065,38.06600944605806,41.0643835221955,-2.9983740761374387
train1,training,201710,Latest,36553,12354,33.797499521243125,34.11377746075992,36.60935407697512,-2.4955766162152058
train1,training,201710,Combined,36553,24503,67.03416956200586,67.66698604405978,71.18377525161624,-3.516789207556459
train1,training,201711,Early,38494,11248,29.220138203356367,29.654348784291418,33.134287123295564,-3.4799383390041463
train1,training,201711,Intermediate,38494,14585,37.88902166571414,38.37710548048277,41.0643835221955,-2.6872780417127373
train1,training,201711,Latest,38494,13042,33.88060476957448,34.15872797411426,36.60935407697512,-2.45062610286087
train1,training,201711,Combined,38494,25949,67.41050553332987,67.97407372237431,71.18377525161624,-3.209701529241926
train1,training,201712,Early,37770,11111,29.417527137940166,29.810807328444884,33.134287123295564,-3.323479794850681
train1,training,201712,Intermediate,37770,14087,37.29679639925867,37.719126693571525,41.0643835221955,-3.345256828623977
train1,training,201712,Latest,37770,12931,34.23616626952608,34.46598254184641,36.60935407697512,-2.1433715351287184
train1,training,201712,Combined,37770,25417,67.29414879534022,67.72218127183962,71.18377525161624,-3.4615939797766226
train1,training,201801,Early,36218,10632,29.355569054061515,29.947497184275875,33.134287123295564,-3.1867899390196905
train1,training,201801,Intermediate,36218,13663,37.724335965542,38.36448742266157,41.0643835221955,-2.699896099533933
train1,training,201801,Latest,36218,12593,34.77000386548125,35.1068795912587,36.60935407697512,-1.5024744857164207
train1,training,201801,Combined,36218,24580,67.8668065602739,68.5362366225666,71.18377525161624,-2.6475386290496394
train1,training,201802,Early,39437,11827,29.98960367167888,30.40734886747387,33.134287123295564,-2.7269382558216924
train1,training,201802,Intermediate,39437,14932,37.86292060755128,38.28938157987711,41.0643835221955,-2.7750019423183945
train1,training,201802,Latest,39437,13436,34.069528615259784,34.30364852581555,36.60935407697512,-2.3057055511595816
train1,training,201802,Combined,39437,26730,67.778989274032,68.22398994599217,71.18377525161624,-2.959785305624074
train1,training,201803,Early,41603,12235,29.408936855515226,29.767123552913045,33.134287123295564,-3.3671635703825196
train1,training,201803,Intermediate,41603,15819,38.02370021392688,38.40262302118693,41.0643835221955,-2.66176050100857
train1,training,201803,Latest,41603,14226,34.19464942432036,34.405349256019086,36.60935407697512,-2.2040048209560403
train1,training,201803,Combined,41603,28007,67.31966444727544,67.74345314800586,71.18377525161624,-3.4403221036103937
train1,training,201804,Early,38460,11769,30.600624024961,30.97063215316861,33.134287123295564,-2.163654970126955
train1,training,201804,Intermediate,38460,14722,38.27873114924597,38.67281499610659,41.0643835221955,-2.3915685260889106
train1,training,201804,Latest,38460,13406,34.85699427977119,35.07758312333592,36.60935407697512,-1.5317709536392055
train1,training,201804,Combined,38460,26348,68.50754030161207,68.91748019879611,71.18377525161624,-2.266295052820133
train1,training,201805,Early,40257,12320,30.603373326378023,30.93638928419268,33.134287123295564,-2.197897839102886
train1,training,201805,Intermediate,40257,15464,38.41319522070696,38.78784486978575,41.0643835221955,-2.276538652409754
train1,training,201805,Latest,40257,13984,34.73681595747323,34.91470885273323,36.60935407697512,-1.6946452242418975
train1,training,201805,Combined,40257,27727,68.87497826464963,69.2752031271944,71.18377525161624,-1.9085721244218479
train1,training,201806,Early,39664,11963,30.16085114965712,30.534402429011543,33.134287123295564,-2.5998846942840217
train1,training,201806,Intermediate,39664,15362,38.73033481242437,39.1364478924318,41.0643835221955,-1.9279356297636996
train1,training,201806,Latest,39664,13867,34.96117386042759,35.23141298993411,36.60935407697512,-1.377941087041018
train1,training,201806,Combined,39664,27073,68.2558491327148,68.70724379715153,71.18377525161624,-2.4765314544647032
train1,training,201807,Early,39309,11824,30.07962553104887,30.382082439927178,33.134287123295564,-2.7522046833683866
train1,training,201807,Intermediate,39309,15289,38.89440077335979,39.21200230790408,41.0643835221955,-1.8523812142914209
train1,training,201807,Latest,39309,14016,35.65595665114859,35.81176038021724,36.60935407697512,-0.7975936967578923
train1,training,201807,Combined,39309,27124,69.00200971787632,69.3093392238062,71.18377525161624,-1.8744360278100447
train1,training,201808,Early,39458,11929,30.232145572507477,30.46406212920802,33.134287123295564,-2.6702249940875444
train1,training,201808,Intermediate,39458,15363,38.93507020122662,39.22512956170041,41.0643835221955,-1.8392539604950908
train1,training,201808,Latest,39458,14001,35.48329869734908,35.636746120552914,36.60935407697512,-0.9726079564222112
train1,training,201808,Combined,39458,27214,68.96953722945918,69.24782064509711,71.18377525161624,-1.9359546065191302
train1,training,201809,Early,38924,12039,30.929503648134826,31.22212149701966,33.134287123295564,-1.9121656262759024
train1,training,201809,Intermediate,38924,15037,38.63169252903093,38.95311028287614,41.0643835221955,-2.1112732393193667
train1,training,201809,Latest,38924,13707,35.21477751515774,35.39250399045835,36.60935407697512,-1.2168500865167742
train1,training,201809,Combined,38924,26709,68.6183331620594,68.96000701977701,71.18377525161624,-2.2237682318392404
train1,training,201810,Early,42943,13271,30.90375614186247,31.08635952407378,33.134287123295564,-2.047927599221783
train1,training,201810,Intermediate,42943,16920,39.401066530051466,39.586149396509626,41.0643835221955,-1.4782341256858733
train1,training,201810,Latest,42943,15144,35.265351745336844,35.399553876600095,36.60935407697512,-1.2098002003750274
train1,training,201810,Combined,42943,29720,69.2080199334001,69.41408619143601,71.18377525161624,-1.769689060180224
train1,training,201811,Early,40611,12561,30.930043584250573,31.016690446989397,33.134287123295564,-2.117596676306166
train1,training,201811,Intermediate,40611,15806,38.92048952254315,39.018091588560374,41.0643835221955,-2.04629193363513
train1,training,201811,Latest,40611,14287,35.18012361182931,35.23045861578243,36.60935407697512,-1.3788954611926918
train1,training,201811,Combined,40611,27959,68.84587919529191,68.94833897673108,71.18377525161624,-2.235436274885161
train1,training,201812,Early,37335,11738,31.439667871970002,31.615784210185865,33.134287123295564,-1.5185029131096983
train1,training,201812,Intermediate,37335,14876,39.84464979241998,40.04952028824527,41.0643835221955,-1.0148632339502361
train1,training,201812,Latest,37335,13361,35.7867952323557,35.89064334097267,36.60935407697512,-0.7187107360024536
train1,training,201812,Combined,37335,26041,69.74956475157359,69.9531456098184,71.18377525161624,-1.2306296417978313
train1,training,201901,Early,41456,12910,31.14145117715168,31.296813552696385,33.134287123295564,-1.8374735705991796
train1,training,201901,Intermediate,41456,16109,38.85806638363566,39.03191726627691,41.0643835221955,-2.0324662559185858
train1,training,201901,Latest,41456,14544,35.082979544577384,35.175643337275936,36.60935407697512,-1.43371073969919
train1,training,201901,Combined,41456,28643,69.09253184098803,69.27072713576878,71.18377525161624,-1.91304811584746
train1,training,201902,Early,39941,12421,31.09837009589144,31.295829067284448,33.134287123295564,-1.8384580560111163
train1,training,201902,Intermediate,39941,15646,39.17277985027916,39.38636211527603,41.0643835221955,-1.678021406919472
train1,training,201902,Latest,39941,14134,35.38719611426855,35.505212331581426,36.60935407697512,-1.1041417453936997
train1,training,201902,Combined,39941,27682,69.30722816153826,69.52393310051826,71.18377525161624,-1.6598421510979788
train1,training,201903,Early,42773,13334,31.17387136745143,31.335030062159973,33.134287123295564,-1.7992570611355896
train1,training,201903,Intermediate,42773,16833,39.35426554134617,39.52735957959589,41.0643835221955,-1.5370239425996135
train1,training,201903,Latest,42773,15143,35.40317490005377,35.504929911836186,36.60935407697512,-1.1044241651389397
train1,training,201903,Combined,42773,29645,69.3077408645641,69.47982523996271,71.18377525161624,-1.7039500116535322
train1,training,201904,Early,41368,12898,31.178688841616708,31.33098039608338,33.134287123295564,-1.8033067272121839
train1,training,201904,Intermediate,41368,16309,39.42419261264746,39.584049342177266,41.0643835221955,-1.480334180018239
train1,training,201904,Latest,41368,14852,35.90214658673371,35.980388058985405,36.60935407697512,-0.6289660179897238
train1,training,201904,Combined,41368,28677,69.32169793076774,69.48394785459499,71.18377525161624,-1.6998273970212585
train1,training,201905,Early,42840,13527,31.57563025210084,31.59756086110248,33.134287123295564,-1.5367262621930833
train1,training,201905,Intermediate,42840,17050,39.79925303454715,39.83395295938805,41.0643835221955,-1.2304305628074552
train1,training,201905,Latest,42840,15068,35.17273576097106,35.195915430221156,36.60935407697512,-1.4134386467539672
train1,training,201905,Combined,42840,29882,69.75256769374417,69.80493824212893,71.18377525161624,-1.3788370094873104
train1,training,201906,Early,41329,13145,31.80575382903046,31.942013857790414,33.134287123295564,-1.1922732655051504
train1,training,201906,Intermediate,41329,16506,39.938058022212005,40.09190651337987,41.0643835221955,-0.9724770088156365
train1,training,201906,Latest,41329,14756,35.70374313436086,35.78887936206737,36.60935407697512,-0.820474714907754
train1,training,201906,Combined,41329,28828,69.75247404969876,69.9135291887688,71.18377525161624,-1.2702460628474355
train1,training,201907,Early,44049,14056,31.909918499852438,32.02291839701441,33.134287123295564,-1.1113687262811534
train1,training,201907,Intermediate,44049,17721,40.230198188381124,40.35776478192295,41.0643835221955,-0.7066187402725521
train1,training,201907,Latest,44049,16007,36.33907693704738,36.377534988937796,36.60935407697512,-0.2318190880373272
train1,training,201907,Combined,44049,30959,70.28309382732866,70.39535161686136,71.18377525161624,-0.7884236347548867
train1,training,201908,Early,41677,13468,32.31518583391319,32.394432970705786,33.134287123295564,-0.7398541525897806
train1,training,201908,Intermediate,41677,16468,39.513400676632195,39.61254765967935,41.0643835221955,-1.4518358625161543
train1,training,201908,Latest,41677,15113,36.262206972670775,36.35080260489112,36.60935407697512,-0.258551472084001
train1,training,201908,Combined,41677,29296,70.29296734409867,70.41825597050811,71.18377525161624,-0.7655192811081291
train1,training,201909,Early,38423,12192,31.73099445644536,31.994536098983833,33.134287123295564,-1.1397510243117304
train1,training,201909,Intermediate,38423,15177,39.499778778335894,39.755517212143644,41.0643835221955,-1.3088663100518594
train1,training,201909,Latest,38423,13803,35.92379564323452,36.0733149034096,36.60935407697512,-0.5360391735655223
train1,training,201909,Combined,38423,26769,69.66920854696406,69.95702163313476,71.18377525161624,-1.226753618481491
train1,training,201910,Early,41994,13310,31.69500404819736,31.825637998508764,33.134287123295564,-1.3086491247867982
train1,training,201910,Intermediate,41994,16884,40.20574367766824,40.352925992543966,41.0643835221955,-0.711457529651538
train1,training,201910,Latest,41994,15139,36.05038815068819,36.11647118630413,36.60935407697512,-0.49288289067099256
train1,training,201910,Combined,41994,29453,70.13620993475259,70.29974899575119,71.18377525161624,-0.8840262558650558
train1,training,201911,Early,44505,14467,32.50645994832041,32.505098978195676,33.134287123295564,-0.6291881450998904
train1,training,201911,Intermediate,44505,17686,39.73935512863723,39.74199407712759,41.0643835221955,-1.322389445067912
train1,training,201911,Latest,44505,16177,36.348724862375015,36.36351343683792,36.60935407697512,-0.24584064013720708
train1,training,201911,Combined,44505,31314,70.36063363667003,70.35216063404137,71.18377525161624,-0.8316146175748718
train1,training,201912,Early,43848,14328,32.67651888341543,32.70766682032306,33.134287123295564,-0.4266203029725024
train1,training,201912,Intermediate,43848,17643,40.23672687465791,40.26258134975389,41.0643835221955,-0.801802172441618
train1,training,201912,Latest,43848,15790,36.010764459040324,36.01167586774914,36.60935407697512,-0.597678209225988
train1,training,201912,Combined,43848,30970,70.63035942346288,70.62604020477006,71.18377525161624,-0.557735046846175
train1,training,202001,Early,44768,14404,32.174767691208004,32.15437041990326,33.134287123295564,-0.9799167033923029
train1,training,202001,Intermediate,44768,17920,40.028591851322375,40.006421886138156,41.0643835221955,-1.0579616360573474
train1,training,202001,Latest,44768,16269,36.34068977841315,36.335600337200766,36.60935407697512,-0.2737537397743628
train1,training,202001,Combined,44768,31536,70.44317369549678,70.41974708304667,71.18377525161624,-0.7640281685695749
train1,training,202002,Early,43173,14220,32.93725244944757,32.86959564720036,33.134287123295564,-0.2646914760952024
train1,training,202002,Intermediate,43173,17498,40.529960855164106,40.437534971135435,41.0643835221955,-0.6268485510600663
train1,training,202002,Latest,43173,15773,36.53440807912352,36.48684328511833,36.60935407697512,-0.1225107918567947
train1,training,202002,Combined,43173,30658,71.01197507701573,70.90205306095923,71.18377525161624,-0.28172219065700776
train1,training,202003,Early,44357,14381,32.4210383930383,32.54452113815079,33.134287123295564,-0.5897659851447745
train1,training,202003,Intermediate,44357,17902,40.358906147845886,40.491194562682594,41.0643835221955,-0.5731889595129103
train1,training,202003,Latest,44357,16081,36.25357891651825,36.337258502862184,36.60935407697512,-0.2720955741129405
train1,training,202003,Combined,44357,31182,70.29781094303041,70.44894118919458,71.18377525161624,-0.7348340624216521
train1,training,202004,Early,45498,15036,33.04760648819728,33.24080783913145,33.134287123295564,0.10652071583588385
train1,training,202004,Intermediate,45498,18481,40.619367884302605,40.83307004676834,41.0643835221955,-0.23131347542716396
train1,training,202004,Latest,45498,16421,36.091696338300586,36.22989058974574,36.60935407697512,-0.37946348722938117
train1,training,202004,Combined,45498,32188,70.74596685568596,71.00815832140745,71.18377525161624,-0.17561693020878844
train1,training,202005,Early,48299,15909,32.93857015673203,32.93053302569336,33.134287123295564,-0.20375409760220453
train1,training,202005,Intermediate,48299,19903,41.20789250295037,41.20668589083339,41.0643835221955,0.1423023686378866
train1,training,202005,Latest,48299,17584,36.40655086026626,36.40334069634273,36.60935407697512,-0.2060133806323916
train1,training,202005,Combined,48299,34521,71.47352947265989,71.4748862804465,71.18377525161624,0.29111102883025985
train1,training,202006,Early,52710,17543,33.282109656611645,33.35741942292298,33.134287123295564,0.22313229962741543
train1,training,202006,Intermediate,52710,21813,41.38303927148549,41.47006801113416,41.0643835221955,0.40568448893865683
train1,training,202006,Latest,52710,19119,36.2720546385885,36.318703111926794,36.60935407697512,-0.290650965048328
train1,training,202006,Combined,52710,37561,71.25972301271106,71.3653289560659,71.18377525161624,0.18155370444965513
train1,training,202007,Early,54587,18177,33.2991371571986,33.33201891646108,33.134287123295564,0.1977317931655176
train1,training,202007,Intermediate,54587,22689,41.564841445765474,41.59831249468908,41.0643835221955,0.5339289724935803
train1,training,202007,Latest,54587,20168,36.94652572956931,36.96119982822128,36.60935407697512,0.3518457512461548
train1,training,202007,Combined,54587,39106,71.63976771026068,71.66892688290365,71.18377525161624,0.485151631287406
train1,training,202008,Early,50907,17353,34.08765002848331,33.985553628536366,33.134287123295564,0.8512665052408053
train1,training,202008,Intermediate,50907,21482,42.19851886773921,42.09539396195207,41.0643835221955,1.031010439756569
train1,training,202008,Latest,50907,18685,36.70418606478481,36.64470413985738,36.60935407697512,0.03535006288225562
train1,training,202008,Combined,50907,36708,72.10796157699335,71.98711118035725,71.18377525161624,0.8033359287410002
train1,training,202009,Early,53990,18245,33.79329505463975,33.73626881640438,33.134287123295564,0.6019816931088218
train1,training,202009,Intermediate,53990,22699,42.04297092054084,41.98612267134763,41.0643835221955,0.9217391491521287
train1,training,202009,Latest,53990,19792,36.658640488979444,36.63078650470314,36.60935407697512,0.021432427728013126
train1,training,202009,Combined,53990,38815,71.89294313761808,71.83987067766844,71.18377525161624,0.6560954260521945
train1,training,202010,Early,53937,18568,34.425348091291696,34.12244018437424,33.134287123295564,0.9881530610786782
train1,training,202010,Intermediate,53937,22773,42.22148061627454,41.92035050808796,41.0643835221955,0.8559669858924535
train1,training,202010,Latest,53937,19892,36.8800637781115,36.69484048839855,36.60935407697512,0.08548641142342439
train1,training,202010,Combined,53937,39005,72.31584997311678,72.00355837686116,71.18377525161624,0.8197831252449217
train1,training,202011,Early,51075,17534,34.32990699951053,34.12343838875035,33.134287123295564,0.9891512654547907
train1,training,202011,Intermediate,51075,21658,42.404307391091535,42.19477305225207,41.0643835221955,1.1303895300565636
train1,training,202011,Latest,51075,18879,36.963289280469894,36.86844055544654,36.60935407697512,0.2590864784714153
train1,training,202011,Combined,51075,36892,72.23103279490945,72.04807715435656,71.18377525161624,0.8643019027403165
train1,training,202012,Early,49760,17222,34.610128617363344,34.45074996183467,33.134287123295564,1.3164628385391008
train1,training,202012,Intermediate,49760,21007,42.21663987138264,42.03797702355215,41.0643835221955,0.973593501356651
train1,training,202012,Latest,49760,18553,37.28496784565916,37.18569395970926,36.60935407697512,0.5763398827341337
train1,training,202012,Combined,49760,36027,72.40152733118971,72.21924722026255,71.18377525161624,1.0354719686463065
train1,training,202101,Early,55457,19366,34.92074940945237,34.60382328399788,33.134287123295564,1.4695361607023172
train1,training,202101,Intermediate,55457,23648,42.642046991362676,42.32049723073936,41.0643835221955,1.25611370854386
train1,training,202101,Latest,55457,20641,37.219827974827346,37.043953973053895,36.60935407697512,0.4345998960787689
train1,training,202101,Combined,55457,40377,72.80776096795715,72.46334753009592,71.18377525161624,1.2795722784796792
train1,training,202102,Early,52278,18349,35.098894372393744,34.8127005857593,33.134287123295564,1.6784134624637403
train1,training,202102,Intermediate,52278,22613,43.25528903171506,42.97417304058,41.0643835221955,1.909789518384497
train1,training,202102,Latest,52278,19670,37.62576992233827,37.4656466490941,36.60935407697512,0.8562925721189718
train1,training,202102,Combined,52278,38264,73.19331267454761,72.92263753815526,71.18377525161624,1.7388622865390113
train1,training,202103,Early,59571,20796,34.90960366621343,34.72455581444249,33.134287123295564,1.5902686911469233
train1,training,202103,Intermediate,59571,25855,43.4019909016132,43.21197710735764,41.0643835221955,2.147593585162139
train1,training,202103,Latest,59571,22662,38.042000302160446,37.93671055276902,36.60935407697512,1.327356475793895
train1,training,202103,Combined,59571,43867,73.63817965117255,73.44112349003521,71.18377525161624,2.257348238418966
train1,training,202104,Early,52789,18791,35.596431074655705,35.32410216415872,33.134287123295564,2.1898150408631523
train1,training,202104,Intermediate,52789,22710,43.02032620432287,42.728754177129495,41.0643835221955,1.6643706549339943
train1,training,202104,Latest,52789,20145,38.16135937411203,38.00334545817658,36.60935407697512,1.3939913812014593
train1,training,202104,Combined,52789,38744,73.39407831176949,73.09968581065226,71.18377525161624,1.915910559036016
train1,training,202105,Early,54591,19462,35.65056511146526,35.42637271344118,33.134287123295564,2.292085590145615
train1,training,202105,Intermediate,54591,23670,43.358795405836126,43.139667125317516,41.0643835221955,2.0752836031220134
train1,training,202105,Latest,54591,21048,38.55580590207177,38.42314250663565,36.60935407697512,1.8137884296605233
train1,training,202105,Combined,54591,40157,73.5597442801927,73.35157398587882,71.18377525161624,2.1677987342625715
train1,training,202106,Early,56339,20164,35.790482614174906,35.509951356129825,33.134287123295564,2.3756642328342625
train1,training,202106,Intermediate,56339,24489,43.46722519036547,43.172499300797185,41.0643835221955,2.1081157786016824
train1,training,202106,Latest,56339,21482,38.12989225935853,37.97153465140893,36.60935407697512,1.3621805744338022
train1,training,202106,Combined,56339,41447,73.56715596655958,73.25982688867607,71.18377525161624,2.076051637059828
train1,training,202107,Early,55234,19996,36.20233913893616,35.88439418518543,33.134287123295564,2.7501070618898615
train1,training,202107,Intermediate,55234,24154,43.73031104030127,43.413076344908944,41.0643835221955,2.348692822713444
train1,training,202107,Latest,55234,21302,38.566824781837276,38.39026095322642,36.60935407697512,1.7809068762512925
train1,training,202107,Combined,55234,40899,74.04678277872326,73.72587804314314,71.18377525161624,2.542102791526901
train1,training,202108,Early,52684,19148,36.345000379621894,36.014654696094674,33.134287123295564,2.8803675727991083
train1,training,202108,Intermediate,52684,23192,44.020955128691824,43.67624994000883,41.0643835221955,2.6118664178133297
train1,training,202108,Latest,52684,20367,38.658795839344016,38.46338395456711,36.60935407697512,1.8540298775919783
train1,training,202108,Combined,52684,39016,74.05663958697137,73.7358409769493,71.18377525161624,2.5520657253330636
train1,training,202109,Early,53402,19478,36.47428935245871,36.1258595045987,33.134287123295564,2.991572381303137
train1,training,202109,Intermediate,53402,23350,43.72495412156848,43.36672288384536,41.0643835221955,2.3023393616498575
train1,training,202109,Latest,53402,20876,39.09216883262799,38.89722481232513,36.60935407697512,2.2878707353500003
train1,training,202109,Combined,53402,39630,74.21070371896184,73.8818685996541,71.18377525161624,2.6980933480378555
train1,training,202110,Early,53392,19626,36.758315852562184,36.331221720290905,33.134287123295564,3.1969345969953435
train1,training,202110,Intermediate,53392,23450,43.9204375187294,43.51951785503109,41.0643835221955,2.4551343328355903
train1,training,202110,Latest,53392,20566,38.51887923284387,38.29517246395986,36.60935407697512,1.6858183869847332
train1,training,202110,Combined,53392,39635,74.23396763560083,73.82766632542145,71.18377525161624,2.6438910738052046
train1,training,202111,Early,52543,19090,36.33214700340673,35.97376736629842,33.134287123295564,2.8394802430028565
train1,training,202111,Intermediate,52543,23233,44.217117408598675,43.798791671534865,41.0643835221955,2.7344081493393624
train1,training,202111,Latest,52543,20702,39.400110385779264,39.13721668163308,36.60935407697512,2.5278626046579546
train1,training,202111,Combined,52543,39255,74.71023732942542,74.29888646536645,71.18377525161624,3.11511121375021
train1,training,202112,Early,52669,19365,36.76735840817179,36.398334670286744,33.134287123295564,3.264047546991178
train1,training,202112,Intermediate,52669,23154,43.96134348478232,43.60316056038455,41.0643835221955,2.5387770381890498
train1,training,202112,Latest,52669,20387,38.70777876929503,38.51532075792441,36.60935407697512,1.9059666809492837
train1,training,202112,Combined,52669,39171,74.37202149271867,74.0204673665709,71.18377525161624,2.836692114954653
train1,training,202201,Early,55530,20692,37.262740860795965,36.68650472997014,33.134287123295564,3.5522176066745734
train1,training,202201,Intermediate,55530,24617,44.33099225643796,43.77759377409679,41.0643835221955,2.7132102519012937
train1,training,202201,Latest,55530,21884,39.409328291013864,39.09019508734431,36.60935407697512,2.4808410103691836
train1,training,202201,Combined,55530,41744,75.17377993877183,74.60299585626855,71.18377525161624,3.4192206046523066
train1,training,202202,Early,51608,19494,37.77321345527825,37.221204417736764,33.134287123295564,4.0869172944412
train1,training,202202,Intermediate,51608,22947,44.46403658347543,43.94046424096324,41.0643835221955,2.8760807187677315
train1,training,202202,Latest,51608,20409,39.5461943884669,39.24546235031398,36.60935407697512,2.6361082733388552
train1,training,202202,Combined,51608,38936,75.44566733839714,74.928618371711,71.18377525161624,3.744843120094754
train1,training,202203,Early,57917,21546,37.20151250928052,36.643594307929455,33.134287123295564,3.509307184633892
train1,training,202203,Intermediate,57917,25766,44.48780150905606,43.94877716781927,41.0643835221955,2.884393645623773
train1,training,202203,Latest,57917,22846,39.44610390731564,39.13495599078055,36.60935407697512,2.5256019138054198
train1,training,202203,Combined,57917,43396,74.92791408394771,74.4265445662133,71.18377525161624,3.2427693145970493
train1,training,202204,Early,52652,20031,38.04413887411684,37.47987183388608,33.134287123295564,4.345584710590517
train1,training,202204,Intermediate,52652,23769,45.14358428929575,44.58720721034376,41.0643835221955,3.5228236881482577
train1,training,202204,Latest,52652,21026,39.933905644609894,39.603954362153964,36.60935407697512,2.994600285178839
train1,training,202204,Combined,52652,39801,75.59257008280787,75.07592173751429,71.18377525161624,3.8921464858980515
train1,training,202205,Early,53666,20364,37.94581299146573,37.42666879878704,33.134287123295564,4.29238167549148
train1,training,202205,Intermediate,53666,24145,44.991242127231395,44.488564602651294,41.0643835221955,3.4241810804557904
train1,training,202205,Latest,53666,21615,40.27689784966273,40.005163807619056,36.60935407697512,3.3958097306439283
train1,training,202205,Combined,53666,40566,75.58975887899228,75.15586066139561,71.18377525161624,3.972085409779369
train1,training,202206,Early,55157,21281,38.58259151150352,37.969788278377195,33.134287123295564,4.835501155081634
train1,training,202206,Intermediate,55157,24925,45.18918722918215,44.63461339455021,41.0643835221955,3.570229872354702
train1,training,202206,Latest,55157,22169,40.192541291223236,39.866234599040595,36.60935407697512,3.2568805220654697
train1,training,202206,Combined,55157,41857,75.88701343437823,75.36700006026628,71.18377525161624,4.183224808650032
train1,training,202207,Early,54044,20538,38.00236844052994,37.41463020836021,33.134287123295564,4.280343085064647
train1,training,202207,Intermediate,54044,24202,44.78202945747909,44.16533969590815,41.0643835221955,3.1009561737126488
train1,training,202207,Latest,54044,21764,40.27089038561172,39.95291323202525,36.60935407697512,3.3435591550501242
train1,training,202207,Combined,54044,40768,75.43483087854341,74.88639473365323,71.18377525161624,3.702619482036995
train1,training,202208,Early,56404,21786,38.62492021842422,37.85779236773592,33.134287123295564,4.723505244440352
train1,training,202208,Intermediate,56404,25499,45.20778668179562,44.47066789264108,41.0643835221955,3.406284370445578
train1,training,202208,Latest,56404,22841,40.495354939366,40.10111976900117,36.60935407697512,3.49176569202605
train1,training,202208,Combined,56404,42898,76.05488972413303,75.3488278975007,71.18377525161624,4.16505264588446
train1,training,202209,Early,57023,22285,39.080721814004875,38.385380178697105,33.134287123295564,5.25109305540154
train1,training,202209,Intermediate,57023,25989,45.57634638654578,44.900159962587416,41.0643835221955,3.8357764403919137
train1,training,202209,Latest,57023,22706,39.8190203952791,39.43034336485885,36.60935407697512,2.820989287883724
train1,training,202209,Combined,57023,43426,76.15523560668503,75.54413188486794,71.18377525161624,4.360356633251694
train1,training,202210,Early,53815,20766,38.5877543435845,37.961569935706954,33.134287123295564,4.827282812411394
train1,training,202210,Intermediate,53815,24566,45.64898262566199,44.998734279905655,41.0643835221955,3.9343507577101535
train1,training,202210,Latest,53815,21800,40.50915172349717,40.14676598437433,36.60935407697512,3.537411907399207
train1,training,202210,Combined,53815,41113,76.39691535817151,75.80473562778542,71.18377525161624,4.62096037616917
train1,training,202211,Early,56182,22053,39.252785589690646,38.51317501395304,33.134287123295564,5.378887890657475
train1,training,202211,Intermediate,56182,25604,45.57331529671425,44.78346049268529,41.0643835221955,3.7190769704897875
train1,training,202211,Latest,56182,22809,40.59841230287281,40.17303707004696,36.60935407697512,3.563682993071832
train1,training,202211,Combined,56182,42919,76.39279484532412,75.66427834145635,71.18377525161624,4.480503089840104
train1,training,202212,Early,56569,21909,38.729692941363645,37.97827185767648,33.134287123295564,4.843984734380919
train1,training,202212,Intermediate,56569,25665,45.3693719174813,44.65397377770062,41.0643835221955,3.5895902555051205
train1,training,202212,Latest,56569,22598,39.94767452138097,39.57499653146633,36.60935407697512,2.9656424544912072
train1,training,202212,Combined,56569,42957,75.93735084586964,75.23546889961712,71.18377525161624,4.051693648000876
train1,training,202301,Early,54396,21496,39.51761158908743,38.71938321723742,33.134287123295564,5.585096093941855
train1,training,202301,Intermediate,54396,25111,46.16332083241415,45.37709828414342,41.0643835221955,4.312714761947917
train1,training,202301,Latest,54396,22319,41.030590484594455,40.631801935844194,36.60935407697512,4.0224478588690715
train1,training,202301,Combined,54396,41839,76.9155820280903,76.22051033866504,71.18377525161624,5.036735087048793
train1,training,202302,Early,51957,20385,39.23436688030487,38.55528897722256,33.134287123295564,5.421001853926999
train1,training,202302,Intermediate,51957,23951,46.097734665203916,45.382513281546785,41.0643835221955,4.318129759351286
train1,training,202302,Latest,51957,21201,40.804896356602576,40.40962618314396,36.60935407697512,3.8002721061688396
train1,training,202302,Combined,51957,39814,76.62875069769233,75.9852583655236,71.18377525161624,4.801483113907368
train1,training,202303,Early,58077,23009,39.618093221068584,38.82550170582078,33.134287123295564,5.691214582525212
train1,training,202303,Intermediate,58077,26949,46.40219019577457,45.678897432509295,41.0643835221955,4.614513910313795
train1,training,202303,Latest,58077,23871,41.102329665788524,40.681473969663394,36.60935407697512,4.07211989268827
train1,training,202303,Combined,58077,44678,76.92890472992751,76.29217704564877,71.18377525161624,5.108401794032524
train1,training,202304,Early,49856,19635,39.3834242618742,38.74231681008376,33.134287123295564,5.608029686788196
train1,training,202304,Intermediate,49856,23235,46.604220154043645,45.93850323606035,41.0643835221955,4.874119713864844
train1,training,202304,Latest,49856,20581,41.28088896020539,40.96311871285433,36.60935407697512,4.3537646358792035
train1,training,202304,Combined,49856,38289,76.79918164313221,76.2345208440904,71.18377525161624,5.050745592474149
train1,training,202305,Early,53848,21555,40.029341851136536,39.37869509362687,33.134287123295564,6.244407970331306
train1,training,202305,Intermediate,53848,25500,47.35551923934037,46.69306568211063,41.0643835221955,5.628682159915127
train1,training,202305,Latest,53848,22587,41.94584757094042,41.61947174163617,36.60935407697512,5.01011766466104
train1,training,202305,Combined,53848,41729,77.49405734660526,76.95818963360827,71.18377525161624,5.774414381992033
train1,training,202306,Early,53479,21964,41.070326670281794,40.22750171118229,33.134287123295564,7.093214587886726
train1,training,202306,Intermediate,53479,26022,48.65835187643748,47.87918949873786,41.0643835221955,6.81480597654236
train1,training,202306,Latest,53479,22856,42.73827109706614,42.328652424479536,36.60935407697512,5.7192983475044095
train1,training,202306,Combined,53479,41963,78.46631388021467,77.80307028240561,71.18377525161624,6.619295030789374
train1,training,202307,Early,51413,21497,41.81238208235271,40.96886385990972,33.134287123295564,7.834576736614151
train1,training,202307,Intermediate,51413,25351,49.308540641472,48.484435560221634,41.0643835221955,7.420052038026132
train1,training,202307,Latest,51413,21894,42.58456032520958,42.16043816685885,36.60935407697512,5.551084089883728
train1,training,202307,Combined,51413,40320,78.42374496722618,77.69704824394725,71.18377525161624,6.513272992331009
train1,training,202308,Early,51256,21804,42.539410020290305,41.702651122793775,33.134287123295564,8.568363999498207
train1,training,202308,Intermediate,51256,25681,50.10340252848447,49.32156144523459,41.0643835221955,8.257177923039094
train1,training,202308,Latest,51256,21915,42.75597003277665,42.32224756530641,36.60935407697512,5.7128934883312885
train1,training,202308,Combined,51256,40480,78.97611986889339,78.3329780617456,71.18377525161624,7.1492028101293625
train1,training,202309,Early,50736,22000,43.36171554714601,42.49313540122047,33.134287123295564,9.358848277924908
train1,training,202309,Intermediate,50736,25783,50.8179596341848,50.01040703975009,41.0643835221955,8.946023517554591
train1,training,202309,Latest,50736,21894,43.15279091769158,42.70630183838593,36.60935407697512,6.096947761410809
train1,training,202309,Combined,50736,40147,79.12921791233049,78.44074101554827,71.18377525161624,7.256965763932033
train1,training,202310,Early,51649,23069,44.66494995062828,43.720180781381906,33.134287123295564,10.585893658086343
train1,training,202310,Intermediate,51649,26758,51.807392205076574,51.001724703213014,41.0643835221955,9.937341181017512
train1,training,202310,Latest,51649,22771,44.0879784700575,43.61096935785367,36.60935407697512,7.001615280878543
train1,training,202310,Combined,51649,41351,80.06156943987298,79.37807606079365,71.18377525161624,8.194300809177403
train1,training,202311,Early,53283,24149,45.32214777696451,44.334248120601664,33.134287123295564,11.199960997306102
train1,training,202311,Intermediate,53283,28411,53.320946643394706,52.47962428712988,41.0643835221955,11.415240764934376
train1,training,202311,Latest,53283,23820,44.70469005123585,44.15927460795934,36.60935407697512,7.549920530984217
train1,training,202311,Combined,53283,42984,80.67113338212938,79.93043400687583,71.18377525161624,8.746658755259585
train1,training,202312,Early,50732,23193,45.71670740361113,44.75774258016055,33.134287123295564,11.62345545686499
train1,training,202312,Intermediate,50732,27096,53.410076480328,52.50108382248195,41.0643835221955,11.43670030028645
train1,training,202312,Latest,50732,22416,44.1851297011748,43.64064588836107,36.60935407697512,7.031291811385943
train1,training,202312,Combined,50732,40973,80.76362059449657,79.96903620241885,71.18377525161624,8.78526095080261
train1,training,202401,Early,55483,26146,47.12434439377827,46.069634080958984,33.134287123295564,12.935346957663418
train1,training,202401,Intermediate,55483,30326,54.65818358776562,53.690384963612956,41.0643835221955,12.626001441417456
train1,training,202401,Latest,55483,25488,45.938395544581226,45.33612692305925,36.60935407697512,8.726772846084124
train1,training,202401,Combined,55483,45285,81.61959519131986,80.77620999829107,71.18377525161624,9.592434746674828
train1,training,202402,Early,54773,26237,47.901338250597924,46.836558806683584,33.134287123295564,13.702271683388018
train1,training,202402,Intermediate,54773,30309,55.335658079710804,54.33880230903804,41.0643835221955,13.274418786842535
train1,training,202402,Latest,54773,25141,45.900352363390724,45.27319269284202,36.60935407697512,8.663838615866892
train1,training,202402,Combined,54773,44935,82.03859565844485,81.20346041287237,71.18377525161624,10.019685161256131
train1,training,202403,Early,54483,26186,48.06269845639925,47.04139528569024,33.134287123295564,13.907108162394682
train1,training,202403,Intermediate,54483,30446,55.881651157241706,54.96905597373234,41.0643835221955,13.904672451536836
train1,training,202403,Latest,54483,25183,46.221757245379294,45.68846673982846,36.60935407697512,9.079112662853339
train1,training,202403,Combined,54483,44727,82.09349705412697,81.36859426717238,71.18377525161624,10.184819015556146
train1,training,202404,Early,53972,26323,48.77158526643445,47.73463962881381,33.134287123295564,14.600352505518249
train1,training,202404,Intermediate,53972,30514,56.5367227451271,55.56604958582041,41.0643835221955,14.501666063624906
train1,training,202404,Latest,53972,25316,46.90580300896761,46.31662644192143,36.60935407697512,9.7072723649463
train1,training,202404,Combined,53972,44564,82.56873934632773,81.7579048865411,71.18377525161624,10.574129634924855
train1,training,202405,Early,56887,28012,49.241478720973156,48.12621683004025,33.134287123295564,14.991929706744683
train1,training,202405,Intermediate,56887,33143,58.261114138555385,57.32936342902855,41.0643835221955,16.264979906833045
train1,training,202405,Latest,56887,26838,47.177738323342766,46.56431829099393,36.60935407697512,9.954964214018801
train1,training,202405,Combined,56887,47457,83.42327772601824,82.5920503105117,71.18377525161624,11.408275058895445
train1,training,202406,Early,52941,26618,50.27861203981791,49.16848057972659,33.134287123295564,16.03419345643103
train1,training,202406,Intermediate,52941,31223,58.976974367692335,57.99680897155673,41.0643835221955,16.932425449361233
train1,training,202406,Latest,52941,25250,47.69460342645586,47.071520095292016,36.60935407697512,10.462166018316893
train1,training,202406,Combined,52941,44470,83.99916888611851,83.19650197130773,71.18377525161624,12.01272671969148
train1,training,202407,Early,57951,29276,50.51854152646201,49.4635517579115,33.134287123295564,16.329264634615935
train1,training,202407,Intermediate,57951,34428,59.40881089196045,58.50739914753669,41.0643835221955,17.443015625341186
train1,training,202407,Latest,57951,28189,48.6428189332367,48.01494479850608,36.60935407697512,11.40559072153095
train1,training,202407,Combined,57951,48832,84.26429224689824,83.48613615004349,71.18377525161624,12.302360898427246
train1,training,202408,Early,55357,28318,51.15522878768719,50.07152672249385,33.134287123295564,16.93723959919829
train1,training,202408,Intermediate,55357,33421,60.37357515761331,59.4592921635117,41.0643835221955,18.3949086413162
train1,training,202408,Latest,55357,26932,48.651480390917136,48.08169831964405,36.60935407697512,11.472344242668925
train1,training,202408,Combined,55357,46902,84.72641219719277,83.97442417235801,71.18377525161624,12.790648920741777
train1,training,202409,Early,55003,28217,51.30083813610167,50.17903188516465,33.134287123295564,17.044744761869087
train1,training,202409,Intermediate,55003,33446,60.80759231314656,59.85794131869678,41.0643835221955,18.793557796501283
train1,training,202409,Latest,55003,27041,49.162772939657835,48.5443802518517,36.60935407697512,11.935026174876572
train1,training,202409,Combined,55003,46568,84.66447284693562,83.901115430111,71.18377525161624,12.717340178494762
train1,training,202410,Early,57918,30151,52.05808211609517,50.82876336799742,33.134287123295564,17.694476244701857
train1,training,202410,Intermediate,57918,35955,62.07914637936393,61.09367233250741,41.0643835221955,20.029288810311908
train1,training,202410,Latest,57918,29002,50.0742428951276,49.401632100189666,36.60935407697512,12.792278023214537
train1,training,202410,Combined,57918,49359,85.22221071169585,84.41065689110002,71.18377525161624,13.226881639483768
train1,training,202411,Early,56379,29487,52.3013888149843,51.06368439716057,33.134287123295564,17.929397273865007
train1,training,202411,Intermediate,56379,35549,63.05361925539651,62.08913821836137,41.0643835221955,21.02475469616587
train1,training,202411,Latest,56379,28755,51.00303304421859,50.285472144042764,36.60935407697512,13.67611806706764
train1,training,202411,Combined,56379,48384,85.81918799553026,85.01929482816394,71.18377525161624,13.835519576547695
train1,training,202412,Early,54552,28882,52.94398005572665,51.65989855475619,33.134287123295564,18.525611431460625
train1,training,202412,Intermediate,54552,34700,63.60903358263675,62.62534855600544,41.0643835221955,21.560965033809943
train1,training,202412,Latest,54552,28163,51.625971550080656,50.91869047185372,36.60935407697512,14.309336394878597
train1,training,202412,Combined,54552,47108,86.35430415016864,85.54119830187803,71.18377525161624,14.357423050261787
train1,training,202501,Early,60449,32135,53.16051547585568,51.80973931143775,33.134287123295564,18.675452188142188
train1,training,202501,Intermediate,60449,39486,65.32117983754901,64.34680720281993,41.0643835221955,23.282423680624433
train1,training,202501,Latest,60449,32108,53.1158497245612,52.37957161406581,36.60935407697512,15.770217537090685
train1,training,202501,Combined,60449,52626,87.05851213419577,86.22470350341727,71.18377525161624,15.040928251801034
train1,training,202502,Early,55720,29631,53.178391959798994,51.80837785078653,33.134287123295564,18.67409072749096
train1,training,202502,Intermediate,55720,36701,65.86683417085428,64.82332551783627,41.0643835221955,23.758941995640757
train1,training,202502,Latest,55720,29990,53.82268485283561,52.98697624507349,36.60935407697512,16.377622168098366
train1,training,202502,Combined,55720,48624,87.264895908112,86.42805789603398,71.18377525161624,15.244282644417739
train1,training,202503,Early,59957,32157,53.63343729672932,52.22739517067767,33.134287123295564,19.093108047382106
train1,training,202503,Intermediate,59957,40278,67.1781443367747,66.18305576098426,41.0643835221955,25.118672238788754
train1,training,202503,Latest,59957,33131,55.25793485331154,54.493661725039836,36.60935407697512,17.884307648064706
train1,training,202503,Combined,59957,52684,87.86963990860116,87.07162638390572,71.18377525161624,15.887851132289477
train1,training,202504,Early,60199,32173,53.44440937557102,52.06925024504924,33.134287123295564,18.934963121753672
train1,training,202504,Intermediate,60199,41233,68.4944932640077,67.52720048500488,41.0643835221955,26.462816962809377
train1,training,202504,Latest,60199,33612,55.834814531802856,55.06272164695197,36.60935407697512,18.453367569976848
train1,training,202504,Combined,60199,53272,88.49316433827805,87.70396999390364,71.18377525161624,16.520194742287398
train1,training,202505,Early,61750,32366,52.414574898785425,51.113671037613415,33.134287123295564,17.979383914317854
train1,training,202505,Intermediate,61750,43079,69.76356275303644,68.79696299713655,41.0643835221955,27.732579474941044
train1,training,202505,Latest,61750,35827,58.01943319838057,57.30365669503015,36.60935407697512,20.694302618055023
train1,training,202505,Combined,61750,55043,89.13846153846154,88.41230471628971,71.18377525161624,17.22852946467347
train1,training,202506,Early,57561,29584,51.395910425461686,50.07100204893328,33.134287123295564,16.936714925637713
train1,training,202506,Intermediate,57561,40559,70.46263963447473,69.47726411976662,41.0643835221955,28.41288059757111
train1,training,202506,Latest,57561,33947,58.97569534928163,58.162411693801474,36.60935407697512,21.553057616826347
train1,training,202506,Combined,57561,51476,89.42860617431941,88.69308324269181,71.18377525161624,17.509307991075573
train1,training,202507,Early,67646,34761,51.38663039943234,49.81871374822729,33.134287123295564,16.684426624931724
train1,training,202507,Intermediate,67646,48627,71.884516453301,70.62906447464289,41.0643835221955,29.564680952447386
train1,training,202507,Latest,67646,41374,61.16252254383112,60.19032887669312,36.60935407697512,23.580974799717996
train1,training,202507,Combined,67646,61002,90.17828105135558,89.21804182002492,71.18377525161624,18.034266568408686
train1,training,202508,Early,58988,29559,50.110191903437986,48.72055444579429,33.134287123295564,15.586267322498726
train1,training,202508,Intermediate,58988,43122,73.10300400081373,72.05548478827126,41.0643835221955,30.99110126607576
train1,training,202508,Latest,58988,36705,62.22452024140503,61.34950307772885,36.60935407697512,24.740149000753725
train1,training,202508,Combined,58988,53351,90.44381908184715,89.68464196489482,71.18377525161624,18.500866713278576
train1,training,202509,Early,60345,29554,48.97506007125694,47.57729057191685,33.134287123295564,14.443003448621283
train1,training,202509,Intermediate,60345,44029,72.96213439390174,71.96911522955467,41.0643835221955,30.90473170735917
train1,training,202509,Latest,60345,38000,62.97124865357527,62.13613209744718,36.60935407697512,25.526778020472058
train1,training,202509,Combined,60345,54752,90.7316264810672,89.99757910505964,71.18377525161624,18.8138038534434
train1,training,202510,Early,63588,30931,48.642825690381834,46.97400922820018,33.134287123295564,13.839722104904617
train1,training,202510,Intermediate,63588,46937,73.81424168082027,72.67600852645384,41.0643835221955,31.611625004258336
train1,training,202510,Latest,63588,40919,64.35019186009939,63.351061024249255,36.60935407697512,26.74170694727413
train1,training,202510,Combined,63588,57954,91.13983770522741,90.2943081052774,71.18377525161624,19.110532853661145
train1,training,202511,Early,62028,29314,47.259302250596505,45.556045960561704,33.134287123295564,12.42175883726614
train1,training,202511,Intermediate,62028,46175,74.44218739923906,73.09441540085604,41.0643835221955,32.03003187866054
train1,training,202511,Latest,62028,40622,65.48977880956987,64.34254231781077,36.60935407697512,27.733188240835645
train1,training,202511,Combined,62028,56784,91.54575353066357,90.55626297786813,71.18377525161624,19.372487726251887
train1,training,202512,Early,62148,28624,46.0577975156079,44.447192813929846,33.134287123295564,11.312905690634278
train1,training,202512,Intermediate,62148,46319,74.53015382635,73.13634558689903,41.0643835221955,32.07196206470352
train1,training,202512,Latest,62148,41568,66.88549913110639,65.74295589350349,36.60935407697512,29.13360181652837
train1,training,202512,Combined,62148,56987,91.69562978696015,90.74192029948934,71.18377525161624,19.558145047873086
train1,training,202601,Early,63409,28402,44.79174880537463,43.06223134649411,33.134287123295564,9.927944223198548
train1,training,202601,Intermediate,63409,47869,75.49243798198994,74.09848797197102,41.0643835221955,33.034104449775526
train1,training,202601,Latest,63409,43583,68.73314513712565,67.5207438894161,36.60935407697512,30.911389812440966
train1,training,202601,Combined,63409,58486,92.2361179012443,91.27005978218767,71.18377525161624,20.08628453057143
train1,training,202602,Early,59438,26243,44.15188936370672,42.58760861001829,33.134287123295564,9.453321486722727
train1,training,202602,Intermediate,59438,44631,75.0883273326828,73.69091723551323,41.0643835221955,32.62653371331772
train1,training,202602,Latest,59438,41404,69.65914061711364,68.32419686864372,36.60935407697512,31.7148427916686
train1,training,202602,Combined,59438,54898,92.36178875466874,91.45117382595602,71.18377525161624,20.26739857433978
train1,training,202603,Early,64640,27549,42.61912128712871,40.86577710226046,33.134287123295564,7.731489978964895
train1,training,202603,Intermediate,64640,48240,74.62871287128714,73.04482032967023,41.0643835221955,31.98043680747473
train1,training,202603,Latest,64640,45573,70.50278465346534,69.08459195983014,36.60935407697512,32.475237882855005
train1,training,202603,Combined,64640,59634,92.2555693069307,91.18283369848257,71.18377525161624,19.999058446866325
train1,training,202604,Early,63811,26684,41.81724154142702,39.88605945128359,33.134287123295564,6.751772327988026
train1,training,202604,Intermediate,63811,48060,75.31616805879864,73.53658298331624,41.0643835221955,32.47219946112073
train1,training,202604,Latest,63811,46067,72.19288210496623,70.70079383333406,36.60935407697512,34.09143975635894
train1,training,202604,Combined,63811,59154,92.70188525489336,91.54041379315238,71.18377525161624,20.35663854153613
train1,training,202605,Early,64011,25644,40.06186436706191,38.35136497962645,33.134287123295564,5.217077856330887
train1,training,202605,Intermediate,64011,48489,75.75104278952055,74.01307146223621,41.0643835221955,32.94868794004071
train1,training,202605,Latest,64011,46879,73.23585008826608,71.70414768119447,36.60935407697512,35.09479360421935
train1,training,202605,Combined,64011,59572,93.06525440939838,92.00232020528361,71.18377525161624,20.818544953667374
train1,training,202606,Early,66949,26160,39.07451941029739,37.05542318181236,33.134287123295564,3.9211360585167943
train1,training,202606,Intermediate,66949,50552,75.50822267696306,73.51956681118985,41.0643835221955,32.45518328899435
train1,training,202606,Latest,66949,49610,74.1011814963629,72.17664670751752,36.60935407697512,35.5672926305424
train1,training,202606,Combined,66949,62395,93.19780728614319,91.9449897337504,71.18377525161624,20.76121448213416
train1,training,202607,Early,66626,25182,37.796055593912286,35.84515810400834,33.134287123295564,2.710870980712776
train1,training,202607,Intermediate,66626,50260,75.43601596974155,73.38824997540841,41.0643835221955,32.323866453212915
train1,training,202607,Latest,66626,50069,75.14934109806983,73.1127326802425,36.60935407697512,36.50337860326737
train1,training,202607,Combined,66626,62291,93.4935310539429,92.23834716387583,71.18377525161624,21.05457191225958
train1,training,202608,Early,54447,19673,36.13238562271567,34.388887175393904,33.134287123295564,1.254600052098337
train1,training,202608,Intermediate,54447,40676,74.70751372894742,72.504903857256,41.0643835221955,31.440520335060494
train1,training,202608,Latest,54447,41310,75.87194886770621,73.69640155251541,36.60935407697512,37.08704747554029
train1,training,202608,Combined,54447,50838,93.37153562179735,91.97468304394154,71.18377525161624,20.790907792325296
full,full,201501,Early,62157,15978,25.705873835609825,26.76543197634309,32.8159801228476,-6.050548146504509
full,full,201501,Intermediate,62157,20050,32.257026561771,33.42212235810415,39.43499185309176,-6.012869494987616
full,full,201501,Latest,62157,19012,30.58706179513168,31.32561009844782,36.204033017399475,-4.878422918951653
full,full,201501,Combined,62157,38534,61.99462651028846,63.422516854076825,70.32531664376603,-6.902799789689196
full,full,201502,Early,64961,16648,25.627684302889428,26.621547421099905,32.8159801228476,-6.194432701747693
full,full,201502,Intermediate,64961,21505,33.10447807145826,34.278658609591446,39.43499185309176,-5.156333243500316
full,full,201502,Latest,64961,19949,30.7091947476178,31.43237984508239,36.204033017399475,-4.77165317231708
full,full,201502,Combined,64961,40463,62.288142116038856,63.726537882109014,70.32531664376603,-6.598778761657009
full,full,201503,Early,74336,19501,26.233588032716316,27.154241246493545,32.8159801228476,-5.661738876354056
full,full,201503,Intermediate,74336,24730,33.267864829961255,34.30000736568,39.43499185309176,-5.134984487411759
full,full,201503,Latest,74336,23033,30.98498708566509,31.626076446860946,36.204033017399475,-4.577956570538527
full,full,201503,Combined,74336,46740,62.87666810159277,64.16159028329066,70.32531664376603,-6.163726360475352
full,full,201504,Early,69764,18190,26.073619631901842,26.937429061819206,32.8159801228476,-5.878551061028392
full,full,201504,Intermediate,69764,23057,33.0499971331919,33.985587397289066,39.43499185309176,-5.449404455802692
full,full,201504,Latest,69764,21920,31.420216730692047,31.978478146201745,36.204033017399475,-4.225554871197729
full,full,201504,Combined,69764,43678,62.60822200561894,63.74176654229136,70.32531664376603,-6.583550101474667
full,full,201505,Early,66724,17482,26.200467597865835,27.092759854230003,32.8159801228476,-5.723220268617596
full,full,201505,Intermediate,66724,22221,33.30285954079492,34.262418081570345,39.43499185309176,-5.1725737715214155
full,full,201505,Latest,66724,20906,31.33205443318746,31.931640266773197,36.204033017399475,-4.272392750626275
full,full,201505,Combined,66724,41898,62.79299802170134,63.94489226712021,70.32531664376603,-6.38042437664581
full,full,201506,Early,73789,19571,26.52292347097806,27.485046645883276,32.8159801228476,-5.330933476964322
full,full,201506,Intermediate,73789,24657,33.41554974318665,34.58929877888792,39.43499185309176,-4.845693074203838
full,full,201506,Latest,73789,22669,30.721381235685534,31.360128713514555,36.204033017399475,-4.843904303884916
full,full,201506,Combined,73789,46432,62.92536827982491,64.25278619186953,70.32531664376603,-6.072530451896485
full,full,201507,Early,71463,18782,26.282132012370038,27.10195409433608,32.8159801228476,-5.714026028511521
full,full,201507,Intermediate,71463,23856,33.382309726711725,34.2333672168297,39.43499185309176,-5.201624636262064
full,full,201507,Latest,71463,22405,31.35188838979612,31.87505310673026,36.204033017399475,-4.3289799106692115
full,full,201507,Combined,71463,45144,63.1711515049746,64.23618498683298,70.32531664376603,-6.089131656933045
full,full,201508,Early,67369,17728,26.314773857412163,27.201011036803397,32.8159801228476,-5.614969086044202
full,full,201508,Intermediate,67369,22631,33.59260193857709,34.60684922212617,39.43499185309176,-4.828142630965587
full,full,201508,Latest,67369,21248,31.53972895545429,32.14001333543797,36.204033017399475,-4.064019681961501
full,full,201508,Combined,67369,42696,63.37633035966097,64.61585200640691,70.32531664376603,-5.709464637359119
full,full,201509,Early,70741,18821,26.605504587155963,27.388227635232898,32.8159801228476,-5.4277524876147005
full,full,201509,Intermediate,70741,23934,33.833279145050255,34.702113914800776,39.43499185309176,-4.732877938290986
full,full,201509,Latest,70741,22246,31.447109879702012,31.913512724787157,36.204033017399475,-4.290520292612316
full,full,201509,Combined,70741,44989,63.596782629592454,64.63804975622796,70.32531664376603,-5.687266887538067
full,full,201510,Early,71329,19088,26.76050414277503,27.649497548005325,32.8159801228476,-5.166482574842274
full,full,201510,Intermediate,71329,23791,33.35389533009015,34.29695143954289,39.43499185309176,-5.138040413548872
full,full,201510,Latest,71329,22524,31.577619201166424,32.16200457502605,36.204033017399475,-4.042028442373419
full,full,201510,Combined,71329,45236,63.418805815306534,64.57946604598669,70.32531664376603,-5.745850597779334
full,full,201511,Early,66665,18039,27.059176479411985,27.823224062903666,32.8159801228476,-4.992756059943932
full,full,201511,Intermediate,66665,22526,33.78984474611865,34.66704191049564,39.43499185309176,-4.7679499425961165
full,full,201511,Latest,66665,21375,32.063301582539566,32.6176794047187,36.204033017399475,-3.5863536126807705
full,full,201511,Combined,66665,42571,63.85809645241131,64.9188406909845,70.32531664376603,-5.40647595278152
full,full,201512,Early,70500,18975,26.914893617021278,27.701255128594028,32.8159801228476,-5.114724994253573
full,full,201512,Intermediate,70500,23859,33.84255319148936,34.732442051446924,39.43499185309176,-4.70254980164484
full,full,201512,Latest,70500,22111,31.363120567375887,31.880019747978523,36.204033017399475,-4.324013269420951
full,full,201512,Combined,70500,44644,63.32482269503546,64.35545253039021,70.32531664376603,-5.969864113375811
full,full,201601,Early,67621,18354,27.142455745996067,28.008899877288528,32.8159801228476,-4.80708024555907
full,full,201601,Intermediate,67621,22914,33.885923012082046,34.79045295302568,39.43499185309176,-4.644538900066086
full,full,201601,Latest,67621,21514,31.815560254950384,32.39668867365609,36.204033017399475,-3.8073443437433854
full,full,201601,Combined,67621,43229,63.928365448603245,65.05195176590725,70.32531664376603,-5.273364877858777
full,full,201602,Early,71934,19744,27.447382322684682,28.300736112918994,32.8159801228476,-4.515244009928604
full,full,201602,Intermediate,71934,24573,34.1604804404037,35.06750207507572,39.43499185309176,-4.367489778016037
full,full,201602,Latest,71934,23016,31.995996329969138,32.53185885870796,36.204033017399475,-3.67217415869151
full,full,201602,Combined,71934,46262,64.31173019712514,65.40346922780145,70.32531664376603,-4.921847415964575
full,full,201603,Early,77658,21128,27.206469391434236,28.045976377974657,32.8159801228476,-4.770003744872941
full,full,201603,Intermediate,77658,26577,34.22313219500889,35.11908027231204,39.43499185309176,-4.315911580779719
full,full,201603,Latest,77658,24764,31.88853691828273,32.46816395160024,36.204033017399475,-3.7358690657992355
full,full,201603,Combined,77658,49746,64.05779185660202,65.18499420270929,70.32531664376603,-5.140322441056733
full,full,201604,Early,72686,19844,27.30099331370553,28.076050951416192,32.8159801228476,-4.739929171431406
full,full,201604,Intermediate,72686,25009,34.40690091626998,35.210381072182365,39.43499185309176,-4.224610780909393
full,full,201604,Latest,72686,23230,31.959386952095315,32.4387244321391,36.204033017399475,-3.765308585260374
full,full,201604,Combined,72686,46482,63.94904108081336,64.9444139846354,70.32531664376603,-5.380902659130616
full,full,201605,Early,72223,19819,27.4413967849577,28.210196752861506,32.8159801228476,-4.605783369986094
full,full,201605,Intermediate,72223,24717,34.22316990432411,35.03173237072951,39.43499185309176,-4.4032594823622535
full,full,201605,Latest,72223,23273,32.22380682054193,32.747636284070666,36.204033017399475,-3.456396733328809
full,full,201605,Combined,72223,46424,64.2786923833128,65.27664316812995,70.32531664376603,-5.048673475636067
full,full,201606,Early,77290,21243,27.484797515849397,28.42201315710146,32.8159801228476,-4.393966965746138
full,full,201606,Intermediate,77290,26571,34.37831543537327,35.35291974306426,39.43499185309176,-4.082072110027496
full,full,201606,Latest,77290,24888,32.20080217363178,32.85300859884489,36.204033017399475,-3.3510244185545823
full,full,201606,Combined,77290,49723,64.33303144003105,65.56704914654978,70.32531664376603,-4.75826749721624
full,full,201607,Early,71400,19876,27.837535014005603,28.618686208620588,32.8159801228476,-4.1972939142270125
full,full,201607,Intermediate,71400,24419,34.200280112044815,35.06224017994874,39.43499185309176,-4.372751673143021
full,full,201607,Latest,71400,22873,32.03501400560224,32.58589253517177,36.204033017399475,-3.6181404822277
full,full,201607,Combined,71400,45991,64.41316526610645,65.47798401660188,70.32531664376603,-4.847332627164147
full,full,201608,Early,75215,20703,27.525094728445126,28.28834395472674,32.8159801228476,-4.527636168120858
full,full,201608,Intermediate,75215,25754,34.24051053646214,35.072411124508626,39.43499185309176,-4.362580728583137
full,full,201608,Latest,75215,24585,32.68629927541049,33.18162355157839,36.204033017399475,-3.02240946582108
full,full,201608,Combined,75215,48594,64.6067938576082,65.60297375380603,70.32531664376603,-4.722342889959997
full,full,201609,Early,72968,20051,27.47916895077294,28.28108291736866,32.8159801228476,-4.534897205478938
full,full,201609,Intermediate,72968,25296,34.66725139787304,35.522862201413076,39.43499185309176,-3.9121296516786863
full,full,201609,Latest,72968,23674,32.44435917114352,33.018933715432716,36.204033017399475,-3.185099301966754
full,full,201609,Combined,72968,47061,64.4953952417498,65.59024165805195,70.32531664376603,-4.735074985714071
full,full,201610,Early,71314,19784,27.742098325714444,28.55051543313901,32.8159801228476,-4.265464689708587
full,full,201610,Intermediate,71314,24514,34.37473707827355,35.21622554598965,39.43499185309176,-4.218766307102106
full,full,201610,Latest,71314,23248,32.59948958128839,33.182348422169355,36.204033017399475,-3.0216845952301172
full,full,201610,Combined,71314,46156,64.72221443194884,65.81998767237559,70.32531664376603,-4.505328971390432
full,full,201611,Early,72029,19814,27.508364686445738,28.303587017290617,32.8159801228476,-4.512393105556983
full,full,201611,Intermediate,72029,25037,34.75961071235197,35.669827077953784,39.43499185309176,-3.76516477513798
full,full,201611,Latest,72029,23493,32.616029654722404,33.18966044374271,36.204033017399475,-3.0143725736567593
full,full,201611,Combined,72029,46710,64.84888031209651,65.94956802131536,70.32531664376603,-4.37574862245066
full,full,201612,Early,68477,19061,27.835623640054326,28.654700260786537,32.8159801228476,-4.161279862061063
full,full,201612,Intermediate,68477,23746,34.6773369160448,35.53312822027298,39.43499185309176,-3.9018636328187806
full,full,201612,Latest,68477,22200,32.4196445521854,32.92833169026009,36.204033017399475,-3.2757013271393856
full,full,201612,Combined,68477,44392,64.82760634957722,65.86267531984889,70.32531664376603,-4.462641323917127
full,full,201701,Early,70442,19723,27.998921098208456,28.8727252900447,32.8159801228476,-3.9432548328029005
full,full,201701,Intermediate,70442,24756,35.14380625195196,36.07747236294034,39.43499185309176,-3.357519490151417
full,full,201701,Latest,70442,23260,33.02007325175322,33.6037426662462,36.204033017399475,-2.600290351153273
full,full,201701,Combined,70442,46076,65.40984072002499,66.56717955570262,70.32531664376603,-3.7581370880633957
full,full,201702,Early,71415,20190,28.271371560596513,28.96992865141736,32.8159801228476,-3.84605147143024
full,full,201702,Intermediate,71415,25325,35.461737730168736,36.20059145255739,39.43499185309176,-3.234400400534371
full,full,201702,Latest,71415,23401,32.767625848911294,33.2754375336143,36.204033017399475,-2.9285954837851733
full,full,201702,Combined,71415,46759,65.47504025764896,66.4264481914549,70.32531664376603,-3.8988684523111328
full,full,201703,Early,81997,23287,28.39981950559167,29.157799837309618,32.8159801228476,-3.658180285537982
full,full,201703,Intermediate,81997,29167,35.57081356634999,36.314219476904,39.43499185309176,-3.1207723761877637
full,full,201703,Latest,81997,27094,33.04267229288877,33.545644113239156,36.204033017399475,-2.6583889041603195
full,full,201703,Combined,81997,53858,65.68289083746966,66.66546956843024,70.32531664376603,-3.659847075335776
full,full,201704,Early,71198,20227,28.40950588499677,29.077671134092224,32.8159801228476,-3.7383089887553735
full,full,201704,Intermediate,71198,25005,35.12036854967836,35.834565156860414,39.43499185309176,-3.600426696231346
full,full,201704,Latest,71198,23325,32.76075170650861,33.27237654538446,36.204033017399475,-2.931656472015015
full,full,201704,Combined,71198,46531,65.35436388662603,66.29813075363646,70.32531664376603,-4.027185890129559
full,full,201705,Early,76375,21528,28.187234042553193,28.85613046101978,32.8159801228476,-3.959849661827819
full,full,201705,Intermediate,76375,27064,35.43567921440262,36.13663355869379,39.43499185309176,-3.298358294397974
full,full,201705,Latest,76375,25222,33.02389525368249,33.53142806643676,36.204033017399475,-2.6726049509627092
full,full,201705,Combined,76375,50128,65.63404255319149,66.56486461475191,70.32531664376603,-3.7604520290141052
full,full,201706,Early,78578,22499,28.63269617450177,29.251371452369302,32.8159801228476,-3.5646086704782975
full,full,201706,Intermediate,78578,28093,35.75173712744025,36.35947497444697,39.43499185309176,-3.0755168786447906
full,full,201706,Latest,78578,26073,33.18104304003665,33.604400282813124,36.204033017399475,-2.599632734586349
full,full,201706,Combined,78578,51757,65.86703657512281,66.65149626971838,70.32531664376603,-3.6738203740476427
full,full,201707,Early,77417,22121,28.57382745391839,29.216118474978366,32.8159801228476,-3.5998616478692345
full,full,201707,Intermediate,77417,27962,36.11868194324244,36.78356613477604,39.43499185309176,-2.6514257183157253
full,full,201707,Latest,77417,26055,33.65539868504334,34.08097093427232,36.204033017399475,-2.123062083127153
full,full,201707,Combined,77417,51409,66.40531149489131,67.18471626779188,70.32531664376603,-3.140600375974134
full,full,201708,Early,76320,22030,28.86530398322851,29.4333246902579,32.8159801228476,-3.3826554325896985
full,full,201708,Intermediate,76320,27658,36.2395178197065,36.79249384224293,39.43499185309176,-2.642498010848826
full,full,201708,Latest,76320,25691,33.662211740041926,34.04549814387186,36.204033017399475,-2.1585348735276124
full,full,201708,Combined,76320,50907,66.70204402515724,67.38851958275798,70.32531664376603,-2.936797061008045
full,full,201709,Early,76193,21950,28.808420721063616,29.313577097481026,32.8159801228476,-3.502403025366574
full,full,201709,Intermediate,76193,27627,36.259236412793825,36.725135139406596,39.43499185309176,-2.709856713685166
full,full,201709,Latest,76193,25560,33.5463887758718,33.85227460617799,36.204033017399475,-2.3517584112214776
full,full,201709,Combined,76193,50484,66.25805520192144,66.80891465461623,70.32531664376603,-3.5164019891497977
full,full,201710,Early,73441,21171,28.82722185155431,29.33170128259168,32.8159801228476,-3.4842788402559166
full,full,201710,Intermediate,73441,26504,36.08883321305538,36.627804958290724,39.43499185309176,-2.807186894801034
full,full,201710,Latest,73441,24668,33.588867253986194,33.917217827215524,36.204033017399475,-2.2868151901839493
full,full,201710,Combined,73441,48671,66.27224574828774,66.89263594085963,70.32531664376603,-3.4326807029063877
full,full,201711,Early,77126,22514,29.191193631200893,29.655707057511037,32.8159801228476,-3.1602730653365607
full,full,201711,Intermediate,77126,27942,36.22902782459871,36.68377354650684,39.43499185309176,-2.751218306584918
full,full,201711,Latest,77126,25822,33.48027902393486,33.7834424387564,36.204033017399475,-2.420590578643067
full,full,201711,Combined,77126,51381,66.61955760703265,67.18897265649557,70.32531664376603,-3.1363439872704513
full,full,201712,Early,75861,22259,29.341822543863117,29.72564973880233,32.8159801228476,-3.09033038404527
full,full,201712,Intermediate,75861,27301,35.9881889244803,36.376806970379896,39.43499185309176,-3.0581848827118674
full,full,201712,Latest,75861,25581,33.72088424882351,33.97480158973239,36.204033017399475,-2.2292314276670835
full,full,201712,Combined,75861,50429,66.47552760970723,66.92345575202015,70.32531664376603,-3.401860891745878
full,full,201801,Early,72575,21080,29.04581467447468,29.669325956243636,32.8159801228476,-3.1466541666039625
full,full,201801,Intermediate,72575,26202,36.10334137099552,36.760451331045985,39.43499185309176,-2.6745405220457763
full,full,201801,Latest,72575,24884,34.28728901136755,34.66966112618671,36.204033017399475,-1.5343718912127657
full,full,201801,Combined,72575,48543,66.88666896314157,67.63255011750725,70.32531664376603,-2.692766526258772
full,full,201802,Early,78949,23326,29.5456560564415,30.027375626448617,32.8159801228476,-2.788604496398983
full,full,201802,Intermediate,78949,28724,36.38298141838402,36.81700584306157,39.43499185309176,-2.6179860100301875
full,full,201802,Latest,78949,26672,33.7838351340739,34.07358588626474,36.204033017399475,-2.1304471311347384
full,full,201802,Combined,78949,52749,66.81401917693701,67.31933064072521,70.32531664376603,-3.005986003040817
full,full,201803,Early,83664,24841,29.6913845859629,30.071992039145222,32.8159801228476,-2.7439880837023756
full,full,201803,Intermediate,83664,30487,36.43980684643335,36.79885908132243,39.43499185309176,-2.6361327717693284
full,full,201803,Latest,83664,28331,33.86283228150698,34.10055381810517,36.204033017399475,-2.1034791992943003
full,full,201803,Combined,83664,55969,66.89735131000191,67.32662258843156,70.32531664376603,-2.998694055334461
full,full,201804,Early,77260,23415,30.306756406937613,30.666560854449425,32.8159801228476,-2.149419268398173
full,full,201804,Intermediate,77260,28473,36.853481749935284,37.20984133847388,39.43499185309176,-2.2251505146178854
full,full,201804,Latest,77260,26824,34.719130209681595,34.943324274403274,36.204033017399475,-1.2607087429961972
full,full,201804,Combined,77260,52317,67.71550608335491,68.12143161564312,70.32531664376603,-2.2038850281228983
full,full,201805,Early,80208,24251,30.235138639537205,30.613320552055445,32.8159801228476,-2.2026595707921537
full,full,201805,Intermediate,80208,29446,36.71204867344903,37.081109114585,39.43499185309176,-2.353882738506763
full,full,201805,Latest,80208,27679,34.50902653101935,34.72978918957998,36.204033017399475,-1.474243827819488
full,full,201805,Combined,80208,54423,67.85233393177738,68.28198920617457,70.32531664376603,-2.0433274375914467
full,full,201806,Early,79604,23816,29.918094568112156,30.29621354312716,32.8159801228476,-2.5197665797204394
full,full,201806,Intermediate,79604,29556,37.12878749811567,37.491414165398105,39.43499185309176,-1.943577687693654
full,full,201806,Latest,79604,27407,34.42917441334606,34.67644739115609,36.204033017399475,-1.527585626243383
full,full,201806,Combined,79604,53802,67.58705592683785,68.01478882672586,70.32531664376603,-2.3105278170401644
full,full,201807,Early,78806,23565,29.902545491460042,30.216473097051335,32.8159801228476,-2.599507025796266
full,full,201807,Intermediate,78806,29448,37.36771311829049,37.67086106493831,39.43499185309176,-1.7641307881534507
full,full,201807,Latest,78806,27550,34.95926706088369,35.13184880893519,36.204033017399475,-1.072184208464283
full,full,201807,Combined,78806,53638,68.06334543055097,68.38723782028335,70.32531664376603,-1.9380788234826807
full,full,201808,Early,79292,24013,30.284265751904353,30.55472748534128,32.8159801228476,-2.261252637506317
full,full,201808,Intermediate,79292,29614,37.34803006608485,37.630385070945074,39.43499185309176,-1.8046067821466893
full,full,201808,Latest,79292,27740,34.98461383241689,35.16459374561383,36.204033017399475,-1.039439271785647
full,full,201808,Combined,79292,53897,67.97280936286133,68.27496945202263,70.32531664376603,-2.0503471917433846
full,full,201809,Early,78047,23898,30.62001101900137,30.92068185122267,32.8159801228476,-1.895298271624929
full,full,201809,Intermediate,78047,28877,36.99950030110062,37.3032600304613,39.43499185309176,-2.131731822630462
full,full,201809,Latest,78047,27339,35.028892846618064,35.22454040016258,36.204033017399475,-0.9794926172368934
full,full,201809,Combined,78047,53028,67.94367496508514,68.28449136027103,70.32531664376603,-2.0408252834949847
full,full,201810,Early,85806,26350,30.70880824184789,30.94260985618996,32.8159801228476,-1.8733702666576368
full,full,201810,Intermediate,85806,32211,37.53933291378225,37.77330314882967,39.43499185309176,-1.6616887042620931
full,full,201810,Latest,85806,29841,34.77728830151737,34.940775949411524,36.204033017399475,-1.2632570679879496
full,full,201810,Combined,85806,58521,68.20152436892525,68.46138486236792,70.32531664376603,-1.8639317813980982
full,full,201811,Early,81101,24990,30.813430167322228,30.929465373311142,32.8159801228476,-1.8865147495364554
full,full,201811,Intermediate,81101,30286,37.343559265607084,37.46101677151493,39.43499185309176,-1.9739750815768342
full,full,201811,Latest,81101,28008,34.53471597144301,34.60263286389155,36.204033017399475,-1.6014001535079259
full,full,201811,Combined,81101,55226,68.09533791198629,68.2192908287041,70.32531664376603,-2.106025815061918
full,full,201812,Early,74892,23066,30.79901725150884,31.049314693718173,32.8159801228476,-1.766665429129427
full,full,201812,Intermediate,74892,28312,37.803770763232386,38.05784845829833,39.43499185309176,-1.3771433947934286
full,full,201812,Latest,74892,26327,35.15328740052342,35.3049600495386,36.204033017399475,-0.8990729678608755
full,full,201812,Combined,74892,51322,68.52801367302249,68.82015711933747,70.32531664376603,-1.5051595244285565
full,full,201901,Early,83246,25707,30.88076303966557,31.022722688588534,32.8159801228476,-1.7932574342590657
full,full,201901,Intermediate,83246,31246,37.53453619393124,37.67677585617987,39.43499185309176,-1.7582159969118882
full,full,201901,Latest,83246,28932,34.75482305456118,34.8388497517009,36.204033017399475,-1.3651832656985774
full,full,201901,Combined,83246,56876,68.32280229680705,68.4781653823189,70.32531664376603,-1.8471512614471108
full,full,201902,Early,80278,24637,30.689603627394803,30.885378946051382,32.8159801228476,-1.930601176796215
full,full,201902,Intermediate,80278,30203,37.623010040110614,37.822853479731464,39.43499185309176,-1.6121383733602945
full,full,201902,Latest,80278,28273,35.21886444604998,35.333549832797075,36.204033017399475,-0.8704831846023942
full,full,201902,Combined,80278,55093,68.62776850444705,68.83660901568473,70.32531664376603,-1.4887076280812872
full,full,201903,Early,85370,26440,30.97106711959705,31.123415015489698,32.8159801228476,-1.6925651073579018
full,full,201903,Intermediate,85370,32195,37.71231111631721,37.86174475843997,39.43499185309176,-1.5732470946517918
full,full,201903,Latest,85370,30048,35.19737612744524,35.2959310351735,36.204033017399475,-0.9081019822259673
full,full,201903,Combined,85370,58522,68.55101323649994,68.71833505875956,70.32531664376603,-1.6069815850064617
full,full,201904,Early,83049,25809,31.076834158147598,31.22619092458217,32.8159801228476,-1.5897891982654289
full,full,201904,Intermediate,83049,31408,37.818637190092595,37.97043139052595,39.43499185309176,-1.4645604625658115
full,full,201904,Latest,83049,29502,35.52360654553336,35.60408828347247,36.204033017399475,-0.5999447339270048
full,full,201904,Combined,83049,57098,68.75218244650749,68.91596970451468,70.32531664376603,-1.4093469392513436
full,full,201905,Early,86180,26869,31.177767463448596,31.190815278416373,32.8159801228476,-1.625164844431226
full,full,201905,Intermediate,86180,32893,38.16778834996519,38.190103077641986,39.43499185309176,-1.2448887754497762
full,full,201905,Latest,86180,30221,35.067300997911346,35.07439506182667,36.204033017399475,-1.1296379555727987
full,full,201905,Combined,86180,59288,68.79554420979346,68.82141330961188,70.32531664376603,-1.503903334154133
full,full,201906,Early,82673,26048,31.50726355642108,31.646843507739646,32.8159801228476,-1.1691366151079519
full,full,201906,Intermediate,82673,31794,38.45753752736685,38.60912635901432,39.43499185309176,-0.8258654940774435
full,full,201906,Latest,82673,29306,35.44809067047283,35.535783906102544,36.204033017399475,-0.6682491112969258
full,full,201906,Combined,82673,57121,69.09269047935844,69.25843790632403,70.32531664376603,-1.0668787374419897
full,full,201907,Early,88413,27788,31.429767115695654,31.595217479315902,32.8159801228476,-1.2207626435316976
full,full,201907,Intermediate,88413,34186,38.666259486727064,38.830095259161546,39.43499185309176,-0.6048965939302153
full,full,201907,Latest,88413,31732,35.8906495651092,35.97914436662497,36.204033017399475,-0.22488865077450182
full,full,201907,Combined,88413,61249,69.27601144628052,69.456586945485,70.32531664376603,-0.8687296982810233
full,full,201908,Early,83214,26498,31.84319946162905,31.936866420103854,32.8159801228476,-0.8791137027437446
full,full,201908,Intermediate,83214,31924,38.363736871199556,38.479380127172924,39.43499185309176,-0.9556117259188368
full,full,201908,Latest,83214,29945,35.9855312807941,36.05789226818948,36.204033017399475,-0.1461407492099942
full,full,201908,Combined,83214,57814,69.4762900473478,69.6131245015803,70.32531664376603,-0.7121921421857191
full,full,201909,Early,77422,24284,31.365761669809615,31.603370851702863,32.8159801228476,-1.2126092711447378
full,full,201909,Intermediate,77422,29539,38.15323809769833,38.37033090494496,39.43499185309176,-1.0646609481468061
full,full,201909,Latest,77422,27664,35.73144584226706,35.87010452644833,36.204033017399475,-0.33392849095114086
full,full,201909,Combined,77422,53493,69.09276433055204,69.36000589112203,70.32531664376603,-0.9653107526439886
full,full,201910,Early,83876,26496,31.589489246029853,31.709053809961716,32.8159801228476,-1.1069263128858808
full,full,201910,Intermediate,83876,32043,38.20282321522247,38.32695438634525,39.43499185309176,-1.1080374667465087
full,full,201910,Latest,83876,29970,35.731317659401974,35.80190850443886,36.204033017399475,-0.402124512960611
full,full,201910,Combined,83876,58058,69.21884686918784,69.37662439459291,70.32531664376603,-0.9486922491731109
full,full,201911,Early,88735,28267,31.855524877444076,31.801786883867155,32.8159801228476,-1.0141932389804431
full,full,201911,Intermediate,88735,34169,38.50678987997971,38.46301860347079,39.43499185309176,-0.9719732496209665
full,full,201911,Latest,88735,31782,35.816757761875245,35.796816194395824,36.204033017399475,-0.4072168230036477
full,full,201911,Combined,88735,61743,69.58133769087733,69.51661679306063,70.32531664376603,-0.8086998507053855
full,full,201912,Early,87904,28174,32.050873680378594,32.031488862917,32.8159801228476,-0.7844912599305975
full,full,201912,Intermediate,87904,33986,38.662631962140516,38.63731469335429,39.43499185309176,-0.7976771597374699
full,full,201912,Latest,87904,31073,35.348789588642155,35.322348677484236,36.204033017399475,-0.8816843399152396
full,full,201912,Combined,87904,61015,69.41094830724427,69.35441787082974,70.32531664376603,-0.9708987729362906
full,full,202001,Early,89379,28620,32.02094451716846,31.980884756508683,32.8159801228476,-0.8350953663389171
full,full,202001,Intermediate,89379,34478,38.57505678067555,38.535097194510676,39.43499185309176,-0.8998946585810852
full,full,202001,Latest,89379,32079,35.89098110294364,35.86963754773864,36.204033017399475,-0.3343954696608309
full,full,202001,Combined,89379,62269,69.66849036127054,69.62019128591837,70.32531664376603,-0.705125357847658
full,full,202002,Early,86279,27805,32.22684546645186,32.18864764788867,32.8159801228476,-0.6273324749589304
full,full,202002,Intermediate,86279,33502,38.82984271954937,38.787309024693904,39.43499185309176,-0.6476828283978553
full,full,202002,Latest,86279,31179,36.13741466637305,36.11827145116802,36.204033017399475,-0.08576156623145148
full,full,202002,Combined,86279,60417,70.02515096373394,69.97396093995745,70.32531664376603,-0.3513557038085757
full,full,202003,Early,88639,28615,32.282629542300796,32.372282671687266,32.8159801228476,-0.44369745116032977
full,full,202003,Intermediate,88639,34278,38.671465156420986,38.76199551406526,39.43499185309176,-0.6729963390264992
full,full,202003,Latest,88639,31719,35.784474102821555,35.845829922680636,36.204033017399475,-0.35820309471883416
full,full,202003,Combined,88639,61691,69.59803246877784,69.72009151116681,70.32531664376603,-0.6052251325992075
full,full,202004,Early,91373,29690,32.49318726538474,32.667816861335034,32.8159801228476,-0.14816326151256276
full,full,202004,Intermediate,91373,35497,38.848456327361475,39.03412100507155,39.43499185309176,-0.4008708480202128
full,full,202004,Latest,91373,32677,35.7622054655095,35.88695774497068,36.204033017399475,-0.31707527242879063
full,full,202004,Combined,91373,63724,69.7405141562606,69.97635733567901,70.32531664376603,-0.3489593080870046
full,full,202005,Early,96791,31352,32.39144135301836,32.41268934667376,32.8159801228476,-0.40329077617384246
full,full,202005,Intermediate,96791,38230,39.49747393869265,39.526802108525644,39.43499185309176,0.09181025543388288
full,full,202005,Latest,96791,34604,35.75125786488413,35.771208844825814,36.204033017399475,-0.43282417257365924
full,full,202005,Combined,96791,68104,70.36191381430092,70.40796028007469,70.32531664376603,0.08264363630866578
full,full,202006,Early,105658,34758,32.896704461564674,33.00998446385554,32.8159801228476,0.19400434100793618
full,full,202006,Intermediate,105658,41964,39.71682219992807,39.83719378202555,39.43499185309176,0.40220192893379303
full,full,202006,Latest,105658,37936,35.90452213746238,35.97820365820129,36.204033017399475,-0.22582935919818192
full,full,202006,Combined,105658,74403,70.41870942096197,70.56971985157011,70.32531664376603,0.2444032078040892
full,full,202007,Early,109345,36308,33.20499336960995,33.265266250341305,32.8159801228476,0.4492861274937032
full,full,202007,Intermediate,109345,43697,39.96250400109744,40.01605802535869,39.43499185309176,0.5810661722669253
full,full,202007,Latest,109345,39708,36.31441766884631,36.340706330891344,36.204033017399475,0.13667331349186962
full,full,202007,Combined,109345,77485,70.86286524303809,70.9225828995491,70.32531664376603,0.5972662557830799
full,full,202008,Early,101334,33970,33.52280577101467,33.40867633612448,32.8159801228476,0.5926962132768832
full,full,202008,Intermediate,101334,40838,40.30039276057394,40.19737393569194,39.43499185309176,0.7623820826001826
full,full,202008,Latest,101334,36586,36.1043677344228,36.04453731261444,36.204033017399475,-0.15949570478503428
full,full,202008,Combined,101334,71953,71.00578285669174,70.8807290228496,70.32531664376603,0.5554123790835641
full,full,202009,Early,108121,36487,33.74645073574976,33.687019965339395,32.8159801228476,0.8710398424917942
full,full,202009,Intermediate,108121,43643,40.36496147834371,40.31298766951805,39.43499185309176,0.8779958164262913
full,full,202009,Latest,108121,39477,36.51187095938809,36.4802077923345,36.204033017399475,0.27617477493502296
full,full,202009,Combined,108121,76970,71.18876074028172,71.12946484381902,70.32531664376603,0.8041482000530009
full,full,202010,Early,107734,36971,34.31692873187666,34.04298256187823,32.8159801228476,1.2270024390306333
full,full,202010,Intermediate,107734,43871,40.72159206935601,40.47350979841147,39.43499185309176,1.0385179453197058
full,full,202010,Latest,107734,39621,36.776690738299884,36.61940835682141,36.204033017399475,0.41537533942193616
full,full,202010,Combined,107734,77183,71.64219280821283,71.36412651141691,70.32531664376603,1.0388098676508917
full,full,202011,Early,101886,34794,34.14993227725105,33.94240069579575,32.8159801228476,1.1264205729481502
full,full,202011,Intermediate,101886,41437,40.66996447009403,40.47185980154266,39.43499185309176,1.036867948450898
full,full,202011,Latest,101886,37390,36.697878020532755,36.58407977547694,36.204033017399475,0.38004675807746247
full,full,202011,Combined,101886,72843,71.49461162475708,71.29406341084285,70.32531664376603,0.9687467670768335
full,full,202012,Early,99428,34104,34.300197127569696,34.149329432477494,32.8159801228476,1.3333493096298943
full,full,202012,Intermediate,99428,40490,40.722935189282694,40.574000854444364,39.43499185309176,1.1390090013526033
full,full,202012,Latest,99428,36804,37.01572997545963,36.936922003031945,36.204033017399475,0.7328889856324738
full,full,202012,Combined,99428,71419,71.82986683831517,71.67649359173889,70.32531664376603,1.3511769479728652
full,full,202101,Early,111019,38323,34.5193165133896,34.20491387582559,32.8159801228476,1.3889337529779888
full,full,202101,Intermediate,111019,45624,41.095668309028184,40.804800993581715,39.43499185309176,1.3698091404899526
full,full,202101,Latest,111019,40889,36.83063259442078,36.66672376978526,36.204033017399475,0.46269075238578594
full,full,202101,Combined,111019,79895,71.96515911690791,71.6436817727615,70.32531664376603,1.318365128995469
full,full,202102,Early,104772,36569,34.90340930783034,34.589576817542635,32.8159801228476,1.7735966946950343
full,full,202102,Intermediate,104772,43492,41.511090749436875,41.21727762565672,39.43499185309176,1.7822857725649621
full,full,202102,Latest,104772,39220,37.43366548314435,37.27038351722645,36.204033017399475,1.066350499826979
full,full,202102,Combined,104772,75963,72.50314969648379,72.20873381549309,70.32531664376603,1.8834171717270642
full,full,202103,Early,118939,41509,34.89940221458058,34.687541764503976,32.8159801228476,1.8715616416563774
full,full,202103,Intermediate,118939,49518,41.63310604595633,41.43575847417246,39.43499185309176,2.0007666210806963
full,full,202103,Latest,118939,44790,37.65795912190283,37.54978405749067,36.204033017399475,1.3457510400911976
full,full,202103,Combined,118939,86447,72.68179486963906,72.48224489368138,70.32531664376603,2.1569282499153575
full,full,202104,Early,105266,36907,35.06070336100925,34.77572354051976,32.8159801228476,1.9597434176721662
full,full,202104,Intermediate,105266,43348,41.17948815381985,40.89703452141977,39.43499185309176,1.4620426683280119
full,full,202104,Latest,105266,39682,37.69688218418103,37.530071055209966,36.204033017399475,1.3260380378104897
full,full,202104,Combined,105266,75989,72.18760093477476,71.87565077445919,70.32531664376603,1.550334130693165
full,full,202105,Early,109132,38453,35.23531136605212,34.99749976514715,32.8159801228476,2.1815196422995453
full,full,202105,Intermediate,109132,45567,41.75402265146795,41.52298322279197,39.43499185309176,2.0879913697002097
full,full,202105,Latest,109132,41424,37.957702598687824,37.81899838245949,36.204033017399475,1.614965365060017
full,full,202105,Combined,109132,79285,72.65055162555437,72.41365190807409,70.32531664376603,2.088335264308061
full,full,202106,Early,113137,40136,35.4755738617782,35.19620894652449,32.8159801228476,2.3802288236768945
full,full,202106,Intermediate,113137,47280,41.7900421612735,41.51152029587082,39.43499185309176,2.0765284427790576
full,full,202106,Latest,113137,42813,37.841731705808,37.66601761663439,36.204033017399475,1.4619845992349167
full,full,202106,Combined,113137,82220,72.67295402918586,72.35959880293514,70.32531664376603,2.0342821591691207
full,full,202107,Early,110695,39853,36.00252947287592,35.67171956666979,32.8159801228476,2.8557394438221917
full,full,202107,Intermediate,110695,46573,42.07326437508469,41.749092321729066,39.43499185309176,2.3141004686373035
full,full,202107,Latest,110695,42196,38.119156240119246,37.930638897894866,36.204033017399475,1.726605880495391
full,full,202107,Combined,110695,81043,73.2128822440038,72.8777277933726,70.32531664376603,2.5524111496065705
full,full,202108,Early,105241,37582,35.710417042787505,35.31036711170552,32.8159801228476,2.494386988857916
full,full,202108,Intermediate,105241,44506,42.28960196121284,41.904176916914885,39.43499185309176,2.469185063823126
full,full,202108,Latest,105241,40250,38.24555068841991,38.01644230108695,36.204033017399475,1.8124092836874772
full,full,202108,Combined,105241,77056,73.21861251793503,72.82250487225554,70.32531664376603,2.497188228489511
full,full,202109,Early,106778,38411,35.97276592556519,35.61522609832158,32.8159801228476,2.79924597547398
full,full,202109,Intermediate,106778,45025,42.16692577122628,41.83607955557471,39.43499185309176,2.4010877024829513
full,full,202109,Latest,106778,41052,38.4461218603083,38.25373001313832,36.204033017399475,2.049696995738853
full,full,202109,Combined,106778,78367,73.39245912079268,73.05528638909345,70.32531664376603,2.729969745327432
full,full,202110,Early,106379,38821,36.4931048421211,36.07110916116552,32.8159801228476,3.2551290383179223
full,full,202110,Intermediate,106379,44981,42.28372141118078,41.89394612197898,39.43499185309176,2.4589542688872146
full,full,202110,Latest,106379,40556,38.12406584006242,37.87746953317137,36.204033017399475,1.6734365157718978
full,full,202110,Combined,106379,78153,73.4665676496301,73.04445024784954,70.32531664376603,2.7191336040835123
full,full,202111,Early,105921,38060,35.932440214877126,35.548402492129284,32.8159801228476,2.732422369281684
full,full,202111,Intermediate,105921,44999,42.483549060148604,42.098461722721964,39.43499185309176,2.6634698696302026
full,full,202111,Latest,105921,40887,38.60141048517291,38.35289270543363,36.204033017399475,2.14885968803416
full,full,202111,Combined,105921,77938,73.58125395341811,73.17465394754949,70.32531664376603,2.8493373037834613
full,full,202112,Early,105117,38233,36.371852316942075,35.94714085618422,32.8159801228476,3.1311607333366185
full,full,202112,Intermediate,105117,44374,42.21391401961624,41.82094181563814,39.43499185309176,2.3859499625463796
full,full,202112,Latest,105117,40102,38.14987109601682,37.898329351269346,36.204033017399475,1.6942963338698713
full,full,202112,Combined,105117,77100,73.3468420902423,72.91946533910969,70.32531664376603,2.5941486953436677
full,full,202201,Early,110684,40810,36.87073109031115,36.2774984488919,32.8159801228476,3.4615183260442994
full,full,202201,Intermediate,110684,47360,42.78847891294134,42.22587679489301,39.43499185309176,2.7908849418012527
full,full,202201,Latest,110684,42965,38.81771529760399,38.49339545838303,36.204033017399475,2.2893624409835556
full,full,202201,Combined,110684,82034,74.11549998193054,73.52292561289087,70.32531664376603,3.1976089691248544
full,full,202202,Early,103266,38033,36.83012801890264,36.307932954805494,32.8159801228476,3.491952831957895
full,full,202202,Intermediate,103266,44416,43.01125249356032,42.54766581118841,39.43499185309176,3.112673958096651
full,full,202202,Latest,103266,40344,39.0680378827494,38.76887928353515,36.204033017399475,2.5648462661356786
full,full,202202,Combined,103266,76772,74.3439273332946,73.8401237437108,70.32531664376603,3.5148070999447834
full,full,202203,Early,116364,42806,36.78629129283971,36.20364730198089,32.8159801228476,3.3876671791332855
full,full,202203,Intermediate,116364,49858,42.84658485442233,42.328096601895744,39.43499185309176,2.8931047488039816
full,full,202203,Latest,116364,45540,39.1358152005775,38.81976830648072,36.204033017399475,2.6157352890812446
full,full,202203,Combined,116364,86187,74.06672166649479,73.55709983773747,70.32531664376603,3.231783193971449
full,full,202204,Early,105294,39292,37.316466275381316,36.77291616809128,32.8159801228476,3.9569360452436806
full,full,202204,Intermediate,105294,45543,43.25317681919198,42.76028846054155,39.43499185309176,3.3252966074497903
full,full,202204,Latest,105294,41312,39.23490417307729,38.91817730520129,36.204033017399475,2.714144287801817
full,full,202204,Combined,105294,78401,74.45913347389215,73.97407058550999,70.32531664376603,3.6487539417439763
full,full,202205,Early,107841,40391,37.45421500171549,36.925700484846125,32.8159801228476,4.109720361998526
full,full,202205,Intermediate,107841,46642,43.2507116959227,42.756521690027306,39.43499185309176,3.321529836935544
full,full,202205,Latest,107841,42877,39.75946068749362,39.46911579300846,36.204033017399475,3.265082775608991
full,full,202205,Combined,107841,80501,74.64786120306748,74.19778123869605,70.32531664376603,3.872464594930025
full,full,202206,Early,110259,41828,37.936132197825124,37.30154903828617,32.8159801228476,4.48556891543857
full,full,202206,Intermediate,110259,47848,43.39600395432572,42.811835317466134,39.43499185309176,3.3768434643743737
full,full,202206,Latest,110259,43375,39.339192265483995,38.99524252292746,36.204033017399475,2.7912095055279917
full,full,202206,Combined,110259,82410,74.74219791581639,74.1704372000549,70.32531664376603,3.8451205562888835
full,full,202207,Early,108125,40711,37.65179190751445,37.02530685724534,32.8159801228476,4.209326734397739
full,full,202207,Intermediate,108125,46901,43.37664739884393,42.75949507542766,39.43499185309176,3.324503222335901
full,full,202207,Latest,108125,43021,39.78820809248555,39.422622442339254,36.204033017399475,3.2185894249397826
full,full,202207,Combined,108125,80650,74.58959537572254,73.99017973062176,70.32531664376603,3.664863086855741
full,full,202208,Early,112272,42782,38.105671939575316,37.31755650260463,32.8159801228476,4.501576379757033
full,full,202208,Intermediate,112272,48938,43.58878438078951,42.89944178127451,39.43499185309176,3.4644499281827503
full,full,202208,Latest,112272,44521,39.65458885563631,39.245824198015995,36.204033017399475,3.0417911806165208
full,full,202208,Combined,112272,84306,75.0908507909363,74.39038960980123,70.32531664376603,4.06507296603521
full,full,202209,Early,114124,43864,38.43538607129088,37.71913104753001,32.8159801228476,4.903150924682414
full,full,202209,Intermediate,114124,49995,43.80761277207248,43.142996076393125,39.43499185309176,3.7080042233013644
full,full,202209,Latest,114124,44834,39.28533875433739,38.88610004140482,36.204033017399475,2.6820670240053524
full,full,202209,Combined,114124,85682,75.07798534926921,74.43297815265838,70.32531664376603,4.107661508892358
full,full,202210,Early,107833,41216,38.22206560143926,37.55279279149569,32.8159801228476,4.7368126686480885
full,full,202210,Intermediate,107833,47528,44.07556128457893,43.438088567599756,39.43499185309176,4.003096714507992
full,full,202210,Latest,107833,42853,39.74015375627127,39.34092786954423,36.204033017399475,3.1368948521447617
full,full,202210,Combined,107833,81207,75.30811532647705,74.68341562029595,70.32531664376603,4.358098976529923
full,full,202211,Early,112131,42945,38.298953902132325,37.54747778256973,32.8159801228476,4.7314976597221285
full,full,202211,Intermediate,112131,49291,43.958405793223996,43.2188210771055,39.43499185309176,3.7838292240137408
full,full,202211,Latest,112131,44746,39.90511098625714,39.471181283518796,36.204033017399475,3.267148266119324
full,full,202211,Combined,112131,84379,75.25037679143145,74.52226497039679,70.32531664376603,4.196948326630768
full,full,202212,Early,112572,43105,38.29104928401379,37.528028815449105,32.8159801228476,4.712048692601506
full,full,202212,Intermediate,112572,49243,43.74355967736204,43.025273786779756,39.43499185309176,3.5902819336879945
full,full,202212,Latest,112572,44117,39.19002949223608,38.81245581245369,36.204033017399475,2.6084227950542163
full,full,202212,Combined,112572,84277,74.86497530469389,74.15198036650392,70.32531664376603,3.8266637227378997
full,full,202301,Early,108447,42108,38.82818335223658,38.01908787712702,32.8159801228476,5.203107754279424
full,full,202301,Intermediate,108447,48230,44.47333720619289,43.708765815412924,39.43499185309176,4.273773962321164
full,full,202301,Latest,108447,43955,40.53131944636551,40.080004125744516,36.204033017399475,3.8759711083450443
full,full,202301,Combined,108447,82342,75.92833365607163,75.17607425544564,70.32531664376603,4.850757611679624
full,full,202302,Early,104444,40542,38.81697368924974,38.094528971990734,32.8159801228476,5.278548849143133
full,full,202302,Intermediate,104444,46257,44.288805484278654,43.598301035721185,39.43499185309176,4.163309182629421
full,full,202302,Latest,104444,42018,40.23017119221784,39.826489153204854,36.204033017399475,3.62245613580538
full,full,202302,Combined,104444,79098,75.73244992531883,75.06436448388814,70.32531664376603,4.739047840122124
full,full,202303,Early,116293,45168,38.83982698872675,38.0398641250683,32.8159801228476,5.223884002220702
full,full,202303,Intermediate,116293,51993,44.70862390685596,43.97482152046623,39.43499185309176,4.539829667374468
full,full,202303,Latest,116293,47054,40.4615927011944,40.0258884080032,36.204033017399475,3.8218553906037234
full,full,202303,Combined,116293,88183,75.82829577016673,75.13914076321538,70.32531664376603,4.81382411944935
full,full,202304,Early,100339,39152,39.01972313856028,38.37843833314473,32.8159801228476,5.562458210297128
full,full,202304,Intermediate,100339,45164,45.01141131563998,44.35957615741544,39.43499185309176,4.924584304323676
full,full,202304,Latest,100339,40913,40.77477351777474,40.43469463622818,36.204033017399475,4.230661618828707
full,full,202304,Combined,100339,76269,76.01132161970918,75.44213354653941,70.32531664376603,5.11681690277338
full,full,202305,Early,107765,42891,39.80049181088479,39.149118956511245,32.8159801228476,6.333138833663643
full,full,202305,Intermediate,107765,49234,45.68644736231615,45.06646037903393,39.43499185309176,5.631468525942163
full,full,202305,Latest,107765,44298,41.10611051825732,40.76389398950494,36.204033017399475,4.559860972105467
full,full,202305,Combined,107765,82600,76.64826242286456,76.11311940938548,70.32531664376603,5.787802765619454
full,full,202306,Early,106538,43274,40.61837090991008,39.77885198430741,32.8159801228476,6.962871861459807
full,full,202306,Intermediate,106538,49623,46.577746907206816,45.809412412302656,39.43499185309176,6.374420559210897
full,full,202306,Latest,106538,44472,41.7428523156057,41.323921357589036,36.204033017399475,5.11988834018956
full,full,202306,Combined,106538,82326,77.27383656535696,76.59440563536923,70.32531664376603,6.2690889916031995
full,full,202307,Early,102833,42796,41.61699065475091,40.74039071228429,32.8159801228476,7.924410589436687
full,full,202307,Intermediate,102833,48956,47.60728559898087,46.825739091361214,39.43499185309176,7.3907472382694515
full,full,202307,Latest,102833,43150,41.96123812394854,41.50995702376788,36.204033017399475,5.3059240063684125
full,full,202307,Combined,102833,79846,77.64628086314704,76.90884561161646,70.32531664376603,6.583528967850427
full,full,202308,Early,102168,43149,42.233380314775665,41.36077075333341,32.8159801228476,8.54479063048581
full,full,202308,Intermediate,102168,49328,48.281262234750606,47.50544111607422,39.43499185309176,8.070449262982466
full,full,202308,Latest,102168,43388,42.467308746378514,41.999464401916796,36.204033017399475,5.795431384517324
full,full,202308,Combined,102168,79638,77.94808550622504,77.25354226213946,70.32531664376603,6.928225618373441
full,full,202309,Early,101632,43740,43.037625944584384,42.09516694607158,32.8159801228476,9.279186823223979
full,full,202309,Intermediate,101632,49994,49.191199622166245,48.38774210244623,39.43499185309176,8.952750249354475
full,full,202309,Latest,101632,43348,42.65192065491184,42.151624217932124,36.204033017399475,5.947591200532648
full,full,202309,Combined,101632,79723,78.44281328715365,77.71948732814167,70.32531664376603,7.394170684375645
full,full,202310,Early,102912,45557,44.26791822139303,43.33452922262745,32.8159801228476,10.518549099779856
full,full,202310,Intermediate,102912,51547,50.08842506218905,49.30186097425999,39.43499185309176,9.866869121168225
full,full,202310,Latest,102912,44856,43.586753731343286,43.09960187407886,36.204033017399475,6.895568856679385
full,full,202310,Combined,102912,81517,79.21039334577114,78.50963361140595,70.32531664376603,8.184316967639926
full,full,202311,Early,106903,48309,45.18956437143953,44.13794058734843,32.8159801228476,11.32196046450083
full,full,202311,Intermediate,106903,55081,51.52427901929787,50.65384971038019,39.43499185309176,11.218857857288434
full,full,202311,Latest,106903,47227,44.177431877496424,43.605386673062014,36.204033017399475,7.4013536556625406
full,full,202311,Combined,106903,85326,79.81628205008279,79.01672336448654,70.32531664376603,8.691406720720519
full,full,202312,Early,101667,46218,45.46017881908584,44.47343259826702,32.8159801228476,11.657452475419417
full,full,202312,Intermediate,101667,52509,51.64802738351678,50.76281026432543,39.43499185309176,11.32781841123367
full,full,202312,Latest,101667,44827,44.091986583650545,43.53666502433464,36.204033017399475,7.332632006935169
full,full,202312,Combined,101667,81266,79.9335084147265,79.12672534810102,70.32531664376603,8.801408704334989
full,full,202401,Early,110700,51788,46.782294489611566,45.663432341894314,32.8159801228476,12.847452219046712
full,full,202401,Intermediate,110700,58992,53.289972899728994,52.330367180547555,39.43499185309176,12.895375327455794
full,full,202401,Latest,110700,50319,45.45528455284553,44.81849942518832,36.204033017399475,8.614466407788852
full,full,202401,Combined,110700,89624,80.96115627822945,80.08571989006688,70.32531664376603,9.760403246300864
full,full,202402,Early,109223,52014,47.62183789128663,46.47115962127572,32.8159801228476,13.655179498428122
full,full,202402,Intermediate,109223,58947,53.96940204901898,52.99725232796219,39.43499185309176,13.562260474870424
full,full,202402,Latest,109223,50069,45.841077428746694,45.192326246674455,36.204033017399475,8.988293229274985
full,full,202402,Combined,109223,88926,81.41691768217316,80.53565597281592,70.32531664376603,10.2103393290499
full,full,202403,Early,109109,52238,47.876893748453384,46.81556734350862,32.8159801228476,13.99958722066102
full,full,202403,Intermediate,109109,59453,54.48954715009761,53.63484941827525,39.43499185309176,14.199857565183493
full,full,202403,Latest,109109,49950,45.779908165229266,45.21705534242081,36.204033017399475,9.013022325021335
full,full,202403,Combined,109109,89100,81.6614578082468,80.9369344643295,70.32531664376603,10.611617820563469
full,full,202404,Early,108284,52826,48.78467732998411,47.702176494321584,32.8159801228476,14.886196371473986
full,full,202404,Intermediate,108284,59810,55.234383657788776,54.3297453884088,39.43499185309176,14.89475353531704
full,full,202404,Latest,108284,50255,46.41036533559898,45.81527572989027,36.204033017399475,9.611242712490792
full,full,202404,Combined,108284,88833,82.03705071848103,81.22879820022597,70.32531664376603,10.903481556459948
full,full,202405,Early,113531,56114,49.42614792435546,48.281327627257326,32.8159801228476,15.465347504409726
full,full,202405,Intermediate,113531,64055,56.42071328535818,55.50372410411002,39.43499185309176,16.068732251018258
full,full,202405,Latest,113531,53566,47.18182698998511,46.56212102369768,36.204033017399475,10.358088006298205
full,full,202405,Combined,113531,93920,82.72630382891016,81.88901931468054,70.32531664376603,11.56370267091451
full,full,202406,Early,105702,53105,50.24029819681747,49.04053048871469,32.8159801228476,16.224550365867085
full,full,202406,Intermediate,105702,60615,57.34517795311347,56.37173612588319,39.43499185309176,16.936744272791426
full,full,202406,Latest,105702,50202,47.49389793949027,46.843465513389845,36.204033017399475,10.639432495990375
full,full,202406,Combined,105702,88070,83.3191424949386,82.47927081590478,70.32531664376603,12.153954172138759
full,full,202407,Early,116153,58635,50.480831317314234,49.37801529293067,32.8159801228476,16.562035170083067
full,full,202407,Intermediate,116153,67252,57.8994946320801,57.03360276600705,39.43499185309176,17.59861091291529
full,full,202407,Latest,116153,55678,47.93505118249206,47.292254712702075,36.204033017399475,11.088221695302602
full,full,202407,Combined,116153,96919,83.44080652243161,82.63401388561516,70.32531664376603,12.308697241849142
full,full,202408,Early,110821,56633,51.10313027314318,50.026377410046884,32.8159801228476,17.210397287199285
full,full,202408,Intermediate,110821,65184,58.819176870809684,57.96753455958631,39.43499185309176,18.53254270649455
full,full,202408,Latest,110821,53686,48.44388698892809,47.8303906468028,36.204033017399475,11.626357629403328
full,full,202408,Combined,110821,93156,84.05988034758755,83.32076862973734,70.32531664376603,12.995451985971318
full,full,202409,Early,110208,56951,51.6759218931475,50.53726447216206,32.8159801228476,17.72128434931446
full,full,202409,Intermediate,110208,65385,59.32872386759582,58.40995542651479,39.43499185309176,18.974963573423032
full,full,202409,Latest,110208,53689,48.71606416957027,48.05791367835422,36.204033017399475,11.853880660954747
full,full,202409,Combined,110208,92627,84.04743757259001,83.28626838442482,70.32531664376603,12.9609517406588
full,full,202410,Early,115575,59809,51.74908068353883,50.48764509240359,32.8159801228476,17.67166496955599
full,full,202410,Intermediate,115575,69982,60.5511572571923,59.57546957361303,39.43499185309176,20.140477720521265
full,full,202410,Latest,115575,57439,49.69846420073545,49.007998755974604,36.204033017399475,12.80396573857513
full,full,202410,Combined,115575,97937,84.73891412502704,83.90586407539055,70.32531664376603,13.580547431624534
full,full,202411,Early,113000,59163,52.356637168141596,51.06603541433971,32.8159801228476,18.250055291492107
full,full,202411,Intermediate,113000,69733,61.71061946902655,60.71884704225637,39.43499185309176,21.283855189164612
full,full,202411,Latest,113000,57074,50.50796460176991,49.771863628180206,36.204033017399475,13.567830610780735
full,full,202411,Combined,113000,96353,85.26814159292036,84.40980645770854,70.32531664376603,14.084489813942513
full,full,202412,Early,109047,57658,52.87444863224114,51.49095546554575,32.8159801228476,18.674975342698154
full,full,202412,Intermediate,109047,67810,62.184195805478375,61.19619984765651,39.43499185309176,21.761207994564746
full,full,202412,Latest,109047,55633,51.01745119077095,50.263110660055446,36.204033017399475,14.059077642655971
full,full,202412,Combined,109047,93485,85.72908929177328,84.88416733430599,70.32531664376603,14.558850690539959
full,full,202501,Early,120935,64237,53.11696365816348,51.69518162958751,32.8159801228476,18.879201506739907
full,full,202501,Intermediate,120935,77318,63.933518005540165,62.93256231804316,39.43499185309176,23.4975704649514
full,full,202501,Latest,120935,63693,52.667135237937735,51.8989792329174,36.204033017399475,15.694946215517923
full,full,202501,Combined,120935,104730,86.60023979823872,85.7235066226704,70.32531664376603,15.398189978904375
full,full,202502,Early,111035,58885,53.03282748682848,51.62253138400098,32.8159801228476,18.80655126115338
full,full,202502,Intermediate,111035,71732,64.60305309136758,63.5999386098808,39.43499185309176,24.164946756789043
full,full,202502,Latest,111035,59226,53.33993785743234,52.54922333814639,36.204033017399475,16.345190320746916
full,full,202502,Combined,111035,96315,86.74291889944612,85.88844749607814,70.32531664376603,15.563130852312124
full,full,202503,Early,119822,64286,53.651249353207255,52.20450851862217,32.8159801228476,19.388528395774575
full,full,202503,Intermediate,119822,78855,65.8101183422076,64.84706582973942,39.43499185309176,25.412073976647655
full,full,202503,Latest,119822,65413,54.591811186593446,53.809072341072905,36.204033017399475,17.60503932367343
full,full,202503,Combined,119822,104745,87.41716880038724,86.57940778638998,70.32531664376603,16.25409114262395
full,full,202504,Early,119791,63794,53.254418111544275,51.85579975318622,32.8159801228476,19.039819630338616
full,full,202504,Intermediate,119791,80459,67.16614770725681,66.2012446585209,39.43499185309176,26.766252805429147
full,full,202504,Latest,119791,66820,55.78048434356504,54.9993006239879,36.204033017399475,18.79526760658843
full,full,202504,Combined,119791,105394,87.98156789742134,87.1816368882673,70.32531664376603,16.856320244501287
full,full,202505,Early,123756,65113,52.61401467403601,51.15344011803812,32.8159801228476,18.33745999519052
full,full,202505,Intermediate,123756,84599,68.35951388215521,67.37907990614225,39.43499185309176,27.944088053050496
full,full,202505,Latest,123756,71411,57.7030608616956,56.908317161922476,36.204033017399475,20.704284144523
full,full,202505,Combined,123756,109669,88.61711755389638,87.81879164760622,70.32531664376603,17.493475003840196
full,full,202506,Early,114981,59322,51.59287186578652,50.23519105427392,32.8159801228476,17.41921093142632
full,full,202506,Intermediate,114981,79476,69.12098520625146,68.20271170790855,39.43499185309176,28.767719854816786
full,full,202506,Latest,114981,67530,58.73144258616641,57.9296660615612,36.204033017399475,21.72563304416173
full,full,202506,Combined,114981,102317,88.9860063836634,88.26202520707625,70.32531664376603,17.936708563310233
full,full,202507,Early,135462,70125,51.76728529033973,50.17832872984288,32.8159801228476,17.362348606995283
full,full,202507,Intermediate,135462,95659,70.61685195848283,69.4684475700521,39.43499185309176,30.033455716960344
full,full,202507,Latest,135462,82327,60.774977484460585,59.857836446452204,36.204033017399475,23.653803429052733
full,full,202507,Combined,135462,121593,89.76170438942286,88.86231528750069,70.32531664376603,18.53699864373467
full,full,202508,Early,117838,59445,50.446375532510736,48.97054882896981,32.8159801228476,16.154568706122213
full,full,202508,Intermediate,117838,84104,71.37256233133624,70.39508161953214,39.43499185309176,30.96008976644038
full,full,202508,Latest,117838,72960,61.9155111254434,61.05239466613743,36.204033017399475,24.84836164873796
full,full,202508,Combined,117838,106123,90.05838524075426,89.29578091978686,70.32531664376603,18.970464276020838
full,full,202509,Early,120896,59389,49.124040497617784,47.5937753014981,32.8159801228476,14.7777951786505
full,full,202509,Intermediate,120896,86593,71.6260256749603,70.62121362369682,39.43499185309176,31.18622177060506
full,full,202509,Latest,120896,75633,62.56038247750132,61.68134090558803,36.204033017399475,25.477307888188562
full,full,202509,Combined,120896,109182,90.3106802541027,89.53308071268857,70.32531664376603,19.20776406892255
full,full,202510,Early,127113,61754,48.581970372817885,46.86353621737008,32.8159801228476,14.047556094522484
full,full,202510,Intermediate,127113,92275,72.59288979097339,71.48934948229557,39.43499185309176,32.054357629203814
full,full,202510,Latest,127113,81604,64.19799705773603,63.211202057685654,36.204033017399475,27.007169040286183
full,full,202510,Combined,127113,115450,90.82469928331484,89.98468576188586,70.32531664376603,19.65936911811983
full,full,202511,Early,124362,58799,47.28051977292099,45.500313270014445,32.8159801228476,12.684333147166843
full,full,202511,Intermediate,124362,90784,72.99979093292163,71.7180875947587,39.43499185309176,32.28309574166693
full,full,202511,Latest,124362,81467,65.50795259001946,64.40832856046124,36.204033017399475,28.204295543061765
full,full,202511,Combined,124362,113493,91.26019202007043,90.30275962794978,70.32531664376603,19.977442984183757
full,full,202512,Early,124635,57647,46.25265776066113,44.53229753599309,32.8159801228476,11.716317413145488
full,full,202512,Intermediate,124635,91265,73.22581939262646,71.91212570789216,39.43499185309176,32.4771338548004
full,full,202512,Latest,124635,83028,66.61692141051871,65.44761965802918,36.204033017399475,29.243586640629715
full,full,202512,Combined,124635,113927,91.40851285754403,90.4632247685216,70.32531664376603,20.137908124755576
full,full,202601,Early,126581,56958,44.99727447247217,43.173617568205074,32.8159801228476,10.357637445357476
full,full,202601,Intermediate,126581,93342,73.74092478334032,72.33428525747152,39.43499185309176,32.89929340437976
full,full,202601,Latest,126581,86729,68.51660201768038,67.25915518243043,36.204033017399475,31.05512216503096
full,full,202601,Combined,126581,116286,91.86686785536534,90.86963299698722,70.32531664376603,20.54431635322119
full,full,202602,Early,119264,52769,44.24553930775423,42.4483126232017,32.8159801228476,9.632332500354101
full,full,202602,Intermediate,119264,87902,73.70371612557017,72.31987645131817,39.43499185309176,32.88488459822641
full,full,202602,Latest,119264,82709,69.34951033002415,67.9974745907418,36.204033017399475,31.793441573342328
full,full,202602,Combined,119264,109811,92.07388650389053,91.1193742038385,70.32531664376603,20.794057560072478
full,full,202603,Early,129361,55260,42.717666066279634,40.80010562852966,32.8159801228476,7.98412550568206
full,full,202603,Intermediate,129361,94910,73.36832584782121,71.85455042130006,39.43499185309176,32.419558568208295
full,full,202603,Latest,129361,91165,70.4733265822002,69.08472403432646,36.204033017399475,32.880691016926974
full,full,202603,Combined,129361,119058,92.03546663986828,90.9624924836846,70.32531664376603,20.637175839918577
full,full,202604,Early,127638,53374,41.81670035569345,39.84249691065763,32.8159801228476,7.026516787810028
full,full,202604,Intermediate,127638,94010,73.6536141274542,71.99149574940864,39.43499185309176,32.55650389631688
full,full,202604,Latest,127638,91977,72.06082827997932,70.59094615887406,36.204033017399475,34.386913141474594
full,full,202604,Combined,127638,118013,92.45914226170889,91.36046881470187,70.32531664376603,21.035152170935856
full,full,202605,Early,128258,51770,40.36395390540941,38.453284479359446,32.8159801228476,5.637304356511846
full,full,202605,Intermediate,128258,95089,74.13884514026415,72.44039502736848,39.43499185309176,33.00540317427673
full,full,202605,Latest,128258,93847,73.17048449219541,71.57372021323386,36.204033017399475,35.36968719583439
full,full,202605,Combined,128258,119044,92.81604266400537,91.7118736881518,70.32531664376603,21.38655704438578
full,full,202606,Early,133769,52571,39.29983778005367,37.16959336637935,32.8159801228476,4.353613243531757
full,full,202606,Intermediate,133769,98531,73.65757387735574,71.79357880273342,39.43499185309176,32.358586949641655
full,full,202606,Latest,133769,99186,74.14722394575723,72.26311632980929,36.204033017399475,36.059083312409825
full,full,202606,Combined,133769,124248,92.88250641030433,91.6401564795143,70.32531664376603,21.314839835748277
full,full,202607,Early,133117,50496,37.93354718030004,35.76757491304443,32.8159801228476,2.951594790196832
full,full,202607,Intermediate,133117,97451,73.20702840358481,71.16771420770228,39.43499185309176,31.73272235461051
full,full,202607,Latest,133117,99984,75.10986575719105,73.10357919348735,36.204033017399475,36.899546176087874
full,full,202607,Combined,133117,123885,93.06474755290459,91.76098012520572,70.32531664376603,21.435663481439704
full,full,202608,Early,108840,39545,36.33314957736126,34.38095406993584,32.8159801228476,1.564973947088244
full,full,202608,Intermediate,108840,79044,72.62403528114663,70.5855428926712,39.43499185309176,31.150551039579433
full,full,202608,Latest,108840,82620,75.909592061742,73.79235973047406,36.204033017399475,37.58832671307459
full,full,202608,Combined,108840,101369,93.13579566335906,91.76587955388217,70.32531664376603,21.440562910116157
