fit,sample,month,panel,n,marker_n,raw_percent,observed_percent,baseline_percent,excess_pp,se_percent,excess_se_pp,ci_low,ci_high,excess_ci_low,excess_ci_high
full,full,201501,Early,62157,15978,25.705873835609825,26.76543197634309,32.8159801228476,-6.050548146504509,0.3035897245666,0.28097465755464024,26.170396116192556,27.360467836493626,-6.601258475311604,-5.499837817697414
full,full,201501,Intermediate,62157,20050,32.257026561771,33.42212235810415,39.43499185309176,-6.012869494987616,0.2916901741297924,0.2635996149536439,32.850409616809756,33.99383509939854,-6.529524740296758,-5.496214249678474
full,full,201501,Latest,62157,19012,30.58706179513168,31.32561009844782,36.20403301739948,-4.878422918951653,0.31492352023478143,0.28886492909409744,30.70835999878765,31.942860198107994,-5.444598179976084,-4.312247657927222
full,full,201501,Combined,62157,38534,61.99462651028846,63.422516854076825,70.32531664376603,-6.902799789689196,0.3242912984771652,0.28081027814336534,62.78690590906158,64.05812779909206,-7.453187934850192,-6.3524116445282
full,full,201502,Early,64961,16648,25.627684302889428,26.621547421099905,32.8159801228476,-6.194432701747693,0.2948379027933958,0.28475114486960823,26.04366513162485,27.19942971057496,-6.752544945692125,-5.636320457803261
full,full,201502,Intermediate,64961,21505,33.10447807145826,34.278658609591446,39.43499185309176,-5.156333243500316,0.35765458727343613,0.30669337770432265,33.57765561853551,34.97966160064738,-5.757452263800788,-4.555214223199844
full,full,201502,Latest,64961,19949,30.7091947476178,31.43237984508239,36.20403301739948,-4.77165317231708,0.30840013522514315,0.2827935551069647,30.82791558004111,32.036844110123674,-5.325928540326731,-4.2173778043074295
full,full,201502,Combined,64961,40463,62.288142116038856,63.72653788210901,70.32531664376603,-6.598778761657009,0.3346152849208747,0.2855756959154411,63.07069192366409,64.38238384055393,-7.158507125651274,-6.039050397662744
full,full,201503,Early,74336,19501,26.23358803271632,27.154241246493545,32.8159801228476,-5.661738876354056,0.27885775783511235,0.26769964300308935,26.607680041136724,27.700802451850365,-6.186430176640111,-5.137047576068
full,full,201503,Intermediate,74336,24730,33.267864829961255,34.30000736568,39.43499185309176,-5.134984487411759,0.32539559288051845,0.2848108684682087,33.66223200363419,34.93778272772582,-5.693213789609448,-4.57675518521407
full,full,201503,Latest,74336,23033,30.98498708566509,31.626076446860942,36.20403301739948,-4.577956570538527,0.3199035942766229,0.28821215887429746,30.999065402078763,32.25308749164312,-5.14285240193215,-4.013060739144904
full,full,201503,Combined,74336,46740,62.87666810159277,64.16159028329066,70.32531664376603,-6.163726360475352,0.35292901736131377,0.3104749321695258,63.46984940926249,64.85333115731883,-6.772257227527623,-5.555195493423081
full,full,201504,Early,69764,18190,26.07361963190184,26.93742906181921,32.8159801228476,-5.878551061028392,0.2730217234305523,0.2655495903677205,26.402306483895327,27.47255163974309,-6.399028258149125,-5.358073863907659
full,full,201504,Intermediate,69764,23057,33.0499971331919,33.985587397289066,39.43499185309176,-5.449404455802692,0.3764090359484366,0.3303274468714763,33.24782568683013,34.723349107748,-6.096846251670786,-4.801962659934598
full,full,201504,Latest,69764,21920,31.420216730692047,31.978478146201745,36.20403301739948,-4.225554871197729,0.3377775812819124,0.30422518650268365,31.316434086889195,32.640522205514294,-4.821836236742989,-3.6292735056524688
full,full,201504,Combined,69764,43678,62.60822200561894,63.74176654229136,70.32531664376603,-6.583550101474667,0.3772692401886592,0.32134842052982504,63.002318831521585,64.48121425306113,-7.213393005713124,-5.953707197236209
full,full,201505,Early,66724,17482,26.200467597865835,27.092759854230003,32.8159801228476,-5.723220268617596,0.3002575775064565,0.2689839682451699,26.504255002317347,27.68126470614266,-6.250428846378129,-5.1960116908570635
full,full,201505,Intermediate,66724,22221,33.30285954079492,34.262418081570345,39.43499185309176,-5.172573771521416,0.3562536295914721,0.304069908037166,33.56416096757106,34.96067519556963,-5.7685507912742615,-4.576596751768571
full,full,201505,Latest,66724,20906,31.33205443318746,31.9316402667732,36.20403301739948,-4.272392750626275,0.3240880181780275,0.2975817528320925,31.296427751144268,32.56685278240214,-4.8556529861771764,-3.6891325150753738
full,full,201505,Combined,66724,41898,62.79299802170134,63.94489226712021,70.32531664376603,-6.38042437664581,0.36005279702750925,0.3013776668763779,63.23918878494629,64.65059574929413,-6.971124603723511,-5.7897241495681095
full,full,201506,Early,73789,19571,26.52292347097806,27.48504664588328,32.8159801228476,-5.330933476964322,0.2906128959785027,0.2672456456207497,26.915445369765415,28.054647922001145,-5.854734942380992,-4.807132011547653
full,full,201506,Intermediate,73789,24657,33.41554974318665,34.58929877888792,39.43499185309176,-4.845693074203838,0.3309242066643498,0.2881771617175431,33.9406873338258,35.237910223950045,-5.410520311170223,-4.280865837237454
full,full,201506,Latest,73789,22669,30.72138123568553,31.360128713514555,36.20403301739948,-4.843904303884916,0.32045926560044075,0.30350743333352304,30.73202855293769,31.98822887409142,-5.438778873218621,-4.24902973455121
full,full,201506,Combined,73789,46432,62.92536827982491,64.25278619186953,70.32531664376603,-6.072530451896485,0.36469704958371996,0.3153779521862986,63.53797997468544,64.96759240905362,-6.69067123818163,-5.45438966561134
full,full,201507,Early,71463,18782,26.28213201237004,27.10195409433608,32.8159801228476,-5.714026028511521,0.2775705701185041,0.2620749804963976,26.557915776903812,27.645992411768347,-6.22769299028446,-5.2003590667385815
full,full,201507,Intermediate,71463,23856,33.382309726711725,34.2333672168297,39.43499185309176,-5.201624636262064,0.33837313697009486,0.2887326886374403,33.57015586836831,34.89657856529109,-5.767540705991447,-4.635708566532681
full,full,201507,Latest,71463,22405,31.35188838979612,31.87505310673026,36.20403301739948,-4.328979910669212,0.3312459637217101,0.28556920150625503,31.225811017835706,32.52429519562481,-4.888695545621472,-3.7692642757169526
full,full,201507,Combined,71463,45144,63.1711515049746,64.23618498683298,70.32531664376603,-6.089131656933045,0.349423390897326,0.29027823599051783,63.55131514067422,64.92105483299174,-6.65807699947446,-5.52018631439163
full,full,201508,Early,67369,17728,26.314773857412163,27.2010110368034,32.8159801228476,-5.614969086044202,0.28633047942211176,0.2579205090064956,26.639803297136062,27.76221877647074,-6.120493283696934,-5.1094448883914705
full,full,201508,Intermediate,67369,22631,33.59260193857709,34.60684922212617,39.43499185309176,-4.828142630965587,0.31716120595207725,0.2651446455237528,33.9852132584601,35.228485185792245,-5.347826136192142,-4.308459125739032
full,full,201508,Latest,67369,21248,31.53972895545429,32.14001333543797,36.20403301739948,-4.064019681961501,0.38027846261171594,0.3282995855477203,31.394667548719006,32.885359122156935,-4.707486869635033,-3.4205524942879686
full,full,201508,Combined,67369,42696,63.37633035966097,64.61585200640691,70.32531664376603,-5.709464637359119,0.34756145993444854,0.2896779830081926,63.93463154493539,65.29707246787844,-6.277233484055176,-5.141695790663062
full,full,201509,Early,70741,18821,26.605504587155963,27.388227635232894,32.8159801228476,-5.4277524876147005,0.29989942734005504,0.26457660595753124,26.800424757646386,27.976030512819403,-5.9463226352914615,-4.9091823399379395
full,full,201509,Intermediate,70741,23934,33.833279145050255,34.702113914800776,39.43499185309176,-4.732877938290986,0.3277944013393326,0.27173827034852616,34.05963688817568,35.34459094142587,-5.265484948174096,-4.200270928407875
full,full,201509,Latest,70741,22246,31.44710987970201,31.91351272478716,36.20403301739948,-4.290520292612316,0.3088400515368517,0.2707461649678417,31.308186223774932,32.51883922579939,-4.821182775949286,-3.7598578092753456
full,full,201509,Combined,70741,44989,63.59678262959245,64.63804975622796,70.32531664376603,-5.687266887538067,0.32566860809030934,0.2679148640713772,63.99973928437095,65.27636022808497,-6.2123800211179665,-5.162153753958168
full,full,201510,Early,71329,19088,26.76050414277503,27.649497548005325,32.8159801228476,-5.166482574842274,0.2868774006738845,0.26871706653376287,27.08721784268451,28.21177725332614,-5.693168025248449,-4.6397971244360985
full,full,201510,Intermediate,71329,23791,33.35389533009015,34.29695143954289,39.43499185309176,-5.138040413548872,0.31789324143823977,0.2660637149714752,33.67388068632394,34.920022192761834,-5.659525294892963,-4.616555532204781
full,full,201510,Latest,71329,22524,31.577619201166424,32.16200457502605,36.20403301739948,-4.042028442373419,0.3338942886808637,0.28168679251590006,31.50757176921156,32.81643738084055,-4.594134555704583,-3.4899223290422547
full,full,201510,Combined,71329,45236,63.41880581530653,64.57946604598669,70.32531664376603,-5.745850597779334,0.3381019344279939,0.2829275889452654,63.91678625450783,65.24214583746556,-6.300388672112055,-5.191312523446614
full,full,201511,Early,66665,18039,27.059176479411985,27.823224062903662,32.8159801228476,-4.992756059943932,0.29565571143763886,0.27271672945174297,27.24373886848589,28.402709257321433,-5.5272808496693475,-4.458231270218516
full,full,201511,Intermediate,66665,22526,33.78984474611865,34.66704191049564,39.43499185309176,-4.7679499425961165,0.318279212285936,0.26830085853722163,34.04321465441521,35.29086916657607,-5.293819625329071,-4.242080259863162
full,full,201511,Latest,66665,21375,32.063301582539566,32.6176794047187,36.20403301739948,-3.5863536126807705,0.34559871323974023,0.29895511265549063,31.940305926768808,33.29505288266859,-4.172305633485532,-3.0004015918760087
full,full,201511,Combined,66665,42571,63.85809645241131,64.9188406909845,70.32531664376603,-5.40647595278152,0.3491241494918984,0.29768455707720515,64.23455735798038,65.60312402398861,-5.989937684652842,-4.823014220910197
full,full,201512,Early,70500,18975,26.91489361702128,27.701255128594028,32.8159801228476,-5.114724994253573,0.2845923953009504,0.24919558056473962,27.143454033804165,28.25905622338389,-5.603148332160462,-4.6263016563466834
full,full,201512,Intermediate,70500,23859,33.84255319148936,34.732442051446924,39.43499185309176,-4.70254980164484,0.32365842326641997,0.27546777154099494,34.09807154184474,35.36681256104911,-5.24246663386519,-4.1626329694244895
full,full,201512,Latest,70500,22111,31.363120567375887,31.880019747978523,36.20403301739948,-4.324013269420951,0.35337123537539333,0.31755301494824156,31.18741212664275,32.57262736931429,-4.946417178719504,-3.7016093601223976
full,full,201512,Combined,70500,44644,63.32482269503546,64.35545253039021,70.32531664376603,-5.969864113375811,0.34855439939858956,0.29714667507839754,63.67228590756898,65.03861915321144,-6.55227159652947,-5.387456630222152
full,full,201601,Early,67621,18354,27.142455745996067,28.008899877288528,32.8159801228476,-4.80708024555907,0.29857204628498935,0.27332053898568875,27.423698666569948,28.594101088007108,-5.34278850197102,-4.27137198914712
full,full,201601,Intermediate,67621,22914,33.885923012082046,34.79045295302568,39.43499185309176,-4.644538900066086,0.32702574753128427,0.26993146572570886,34.14948248786436,35.431423418186995,-5.173604572888475,-4.115473227243697
full,full,201601,Latest,67621,21514,31.815560254950384,32.39668867365609,36.20403301739948,-3.807344343743386,0.3480025434134951,0.30583187105643894,31.714603688565635,33.078773658746535,-4.406774811014007,-3.2079138764727655
full,full,201601,Combined,67621,43229,63.928365448603245,65.05195176590725,70.32531664376603,-5.273364877858777,0.3518319558155844,0.29920684528306113,64.3623611325087,65.7415423993058,-5.859810294613577,-4.686919461103977
full,full,201602,Early,71934,19744,27.44738232268468,28.300736112918997,32.8159801228476,-4.515244009928604,0.29755681475988605,0.2393532334583212,27.717524755989622,28.883947469848373,-4.984376347506913,-4.046111672350294
full,full,201602,Intermediate,71934,24573,34.1604804404037,35.06750207507572,39.43499185309176,-4.367489778016037,0.30659594320883576,0.2455206520269164,34.466574026386404,35.66843012376504,-4.848710255988793,-3.8862693000432813
full,full,201602,Latest,71934,23016,31.995996329969135,32.53185885870796,36.20403301739948,-3.67217415869151,0.3590598692989822,0.3109287617082211,31.828101514881958,33.23561620253397,-4.281594531639623,-3.062753785743397
full,full,201602,Combined,71934,46262,64.31173019712514,65.40346922780145,70.32531664376603,-4.921847415964575,0.32665935858030243,0.26403396870380086,64.76321688498406,66.04372157061884,-5.439353994624025,-4.404340837305126
full,full,201603,Early,77658,21128,27.20646939143424,28.045976377974657,32.8159801228476,-4.770003744872941,0.2786976531823604,0.24738892147543398,27.49972897773723,28.592223778212084,-5.254886030964792,-4.285121458781091
full,full,201603,Intermediate,77658,26577,34.22313219500889,35.11908027231204,39.43499185309176,-4.315911580779719,0.30246234820430423,0.2460419447921536,34.5262540698316,35.71190647479248,-4.79815379257234,-3.833669368987098
full,full,201603,Latest,77658,24764,31.88853691828273,32.46816395160024,36.20403301739948,-3.735869065799236,0.3276539422325018,0.2787406483234194,31.825962224824536,33.11036567837594,-4.282200736513138,-3.189537395085334
full,full,201603,Combined,77658,49746,64.05779185660202,65.18499420270929,70.32531664376603,-5.140322441056733,0.3073654435847466,0.2593874319156373,64.58255793328318,65.7874304721354,-5.648721807611382,-4.631923074502083
full,full,201604,Early,72686,19844,27.30099331370553,28.076050951416192,32.8159801228476,-4.739929171431406,0.2854471931069316,0.2488105349680617,27.516574452926605,28.63552744990578,-5.227597819968807,-4.252260522894005
full,full,201604,Intermediate,72686,25009,34.40690091626998,35.210381072182365,39.43499185309176,-4.224610780909393,0.3099724917318652,0.2505910717448209,34.60283498838791,35.81792715597682,-4.7157692815292425,-3.7334522802895442
full,full,201604,Latest,72686,23230,31.959386952095315,32.4387244321391,36.20403301739948,-3.765308585260374,0.3464041084871717,0.2965269409300676,31.75977237950424,33.11767648477395,-4.346501389483307,-3.1841157810374416
full,full,201604,Combined,72686,46482,63.94904108081336,64.9444139846354,70.32531664376603,-5.380902659130616,0.32198752464418606,0.2644212604866627,64.31331843633279,65.57550953293801,-5.899168329684475,-4.862636988576757
full,full,201605,Early,72223,19819,27.4413967849577,28.210196752861503,32.8159801228476,-4.605783369986094,0.28951219581031373,0.24474728697022577,27.64275284907329,28.777640656649716,-5.085488052447737,-4.126078687524451
full,full,201605,Intermediate,72223,24717,34.22316990432411,35.03173237072951,39.43499185309176,-4.4032594823622535,0.3121014791984651,0.25942278265290114,34.42001347150052,35.6434512699585,-4.91172813636194,-3.8947908283625674
full,full,201605,Latest,72223,23273,32.22380682054193,32.747636284070666,36.20403301739948,-3.456396733328809,0.33125404355167715,0.2693616024931791,32.098378358709375,33.396894209431956,-3.98434547421544,-2.928447992442178
full,full,201605,Combined,72223,46424,64.2786923833128,65.27664316812995,70.32531664376603,-5.048673475636067,0.322146314983139,0.24949985430350682,64.645236390763,65.9080499454969,-5.537693190070941,-4.559653761201194
full,full,201606,Early,77290,21243,27.4847975158494,28.42201315710146,32.8159801228476,-4.393966965746138,0.28002674735876026,0.23252233385890478,27.87316073227829,28.97086558192463,-4.849710740109591,-3.9382231913826846
full,full,201606,Intermediate,77290,26571,34.37831543537327,35.35291974306426,39.43499185309176,-4.082072110027496,0.30474674719856676,0.24435771041354995,34.755616118555075,35.95022336757345,-4.561013222438054,-3.6031309976169377
full,full,201606,Latest,77290,24888,32.20080217363178,32.85300859884489,36.20403301739948,-3.3510244185545823,0.32837767368081283,0.2639526290824656,32.209388358430495,33.49662883925928,-3.868371571556215,-2.8336772655529496
full,full,201606,Combined,77290,49723,64.33303144003105,65.56704914654978,70.32531664376603,-4.75826749721624,0.3151669908992999,0.2504283668886767,64.94932184438716,66.1847764487124,-5.249107096318046,-4.267427898114433
full,full,201607,Early,71400,19876,27.837535014005603,28.618686208620588,32.8159801228476,-4.1972939142270125,0.28763017904655513,0.2577238058280016,28.05493105768934,29.182441359551834,-4.7024325736498955,-3.6921552548041294
full,full,201607,Intermediate,71400,24419,34.200280112044815,35.06224017994874,39.43499185309176,-4.372751673143021,0.2859995963954518,0.24832414391360041,34.501680971013656,35.62279938888382,-4.859466995213678,-3.886036351072365
full,full,201607,Latest,71400,22873,32.03501400560224,32.58589253517177,36.20403301739948,-3.6181404822277,0.34064232922240933,0.2911831681256575,31.91823356989585,33.25355150044769,-4.1888594917539885,-3.0474214727014113
full,full,201607,Combined,71400,45991,64.41316526610645,65.47798401660188,70.32531664376603,-4.847332627164147,0.30797201671747804,0.25687194722803447,64.87435886383562,66.08160916936814,-5.350801643731095,-4.343863610597199
full,full,201608,Early,75215,20703,27.52509472844513,28.28834395472674,32.8159801228476,-4.527636168120858,0.29607199451151067,0.24140980234857592,27.70804284548418,28.868645063969304,-5.000799380724066,-4.0544729555176495
full,full,201608,Intermediate,75215,25754,34.24051053646214,35.072411124508626,39.43499185309176,-4.362580728583137,0.29952072945865604,0.24305862631062813,34.48535049476966,35.65947175424759,-4.838975636151968,-3.886185821014306
full,full,201608,Latest,75215,24585,32.68629927541049,33.18162355157839,36.20403301739948,-3.02240946582108,0.4132835217762737,0.34532555625307393,32.371587848896894,33.991659254259886,-3.699247556077105,-2.345571375565055
full,full,201608,Combined,75215,48594,64.6067938576082,65.60297375380603,70.32531664376603,-4.722342889959997,0.34640308418621574,0.284143227416855,64.92402370880104,66.28192379881101,-5.279263615697032,-4.165422164222961
full,full,201609,Early,72968,20051,27.47916895077294,28.28108291736866,32.8159801228476,-4.534897205478938,0.2832195949952068,0.2458200914553778,27.725972511178057,28.836193323559264,-5.016704584731478,-4.0530898262263975
full,full,201609,Intermediate,72968,25296,34.66725139787304,35.52286220141308,39.43499185309176,-3.9121296516786863,0.30477293548774437,0.25347577085879897,34.925507247857105,36.12021715496906,-4.4089421625619325,-3.41531714079544
full,full,201609,Latest,72968,23674,32.44435917114352,33.01893371543272,36.20403301739948,-3.185099301966754,0.34934870634833304,0.2737382458707422,32.33421025098999,33.70365717987546,-3.7216262638734086,-2.6485723400600993
full,full,201609,Combined,72968,47061,64.4953952417498,65.59024165805195,70.32531664376603,-4.735074985714071,0.3290728940511104,0.2687963052974545,64.94525878571177,66.23522453039213,-5.261915744097082,-4.208234227331061
full,full,201610,Early,71314,19784,27.742098325714444,28.55051543313901,32.8159801228476,-4.265464689708587,0.286402375107718,0.24576701023661454,27.989166777927885,29.11186408835014,-4.747168029772351,-3.7837613496448226
full,full,201610,Intermediate,71314,24514,34.37473707827355,35.21622554598965,39.43499185309176,-4.218766307102106,0.3053200915554319,0.24928466627646373,34.61779816654101,35.814652925438295,-4.707364253003975,-3.730168361200237
full,full,201610,Latest,71314,23248,32.59948958128839,33.182348422169355,36.20403301739948,-3.021684595230117,0.34727917330188374,0.2818802098117417,32.50168124249766,33.86301560184105,-3.5741698064611307,-2.469199383999103
full,full,201610,Combined,71314,46156,64.72221443194884,65.81998767237559,70.32531664376603,-4.505328971390432,0.3209076406303007,0.2549448239868675,65.1910086967402,66.44896664801098,-5.005020826404692,-4.005637116376171
full,full,201611,Early,72029,19814,27.508364686445734,28.303587017290617,32.8159801228476,-4.512393105556983,0.29638236171374505,0.23906210923652113,27.722677588331678,28.884496446249557,-4.980954839660565,-4.043831371453401
full,full,201611,Intermediate,72029,25037,34.75961071235197,35.669827077953784,39.43499185309176,-3.76516477513798,0.3178710923237067,0.2604449837268476,35.04679973699932,36.29285441890825,-4.275636943242601,-3.2546926070333586
full,full,201611,Latest,72029,23493,32.616029654722404,33.18966044374271,36.20403301739948,-3.0143725736567597,0.3382906564941433,0.26788011595491473,32.52661075701419,33.85271013047123,-3.5394176009283926,-2.4893275463851268
full,full,201611,Combined,72029,46710,64.84888031209651,65.94956802131536,70.32531664376603,-4.37574862245066,0.3140947867846374,0.2549758688039905,65.33394223921746,66.56519380341325,-4.875501325306481,-3.875995919594838
full,full,201612,Early,68477,19061,27.83562364005433,28.654700260786537,32.8159801228476,-4.161279862061063,0.300160195627278,0.25060139234760737,28.066386277357072,29.243014244216003,-4.6524585910623735,-3.6701011330597524
full,full,201612,Intermediate,68477,23746,34.6773369160448,35.53312822027298,39.43499185309176,-3.901863632818781,0.28450026174621157,0.24199749328285164,34.9755077072504,36.090748733295555,-4.37617871965317,-3.4275485459843917
full,full,201612,Latest,68477,22200,32.4196445521854,32.92833169026009,36.20403301739948,-3.2757013271393856,0.323869890658052,0.24891303020676078,32.2935467045703,33.56311667594987,-3.7635708663446366,-2.7878317879341346
full,full,201612,Combined,68477,44392,64.82760634957722,65.86267531984889,70.32531664376603,-4.462641323917127,0.3042788093116325,0.25866872373727684,65.26628885359808,66.4590617860997,-4.96963202244219,-3.9556506253920647
full,full,201701,Early,70442,19723,27.998921098208456,28.8727252900447,32.8159801228476,-3.943254832802901,0.28997382064332,0.24484759350516772,28.30437660158379,29.441073978505607,-4.42315611607303,-3.4633535495327723
full,full,201701,Intermediate,70442,24756,35.14380625195196,36.07747236294034,39.43499185309176,-3.357519490151417,0.2822438724627771,0.24409552336958873,35.5242743729133,36.630670352967385,-3.835946715955811,-2.8790922643470234
full,full,201701,Latest,70442,23260,33.02007325175322,33.6037426662462,36.20403301739948,-2.600290351153273,0.35080578675678864,0.2708369942188957,32.91616332420289,34.291322008289505,-3.131130859822308,-2.0694498424842376
full,full,201701,Combined,70442,46076,65.40984072002499,66.56717955570262,70.32531664376603,-3.758137088063396,0.2954868695454474,0.24833956088546405,65.98802529139354,67.1463338200117,-4.244882627398906,-3.2713915487278866
full,full,201702,Early,71415,20190,28.271371560596517,28.96992865141736,32.8159801228476,-3.84605147143024,0.30840969434031745,0.2450372490867828,28.365445650510335,29.574411652324383,-4.326324479640334,-3.3657784632201455
full,full,201702,Intermediate,71415,25325,35.461737730168736,36.20059145255739,39.43499185309176,-3.234400400534371,0.2900393445491025,0.23498674854086418,35.63211433724115,36.76906856787363,-3.694974427674465,-2.773826373394277
full,full,201702,Latest,71415,23401,32.767625848911294,33.2754375336143,36.20403301739948,-2.9285954837851733,0.33804342943652776,0.24079830392925144,32.61287241191871,33.938002655309894,-3.4005601594865063,-2.4566308080838404
full,full,201702,Combined,71415,46759,65.47504025764896,66.4264481914549,70.32531664376603,-3.8988684523111328,0.3080215444427143,0.22677566142027555,65.82272596434717,67.03017041856262,-4.343348748694873,-3.4543881559273926
full,full,201703,Early,81997,23287,28.39981950559167,29.157799837309614,32.8159801228476,-3.658180285537982,0.30253510723468097,0.23703881437247762,28.56483102712964,29.75076864748959,-4.122776361708038,-3.1935842093679256
full,full,201703,Intermediate,81997,29167,35.57081356634999,36.314219476904,39.43499185309176,-3.120772376187764,0.27149108414952017,0.22025855328179286,35.78209695197094,36.84634200183706,-3.552479140620078,-2.68906561175545
full,full,201703,Latest,81997,27094,33.04267229288877,33.54564411323916,36.20403301739948,-2.6583889041603195,0.33567009192573377,0.2487252035910928,32.88773073306473,34.2035574934136,-3.145890303198861,-2.1708875051217777
full,full,201703,Combined,81997,53858,65.68289083746966,66.66546956843024,70.32531664376603,-3.659847075335776,0.3023216719820495,0.2337731207359796,66.07291909134543,67.25802004551505,-4.118042391978296,-3.201651758693256
full,full,201704,Early,71198,20227,28.40950588499677,29.077671134092224,32.8159801228476,-3.7383089887553735,0.28348970877309543,0.24114578975252635,28.522031304896956,29.633310963287492,-4.210954736670325,-3.265663240840422
full,full,201704,Intermediate,71198,25005,35.12036854967836,35.834565156860414,39.43499185309176,-3.600426696231346,0.3068159490144595,0.24901632592096629,35.23320589679207,36.435924416928756,-4.08849869503644,-3.112354697426252
full,full,201704,Latest,71198,23325,32.76075170650861,33.27237654538446,36.20403301739948,-2.931656472015015,0.3544772241513272,0.29880835905099445,32.57760118604786,33.967151904721064,-3.517320855754964,-2.345992088275066
full,full,201704,Combined,71198,46531,65.35436388662603,66.29813075363646,70.32531664376603,-4.027185890129559,0.31809318762383826,0.26361862598325464,65.67466810589373,66.92159340137918,-4.543878397056738,-3.5104933832023795
full,full,201705,Early,76375,21528,28.187234042553197,28.85613046101978,32.8159801228476,-3.959849661827819,0.29355059376363024,0.22776250507461432,28.280771297243067,29.431489624796495,-4.406264171774063,-3.5134351518815747
full,full,201705,Intermediate,76375,27064,35.43567921440262,36.13663355869379,39.43499185309176,-3.298358294397974,0.29762862285112013,0.23146963720368324,35.55328145790559,36.719985659481985,-3.752038783317193,-2.8446778054787547
full,full,201705,Latest,76375,25222,33.02389525368249,33.53142806643676,36.20403301739948,-2.672604950962709,0.326840327803183,0.24237471222172988,32.89082102394252,34.172035108931,-3.1476593869172995,-2.197550515008118
full,full,201705,Combined,76375,50128,65.63404255319149,66.56486461475191,70.32531664376603,-3.760452029014105,0.3002888123257918,0.2207096061824662,65.97629854259336,67.15343068691047,-4.193042857131738,-3.327861200896471
full,full,201706,Early,78578,22499,28.63269617450177,29.251371452369305,32.8159801228476,-3.564608670478297,0.28103462206050345,0.22114505262242007,28.700543593130718,29.802199311607893,-3.9980529736182406,-3.1311643673383536
full,full,201706,Intermediate,78578,28093,35.75173712744025,36.35947497444697,39.43499185309176,-3.0755168786447906,0.27679899947338404,0.22685121419561277,35.81694893547913,36.902001013414804,-3.5201452584681916,-2.6308884988213896
full,full,201706,Latest,78578,26073,33.18104304003665,33.604400282813124,36.20403301739948,-2.599632734586349,0.32868985774312975,0.2215065475954482,32.96016816163659,34.24863240398966,-3.0337855678734273,-2.1654799012992703
full,full,201706,Combined,78578,51757,65.86703657512281,66.65149626971838,70.32531664376603,-3.6738203740476423,0.28862560970741785,0.22132857660773905,66.08579007469184,67.21720246474491,-4.107624384198811,-3.2400163638964736
full,full,201707,Early,77417,22121,28.57382745391839,29.21611847497837,32.8159801228476,-3.5998616478692345,0.30571463022173995,0.2595943430877372,28.61691779974376,29.81531915021298,-4.1086665603212,-3.0910567354172693
full,full,201707,Intermediate,77417,27962,36.11868194324244,36.78356613477604,39.43499185309176,-2.6514257183157253,0.30656872880745584,0.24659804301252597,36.182691426313426,37.38444084323865,-3.134757882620276,-2.1680935540111745
full,full,201707,Latest,77417,26055,33.65539868504334,34.08097093427232,36.20403301739948,-2.123062083127153,0.3866259159329144,0.3246773746893101,33.32318413904381,34.838757729500834,-2.759429737518201,-1.4866944287361052
full,full,201707,Combined,77417,51409,66.40531149489131,67.18471626779188,70.32531664376603,-3.140600375974134,0.3463117953881694,0.29682877423974474,66.50594514883107,67.8634873867527,-3.7223847734840336,-2.5588159784642346
full,full,201708,Early,76320,22030,28.86530398322851,29.4333246902579,32.8159801228476,-3.3826554325896985,0.3198498135637383,0.24471804396412147,28.806419055672976,30.060230324842827,-3.8623027987593765,-2.9030080664200204
full,full,201708,Intermediate,76320,27658,36.2395178197065,36.79249384224293,39.43499185309176,-2.642498010848826,0.31075042130987535,0.25837780689636314,36.18342301647558,37.40156466801029,-3.148918512365698,-2.136077509331954
full,full,201708,Latest,76320,25691,33.662211740041926,34.04549814387186,36.20403301739948,-2.1585348735276124,0.35834971087340417,0.2584338845754824,33.343132710559985,34.747863577183736,-2.665065287295558,-1.652004459759667
full,full,201708,Combined,76320,50907,66.70204402515724,67.38851958275798,70.32531664376603,-2.936797061008045,0.3081386271754919,0.25156931440812,66.78456787349401,67.99247129202195,-3.4298729172479603,-2.44372120476813
full,full,201709,Early,76193,21950,28.808420721063616,29.313577097481023,32.8159801228476,-3.502403025366574,0.30549408249703,0.23975940948722926,28.714808695786843,29.912345499175203,-3.9723314679615433,-3.0324745827716044
full,full,201709,Intermediate,76193,27627,36.25923641279383,36.7251351394066,39.43499185309176,-2.709856713685166,0.3155377672424739,0.239958333514446,36.10668111561135,37.343589163201855,-3.18017504737348,-2.239538379996852
full,full,201709,Latest,76193,25560,33.5463887758718,33.85227460617799,36.20403301739948,-2.3517584112214776,0.3417481853544244,0.24301931957077405,33.18244816288332,34.52210104947267,-2.8280762775801946,-1.8754405448627605
full,full,201709,Combined,76193,50484,66.25805520192144,66.80891465461623,70.32531664376603,-3.5164019891497977,0.32216452567847964,0.2548244479836336,66.17747218428642,67.44035712494605,-4.015857907197719,-3.016946071101876
full,full,201710,Early,73441,21171,28.82722185155431,29.33170128259168,32.8159801228476,-3.4842788402559166,0.32716473540907864,0.2442923424073522,28.690458401189886,29.972944163993475,-3.963091831374327,-3.005465849137506
full,full,201710,Intermediate,73441,26504,36.08883321305538,36.62780495829072,39.43499185309176,-2.807186894801034,0.29846530829690116,0.22337836350309137,36.04281295402879,37.212796962552645,-3.245008487267093,-2.369365302334975
full,full,201710,Latest,73441,24668,33.588867253986194,33.917217827215524,36.20403301739948,-2.2868151901839493,0.33946426659979984,0.22949158717539905,33.251867864679916,34.58256778975113,-2.7366187010477314,-1.8370116793201672
full,full,201710,Combined,73441,48671,66.27224574828774,66.89263594085963,70.32531664376603,-3.432680702906388,0.3134635580538823,0.22427362083462837,66.27824736707403,67.50702451464524,-3.87225699974226,-2.9931044060705165
full,full,201711,Early,77126,22514,29.191193631200893,29.65570705751104,32.8159801228476,-3.1602730653365607,0.3233916705913247,0.24665486165973308,29.021859383152044,30.289554731870037,-3.6437165941896374,-2.676829536483484
full,full,201711,Intermediate,77126,27942,36.22902782459871,36.68377354650684,39.43499185309176,-2.751218306584918,0.3132219258599645,0.23092138410715318,36.069858571821314,37.29768852119237,-3.2038242194349382,-2.298612393734898
full,full,201711,Latest,77126,25822,33.48027902393486,33.7834424387564,36.20403301739948,-2.420590578643067,0.3430073306807169,0.23338315797737327,33.1111480706222,34.455736806890606,-2.8780215682787187,-1.9631595890074154
full,full,201711,Combined,77126,51381,66.61955760703265,67.18897265649557,70.32531664376603,-3.1363439872704517,0.30970883103153435,0.21748342667497222,66.58194334767376,67.79600196531737,-3.562611503553397,-2.7100764709875063
full,full,201712,Early,75861,22259,29.34182254386312,29.72564973880233,32.8159801228476,-3.09033038404527,0.32071674905671466,0.25440666668225936,29.097044910651167,30.35425456695349,-3.5889674507424982,-2.591693317348042
full,full,201712,Intermediate,75861,27301,35.9881889244803,36.376806970379896,39.43499185309176,-3.0581848827118674,0.2944991181784533,0.22575290005312582,35.79958869875013,36.95402524200966,-3.500660566815994,-2.6157091986077408
full,full,201712,Latest,75861,25581,33.72088424882351,33.97480158973239,36.20403301739948,-2.2292314276670835,0.34260528270355867,0.2593208498536328,33.30329523563341,34.64630794383136,-2.7375002933802035,-1.7209625619539632
full,full,201712,Combined,75861,50429,66.47552760970723,66.92345575202015,70.32531664376603,-3.401860891745878,0.3091270725637887,0.2310180020577129,66.31756668979511,67.52934481424518,-3.854656175778995,-2.949065607712761
full,full,201801,Early,72575,21080,29.04581467447468,29.66932595624364,32.8159801228476,-3.1466541666039625,0.3287558483134671,0.24949381489490627,29.024964493549245,30.313687418938034,-3.6356620437979785,-2.6576462894099464
full,full,201801,Intermediate,72575,26202,36.10334137099552,36.76045133104599,39.43499185309176,-2.6745405220457763,0.29854954912751913,0.2401887148340532,36.17529421475606,37.34560844733593,-3.1453104031205203,-2.2037706409710323
full,full,201801,Latest,72575,24884,34.28728901136755,34.66966112618671,36.20403301739948,-1.5343718912127655,0.3727810901213185,0.24364392128601725,33.939010189548924,35.4003120628245,-2.0119139769333594,-1.0568298054921716
full,full,201801,Combined,72575,48543,66.88666896314157,67.63255011750725,70.32531664376603,-2.692766526258772,0.3067135624796494,0.22128147949729166,67.03139153504713,68.23370869996737,-3.1264782260734636,-2.25905482644408
full,full,201802,Early,78949,23326,29.5456560564415,30.027375626448617,32.8159801228476,-2.788604496398983,0.2968844613543382,0.2164279423903783,29.445482082194115,30.60926917070312,-3.2128032634841244,-2.364405729313842
full,full,201802,Intermediate,78949,28724,36.38298141838402,36.81700584306157,39.43499185309176,-2.6179860100301875,0.28166147830451904,0.20264773452163443,36.26494934558472,37.36906234053843,-3.015175569692591,-2.220796450367784
full,full,201802,Latest,78949,26672,33.7838351340739,34.07358588626474,36.20403301739948,-2.1304471311347384,0.32210412953621764,0.20954902507467874,33.44226179237375,34.704909980155726,-2.5411632202811085,-1.719731041988368
full,full,201802,Combined,78949,52749,66.81401917693701,67.31933064072521,70.32531664376603,-3.005986003040817,0.2984714912913514,0.19988614337281072,66.73432651779416,67.90433476365627,-3.3977628440515257,-2.6142091620301082
full,full,201803,Early,83664,24841,29.6913845859629,30.071992039145226,32.8159801228476,-2.743988083702376,0.3101347160619721,0.2335450348666563,29.46412799566376,30.679856082626692,-3.2017363520410225,-2.2862398153637296
full,full,201803,Intermediate,83664,30487,36.43980684643335,36.79885908132243,39.43499185309176,-2.6361327717693284,0.30009137484804205,0.20883305503670535,36.21067998662027,37.387038176024596,-3.045445559641271,-2.2268199838973857
full,full,201803,Latest,83664,28331,33.86283228150698,34.10055381810517,36.20403301739948,-2.1034791992943003,0.33365426779375923,0.211570678267486,33.4465914532294,34.754516182980936,-2.518157728698573,-1.6888006698900278
full,full,201803,Combined,83664,55969,66.89735131000191,67.32662258843156,70.32531664376603,-2.998694055334461,0.30587085469500264,0.20705631693540358,66.72711571322935,67.92612946363377,-3.404524436527852,-2.59286367414107
full,full,201804,Early,77260,23415,30.306756406937613,30.666560854449425,32.8159801228476,-2.149419268398173,0.304806762594535,0.22225432453990146,30.069139599764135,31.263982109134716,-2.58503774449638,-1.713800792299966
full,full,201804,Intermediate,77260,28473,36.85348174993528,37.20984133847388,39.43499185309176,-2.2251505146178854,0.28644709906101773,0.2052846653984495,36.648405024314286,37.77127765263347,-2.627508458798846,-1.8227925704369243
full,full,201804,Latest,77260,26824,34.719130209681595,34.943324274403274,36.20403301739948,-1.2607087429961972,0.35492606420533784,0.22854367284116353,34.24766918856081,35.638979360245735,-1.7086543417648776,-0.8127631442275167
full,full,201804,Combined,77260,52317,67.71550608335491,68.12143161564312,70.32531664376603,-2.2038850281228983,0.3020493227613525,0.20332545666448135,67.52941494303087,68.71344828825536,-2.6024029231852817,-1.805367133060515
full,full,201805,Early,80208,24251,30.235138639537205,30.613320552055445,32.8159801228476,-2.2026595707921537,0.3197606308572586,0.21366597308041446,29.986589715575217,31.240051388535672,-2.621444878029766,-1.7838742635545413
full,full,201805,Intermediate,80208,29446,36.71204867344903,37.081109114585,39.43499185309176,-2.353882738506763,0.2959978963500482,0.2103708997700822,36.500953237738905,37.66126499143109,-2.766209702056124,-1.9415557749574017
full,full,201805,Latest,80208,27679,34.50902653101935,34.72978918957998,36.20403301739948,-1.474243827819488,0.33721300966734274,0.2002507115726018,34.06885169063199,35.39072668852798,-1.8667352225017875,-1.0817524331371886
full,full,201805,Combined,80208,54423,67.85233393177738,68.28198920617457,70.32531664376603,-2.0433274375914467,0.2915830328403534,0.19338940367675783,67.71048646180748,68.85349195054167,-2.422370668797892,-1.6642842063850014
full,full,201806,Early,79604,23816,29.91809456811216,30.29621354312716,32.8159801228476,-2.5197665797204394,0.31297921614312246,0.2065195823179866,29.68277427948664,30.909652806767678,-2.924544961063693,-2.1149881983771857
full,full,201806,Intermediate,79604,29556,37.12878749811567,37.491414165398105,39.43499185309176,-1.943577687693654,0.29125106647286536,0.20337031730662788,36.92056207511129,38.06226625568492,-2.3421835096146446,-1.5449718657726632
full,full,201806,Latest,79604,27407,34.42917441334606,34.67644739115609,36.20403301739948,-1.527585626243383,0.3393868960135003,0.20460506395328187,34.011249074969626,35.34164570734255,-1.9286115515918154,-1.1265597008949504
full,full,201806,Combined,79604,53802,67.58705592683785,68.01478882672586,70.32531664376603,-2.3105278170401644,0.3018914909539607,0.19527609802973284,67.42308150445609,68.60649614899563,-2.693268969178441,-1.927786664901888
full,full,201807,Early,78806,23565,29.90254549146004,30.21647309705133,32.8159801228476,-2.599507025796266,0.33809268880563714,0.25195731450448694,29.553811426992283,30.87913476711038,-3.0933433622250606,-2.1056706893674715
full,full,201807,Intermediate,78806,29448,37.36771311829049,37.67086106493831,39.43499185309176,-1.7641307881534507,0.3016178828848807,0.2219600621676969,37.079690014483944,38.26203211539267,-2.1991725100021364,-1.3290890663047648
full,full,201807,Latest,78806,27550,34.95926706088369,35.13184880893519,36.20403301739948,-1.072184208464283,0.431576418663977,0.3197904636040637,34.285959028353794,35.97773858951658,-1.6989735171282478,-0.4453948998003181
full,full,201807,Combined,78806,53638,68.06334543055097,68.38723782028335,70.32531664376603,-1.938078823482681,0.3611493979066992,0.27008299025788335,67.67938500038622,69.09509064018047,-2.4674414843881323,-1.4087161625772295
full,full,201808,Early,79292,24013,30.284265751904357,30.55472748534128,32.8159801228476,-2.261252637506317,0.34307449719762356,0.2243369531663732,29.88230147083394,31.227153499848622,-2.700953065712408,-1.8215522093002254
full,full,201808,Intermediate,79292,29614,37.34803006608485,37.630385070945074,39.43499185309176,-1.8046067821466891,0.28944261846508573,0.19273407240854915,37.063077538753504,38.197692603136645,-2.1823655640674455,-1.4268480002259327
full,full,201808,Latest,79292,27740,34.98461383241689,35.16459374561383,36.20403301739948,-1.039439271785647,0.36975043004880437,0.19957023585069034,34.439882902718175,35.88930458850948,-1.4305969340530003,-0.648281609518294
full,full,201808,Combined,79292,53897,67.97280936286133,68.27496945202263,70.32531664376603,-2.0503471917433846,0.3198346537832851,0.19656491540362514,67.6480935306074,68.90184537343787,-2.43561442593449,-1.6650799575522794
full,full,201809,Early,78047,23898,30.62001101900137,30.92068185122267,32.8159801228476,-1.895298271624929,0.3176249152527416,0.22177630056708156,30.2981370173273,31.543226685118043,-2.329979820736409,-1.460616722513449
full,full,201809,Intermediate,78047,28877,36.99950030110062,37.3032600304613,39.43499185309176,-2.131731822630462,0.2854371366768779,0.20010249916385406,36.74380324257462,37.862716818347984,-2.5239327209916156,-1.7395309242693078
full,full,201809,Latest,78047,27339,35.028892846618064,35.22454040016258,36.20403301739948,-0.9794926172368934,0.3499522650521997,0.19681189632221496,34.53863396066027,35.91044683966489,-1.3652439340284348,-0.593741300445352
full,full,201809,Combined,78047,53028,67.94367496508514,68.28449136027103,70.32531664376603,-2.0408252834949847,0.3039517217482957,0.1970373615021666,67.68874598564437,68.8802367348977,-2.4270185120392314,-1.654632054950738
full,full,201810,Early,85806,26350,30.70880824184789,30.94260985618996,32.8159801228476,-1.8733702666576368,0.2992008899799921,0.20867474531168,30.356176111829175,31.529043600550747,-2.2823727674685297,-1.464367765846744
full,full,201810,Intermediate,85806,32211,37.53933291378225,37.77330314882967,39.43499185309176,-1.6616887042620931,0.31108285075327535,0.19916505107482568,37.16358076135325,38.383025536306086,-2.0520522043687515,-1.2713252041554348
full,full,201810,Latest,85806,29841,34.77728830151737,34.940775949411524,36.20403301739948,-1.2632570679879496,0.34688256215154895,0.188902064696912,34.26088612759449,35.62066577122856,-1.633505114793897,-0.8930090211820021
full,full,201810,Combined,85806,58521,68.20152436892525,68.46138486236792,70.32531664376603,-1.8639317813980985,0.3050263074173211,0.18381276973236474,67.86353329982997,69.05923642490588,-2.2242048100735334,-1.5036587527226635
full,full,201811,Early,81101,24990,30.813430167322228,30.929465373311142,32.8159801228476,-1.8865147495364556,0.3412470525543838,0.2363615121893625,30.26062115030455,31.598309596317733,-2.349783313427606,-1.4232461856453051
full,full,201811,Intermediate,81101,30286,37.34355926560709,37.46101677151493,39.43499185309176,-1.9739750815768344,0.3078057660275532,0.20101033234492502,36.85771747010092,38.06431607292893,-2.3679553329728873,-1.5799948301807814
full,full,201811,Latest,81101,28008,34.53471597144301,34.60263286389155,36.20403301739948,-1.601400153507926,0.3799898750090377,0.2054116837676242,33.857852708873835,35.347413018909265,-2.0040070536924697,-1.1987932533233827
full,full,201811,Combined,81101,55226,68.09533791198629,68.2192908287041,70.32531664376603,-2.106025815061918,0.3247217285151107,0.20273713703485283,67.58283624081449,68.85574541659372,-2.50339060365023,-1.7086610264736066
full,full,201812,Early,74892,23066,30.79901725150884,31.049314693718173,32.8159801228476,-1.766665429129427,0.32570554719652006,0.22111096792632717,30.410931821212994,31.687697566223353,-2.200042926265028,-1.3332879319938258
full,full,201812,Intermediate,74892,28312,37.80377076323239,38.05784845829833,39.43499185309176,-1.3771433947934286,0.3104120862084227,0.21969710752005664,37.449440769329826,38.666256147266836,-1.8077497255327395,-0.9465370640541176
full,full,201812,Latest,74892,26327,35.15328740052342,35.3049600495386,36.20403301739948,-0.8990729678608755,0.35417545726592903,0.2140078566771266,34.61077615329738,35.99914394577982,-1.3185283669480437,-0.4796175687737074
full,full,201812,Combined,74892,51322,68.52801367302249,68.82015711933747,70.32531664376603,-1.5051595244285565,0.3206670740890426,0.2130763359013717,68.19164965412294,69.44866458455199,-1.922789142795245,-1.087529906061868
full,full,201901,Early,83246,25707,30.88076303966557,31.022722688588534,32.8159801228476,-1.7932574342590657,0.3088307411205565,0.19580339952043807,30.417414435992242,31.628030941184825,-2.1770320973191244,-1.409482771199007
full,full,201901,Intermediate,83246,31246,37.53453619393124,37.67677585617987,39.43499185309176,-1.7582159969118882,0.28701293699982744,0.19469745630237686,37.11423049966021,38.23932121269954,-2.139823011264547,-1.3766089825592296
full,full,201901,Latest,83246,28932,34.75482305456118,34.8388497517009,36.20403301739948,-1.3651832656985774,0.3901707335035658,0.21133222728528983,34.07411511403391,35.60358438936789,-1.7793944311777454,-0.9509721002194094
full,full,201901,Combined,83246,56876,68.32280229680705,68.4781653823189,70.32531664376603,-1.8471512614471108,0.31624409350503835,0.19560934615748568,67.85832695904904,69.09800380558877,-2.2305455799157827,-1.463756942978439
full,full,201902,Early,80278,24637,30.689603627394803,30.885378946051382,32.8159801228476,-1.930601176796215,0.2997158152188144,0.18633932847301524,30.297935948222506,31.47282194388026,-2.295826260603325,-1.5653760929891052
full,full,201902,Intermediate,80278,30203,37.62301004011061,37.82285347973146,39.43499185309176,-1.6121383733602943,0.3069474315300365,0.1929463911601763,37.22123651393259,38.424470445530325,-1.99031330003424,-1.2339634466863487
full,full,201902,Latest,80278,28273,35.21886444604998,35.333549832797075,36.20403301739948,-0.8704831846023942,0.3562617205008734,0.1830782533452578,34.63527686061536,36.03182280497879,-1.2293165611590995,-0.5116498080456888
full,full,201902,Combined,80278,55093,68.62776850444705,68.83660901568473,70.32531664376603,-1.4887076280812872,0.3092498153712529,0.1827988785466634,68.23047937755707,69.44273865381238,-1.8469934300327475,-1.130421826129827
full,full,201903,Early,85370,26440,30.97106711959705,31.123415015489694,32.8159801228476,-1.6925651073579018,0.3212801679513394,0.18292104847181617,30.49370588630507,31.75312414467432,-2.0510903623626615,-1.334039852353142
full,full,201903,Intermediate,85370,32195,37.71231111631721,37.86174475843997,39.43499185309176,-1.5732470946517918,0.31084878945179817,0.191336988672201,37.25248113111444,38.471008385765494,-1.9482675924493058,-1.1982265968542778
full,full,201903,Latest,85370,30048,35.19737612744524,35.2959310351735,36.20403301739948,-0.9081019822259672,0.3746422939822918,0.1964134436126631,34.561632138968214,36.03022993137879,-1.293072331706787,-0.5231316327451474
full,full,201903,Combined,85370,58522,68.55101323649994,68.71833505875956,70.32531664376603,-1.6069815850064617,0.3145833218425692,0.18194052246312994,68.10175174794813,69.334918369571,-1.9635850090341964,-1.250378160978727
full,full,201904,Early,83049,25809,31.0768341581476,31.22619092458217,32.8159801228476,-1.5897891982654289,0.29646927857569777,0.17902114566376268,30.645111138573803,31.807270710590537,-1.9406706437664036,-1.238907752764454
full,full,201904,Intermediate,83049,31408,37.8186371900926,37.97043139052595,39.43499185309176,-1.4645604625658115,0.2929490278599997,0.1886374841616148,37.39625129592035,38.544611485131554,-1.8342899315225765,-1.0948309936090466
full,full,201904,Latest,83049,29502,35.52360654553336,35.60408828347247,36.20403301739948,-0.5999447339270048,0.3483626756957089,0.18121129726263963,34.92129743910888,36.28687912783606,-0.9551188765617784,-0.2447705912922311
full,full,201904,Combined,83049,57098,68.75218244650749,68.91596970451468,70.32531664376603,-1.4093469392513436,0.29756261868096173,0.17723382434923413,68.3327469719,69.49919243712937,-1.7567252349758424,-1.0619686435268447
full,full,201905,Early,86180,26869,31.1777674634486,31.190815278416373,32.8159801228476,-1.625164844431226,0.30446159527890193,0.18837176463753383,30.594070551669727,31.78756000516302,-1.9943735031207925,-1.2559561857416597
full,full,201905,Intermediate,86180,32893,38.16778834996519,38.19010307764199,39.43499185309176,-1.2448887754497762,0.3009226095598149,0.18986635560697737,37.60029476290475,38.77991139237923,-1.6170268324394517,-0.8727507184601005
full,full,201905,Latest,86180,30221,35.067300997911346,35.07439506182667,36.20403301739948,-1.129637955572799,0.3426403256022291,0.18896546232973552,34.4028200236463,35.74597010000704,-1.5000102617390805,-0.7592656494065173
full,full,201905,Combined,86180,59288,68.79554420979346,68.82141330961188,70.32531664376603,-1.503903334154133,0.3006359958621275,0.17876341773635956,68.23216675772211,69.41065986150166,-1.8542796329173978,-1.1535270353908682
full,full,201906,Early,82673,26048,31.50726355642108,31.646843507739646,32.8159801228476,-1.169136615107952,0.31148304330613646,0.18613261282138066,31.036336742859618,32.257350272619675,-1.5339565362378582,-0.804316693978046
full,full,201906,Intermediate,82673,31794,38.45753752736685,38.60912635901432,39.43499185309176,-0.8258654940774435,0.29403114570166855,0.18279607280648694,38.03282531343905,39.18542740458959,-1.184145796778158,-0.4675851913767291
full,full,201906,Latest,82673,29306,35.44809067047283,35.535783906102544,36.20403301739948,-0.6682491112969258,0.35037939426303727,0.19239468574657703,34.84904029334699,36.2225275188581,-1.0453426953602167,-0.2911555272336348
full,full,201906,Combined,82673,57121,69.09269047935844,69.25843790632403,70.32531664376603,-1.0668787374419897,0.312296140769033,0.18450417940476666,68.64633747041673,69.87053834223134,-1.4285069290753323,-0.7052505458086471
full,full,201907,Early,88413,27788,31.42976711569565,31.595217479315902,32.8159801228476,-1.2207626435316976,0.3119393651459477,0.18832990872722088,30.983816323629846,32.20661863500196,-1.5898892646370506,-0.8516360224263446
full,full,201907,Intermediate,88413,34186,38.66625948672706,38.830095259161546,39.43499185309176,-0.6048965939302153,0.3085026708191288,0.204613730541739,38.22543002435605,39.43476049396704,-1.0059395057920237,-0.20385368206840687
full,full,201907,Latest,88413,31732,35.8906495651092,35.97914436662497,36.20403301739948,-0.2248886507745018,0.3899968091371718,0.2425804909985588,35.21475062071612,36.74353811253383,-0.700346413131677,0.2505691115826735
full,full,201907,Combined,88413,61249,69.27601144628052,69.456586945485,70.32531664376603,-0.8687296982810233,0.33715014595765186,0.2224574813801795,68.795772659408,70.117401231562,-1.3047463617861752,-0.4327130347758715
full,full,201908,Early,83214,26498,31.84319946162905,31.93686642010385,32.8159801228476,-0.8791137027437446,0.3220395035326325,0.22028456497264304,31.30566899317989,32.56806384702781,-1.3108714500901248,-0.4473559553973642
full,full,201908,Intermediate,83214,31924,38.36373687119956,38.47938012717293,39.43499185309176,-0.9556117259188368,0.31019263934193847,0.20751125814561874,37.87140255406273,39.08735770028313,-1.3623337918842495,-0.5488896599534241
full,full,201908,Latest,83214,29945,35.9855312807941,36.05789226818948,36.20403301739948,-0.1461407492099942,0.37912628038008284,0.2196761099338104,35.31480475864451,36.80097977773444,-0.5767059246802626,0.28442442626027414
full,full,201908,Combined,83214,57814,69.4762900473478,69.6131245015803,70.32531664376603,-0.7121921421857191,0.3278252030814665,0.21460260125168484,68.97058710354062,70.25566189961998,-1.1328132406390214,-0.2915710437324168
full,full,201909,Early,77422,24284,31.36576166980961,31.603370851702863,32.8159801228476,-1.2126092711447378,0.3351988015349981,0.20418781300959293,30.946381200694265,32.26036050271146,-1.6128173846435399,-0.8124011576459357
full,full,201909,Intermediate,77422,29539,38.15323809769833,38.37033090494496,39.43499185309176,-1.064660948146806,0.2861836713532101,0.1874579665173994,37.80941090909266,38.93125090079725,-1.4320785625209087,-0.6972433337727031
full,full,201909,Latest,77422,27664,35.73144584226706,35.87010452644833,36.20403301739948,-0.3339284909511408,0.37924093179122126,0.19990665089465964,35.12679230013754,36.61341675275912,-0.7257455267046737,0.05788854480239208
full,full,201909,Combined,77422,53493,69.09276433055204,69.36000589112203,70.32531664376603,-0.9653107526439886,0.31697447346512475,0.18908904232622736,68.73873592313038,69.98127585911368,-1.3359252756033941,-0.594696229684583
full,full,201910,Early,83876,26496,31.589489246029853,31.70905380996172,32.8159801228476,-1.1069263128858808,0.30042072152213545,0.19154429042798743,31.120229195778336,32.297878424145104,-1.4823531221247361,-0.7314995036470255
full,full,201910,Intermediate,83876,32043,38.20282321522247,38.32695438634525,39.43499185309176,-1.1080374667465087,0.2944362407802559,0.19083002590577375,37.749859354415946,38.90404941827455,-1.4820643175218253,-0.7340106159711921
full,full,201910,Latest,83876,29970,35.731317659401974,35.80190850443886,36.20403301739948,-0.402124512960611,0.41297766537570163,0.20421374913063792,34.992472280302486,36.61134472857524,-0.8023834612566614,-0.001865564664560726
full,full,201910,Combined,83876,58058,69.21884686918784,69.37662439459291,70.32531664376603,-0.9486922491731108,0.33406554796851673,0.19468974592211252,68.72185592057461,70.0313928686112,-1.3302841511804513,-0.5671003471657703
full,full,201911,Early,88735,28267,31.85552487744408,31.801786883867155,32.8159801228476,-1.0141932389804431,0.35153488307924946,0.2125076148002377,31.112778513031827,32.49079525470248,-1.430708163988909,-0.5976783139719772
full,full,201911,Intermediate,88735,34169,38.50678987997971,38.46301860347079,39.43499185309176,-0.9719732496209664,0.30473780643233983,0.19086414557671527,37.86573250286341,39.06030470407818,-1.3460669749513283,-0.5978795242906045
full,full,201911,Latest,88735,31782,35.816757761875245,35.796816194395824,36.20403301739948,-0.4072168230036477,0.3679274322872379,0.2029601016985974,35.075678427112834,36.51795396167881,-0.8050186223328986,-0.009415023674396783
full,full,201911,Combined,88735,61743,69.58133769087733,69.51661679306063,70.32531664376603,-0.8086998507053855,0.3291706938286286,0.20867279488548618,68.87144223315653,70.16179135296474,-1.2176985286809385,-0.39970117272983263
full,full,201912,Early,87904,28174,32.050873680378594,32.031488862917,32.8159801228476,-0.7844912599305975,0.3447590170567447,0.20506900074354473,31.355761189485783,32.70721653634822,-1.1864265013879451,-0.3825560184732499
full,full,201912,Intermediate,87904,33986,38.66263196214052,38.63731469335429,39.43499185309176,-0.7976771597374699,0.2978141985827716,0.19521292769761733,38.053598864132056,39.22103052257653,-1.1802944980247998,-0.4150598214501399
full,full,201912,Latest,87904,31073,35.348789588642155,35.32234867748424,36.20403301739948,-0.8816843399152396,0.3648254038196027,0.20587434736935645,34.60729088599782,36.037406468970666,-1.2851980607591782,-0.47817061907130104
full,full,201912,Combined,87904,61015,69.41094830724427,69.35441787082974,70.32531664376603,-0.9708987729362906,0.31542645232373695,0.19398774002375607,68.73618202427521,69.97265371738426,-1.3511147433828525,-0.5906828024897286
full,full,202001,Early,89379,28620,32.02094451716846,31.980884756508683,32.8159801228476,-0.8350953663389171,0.3011827261534111,0.19067195278762772,31.390566613247998,32.57120289976937,-1.2088123938026674,-0.4613783388751668
full,full,202001,Intermediate,89379,34478,38.57505678067555,38.53509719451068,39.43499185309176,-0.8998946585810852,0.30463410548244896,0.18993837721536755,37.93801434776508,39.132180041256284,-1.2721738779232057,-0.5276154392389648
full,full,202001,Latest,89379,32079,35.89098110294364,35.86963754773864,36.20403301739948,-0.3343954696608309,0.38802259159994806,0.2023526592795339,35.10911326820274,36.63016182727454,-0.7310066818487173,0.06221574252705553
full,full,202001,Combined,89379,62269,69.66849036127054,69.62019128591837,70.32531664376603,-0.705125357847658,0.3277657900694739,0.19753248371847743,68.9777703373822,70.26261223445454,-1.0922890259358737,-0.3179616897594422
full,full,202002,Early,86279,27805,32.22684546645186,32.18864764788867,32.8159801228476,-0.6273324749589304,0.3074319646140881,0.16586388382286069,31.58608099724506,32.79121429853228,-0.9524256872517374,-0.30223926266612344
full,full,202002,Intermediate,86279,33502,38.82984271954937,38.787309024693904,39.43499185309176,-0.6476828283978553,0.29428243492250783,0.18239390332967068,38.21051545224579,39.36410259714202,-1.0051748789240098,-0.2901907778717008
full,full,202002,Latest,86279,31179,36.13741466637305,36.11827145116802,36.20403301739948,-0.0857615662314514,0.3663380839854864,0.1792059827300227,35.40024880655647,36.83629409577957,-0.4370052923822959,0.26548215991939306
full,full,202002,Combined,86279,60417,70.02515096373394,69.97396093995745,70.32531664376603,-0.3513557038085757,0.313408045667915,0.1724904099889281,69.35968117044834,70.58824070946656,-0.6894369073868748,-0.013274500230276653
full,full,202003,Early,88639,28615,32.2826295423008,32.372282671687266,32.8159801228476,-0.4436974511603297,0.32165537753547735,0.18121126053529793,31.74183813171773,33.002727211656804,-0.7988715218095137,-0.08852338051114578
full,full,202003,Intermediate,88639,34278,38.671465156420986,38.76199551406526,39.43499185309176,-0.6729963390264992,0.2867123334610234,0.17586249273011778,38.20003934048166,39.323951687648865,-1.0176868247775301,-0.3283058532754684
full,full,202003,Latest,88639,31719,35.784474102821555,35.84582992268064,36.20403301739948,-0.3582030947188341,0.3884063959495812,0.18761879475568097,35.08455338661946,36.607106458741825,-0.7259359324399688,0.009529743002300584
full,full,202003,Combined,88639,61691,69.59803246877784,69.72009151116681,70.32531664376603,-0.6052251325992075,0.31859370643634943,0.179565596867445,69.09564784655157,70.34453517578206,-0.9571737024593997,-0.25327656273901533
full,full,202004,Early,91373,29690,32.49318726538474,32.667816861335034,32.8159801228476,-0.1481632615125627,0.31599505886131923,0.1781824799465674,32.048466545966846,33.28716717670322,-0.49740092220783483,0.20107439918270942
full,full,202004,Intermediate,91373,35497,38.84845632736148,39.03412100507155,39.43499185309176,-0.4008708480202128,0.27733375860864945,0.16910913702459207,38.4905468381986,39.5776951719445,-0.7323247565884132,-0.06941693945201233
full,full,202004,Latest,91373,32677,35.7622054655095,35.88695774497068,36.20403301739948,-0.3170752724287906,0.36851284792212086,0.17909234849670885,35.164672563043325,36.609242926898034,-0.6680962754823399,0.03394573062475875
full,full,202004,Combined,91373,63724,69.7405141562606,69.97635733567901,70.32531664376603,-0.3489593080870046,0.2885390793405949,0.1695755870140842,69.41082074017145,70.54189393118658,-0.6813274586346096,-0.016591157539399548
full,full,202005,Early,96791,31352,32.39144135301836,32.41268934667376,32.8159801228476,-0.4032907761738424,0.3090541002832561,0.17850412963686688,31.806943310118577,33.01843538322894,-0.7531588702621015,-0.05342268208558332
full,full,202005,Intermediate,96791,38230,39.49747393869265,39.52680210852565,39.43499185309176,0.0918102554338828,0.2746517557853085,0.1702962260681643,38.98848466718645,40.06511954986485,-0.24197034765971923,0.4255908585274848
full,full,202005,Latest,96791,34604,35.75125786488413,35.771208844825814,36.20403301739948,-0.4328241725736592,0.36015279753826523,0.17703905423201396,35.06530936165081,36.47710832800082,-0.7798207188684065,-0.08582762627891183
full,full,202005,Combined,96791,68104,70.36191381430092,70.40796028007469,70.32531664376603,0.0826436363086657,0.2969899474300023,0.16645994610496218,69.82585998311188,70.9900605770375,-0.24361785805706018,0.4089051306743916
full,full,202006,Early,105658,34758,32.896704461564674,33.00998446385554,32.8159801228476,0.1940043410079361,0.3301823739668582,0.18827358533056138,32.362827010880494,33.65714191683058,-0.1750118862399642,0.5630205682558364
full,full,202006,Intermediate,105658,41964,39.71682219992807,39.83719378202555,39.43499185309176,0.402201928933793,0.2783163768799209,0.17005203837844748,39.29169368334091,40.38269388071019,0.0688999337120359,0.7355039241555501
full,full,202006,Latest,105658,37936,35.90452213746238,35.97820365820129,36.20403301739948,-0.2258293591981819,0.33164058630084114,0.16611335933729893,35.32818810905164,36.62821920735094,-0.5514115434992878,0.09975282510292402
full,full,202006,Combined,105658,74403,70.41870942096197,70.56971985157011,70.32531664376603,0.2444032078040892,0.2873326572737829,0.17186644321598782,70.0065478433135,71.13289185982673,-0.0924550208992469,0.5812614365074253
full,full,202007,Early,109345,36308,33.20499336960995,33.265266250341305,32.8159801228476,0.4492861274937032,0.323199348172511,0.16450372494352722,32.63179552792318,33.89873697275943,0.1268588266043899,0.7717134283830165
full,full,202007,Intermediate,109345,43697,39.96250400109744,40.01605802535869,39.43499185309176,0.5810661722669253,0.31237662884763107,0.2080413411005482,39.403799832817334,40.62831621790004,0.17330514370985078,0.9888272008239998
full,full,202007,Latest,109345,39708,36.31441766884631,36.340706330891344,36.20403301739948,0.1366733134918696,0.4116491684955105,0.25302874237457956,35.53387396064014,37.147538701142544,-0.3592630215623064,0.6326096485460455
full,full,202007,Combined,109345,77485,70.86286524303809,70.9225828995491,70.32531664376603,0.5972662557830799,0.316648675801734,0.19637653189538304,70.3019514949777,71.5432143041205,0.21236825326812914,0.9821642582980307
full,full,202008,Early,101334,33970,33.52280577101467,33.40867633612448,32.8159801228476,0.5926962132768832,0.3013368831207035,0.17124078932496456,32.8180560452079,33.999296627041055,0.25706426619995265,0.9283281603538136
full,full,202008,Intermediate,101334,40838,40.30039276057394,40.19737393569194,39.43499185309176,0.7623820826001826,0.2789709436396606,0.17183598635988862,39.650590886158206,40.74415698522568,0.4255835493348009,1.0991806158655644
full,full,202008,Latest,101334,36586,36.1043677344228,36.04453731261444,36.20403301739948,-0.1594957047850342,0.35798904520341046,0.17018770139327352,35.34287878401575,36.74619584121312,-0.4930635995158503,0.1740721899457819
full,full,202008,Combined,101334,71953,71.00578285669174,70.8807290228496,70.32531664376603,0.5554123790835641,0.2845087750080959,0.16168100742710734,70.32309182383372,71.43836622186546,0.23851760452643372,0.8723071536406946
full,full,202009,Early,108121,36487,33.74645073574976,33.687019965339395,32.8159801228476,0.8710398424917942,0.32007070893595657,0.1682154164060737,33.05968137582492,34.31435855485387,0.5413376263358898,1.2007420586476987
full,full,202009,Intermediate,108121,43643,40.36496147834371,40.31298766951805,39.43499185309176,0.8779958164262913,0.26196084537062164,0.1629580219715831,39.79954441259163,40.82643092644447,0.5585980933619885,1.1973935394905941
full,full,202009,Latest,108121,39477,36.51187095938809,36.4802077923345,36.20403301739948,0.2761747749350229,0.34999403127549766,0.1680070801592395,35.79421949103452,37.166196093634476,-0.05311910217708654,0.6054686520471324
full,full,202009,Combined,108121,76970,71.18876074028172,71.12946484381902,70.32531664376603,0.8041482000530009,0.2725643735166956,0.14984076333463817,70.59523867172629,71.66369101591175,0.5104603039171101,1.0978360961888918
full,full,202010,Early,107734,36971,34.31692873187666,34.04298256187823,32.8159801228476,1.227002439030633,0.32508922961420417,0.16667192814394338,33.405807671834395,34.68015745192207,0.9003254598685041,1.553679418192762
full,full,202010,Intermediate,107734,43871,40.72159206935601,40.47350979841147,39.43499185309176,1.0385179453197058,0.28026282260831403,0.16567182581802906,39.924194666099176,41.022824930723765,0.7138011667163688,1.3632347239230427
full,full,202010,Latest,107734,39621,36.77669073829989,36.61940835682141,36.20403301739948,0.4153753394219361,0.3371892002436452,0.1691990109543068,35.95851752434387,37.28029918929895,0.08374527795149478,0.7470054008923774
full,full,202010,Combined,107734,77183,71.64219280821283,71.36412651141691,70.32531664376603,1.0388098676508917,0.2742362370755263,0.1589843345052335,70.82662348674889,71.90162953608494,0.727200572020634,1.3504191632811493
full,full,202011,Early,101886,34794,34.14993227725105,33.94240069579575,32.8159801228476,1.1264205729481502,0.3288280014304824,0.16627352043895213,33.297897812992005,34.58690357859949,0.800524472887804,1.4523166730084964
full,full,202011,Intermediate,101886,41437,40.66996447009403,40.47185980154266,39.43499185309176,1.036867948450898,0.28215127804313483,0.17040832420179133,39.91884329657811,41.0248763065072,0.702867633015387,1.370868263886409
full,full,202011,Latest,101886,37390,36.69787802053276,36.58407977547694,36.20403301739948,0.3800467580774624,0.37270381650942375,0.1756096418347901,35.85358029511847,37.314579255835405,0.03585186008127378,0.7242416560736511
full,full,202011,Combined,101886,72843,71.49461162475708,71.29406341084285,70.32531664376603,0.9687467670768336,0.28859964394275267,0.1568015048757998,70.72840810871506,71.85971871297065,0.661415817520266,1.2760777166334012
full,full,202012,Early,99428,34104,34.300197127569696,34.149329432477494,32.8159801228476,1.3333493096298945,0.33045570619368353,0.19245335735194374,33.501636248337874,34.79702261661711,0.9561407292200848,1.7105578900397043
full,full,202012,Intermediate,99428,40490,40.72293518928269,40.57400085444437,39.43499185309176,1.1390090013526033,0.28374557219324315,0.17684455667130128,40.017859532945614,41.13014217594313,0.7923936702768528,1.4856243324283538
full,full,202012,Latest,99428,36804,37.01572997545963,36.936922003031945,36.20403301739948,0.7328889856324738,0.35649001341621467,0.1892161719788563,36.23820157673617,37.635642429327724,0.3620252885539155,1.1037526827110322
full,full,202012,Combined,99428,71419,71.82986683831517,71.67649359173889,70.32531664376603,1.3511769479728652,0.28132975189059256,0.17366442624418868,71.12508727803333,72.22789990544445,1.0107946725342554,1.6915592234114751
full,full,202101,Early,111019,38323,34.5193165133896,34.20491387582559,32.8159801228476,1.3889337529779888,0.3456030871400195,0.18306954601962588,33.527531825031154,34.882295926620024,1.030117442779522,1.7477500631764555
full,full,202101,Intermediate,111019,45624,41.09566830902818,40.80480099358172,39.43499185309176,1.3698091404899526,0.27997355314432054,0.1739149655142592,40.256052829418856,41.35354915774459,1.0289358080820046,1.7106824728979007
full,full,202101,Latest,111019,40889,36.83063259442078,36.66672376978526,36.20403301739948,0.4626907523857859,0.36086228603762105,0.19427666303463892,35.95943368915152,37.374013850419,0.08190849283789359,0.8434730119336782
full,full,202101,Combined,111019,79895,71.96515911690791,71.6436817727615,70.32531664376603,1.318365128995469,0.2821628087736239,0.16898329006428608,71.09064266756519,72.1967208779578,0.9871578804694683,1.6495723775214697
full,full,202102,Early,104772,36569,34.90340930783034,34.589576817542635,32.8159801228476,1.7735966946950343,0.33885162366128296,0.17707595163325618,33.92542763516652,35.25372599991875,1.4265278294938522,2.1206655598962163
full,full,202102,Intermediate,104772,43492,41.51109074943688,41.21727762565672,39.43499185309176,1.782285772564962,0.28251182211784415,0.172543525642076,40.663554454305746,41.771000797007694,1.4441004623064928,2.120471082823431
full,full,202102,Latest,104772,39220,37.43366548314435,37.27038351722645,36.20403301739948,1.066350499826979,0.3532746281553332,0.17376379289673075,36.577965246042,37.9628017884109,0.7257734657493868,1.4069275339045713
full,full,202102,Combined,104772,75963,72.50314969648379,72.20873381549309,70.32531664376603,1.883417171727064,0.2856346437209518,0.15584567076906827,71.64888991380002,72.76857771718616,1.57795965701969,2.188874686434438
full,full,202103,Early,118939,41509,34.89940221458058,34.687541764503976,32.8159801228476,1.8715616416563772,0.32644036391586445,0.16334252619874243,34.047718651228884,35.32736487777907,1.551410290306842,2.1917129930059125
full,full,202103,Intermediate,118939,49518,41.63310604595633,41.43575847417246,39.43499185309176,2.0007666210806963,0.27924979221544666,0.168569811894527,40.88842888143019,41.98308806691473,1.6703697897674235,2.331163452393969
full,full,202103,Latest,118939,44790,37.65795912190283,37.54978405749067,36.20403301739948,1.3457510400911976,0.35701841747401053,0.17316979028171173,36.85002795924161,38.24954015573973,1.0063382511390426,1.6851638290433526
full,full,202103,Combined,118939,86447,72.68179486963906,72.48224489368138,70.32531664376603,2.156928249915357,0.2788417736721782,0.1535623464767348,71.93571501728391,73.02877477007885,1.8559460508209569,2.4579104490097574
full,full,202104,Early,105266,36907,35.06070336100925,34.77572354051976,32.8159801228476,1.9597434176721664,0.33261260701278994,0.17199310422684966,34.12380283077469,35.427644250264834,1.622636933387541,2.296849901956792
full,full,202104,Intermediate,105266,43348,41.17948815381985,40.89703452141977,39.43499185309176,1.462042668328012,0.2918326681518036,0.1672936050755586,40.32504249184223,41.469026550997306,1.1341472023799173,1.789938134276107
full,full,202104,Latest,105266,39682,37.69688218418103,37.530071055209966,36.20403301739948,1.3260380378104897,0.374576610595838,0.18959597300833037,36.79590089844212,38.26424121197781,0.9544299307141622,1.6976461449068172
full,full,202104,Combined,105266,75989,72.18760093477476,71.87565077445919,70.32531664376603,1.550334130693165,0.2900567182908931,0.1592484351038861,71.30713960660904,72.44416194230934,1.2382071978895484,1.8624610634967818
full,full,202105,Early,109132,38453,35.23531136605212,34.99749976514715,32.8159801228476,2.1815196422995453,0.3289272509885499,0.18661604556159805,34.35280235320959,35.642197177084704,1.8157521929988132,2.5472870916002774
full,full,202105,Intermediate,109132,45567,41.75402265146795,41.52298322279197,39.43499185309176,2.0879913697002097,0.27447210887514656,0.17025285009933844,40.98501788939669,42.060948556187256,1.7542957835055064,2.4216869558949132
full,full,202105,Latest,109132,41424,37.957702598687824,37.81899838245949,36.20403301739948,1.614965365060017,0.37779896426688886,0.19010173174770775,37.07851241249639,38.559484352422594,1.2423659708345098,1.9875647592855243
full,full,202105,Combined,109132,79285,72.65055162555437,72.41365190807409,70.32531664376603,2.088335264308061,0.28417209625745804,0.1617650714192509,71.85667459940947,72.9706292167387,1.7712757243263293,2.405394804289793
full,full,202106,Early,113137,40136,35.4755738617782,35.19620894652449,32.8159801228476,2.3802288236768945,0.3504647761391732,0.1810843770202491,34.50929798529172,35.88311990775727,2.0253034447172062,2.7351542026365827
full,full,202106,Intermediate,113137,47280,41.7900421612735,41.51152029587082,39.43499185309176,2.0765284427790576,0.30658391331020723,0.18861981275983528,40.91061582578281,42.11242476595882,1.7068336097697805,2.4462232757883347
full,full,202106,Latest,113137,42813,37.841731705808,37.66601761663439,36.20403301739948,1.4619845992349167,0.36870458446123117,0.18538960562969029,36.94335663109038,38.3886786021784,1.0986209722007239,1.8253482262691096
full,full,202106,Combined,113137,82220,72.67295402918586,72.35959880293514,70.32531664376603,2.0342821591691207,0.3049625891023779,0.17804039110311992,71.76187212829448,72.9573254775758,1.6853229926070057,2.3832413257312357
full,full,202107,Early,110695,39853,36.00252947287592,35.67171956666979,32.8159801228476,2.855739443822192,0.3411762741073333,0.18191169287000303,35.00301406941942,36.340425063920165,2.4991925257969863,3.212286361847398
full,full,202107,Intermediate,110695,46573,42.07326437508469,41.749092321729066,39.43499185309176,2.3141004686373035,0.29456437678876385,0.17660184626269618,41.17174614322309,42.32643850023504,1.9679608499624188,2.660240087312188
full,full,202107,Latest,110695,42196,38.119156240119246,37.93063889789487,36.20403301739948,1.726605880495391,0.3958823735675042,0.19165151488560664,37.154709445702565,38.70656835008718,1.350968911319602,2.10224284967118
full,full,202107,Combined,110695,81043,73.2128822440038,72.8777277933726,70.32531664376603,2.5524111496065705,0.2961220127717832,0.16346406948567616,72.2973286483399,73.4581269384053,2.232021573414645,2.8728007257984958
full,full,202108,Early,105241,37582,35.710417042787505,35.31036711170552,32.8159801228476,2.494386988857916,0.33208961376047597,0.1789705926962777,34.659471468734985,35.96126275467605,2.143604627173212,2.84516935054262
full,full,202108,Intermediate,105241,44506,42.28960196121284,41.904176916914885,39.43499185309176,2.469185063823126,0.2893502844374215,0.1810893291365602,41.33705035941754,42.47130347441223,2.114249978715468,2.824120148930784
full,full,202108,Latest,105241,40250,38.24555068841991,38.01644230108695,36.20403301739948,1.8124092836874768,0.3816765997019787,0.18955534628836826,37.26835616567107,38.76452843650282,1.440880804962275,2.1839377624126786
full,full,202108,Combined,105241,77056,73.21861251793503,72.82250487225554,70.32531664376603,2.497188228489511,0.2852908092721811,0.16427176431424464,72.26333488608206,73.38167485842901,2.175215570433591,2.8191608865454305
full,full,202109,Early,106778,38411,35.97276592556519,35.61522609832158,32.8159801228476,2.79924597547398,0.34189565324805604,0.18840782422721447,34.945110617955386,36.28534157868777,2.4299666399886393,3.1685253109593203
full,full,202109,Intermediate,106778,45025,42.16692577122628,41.83607955557471,39.43499185309176,2.401087702482952,0.3160767780938355,0.19837950255123227,41.21656907051079,42.45559004063863,2.0122638774825363,2.7899115274833672
full,full,202109,Latest,106778,41052,38.4461218603083,38.25373001313832,36.20403301739948,2.049696995738853,0.38178233929165395,0.19769049750585485,37.50543662812668,39.002023398149966,1.6622236206273775,2.4371703708503287
full,full,202109,Combined,106778,78367,73.39245912079268,73.05528638909345,70.32531664376603,2.729969745327432,0.3022771336914386,0.17868089682573815,72.46282320705824,73.64774957112867,2.379755187548985,3.0801843031058787
full,full,202110,Early,106379,38821,36.4931048421211,36.07110916116552,32.8159801228476,3.2551290383179223,0.3559187544367551,0.19871184900461955,35.37350840246948,36.768709919861564,2.865653814268868,3.6446042623669768
full,full,202110,Intermediate,106379,44981,42.28372141118078,41.89394612197898,39.43499185309176,2.4589542688872146,0.3165148195531203,0.193373147057841,41.27357707565486,42.51431516830309,2.079942900653846,2.837965637120583
full,full,202110,Latest,106379,40556,38.12406584006242,37.87746953317137,36.20403301739948,1.6734365157718978,0.3800327568741916,0.19141215093255307,37.13260532969796,38.622333736644784,1.2982686999440938,2.0486043315997016
full,full,202110,Combined,106379,78153,73.4665676496301,73.04445024784954,70.32531664376603,2.7191336040835123,0.2876928910172918,0.16677117713310124,72.48057218145564,73.60832831424344,2.392262096902634,3.0460051112643907
full,full,202111,Early,105921,38060,35.932440214877126,35.548402492129284,32.8159801228476,2.732422369281684,0.3615034168759065,0.20768424130322996,34.83985579505251,36.25694918920606,2.325361256327353,3.139483482236015
full,full,202111,Intermediate,105921,44999,42.48354906014861,42.09846172272197,39.43499185309176,2.6634698696302026,0.37275353246503345,0.2670303947657784,41.367864799090505,42.82905864635344,2.140090295889277,3.1868494433711283
full,full,202111,Latest,105921,40887,38.60141048517291,38.35289270543363,36.20403301739948,2.14885968803416,0.49224192264243316,0.3479929903879782,37.38809853705446,39.317686873812804,1.466793426873723,2.8309259491945973
full,full,202111,Combined,105921,77938,73.58125395341811,73.17465394754949,70.32531664376603,2.8493373037834613,0.35508822385312744,0.24766010926112053,72.47868102879735,73.87062686630162,2.363923489631665,3.3347511179352574
full,full,202112,Early,105117,38233,36.37185231694208,35.94714085618422,32.8159801228476,3.1311607333366185,0.3721657765219708,0.249913296101995,35.21769593420116,36.67658577816728,2.641330672976708,3.620990793696529
full,full,202112,Intermediate,105117,44374,42.21391401961624,41.82094181563814,39.43499185309176,2.38594996254638,0.3082741509199599,0.20705749554051217,41.21672447983502,42.425159151441264,1.9801172712869761,2.7917826538057837
full,full,202112,Latest,105117,40102,38.14987109601682,37.89832935126935,36.20403301739948,1.694296333869871,0.4013609562011846,0.23819501429867665,37.11166187711503,38.684996825423674,1.2274341058444649,2.1611585618952773
full,full,202112,Combined,105117,77100,73.3468420902423,72.91946533910969,70.32531664376603,2.594148695343668,0.31119531315498616,0.20220421436880548,72.30952252532592,73.52940815289347,2.1978284351808095,2.9904689555065267
full,full,202201,Early,110684,40810,36.87073109031115,36.2774984488919,32.8159801228476,3.4615183260442994,0.3876026217395812,0.23957002221114718,35.51779731028232,37.037199587501476,2.991961082510451,3.931075569578148
full,full,202201,Intermediate,110684,47360,42.78847891294134,42.22587679489301,39.43499185309176,2.7908849418012527,0.32729850546318395,0.22211557601014886,41.58437172418517,42.867381865600855,2.355538412821361,3.2262314707811446
full,full,202201,Latest,110684,42965,38.81771529760399,38.49339545838303,36.20403301739948,2.289362440983556,0.3943728702131828,0.21318953545369232,37.72042463276519,39.26636628400087,1.8715109514943191,2.707213930472793
full,full,202201,Combined,110684,82034,74.11549998193054,73.52292561289087,70.32531664376603,3.1976089691248544,0.2967145478272842,0.18641077780618878,72.9413650991494,74.10448612663235,2.8322438446247244,3.5629740936249843
full,full,202202,Early,103266,38033,36.83012801890264,36.30793295480549,32.8159801228476,3.491952831957895,0.3686789485424896,0.2099706241674741,35.58532221566221,37.030543693948765,3.0804104085896458,3.903495255326144
full,full,202202,Intermediate,103266,44416,43.01125249356032,42.54766581118841,39.43499185309176,3.112673958096651,0.31303354172739867,0.20404089565139852,41.93412006940271,43.16121155297411,2.71275380261991,3.512594113573392
full,full,202202,Latest,103266,40344,39.0680378827494,38.76887928353515,36.20403301739948,2.5648462661356786,0.3762620821834084,0.20491566159459756,38.03140560245567,39.50635296461463,2.1632115694102674,2.9664809628610898
full,full,202202,Combined,103266,76772,74.3439273332946,73.8401237437108,70.32531664376603,3.514807099944784,0.2917191679096025,0.17871250435108815,73.26835417460798,74.41189331281363,3.164530591416651,3.8650836084729168
full,full,202203,Early,116364,42806,36.78629129283971,36.20364730198089,32.8159801228476,3.387667179133285,0.35244609113778086,0.20993735430140312,35.51285296335084,36.894441640610935,2.976189964702535,3.799144393564035
full,full,202203,Intermediate,116364,49858,42.84658485442233,42.328096601895744,39.43499185309176,2.8931047488039816,0.3133592881769724,0.20610374491431016,41.71391239706888,42.94228080672261,2.4891414087719337,3.2970680888360295
full,full,202203,Latest,116364,45540,39.1358152005775,38.81976830648072,36.20403301739948,2.6157352890812446,0.3743179588722682,0.21380692317101682,38.08610510709107,39.553431505870364,2.1966737196660517,3.0347968584964375
full,full,202203,Combined,116364,86187,74.06672166649479,73.55709983773747,70.32531664376603,3.231783193971449,0.28590689710208933,0.1821575001407455,72.99672231941737,74.11747735605756,2.874754493695588,3.58881189424731
full,full,202204,Early,105294,39292,37.31646627538132,36.77291616809128,32.8159801228476,3.9569360452436806,0.39188158426198516,0.23367067430903207,36.004828262937785,37.54100407324477,3.4989415235979777,4.4149305668893835
full,full,202204,Intermediate,105294,45543,43.25317681919198,42.76028846054155,39.43499185309176,3.3252966074497903,0.33558817449080547,0.22380388587521605,42.10253563853957,43.418041282543534,2.886640991134367,3.7639522237652137
full,full,202204,Latest,105294,41312,39.23490417307729,38.91817730520129,36.20403301739948,2.714144287801817,0.38210870641371,0.21368754138553184,38.16924424063042,39.66711036977216,2.2953167066861746,3.1329718689174597
full,full,202204,Combined,105294,78401,74.45913347389215,73.97407058550999,70.32531664376603,3.648753941743976,0.2932669764814787,0.1818801490461026,73.3992673116063,74.54887385941369,3.2922688496136145,4.005239033874337
full,full,202205,Early,107841,40391,37.45421500171549,36.925700484846125,32.8159801228476,4.109720361998526,0.4164262914790734,0.2663068508620128,36.109504953547145,37.741896016145105,3.5877589343089804,4.631681789688071
full,full,202205,Intermediate,107841,46642,43.2507116959227,42.756521690027306,39.43499185309176,3.321529836935544,0.34780301041754474,0.23904633297009711,42.07482778960892,43.438215590445694,2.8529990243141534,3.7900606495569344
full,full,202205,Latest,107841,42877,39.75946068749362,39.46911579300846,36.20403301739948,3.265082775608991,0.39342584562341404,0.22427978764555356,38.69800113558657,40.24023045043035,2.825494391823706,3.704671159394276
full,full,202205,Combined,107841,80501,74.64786120306748,74.19778123869605,70.32531664376603,3.872464594930025,0.31950875180257277,0.20905873738565595,73.57154408516301,74.82401839222909,3.4627094696541394,4.2822197202059105
full,full,202206,Early,110259,41828,37.93613219782512,37.30154903828617,32.8159801228476,4.48556891543857,0.44668942753569774,0.2907052917003591,36.4260377603162,38.17706031625614,3.9157865437058663,5.055351287171273
full,full,202206,Intermediate,110259,47848,43.39600395432572,42.81183531746613,39.43499185309176,3.3768434643743737,0.35901530161489703,0.24655404510445883,42.10816532630093,43.515505308631326,2.893597535969634,3.860089392779113
full,full,202206,Latest,110259,43375,39.339192265484,38.99524252292746,36.20403301739948,2.791209505527992,0.4003312540258717,0.22293681623604347,38.210593265036756,39.77989178081817,2.354253345705347,3.2281656653506374
full,full,202206,Combined,110259,82410,74.74219791581639,74.1704372000549,70.32531664376603,3.845120556288884,0.3379235873656322,0.21610511908950894,73.50810696881827,74.83276743129154,3.4215545228734463,4.268686589704322
full,full,202207,Early,108125,40711,37.65179190751445,37.02530685724534,32.8159801228476,4.209326734397739,0.4152039990407168,0.26487298396022546,36.211507019125534,37.839106695365146,3.690175685835697,4.72847778295978
full,full,202207,Intermediate,108125,46901,43.37664739884393,42.75949507542766,39.43499185309176,3.324503222335901,0.37415059812422596,0.2711148828508212,42.02615990310417,43.492830247751144,2.793118051948291,3.8558883927235104
full,full,202207,Latest,108125,43021,39.78820809248555,39.42262244233925,36.20403301739948,3.2185894249397826,0.4593458272557399,0.2931050538546672,38.522304620918,40.32294026376049,2.644103519384635,3.79307533049493
full,full,202207,Combined,108125,80650,74.58959537572254,73.99017973062176,70.32531664376603,3.664863086855741,0.3402873475458027,0.233683768691536,73.32321652943199,74.65714293181153,3.2068429002203303,4.122883273491151
full,full,202208,Early,112272,42782,38.10567193957532,37.31755650260463,32.8159801228476,4.501576379757033,0.4192900813995061,0.2661076761865206,36.4957479430616,38.13936506214766,3.9800053344314525,5.023147425082613
full,full,202208,Intermediate,112272,48938,43.58878438078951,42.89944178127451,39.43499185309176,3.4644499281827503,0.3585653584711005,0.24014495617361353,42.196653678671154,43.60222988387787,2.993765814082468,3.9351340422830328
full,full,202208,Latest,112272,44521,39.65458885563631,39.245824198016,36.20403301739948,3.0417911806165208,0.4049913673481751,0.23495374995794455,38.45204111801358,40.03960727801842,2.5812818306989493,3.502300530534092
full,full,202208,Combined,112272,84306,75.0908507909363,74.39038960980123,70.32531664376603,4.06507296603521,0.3017574937818472,0.19246867510801166,73.7989449219888,74.98183429761366,3.687834362823507,4.442311569246913
full,full,202209,Early,114124,43864,38.43538607129088,37.71913104753001,32.8159801228476,4.903150924682414,0.4347556521491163,0.27998561456309207,36.86700996931774,38.571252125742284,4.354379120138754,5.451922729226075
full,full,202209,Intermediate,114124,49995,43.80761277207248,43.142996076393125,39.43499185309176,3.708004223301365,0.3705944311157438,0.24885608005311607,42.416630991406265,43.869361161379985,3.2202463063972573,4.195762140205472
full,full,202209,Latest,114124,44834,39.28533875433739,38.88610004140482,36.20403301739948,2.6820670240053524,0.40358328307813285,0.23201912521466653,38.09507680657168,39.677123276237964,2.227309538584606,3.136824509426099
full,full,202209,Combined,114124,85682,75.07798534926921,74.43297815265838,70.32531664376603,4.107661508892358,0.31608597656648063,0.19475028322451135,73.81344963858808,75.05250666672868,3.7259509537723154,4.4893720640124
full,full,202210,Early,107833,41216,38.22206560143926,37.55279279149569,32.8159801228476,4.7368126686480885,0.421400609095869,0.26573542209200796,36.726847597667785,38.378737985323596,4.215971241347753,5.257654095948424
full,full,202210,Intermediate,107833,47528,44.07556128457893,43.43808856759976,39.43499185309176,4.003096714507992,0.35443181366494847,0.24103559818469986,42.74340221281646,44.132774922383064,3.53066694206598,4.475526486950003
full,full,202210,Latest,107833,42853,39.74015375627127,39.34092786954423,36.20403301739948,3.1368948521447617,0.40343105409712343,0.22240409659831611,38.55020300351387,40.13165273557459,2.7009828228120623,3.572806881477461
full,full,202210,Combined,107833,81207,75.30811532647705,74.68341562029595,70.32531664376603,4.358098976529923,0.3139192371832848,0.19676137794197904,74.06813391541671,75.29869732517518,3.972446675763644,4.743751277296202
full,full,202211,Early,112131,42945,38.298953902132325,37.54747778256973,32.8159801228476,4.7314976597221285,0.44470814467756764,0.2751781273366813,36.6758498190017,38.41910574613776,4.192148530142234,5.270846789302023
full,full,202211,Intermediate,112131,49291,43.958405793224,43.2188210771055,39.43499185309176,3.7838292240137408,0.37020270500523933,0.251595484086624,42.493223775295235,43.94441837891577,3.2907020752039577,4.276956372823524
full,full,202211,Latest,112131,44746,39.90511098625714,39.4711812835188,36.20403301739948,3.267148266119324,0.4193659582676799,0.243665714777634,38.64922400531415,40.29313856172345,2.7895634651551613,3.744733067083487
full,full,202211,Combined,112131,84379,75.25037679143145,74.52226497039679,70.32531664376603,4.196948326630768,0.3139540783164705,0.19530506776985762,73.9069149768965,75.13761496389708,3.814150393801847,4.5797462594596885
full,full,202212,Early,112572,43105,38.29104928401379,37.52802881544911,32.8159801228476,4.712048692601506,0.41530339694616536,0.26884671579424524,36.714034157434625,38.3420234734636,4.185109129644785,5.238988255558227
full,full,202212,Intermediate,112572,49243,43.74355967736204,43.02527378677976,39.43499185309176,3.5902819336879945,0.35207290848589307,0.2459977699637148,42.335210886147415,43.71533668741211,3.1081263045591134,4.072437562816876
full,full,202212,Latest,112572,44117,39.19002949223608,38.81245581245369,36.20403301739948,2.6084227950542163,0.4497802792870339,0.2730212153584738,37.9308864650511,39.69402515985628,2.0733012129516077,3.1435443771568248
full,full,202212,Combined,112572,84277,74.86497530469389,74.15198036650392,70.32531664376603,3.8266637227379,0.33921704003313286,0.22894618255793328,73.48711496803898,74.81684576496886,3.377929204924351,4.275398240551449
full,full,202301,Early,108447,42108,38.82818335223658,38.01908787712702,32.8159801228476,5.203107754279424,0.4266009412715093,0.2924371641476532,37.182950032234864,38.85522572201918,4.629930912550024,5.776284596008824
full,full,202301,Intermediate,108447,48230,44.47333720619289,43.70876581541293,39.43499185309176,4.273773962321164,0.38147393704467775,0.2812122579584037,42.961076898805366,44.4564547320205,3.722597936722693,4.824949987919636
full,full,202301,Latest,108447,43955,40.53131944636551,40.08000412574452,36.20403301739948,3.875971108345044,0.46724484264379934,0.29152404754822003,39.164204234162675,40.99580401732637,3.304583975150533,4.447358241539555
full,full,202301,Combined,108447,82342,75.92833365607163,75.17607425544564,70.32531664376603,4.850757611679624,0.34573717622502886,0.23550575956147926,74.49842939004458,75.8537191208467,4.389166322939125,5.312348900420123
full,full,202302,Early,104444,40542,38.81697368924974,38.094528971990734,32.8159801228476,5.278548849143133,0.4308558626083539,0.29049727819354876,37.25005148127836,38.939006462703105,4.7091741838837775,5.847923514402489
full,full,202302,Intermediate,104444,46257,44.288805484278654,43.59830103572119,39.43499185309176,4.163309182629421,0.3651759750305963,0.2659397695051,42.88255612466122,44.314045946781164,3.6420672343994247,4.6845511308594165
full,full,202302,Latest,104444,42018,40.23017119221784,39.82648915320485,36.20403301739948,3.62245613580538,0.44324639175347297,0.26959752773022494,38.95772622536804,40.69525208104165,3.094044981454139,4.15086729015662
full,full,202302,Combined,104444,79098,75.73244992531883,75.06436448388814,70.32531664376603,4.739047840122124,0.32761377808694936,0.2246564960924294,74.42224147883772,75.70648748893856,4.298721107780962,5.179374572463286
full,full,202303,Early,116293,45168,38.83982698872675,38.0398641250683,32.8159801228476,5.223884002220702,0.34838688741017704,0.2311616866504087,37.35702582574435,38.722702424392246,4.770807096385901,5.676960908055503
full,full,202303,Intermediate,116293,51993,44.70862390685596,43.97482152046623,39.43499185309176,4.539829667374468,0.3275264879849804,0.22278981180776058,43.33286960401567,44.61677343691679,4.103161636231257,4.9764976985176785
full,full,202303,Latest,116293,47054,40.4615927011944,40.0258884080032,36.20403301739948,3.8218553906037234,0.43591762341487394,0.2640633913760458,39.17148986611004,40.88028694989635,3.3042911435066737,4.339419637700773
full,full,202303,Combined,116293,88183,75.82829577016673,75.13914076321538,70.32531664376603,4.81382411944935,0.2956221025187475,0.1852445554915316,74.55972144227863,75.71856008415213,4.450744790685948,5.1769034482127525
full,full,202304,Early,100339,39152,39.01972313856028,38.37843833314473,32.8159801228476,5.562458210297128,0.3145837468362502,0.23123167211826934,37.76185418934568,38.99502247694378,5.10924413294532,6.015672287648935
full,full,202304,Intermediate,100339,45164,45.01141131563998,44.35957615741544,39.43499185309176,4.924584304323676,0.3091231494064017,0.2333751206056606,43.75369478457889,44.96545753025199,4.467169067936581,5.381999540710771
full,full,202304,Latest,100339,40913,40.77477351777474,40.43469463622818,36.20403301739948,4.230661618828707,0.43669018238585006,0.27203985317908075,39.57878187875191,41.29060739370445,3.6974635065977086,4.763859731059705
full,full,202304,Combined,100339,76269,76.01132161970918,75.44213354653941,70.32531664376603,5.11681690277338,0.28168564996265644,0.19567330080487166,74.8900296726126,75.99423742046622,4.733297233195831,5.500336572350928
full,full,202305,Early,107765,42891,39.80049181088479,39.149118956511245,32.8159801228476,6.333138833663643,0.3376418503767678,0.24835832368578797,38.48734092977278,39.81089698324971,5.846356519239499,6.819921148087787
full,full,202305,Intermediate,107765,49234,45.68644736231615,45.06646037903393,39.43499185309176,5.631468525942163,0.32116110694758737,0.2296091260050388,44.436984609416655,45.6959361486512,5.181434638972287,6.081502412912038
full,full,202305,Latest,107765,44298,41.10611051825732,40.76389398950494,36.20403301739948,4.559860972105467,0.42672030484145246,0.2523767693953518,39.927522192015694,41.60026578699419,4.0652025040905775,5.054519440120356
full,full,202305,Combined,107765,82600,76.64826242286456,76.11311940938548,70.32531664376603,5.787802765619454,0.30166952712494005,0.20135398161022283,75.5218471362206,76.70439168255035,5.393148961663417,6.182456569575491
full,full,202306,Early,106538,43274,40.61837090991008,39.77885198430741,32.8159801228476,6.962871861459807,0.3461492406940768,0.26269542638602267,39.10039947254702,40.4573044960678,6.447988825743203,7.477754897176411
full,full,202306,Intermediate,106538,49623,46.577746907206816,45.809412412302656,39.43499185309176,6.374420559210897,0.3293547125390588,0.23950615770296674,45.1638771757261,46.45494764887921,5.904988490113082,6.843852628308712
full,full,202306,Latest,106538,44472,41.7428523156057,41.32392135758904,36.20403301739948,5.11988834018956,0.424248450865722,0.25442640680269346,40.492394393892226,42.15544832128586,4.6212125828562804,5.618564097522839
full,full,202306,Combined,106538,82326,77.27383656535696,76.59440563536923,70.32531664376603,6.2690889916032,0.28334578028255897,0.1932484267298571,76.03904790601541,77.14976336472304,5.890322075212681,6.64785590799372
full,full,202307,Early,102833,42796,41.61699065475091,40.74039071228429,32.8159801228476,7.924410589436687,0.3606384853787149,0.2734246739492143,40.03353928094201,41.44724214362657,7.388498228496227,8.460322950377147
full,full,202307,Intermediate,102833,48956,47.60728559898087,46.825739091361214,39.43499185309176,7.3907472382694515,0.36325202642507065,0.283399064880857,46.11376511956808,47.53771306315435,6.835285071102971,7.946209405435932
full,full,202307,Latest,102833,43150,41.96123812394854,41.50995702376788,36.20403301739948,5.3059240063684125,0.5003677739947014,0.3430329902914834,40.52923618673827,42.4906778607975,4.633579345397105,5.97826866733972
full,full,202307,Combined,102833,79846,77.64628086314704,76.90884561161646,70.32531664376603,6.583528967850427,0.31806814375284775,0.24440182754022255,76.28543204986087,77.53225917337204,6.104501385871591,7.062556549829263
full,full,202308,Early,102168,43149,42.23338031477567,41.36077075333341,32.8159801228476,8.54479063048581,0.3729110318191648,0.29286645199318756,40.62986513096785,42.091676375698974,7.9707723845791625,9.118808876392457
full,full,202308,Intermediate,102168,49328,48.281262234750606,47.50544111607422,39.43499185309176,8.070449262982466,0.365145275054298,0.28699046367328956,46.7897563769678,48.221125855180645,7.507947954182819,8.632950571782114
full,full,202308,Latest,102168,43388,42.467308746378514,41.9994644019168,36.20403301739948,5.795431384517324,0.4428606923180793,0.269393784179756,41.13145744497337,42.867471358860236,5.267419567525002,6.3234432015096464
full,full,202308,Combined,102168,79638,77.94808550622504,77.25354226213946,70.32531664376603,6.928225618373441,0.29806335192661493,0.21378702830123752,76.66933809236329,77.83774643191563,6.509203042903016,7.347248193843866
full,full,202309,Early,101632,43740,43.037625944584384,42.09516694607158,32.8159801228476,9.27918682322398,0.3664285297545645,0.2868268377600946,41.376967027752634,42.813366864390524,8.717006221214195,9.841367425233766
full,full,202309,Intermediate,101632,49994,49.191199622166245,48.38774210244623,39.43499185309176,8.952750249354475,0.3558614168174227,0.2875639675802879,47.690253725484084,49.08523047940838,8.38912487289711,9.51637562581184
full,full,202309,Latest,101632,43348,42.65192065491184,42.15162421793213,36.20403301739948,5.947591200532648,0.4194350137611342,0.28976791090567,41.32953159096031,42.973716844903954,5.379646095157535,6.515536305907761
full,full,202309,Combined,101632,79723,78.44281328715365,77.71948732814167,70.32531664376603,7.394170684375645,0.29004857211114493,0.22599643171571987,77.15099212680383,78.2879825294795,6.951217678212834,7.837123690538456
full,full,202310,Early,102912,45557,44.26791822139303,43.33452922262745,32.8159801228476,10.518549099779856,0.37976442614754385,0.3119981835225534,42.59019094737827,44.07886749787664,9.90703266007565,11.130065539484061
full,full,202310,Intermediate,102912,51547,50.08842506218905,49.30186097425999,39.43499185309176,9.866869121168223,0.3542613803457474,0.28232258082852896,48.60750866878232,49.99621327973765,9.313516862744306,10.42022137959214
full,full,202310,Latest,102912,44856,43.586753731343286,43.09960187407886,36.20403301739948,6.895568856679385,0.41628652207955197,0.2547905938908221,42.283680290802934,43.91552345735478,6.396179292653374,7.394958420705397
full,full,202310,Combined,102912,81517,79.21039334577114,78.50963361140595,70.32531664376603,8.184316967639926,0.2770279465482657,0.19602499642424764,77.96665883617135,79.05260838664054,7.800107974648401,8.568525960631451
full,full,202311,Early,106903,48309,45.18956437143953,44.13794058734843,32.8159801228476,11.32196046450083,0.40517008368079754,0.34700967038710934,43.34380722333407,44.932073951362796,10.641821510542096,12.002099418459563
full,full,202311,Intermediate,106903,55081,51.52427901929787,50.65384971038019,39.43499185309176,11.218857857288434,0.36159449577703884,0.282260534445967,49.945124498657194,51.36257492210319,10.665627209774339,11.772088504802529
full,full,202311,Latest,106903,47227,44.17743187749642,43.605386673062014,36.20403301739948,7.4013536556625406,0.4364061460132765,0.2822888181336722,42.75003062687599,44.46074271924804,6.848067572120543,7.954639739204538
full,full,202311,Combined,106903,85326,79.81628205008279,79.01672336448654,70.32531664376603,8.691406720720519,0.2817336508189443,0.21046802778408447,78.4645254088814,79.56892132009168,8.278889386263714,9.103924055177323
full,full,202312,Early,101667,46218,45.46017881908584,44.47343259826702,32.8159801228476,11.657452475419417,0.3629516675291934,0.29160868337088336,43.7620473299098,45.184817866624236,11.085899456012486,12.229005494826348
full,full,202312,Intermediate,101667,52509,51.64802738351678,50.76281026432543,39.43499185309176,11.32781841123367,0.3901151719386162,0.3309808338568527,49.99818452732574,51.52743600132512,10.679095976874239,11.976540845593101
full,full,202312,Latest,101667,44827,44.09198658365055,43.53666502433464,36.20403301739948,7.332632006935169,0.4770646054891102,0.32759912514772666,42.60161839757598,44.471711651093294,6.690537721645625,7.974726292224713
full,full,202312,Combined,101667,81266,79.9335084147265,79.12672534810102,70.32531664376603,8.801408704334989,0.310372820626835,0.24087995800856368,78.51839461967242,79.73505607652962,8.329283986638204,9.273533422031774
full,full,202401,Early,110700,51788,46.782294489611566,45.66343234189432,32.8159801228476,12.847452219046712,0.38035230577244483,0.32237136685129053,44.91794182258033,46.40892286120831,12.215604340018183,13.47930009807524
full,full,202401,Intermediate,110700,58992,53.289972899728994,52.33036718054756,39.43499185309176,12.895375327455794,0.35767988398441836,0.2873967845679396,51.6293146079381,53.031419753157024,12.332077629702631,13.458673025208956
full,full,202401,Latest,110700,50319,45.45528455284553,44.81849942518832,36.20403301739948,8.614466407788852,0.43042012997538454,0.2773403220795589,43.974875970436564,45.66212287994008,8.070879376512917,9.158053439064787
full,full,202401,Combined,110700,89624,80.96115627822945,80.08571989006688,70.32531664376603,9.760403246300864,0.269160421476554,0.20321862345767613,79.55816546397284,80.61327431616093,9.36209474432382,10.15871174827791
full,full,202402,Early,109223,52014,47.62183789128663,46.47115962127572,32.8159801228476,13.655179498428122,0.38580403867397606,0.33706314829596445,45.71498370547472,47.22733553707671,12.994535727768032,14.315823269088213
full,full,202402,Intermediate,109223,58947,53.96940204901898,52.99725232796219,39.43499185309176,13.562260474870424,0.3563390877514944,0.30136823059238343,52.29882771596926,53.69567693995511,12.971578742909353,14.152942206831495
full,full,202402,Latest,109223,50069,45.84107742874669,45.192326246674455,36.20403301739948,8.988293229274985,0.42231106702858107,0.26684005537946587,44.364596555298434,46.020055938050476,8.465286720731232,9.511299737818739
full,full,202402,Combined,109223,88926,81.41691768217316,80.53565597281592,70.32531664376603,10.2103393290499,0.26553014485615606,0.21793801239163332,80.01521688889785,81.05609505673398,9.783180824762299,10.6374978333375
full,full,202403,Early,109109,52238,47.87689374845338,46.81556734350862,32.8159801228476,13.99958722066102,0.37772690903364986,0.34105717368590915,46.075222601802665,47.55591208521457,13.331115160236639,14.668059281085402
full,full,202403,Intermediate,109109,59453,54.48954715009761,53.63484941827525,39.43499185309176,14.199857565183493,0.3562247164897498,0.2978878411640739,52.93664897395534,54.33304986259516,13.615997396501907,14.783717733865078
full,full,202403,Latest,109109,49950,45.77990816522927,45.21705534242081,36.20403301739948,9.013022325021335,0.40354895220125186,0.26738650706454775,44.42609939610635,46.00801128873526,8.488944771174822,9.53709987886785
full,full,202403,Combined,109109,89100,81.6614578082468,80.9369344643295,70.32531664376603,10.611617820563469,0.25117659002768217,0.21258439151708156,80.44462834787524,81.42924058078376,10.19495241318999,11.028283227936948
full,full,202404,Early,108284,52826,48.78467732998411,47.702176494321584,32.8159801228476,14.886196371473986,0.4036606991451466,0.36373430952083385,46.9110015239971,48.49335146464607,14.17327712481315,15.599115618134821
full,full,202404,Intermediate,108284,59810,55.234383657788776,54.3297453884088,39.43499185309176,14.89475353531704,0.3568875768360378,0.3009410167967259,53.63024573781017,55.029245039007435,14.304909142395458,15.484597928238623
full,full,202404,Latest,108284,50255,46.41036533559898,45.81527572989027,36.20403301739948,9.611242712490792,0.4172102903352911,0.2680282128717679,44.997543560833094,46.63300789894744,9.085907415262128,10.136578009719457
full,full,202404,Combined,108284,88833,82.03705071848103,81.22879820022597,70.32531664376603,10.903481556459948,0.26515183438926254,0.20541423082757826,80.709100604823,81.74849579562893,10.500869664037895,11.306093448882
full,full,202405,Early,113531,56114,49.42614792435546,48.281327627257326,32.8159801228476,15.465347504409726,0.40382862880623027,0.3631469848091725,47.489823514797116,49.072831739717536,14.753579414183747,16.177115594635705
full,full,202405,Intermediate,113531,64055,56.42071328535818,55.50372410411002,39.43499185309176,16.068732251018258,0.3418483001266416,0.28177300191723476,54.833701435861805,56.173746772358236,15.516457167260477,16.62100733477604
full,full,202405,Latest,113531,53566,47.18182698998511,46.56212102369768,36.20403301739948,10.358088006298203,0.42836620672928166,0.2763373823880902,45.72252325850829,47.40171878888707,9.816466736817546,10.89970927577886
full,full,202405,Combined,113531,93920,82.72630382891016,81.88901931468054,70.32531664376603,11.56370267091451,0.2720368423650583,0.223219732118082,81.35582710364503,82.42221152571605,11.12619199596307,12.001213345865951
full,full,202406,Early,105702,53105,50.24029819681747,49.04053048871469,32.8159801228476,16.224550365867085,0.41806673491872937,0.3844173372945814,48.22111968827398,49.859941289155394,15.471092384769705,16.978008346964465
full,full,202406,Intermediate,105702,60615,57.34517795311347,56.37173612588319,39.43499185309176,16.936744272791426,0.36653434681430763,0.3085779297266582,55.65332880612715,57.09014344563923,16.331931530527175,17.541557015055677
full,full,202406,Latest,105702,50202,47.49389793949027,46.843465513389845,36.20403301739948,10.639432495990375,0.4323753763380564,0.27830265686514155,45.996009775767256,47.69092125101243,10.093959288534698,11.184905703446052
full,full,202406,Combined,105702,88070,83.3191424949386,82.47927081590478,70.32531664376603,12.15395417213876,0.26274557313381663,0.22161396775722061,81.9642894925625,82.99425213924707,11.719590795334609,12.588317548942912
full,full,202407,Early,116153,58635,50.48083131731424,49.37801529293067,32.8159801228476,16.562035170083067,0.41318657867219977,0.376778762640851,48.56816959873316,50.18786098712818,15.823548795307,17.300521544859137
full,full,202407,Intermediate,116153,67252,57.8994946320801,57.03360276600705,39.43499185309176,17.59861091291529,0.4192861166261834,0.3671942819461064,56.21180197741973,57.85540355459437,16.878910120300922,18.31831170552966
full,full,202407,Latest,116153,55678,47.93505118249206,47.29225471270208,36.20403301739948,11.088221695302602,0.4872431070849474,0.3424018016789974,46.337258222815585,48.24725120258858,10.417114164011767,11.759329226593437
full,full,202407,Combined,116153,96919,83.44080652243161,82.63401388561516,70.32531664376603,12.308697241849142,0.28326894104196526,0.22827131592111277,82.07880676117291,83.18922101005741,11.86128546264376,12.756109021054524
full,full,202408,Early,110821,56633,51.10313027314318,50.02637741004688,32.8159801228476,17.210397287199285,0.45003083509758174,0.4208620799677376,49.14431697325561,50.90843784683814,16.38550761046252,18.035286963936052
full,full,202408,Intermediate,110821,65184,58.81917687080968,57.96753455958631,39.43499185309176,18.53254270649455,0.41256535068875916,0.36514387147570393,57.158906472236346,58.77616264693628,17.816860718402168,19.24822469458693
full,full,202408,Latest,110821,53686,48.44388698892809,47.8303906468028,36.20403301739948,11.626357629403328,0.4400897992738229,0.28767694436597746,46.9678146402261,48.69296665337949,11.062510818446013,12.190204440360644
full,full,202408,Combined,110821,93156,84.05988034758755,83.32076862973734,70.32531664376603,12.995451985971318,0.286545058314473,0.24854063988334982,82.75914031544097,83.88239694403372,12.508312331799953,13.482591640142683
full,full,202409,Early,110208,56951,51.6759218931475,50.53726447216206,32.8159801228476,17.72128434931446,0.4044445439438506,0.37301558789632666,49.74455316603211,51.329975778292,16.99017379703766,18.45239490159126
full,full,202409,Intermediate,110208,65385,59.32872386759582,58.40995542651479,39.43499185309176,18.974963573423032,0.39713013858330415,0.35565023382334,57.63158035489152,59.188330498138065,18.277889115129287,19.672038031716777
full,full,202409,Latest,110208,53689,48.71606416957027,48.05791367835422,36.20403301739948,11.853880660954747,0.41493360404034035,0.2811723936315631,47.24464381443515,48.871183542273286,11.302782769436883,12.404978552472611
full,full,202409,Combined,110208,92627,84.04743757259001,83.28626838442482,70.32531664376603,12.9609517406588,0.26183431666152673,0.22780196302892938,82.77307312376823,83.7994636450814,12.514459893122098,13.407443588195502
full,full,202410,Early,115575,59809,51.74908068353883,50.48764509240359,32.8159801228476,17.67166496955599,0.3932747201452209,0.37746577651472274,49.71682664091895,51.258463543888226,16.931832047587136,18.411497891524846
full,full,202410,Intermediate,115575,69982,60.5511572571923,59.57546957361303,39.43499185309176,20.140477720521265,0.35412099743151265,0.3108862992119967,58.88139241864726,60.269546728578796,19.531140574065752,20.749814866976777
full,full,202410,Latest,115575,57439,49.69846420073545,49.00799875597461,36.20403301739948,12.80396573857513,0.429451033139153,0.28024519667381076,48.16627473102187,49.84972278092735,12.25468515309446,13.3532463240558
full,full,202410,Combined,115575,97937,84.73891412502704,83.90586407539055,70.32531664376603,13.580547431624534,0.24569206351533332,0.21274091203052908,83.4243076309005,84.3874205198806,13.163575244044697,13.997519619204372
full,full,202411,Early,113000,59163,52.3566371681416,51.06603541433971,32.8159801228476,18.250055291492107,0.3836713668962481,0.36208074903579335,50.31403953522306,51.81803129345636,17.54037702338195,18.959733559602263
full,full,202411,Intermediate,113000,69733,61.71061946902655,60.71884704225637,39.43499185309176,21.28385518916461,0.35193838970107594,0.30782637760450576,60.029047798442264,61.40864628607048,20.680515489059776,21.88719488926944
full,full,202411,Latest,113000,57074,50.50796460176991,49.771863628180206,36.20403301739948,13.567830610780735,0.4379064632888176,0.3124364991936802,48.913566960134126,50.630160296226286,12.955455072361122,14.180206149200348
full,full,202411,Combined,113000,96353,85.26814159292036,84.40980645770854,70.32531664376603,14.084489813942511,0.24292708330252216,0.2213144902438342,83.9336693744356,84.88594354098149,13.650713413064596,14.518266214820427
full,full,202412,Early,109047,57658,52.87444863224114,51.49095546554575,32.8159801228476,18.674975342698158,0.40675419774537275,0.37632946576745524,50.69371723796482,52.288193693126686,17.937369589793946,19.41258109560237
full,full,202412,Intermediate,109047,67810,62.184195805478375,61.19619984765651,39.43499185309176,21.761207994564742,0.3721941281233294,0.33674515005911293,60.46669935653478,61.925700338778235,21.10118750044888,22.421228488680605
full,full,202412,Latest,109047,55633,51.01745119077095,50.263110660055446,36.20403301739948,14.059077642655971,0.42844487335232756,0.30452339947586154,49.42335870828489,51.102862611826005,13.462211779683283,14.65594350562866
full,full,202412,Combined,109047,93485,85.72908929177328,84.88416733430599,70.32531664376603,14.55885069053996,0.25291547398232456,0.2276794561964681,84.38845300530063,85.37988166331134,14.112598956394883,15.005102424685038
full,full,202501,Early,120935,64237,53.11696365816348,51.69518162958751,32.8159801228476,18.879201506739907,0.4130667489244176,0.40490836357960686,50.88557080169565,52.50479245747937,18.085581114123876,19.672821899355938
full,full,202501,Intermediate,120935,77318,63.933518005540165,62.93256231804316,39.43499185309176,23.4975704649514,0.357345879393404,0.31776863768250513,62.23216439443209,63.63296024165423,22.87474393509369,24.120396994809113
full,full,202501,Latest,120935,63693,52.667135237937735,51.8989792329174,36.20403301739948,15.694946215517923,0.42883553693066795,0.28821976542373284,51.05846158053329,52.739496885301506,15.130035475287407,16.25985695574844
full,full,202501,Combined,120935,104730,86.60023979823872,85.7235066226704,70.32531664376603,15.398189978904377,0.2251430989186901,0.2111824783748765,85.28222614878976,86.16478709655104,14.984272321289618,15.812107636519135
full,full,202502,Early,111035,58885,53.03282748682848,51.62253138400098,32.8159801228476,18.80655126115338,0.402673040715112,0.3918216432917548,50.83329222419936,52.4117705438026,18.03858084030154,19.57452168200522
full,full,202502,Intermediate,111035,71732,64.60305309136758,63.5999386098808,39.43499185309176,24.164946756789043,0.35960046996434625,0.3341432518587432,62.895121688750685,64.30475553101093,23.510025983145905,24.81986753043218
full,full,202502,Latest,111035,59226,53.33993785743234,52.54922333814639,36.20403301739948,16.345190320746916,0.4125118517511902,0.2897866267679223,51.74070010871406,53.35774656757872,15.777208532281788,16.913172109212045
full,full,202502,Combined,111035,96315,86.74291889944612,85.88844749607814,70.32531664376603,15.563130852312124,0.22886877532059569,0.21613129860551145,85.43986469644977,86.33703029570651,15.139513507045322,15.986748197578926
full,full,202503,Early,119822,64286,53.651249353207255,52.20450851862217,32.8159801228476,19.38852839577457,0.4002793115068641,0.39566863038600075,51.419961068068716,52.989055969175624,18.61301788021801,20.164038911331133
full,full,202503,Intermediate,119822,78855,65.8101183422076,64.84706582973942,39.43499185309176,25.41207397664765,0.3563804639236696,0.3302501673558853,64.14856012044903,65.54557153902981,24.764783648630114,26.059364304665188
full,full,202503,Latest,119822,65413,54.591811186593446,53.809072341072905,36.20403301739948,17.60503932367343,0.4316998830773053,0.314407224433128,52.962940570241386,54.655204111904425,16.9888011637845,18.22127748356236
full,full,202503,Combined,119822,104745,87.41716880038724,86.57940778638998,70.32531664376603,16.25409114262395,0.244348201079883,0.2370688658941172,86.1004853122734,87.05833026050655,15.789436165471479,16.71874611977642
full,full,202504,Early,119791,63794,53.25441811154428,51.85579975318622,32.8159801228476,19.039819630338616,0.4407398979434597,0.4469223764755186,50.99194955321704,52.7196499531554,18.1638517724466,19.915787488230634
full,full,202504,Intermediate,119791,80459,67.16614770725681,66.2012446585209,39.43499185309176,26.766252805429147,0.383602606022952,0.3617058783491358,65.44938355071592,66.95310576632589,26.05730928386484,27.475196326993455
full,full,202504,Latest,119791,66820,55.78048434356504,54.9993006239879,36.20403301739948,18.79526760658843,0.4199417145309114,0.318744425308988,54.17621486350731,55.82238638446849,18.17052853298281,19.420006680194046
full,full,202504,Combined,119791,105394,87.98156789742134,87.1816368882673,70.32531664376603,16.856320244501287,0.28283366641301083,0.2842633092679137,86.6272829020978,87.73599087443681,16.299164158336175,17.4134763306664
full,full,202505,Early,123756,65113,52.61401467403601,51.15344011803812,32.8159801228476,18.33745999519052,0.45329784270291323,0.4433879503707293,50.26497634634041,52.04190388973583,17.46841961246389,19.206500377917152
full,full,202505,Intermediate,123756,84599,68.35951388215521,67.37907990614225,39.43499185309176,27.944088053050496,0.3570042931159319,0.3313784628863942,66.67935149163503,68.07880832064947,27.294586265793164,28.59358984030783
full,full,202505,Latest,123756,71411,57.7030608616956,56.90831716192248,36.20403301739948,20.704284144523,0.40399879607450706,0.3098742561339564,56.11647952161645,57.70015480222852,20.096930602500446,21.311637686545556
full,full,202505,Combined,123756,109669,88.61711755389638,87.81879164760622,70.32531664376603,17.493475003840196,0.22598315475466182,0.22625132184875535,87.37586466428708,88.26171863092536,17.050022413016634,17.936927594663757
full,full,202506,Early,114981,59322,51.59287186578652,50.23519105427392,32.8159801228476,17.41921093142632,0.4122308516535619,0.3875302408806609,49.42721858503294,51.0431635235149,16.659651659300224,18.178770203552418
full,full,202506,Intermediate,114981,79476,69.12098520625146,68.20271170790855,39.43499185309176,28.767719854816782,0.3451919918533397,0.32994905758645915,67.526135403876,68.8792880119411,28.121019701947322,29.414420007686243
full,full,202506,Latest,114981,67530,58.73144258616641,57.9296660615612,36.20403301739948,21.72563304416173,0.39109299469124414,0.31482719542975185,57.16312379196636,58.696208331156036,21.108571741119416,22.34269434720404
full,full,202506,Combined,114981,102317,88.9860063836634,88.26202520707625,70.32531664376603,17.936708563310233,0.21015436575488616,0.22873592266202245,87.85012265019667,88.67392776395583,17.48838615489267,18.385030971727797
full,full,202507,Early,135462,70125,51.76728529033973,50.17832872984288,32.8159801228476,17.362348606995283,0.5909407725688922,0.6077524629306061,49.02008481560785,51.33657264407791,16.171153779651295,18.55354343433927
full,full,202507,Intermediate,135462,95659,70.61685195848283,69.4684475700521,39.43499185309176,30.033455716960344,0.43146383684125694,0.41088922605635647,68.62277844984324,70.31411669026097,29.228112833889885,30.838798600030803
full,full,202507,Latest,135462,82327,60.774977484460585,59.85783644645221,36.20403301739948,23.653803429052733,0.4774183526359567,0.39956839352273443,58.922096475285734,60.79357641761869,22.870649377748173,24.436957480357293
full,full,202507,Combined,135462,121593,89.76170438942286,88.86231528750069,70.32531664376603,18.53699864373467,0.2393477595695769,0.24298666881162734,88.39319367874432,89.33143689625706,18.06074477286388,19.01325251460546
full,full,202508,Early,117838,59445,50.446375532510736,48.97054882896981,32.8159801228476,16.154568706122213,0.4858263100113313,0.4827944465259907,48.0183292613476,49.92276839659202,15.208291590931271,17.100845821313154
full,full,202508,Intermediate,117838,84104,71.37256233133624,70.39508161953214,39.43499185309176,30.96008976644038,0.3689323555655278,0.35058639472256825,69.6719742026237,71.11818903644057,30.272940432784146,31.647239100096613
full,full,202508,Latest,117838,72960,61.9155111254434,61.05239466613743,36.20403301739948,24.84836164873796,0.3956647124746691,0.3083371494138792,60.27689182968708,61.82789750258778,24.244020835886758,25.452702461589162
full,full,202508,Combined,117838,106123,90.05838524075426,89.29578091978686,70.32531664376603,18.97046427602084,0.21215143966488806,0.23290592611330888,88.87996409804369,89.71159774153004,18.513968660838756,19.426959891202927
full,full,202509,Early,120896,59389,49.12404049761778,47.5937753014981,32.8159801228476,14.7777951786505,0.43002037372759355,0.4151991854480634,46.75093536899202,48.43661523400418,13.964004775172295,15.591585582128705
full,full,202509,Intermediate,120896,86593,71.6260256749603,70.62121362369682,39.43499185309176,31.18622177060506,0.3463470887804036,0.32910421065298695,69.94237332968723,71.3000539177064,30.541177517725203,31.831266023484915
full,full,202509,Latest,120896,75633,62.56038247750132,61.68134090558803,36.20403301739948,25.47730788818856,0.37693314486434903,0.31162446688124334,60.9425519416539,62.42012986952216,24.866523933101323,26.088091843275794
full,full,202509,Combined,120896,109182,90.3106802541027,89.53308071268857,70.32531664376603,19.20776406892255,0.20243259451181886,0.2224166039346298,89.13631282744541,89.92984859793174,18.771827525210675,19.643700612634426
full,full,202510,Early,127113,61754,48.581970372817885,46.86353621737008,32.8159801228476,14.047556094522484,0.5032559890679335,0.5076566465512522,45.87715447879693,47.84991795594323,13.05254906728203,15.042563121762939
full,full,202510,Intermediate,127113,92275,72.59288979097339,71.48934948229557,39.43499185309176,32.054357629203814,0.3517317578866938,0.3372494797940115,70.79995523683765,72.17874372775348,31.393348648807553,32.715366609600075
full,full,202510,Latest,127113,81604,64.19799705773603,63.21120205768565,36.20403301739948,27.007169040286183,0.3733693593904663,0.30306713419964826,62.47939811328033,63.94300600209096,26.413157457254872,27.601180623317493
full,full,202510,Combined,127113,115450,90.82469928331484,89.98468576188586,70.32531664376603,19.65936911811983,0.2026789149529932,0.2226007284538093,89.58743508857799,90.38193643519372,19.223071690350363,20.095666545889298
full,full,202511,Early,124362,58799,47.28051977292099,45.500313270014445,32.8159801228476,12.684333147166845,0.4715337227560291,0.4758084006061183,44.57610717341263,46.42451936661626,11.751748681978853,13.616917612354836
full,full,202511,Intermediate,124362,90784,72.99979093292163,71.7180875947587,39.43499185309176,32.28309574166693,0.36864614060526074,0.3484822699324372,70.99554115917239,72.44063403034501,31.600070492599357,32.96612099073451
full,full,202511,Latest,124362,81467,65.50795259001946,64.40832856046124,36.20403301739948,28.204295543061765,0.38599273786596183,0.321041709716734,63.65178279424396,65.16487432667853,27.575053792016966,28.833537294106563
full,full,202511,Combined,124362,113493,91.26019202007043,90.30275962794978,70.32531664376603,19.97744298418376,0.19430557107615737,0.23169579862255793,89.92192070864051,90.68359854725905,19.523319218883547,20.431566749483974
full,full,202512,Early,124635,57647,46.25265776066113,44.53229753599309,32.8159801228476,11.716317413145488,0.4457004068124863,0.44926327520589504,43.658724738640615,45.40587033334556,10.835761393741933,12.596873432549042
full,full,202512,Intermediate,124635,91265,73.22581939262646,71.91212570789216,39.43499185309176,32.4771338548004,0.4184621036904968,0.3992931438806567,71.09193998465878,72.73231143112554,31.69451929279431,33.25974841680649
full,full,202512,Latest,124635,83028,66.61692141051871,65.44761965802918,36.20403301739948,29.243586640629715,0.41603023826191476,0.3313270405422759,64.63220039103582,66.26303892502254,28.594185641166856,29.892987640092574
full,full,202512,Combined,124635,113927,91.40851285754404,90.4632247685216,70.32531664376603,20.137908124755576,0.21131945910533478,0.23187440252786712,90.04903862867515,90.87741090836805,19.683434295800957,20.592381953710195
full,full,202601,Early,126581,56958,44.99727447247217,43.173617568205074,32.8159801228476,10.357637445357476,0.4480095753409018,0.4435253467198758,42.295518800536904,44.051716335873245,9.488327765786519,11.226947124928433
full,full,202601,Intermediate,126581,93342,73.74092478334032,72.33428525747152,39.43499185309176,32.89929340437976,0.35403669267595445,0.33296935653779663,71.64037333982665,73.02819717511639,32.24667346556568,33.551913343193846
full,full,202601,Latest,126581,86729,68.51660201768038,67.25915518243043,36.20403301739948,31.05512216503096,0.3727775395941882,0.30620044439096583,66.52851120482582,67.98979916003505,30.454969294024664,31.655275036037253
full,full,202601,Combined,126581,116286,91.86686785536534,90.86963299698722,70.32531664376603,20.54431635322119,0.18796254137862833,0.2190477284314945,90.50122641588511,91.23803957808933,20.114982805495462,20.97364990094692
full,full,202602,Early,119264,52769,44.24553930775423,42.4483126232017,32.8159801228476,9.6323325003541,0.43608825880387003,0.426387826393408,41.593579635946114,43.30304561045729,8.796612360623019,10.46805264008518
full,full,202602,Intermediate,119264,87902,73.70371612557017,72.31987645131817,39.43499185309176,32.88488459822641,0.33568096408172676,0.31574540121037414,71.66194176171798,72.97781114091835,32.266023611854074,33.50374558459874
full,full,202602,Latest,119264,82709,69.34951033002415,67.9974745907418,36.20403301739948,31.793441573342328,0.34865937139650677,0.30143494215567246,67.31410222280465,68.68084695867896,31.20262908671721,32.384254059967446
full,full,202602,Combined,119264,109811,92.07388650389052,91.1193742038385,70.32531664376603,20.79405756007248,0.17598493000671583,0.21731652133534263,90.77444374102534,91.46430466665167,20.36811717825521,21.21999794188975
full,full,202603,Early,129361,55260,42.717666066279634,40.80010562852966,32.8159801228476,7.98412550568206,0.3885118313722324,0.38559516440916075,40.03862243904008,41.56158881801923,7.228358983440105,8.739892027924016
full,full,202603,Intermediate,129361,94910,73.36832584782121,71.85455042130006,39.43499185309176,32.419558568208295,0.3384631652823015,0.32046620272699305,71.19116261734675,72.51793822525337,31.79144481086339,33.0476723255532
full,full,202603,Latest,129361,91165,70.4733265822002,69.08472403432646,36.20403301739948,32.880691016926974,0.36117754151878406,0.3247965638890836,68.37681605294964,69.79263201570328,32.24408975170437,33.517292282149576
full,full,202603,Combined,129361,119058,92.03546663986828,90.9624924836846,70.32531664376603,20.637175839918577,0.17959707476559975,0.21712251783816486,90.61048221714402,91.31450275022517,20.211615704955772,21.06273597488138
full,full,202604,Early,127638,53374,41.81670035569345,39.84249691065763,32.8159801228476,7.026516787810028,0.4016829122427777,0.3883270302537286,39.05519840266179,40.62979541865347,6.26539580851272,7.787637767107336
full,full,202604,Intermediate,127638,94010,73.6536141274542,71.99149574940864,39.43499185309176,32.55650389631688,0.3786565578778161,0.353585032586542,71.24932889596812,72.73366260284917,31.86347723244726,33.24953056018651
full,full,202604,Latest,127638,91977,72.06082827997932,70.59094615887406,36.20403301739948,34.386913141474594,0.3517968773834717,0.3162947384044717,69.90142427920246,71.28046803854566,33.76697545420183,35.00685082874736
full,full,202604,Combined,127638,118013,92.45914226170888,91.36046881470187,70.32531664376603,21.035152170935856,0.18300944889611961,0.21736961017719494,91.00177029486548,91.71916733453827,20.609107734988555,21.461196606883156
full,full,202605,Early,128258,51770,40.36395390540941,38.453284479359446,32.8159801228476,5.637304356511846,0.4233341449485741,0.41593998929721143,37.62354955526024,39.28301940345865,4.822061977489311,6.452546735534381
full,full,202605,Intermediate,128258,95089,74.13884514026415,72.44039502736848,39.43499185309176,33.00540317427673,0.39392695345567735,0.37959512346017943,71.66829819859535,73.21249185614161,32.26139673229478,33.74940961625868
full,full,202605,Latest,128258,93847,73.17048449219541,71.57372021323386,36.20403301739948,35.36968719583439,0.37927062707984516,0.3490642761413527,70.83034978415736,72.31709064231035,34.68552121459734,36.05385317707144
full,full,202605,Combined,128258,119044,92.81604266400537,91.7118736881518,70.32531664376603,21.38655704438578,0.20750148933656384,0.24297598623869185,91.30517076905213,92.11857660725147,20.91032411135794,21.862789977413616
full,full,202606,Early,133769,52571,39.29983778005367,37.16959336637935,32.8159801228476,4.353613243531757,0.38589555651169943,0.380982325913389,36.41323807561642,37.925948657142285,3.6068878847415142,5.100338602321999
full,full,202606,Intermediate,133769,98531,73.65757387735574,71.79357880273342,39.43499185309176,32.358586949641655,0.3712710451019217,0.3513112574185842,71.06588755433366,72.52127005113319,31.67001688510123,33.04715701418208
full,full,202606,Latest,133769,99186,74.14722394575723,72.26311632980929,36.20403301739948,36.05908331240983,0.35195407398468076,0.3207746730527899,71.57328634479931,72.95294631481927,35.430364953226366,36.6878016715933
full,full,202606,Combined,133769,124248,92.88250641030432,91.6401564795143,70.32531664376603,21.31483983574828,0.18156133891910833,0.22107865256383719,91.28429625523285,91.99601670379576,20.88152567672316,21.7481539947734
full,full,202607,Early,133117,50496,37.93354718030004,35.76757491304443,32.8159801228476,2.951594790196832,0.38773780115012524,0.37676490325812256,35.00760882279018,36.52754100329867,2.2131355798109116,3.6900540005827525
full,full,202607,Intermediate,133117,97451,73.20702840358481,71.16771420770228,39.43499185309176,31.73272235461051,0.3387584108563769,0.31783191556022494,70.50374772242378,71.83168069298077,31.10977180011247,32.35567290910855
full,full,202607,Latest,133117,99984,75.10986575719105,73.10357919348735,36.20403301739948,36.899546176087874,0.34738726210071214,0.3310174755065327,72.42270015976996,73.78445822720474,36.25075192409507,37.54834042808068
full,full,202607,Combined,133117,123885,93.0647475529046,91.76098012520572,70.32531664376603,21.435663481439704,0.170864516034379,0.23001143873988636,91.42608567377833,92.09587457663311,20.984841061509528,21.88648590136988
full,full,202608,Early,108840,39545,36.33314957736126,34.38095406993584,32.8159801228476,1.564973947088244,0.35562710290188376,0.3451714352977535,33.68392494824815,35.07798319162353,0.8884379339046471,2.241509960271841
full,full,202608,Intermediate,108840,79044,72.62403528114663,70.5855428926712,39.43499185309176,31.150551039579437,0.3308966409994178,0.3162048119111643,69.93698547631234,71.23410030903005,30.530789608233555,31.77031247092532
full,full,202608,Latest,108840,82620,75.909592061742,73.79235973047406,36.20403301739948,37.58832671307459,0.34528104668687853,0.3186671318873516,73.11560887896778,74.46911058198035,36.963739134575384,38.2129142915738
full,full,202608,Combined,108840,101369,93.13579566335906,91.76587955388216,70.32531664376603,21.44056291011616,0.1680888279329657,0.22715710393751073,91.43642545113354,92.09533365663077,20.99533498639864,21.88579083383368
