fit,group,word,ranking,month,observed_percent,baseline_percent,excess_pp,relative_frequency,target_word_n,reference_word_n,rank
full,Early,research,absolute,202503,17.75547334595208,10.847941537363951,6.9075318085881285,1.6367596824518522,21957,482617,1
full,Early,additionally,absolute,202503,9.506634427055548,3.1669658773902114,6.339668549665338,3.001811448277947,11928,140896,2
full,Early,crucial,absolute,202503,8.265139906744546,2.546569094075942,5.718570812668603,3.2455981367132964,10098,113295,3
full,Early,various,absolute,202411,11.96689613789263,7.429611679400448,4.5372844584921825,1.6107027734803943,13732,330538,4
full,Early,impact,absolute,202412,11.866533536036696,7.5941232571359345,4.272410278900761,1.5625942764210634,13561,337857,5
full,Early,aims,absolute,202504,7.456985444492298,4.167724037728648,3.289261406763649,1.7892224573861784,9480,185419,6
full,Early,understanding,absolute,202501,9.383078260960628,6.44274450895688,2.940333752003749,1.4563790707385675,11546,286633,7
full,Early,due,absolute,202507,13.641106878505898,10.928747538451407,2.7123593400544905,1.2481857441130741,18948,486212,8
full,Early,explore,absolute,202504,6.585757040516834,3.9311501402473006,2.6546069002695343,1.6752748700924809,8326,174894,9
full,Early,furthermore,absolute,202405,8.911866841493898,6.485428958488194,2.426437883005704,1.3741368379079935,10417,288532,10
full,Early,however,absolute,202503,25.632049638865922,23.32128623373681,2.3107634051291126,1.0990838747901623,31896,1037547,11
full,Early,development,absolute,202503,13.610668562886948,11.661081424801981,1.949587138084967,1.1671875074929488,16575,518793,12
full,Early,utilized,absolute,202409,3.512442317502525,1.613692470116952,1.8987498473855728,2.1766491339257232,4058,71792,13
full,Early,factors,absolute,202503,13.661515864295321,11.784122328822207,1.877393535473114,1.1593155165133757,17256,524267,14
full,Early,utilizing,absolute,202407,2.6930933017012397,0.8816732663853555,1.8114200353158847,3.0545253036221265,3183,39225,15
full,Early,properties,absolute,202502,8.162347425721544,6.441283482511624,1.721063943209919,1.2671927028025836,9000,286568,16
full,Early,developing,absolute,202502,4.531270827508886,3.0757978272064253,1.455473000302461,1.4732017779024136,5184,136840,17
full,Early,application,absolute,202503,5.848608298928074,4.48027131036315,1.3683369885649228,1.305413867548573,7122,199324,18
full,Early,characteristics,absolute,202408,7.873557359882789,6.604289079142005,1.2692682807407847,1.1921884801725975,9116,293820,19
full,Early,used,absolute,202302,27.52425873406069,26.257185159477782,1.267073574582911,1.0482562607867945,29637,1168163,20
full,Early,relationship,absolute,202503,6.439335771766711,5.214852929706422,1.2244828420602891,1.2348067833485812,8086,232005,21
full,Early,impacts,absolute,202501,2.664679119804851,1.4640159301332658,1.2006631896715854,1.820116205677005,3366,65133,22
full,Early,unique,absolute,202502,4.252340086340358,3.1534570021041026,1.0988830842362554,1.3484693412667559,4736,140295,23
full,Early,significance,absolute,202406,3.8350536692847985,2.773545171678474,1.0615084976063245,1.38272623371911,4282,123393,24
full,Early,intricate,absolute,202406,1.1802089335485164,0.12468174910489654,1.0555271844436198,9.46577139013016,1247,5547,25
full,Early,explored,absolute,202501,3.6620048556068414,2.6131469453196243,1.048857910287217,1.4013773171714716,4617,116257,26
full,Early,therefore,absolute,202301,8.426389414425943,7.3875116404472365,1.0388777739787067,1.1406262114418562,9396,328665,27
full,Early,employing,absolute,202407,1.6287525089907255,0.6123948538602678,1.0163576551304576,2.6596443433901933,1924,27245,28
full,Early,finally,absolute,202302,4.784980546425961,3.809592740002252,0.9753878064237096,1.2560346664308093,5096,169486,29
full,Early,proposed,absolute,202307,5.733618452267979,4.760945729161212,0.9726727231067677,1.2043024177211392,5908,211811,30
full,Early,affecting,absolute,202502,2.680533604993036,1.7116711512686091,0.968862453724427,1.5660330566454614,3081,76151,31
full,Early,different,absolute,202301,18.133109904871418,17.22192789407423,0.9111820107971846,1.0529082467654918,20202,766191,32
full,Early,predicting,absolute,202507,2.3243103038770716,1.414116257695395,0.9101940461816767,1.6436486683669365,3352,62913,33
full,Early,herein,absolute,202305,3.529891135825776,2.6225649465590246,0.9073261892667512,1.3459690065854124,3683,116676,34
full,Early,addition,absolute,202301,9.889463010400364,8.98983058162114,0.8996324287792234,1.1000722339104407,11011,399951,35
full,Early,investigation,absolute,202405,3.2377237197769317,2.341328594512789,0.8963951252641427,1.382857462794826,3777,104164,36
full,Early,technology,absolute,202411,3.2456342617215452,2.3564108828937855,0.8892233788277595,1.3773634663135448,3735,104835,37
full,Early,databases,absolute,202501,3.010638517308643,2.1308733544065794,0.8797651629020634,1.4128660021407355,3941,94801,38
full,Early,holds,absolute,202406,1.1698089535947567,0.29069930794548887,0.8791096456492679,4.024120187496683,1251,12933,39
full,Early,process,absolute,202310,8.145584035439965,7.273506623057653,0.8720774123823118,1.1198977958743792,8439,323593,40
full,Early,attention,absolute,202402,3.7800871234991216,2.9114211134505013,0.8686660100486201,1.2983649483186963,4198,129527,41
full,Early,correlation,absolute,202411,5.242220320113308,4.374335654417346,0.8678846656959622,1.1984037655682742,6309,194611,42
full,Early,exploration,absolute,202406,1.468388546339249,0.6120576939113634,0.8563308524278855,2.399101524164317,1571,27230,43
full,Early,utilization,absolute,202404,2.038210440729324,1.205166998694292,0.833043442035032,1.6912265627399126,2276,53617,44
full,Early,materials,absolute,202312,6.414395899441601,5.601350617800652,0.8130452816409492,1.1451516495070233,6684,249200,45
full,Early,considering,absolute,202407,2.639973752066922,1.8367125376523372,0.8032612144145846,1.437336381141767,3157,81714,46
full,Early,issues,absolute,202503,2.5345862107981025,1.7317658842233197,0.8028203265747827,1.463584791621438,3124,77045,47
full,Early,investigate,absolute,202310,8.421013596565667,7.6382687331125005,0.7827448634531664,1.1024767379628717,9050,339821,48
full,Early,exploring,absolute,202406,1.4054705687170572,0.6387382845346754,0.7667322841823817,2.20038567085571,1525,28417,49
full,Early,field,absolute,202402,5.305077156542317,4.553052904666676,0.7520242518756409,1.165169232078294,5835,202562,50
full,Early,moreover,absolute,202301,6.7385452299005335,5.991377246693418,0.7471679832071156,1.1247072171293286,7486,266552,51
full,Early,analyze,absolute,202501,3.1197175454424766,2.3846199319521313,0.7350976134903452,1.3082661532936903,3983,106090,52
full,Early,paper,absolute,202301,4.941179489588384,4.2111502391475515,0.7300292504408328,1.1733562587376627,5333,187351,53
full,Early,people,absolute,202303,3.9632966992661824,3.2499072248207264,0.7133894744454562,1.219510719874414,4777,144586,54
full,Early,advantages,absolute,202506,1.944333504381458,1.2577864280533262,0.6865470763281317,1.5458375611435873,2250,55958,55
full,Early,better,absolute,202302,7.418984103302086,6.736860371051269,0.6821237322508167,1.1012524669773396,7991,299718,56
full,Early,collected,absolute,202412,6.7758204111966105,6.101763413964761,0.6740569972318491,1.110469212177118,7942,271463,57
full,Early,new,absolute,202301,13.23797045166909,12.569682532439844,0.6682879192292462,1.0531666505899833,14433,559216,58
full,Early,accurately,absolute,202411,1.6708377851523157,1.0035903039092349,0.6672474812430808,1.66486043024129,1963,44649,59
full,Early,still,absolute,202301,5.346051442657596,4.679937432104415,0.6661140105531809,1.1423339564293387,5920,208207,60
full,Early,experienced,absolute,202501,2.7759875059814427,2.1132511277438355,0.6627363782376071,1.3136098542841723,3563,94017,61
full,Early,achieve,absolute,202310,2.859579786084266,2.206869206889661,0.6527105791946048,1.2957631458887082,2989,98182,62
full,Early,plays,absolute,202503,3.043081896845939,2.3927792027156216,0.6503026941303176,1.2717771424092428,3681,106453,63
full,Early,constructed,absolute,202606,2.034747430835084,1.38894164817719,0.645805782657894,1.4649625011284184,2945,61793,64
full,Early,mechanism,absolute,202302,6.820476966285118,6.181468025885793,0.639008940399325,1.1033749487538207,7175,275009,65
full,Early,condition,absolute,202501,3.6183942320205076,2.9816402921423526,0.6367539398781548,1.213558269103158,4474,132651,66
full,Early,regulating,absolute,202502,2.2186793571385994,1.5837751439841559,0.6349042131544435,1.400880273671472,2488,70461,67
full,Early,lack,absolute,202509,3.9600903677189327,3.346806994135889,0.6132833735830435,1.1832443205292713,5035,148897,68
full,Early,remarkable,absolute,202405,1.3666540409671952,0.7569016079607511,0.6097524330064441,1.805590088055491,1531,33674,69
full,Early,vital,absolute,202409,1.756539755577428,1.1498053350841675,0.6067344204932607,1.52768447143172,1989,51154,70
full,Early,consequently,absolute,202406,1.668380753139688,1.0624584309879666,0.6059223221517215,1.5703021449867758,1801,47268,71
full,Early,involves,absolute,202409,1.5899973643890273,0.9874066263618168,0.6025907380272104,1.6102761739077112,1766,43929,72
full,Early,content,absolute,202409,4.283920480998172,3.6862821080229016,0.5976383729752704,1.1621249691320579,4905,164000,73
full,Early,develop,absolute,202308,4.549980032737679,3.956639432384483,0.5933406003531961,1.149960745853361,4793,176028,74
full,Early,great,absolute,202301,3.015365828326603,2.422404323559366,0.5929615047672365,1.2447822186413402,3285,107771,75
full,Early,production,absolute,202501,5.222160127649879,4.646064095904474,0.5760960317454051,1.1239965742731006,6414,206700,76
full,Early,especially,absolute,202302,5.575047930893885,5.000868748801677,0.5741791820922076,1.1148158871855602,5960,222485,77
full,Early,literature,absolute,202406,5.700334884412191,5.140003421049615,0.5603314633625768,1.1090138308211777,6173,228675,78
full,Early,solutions,absolute,202507,1.74611835681693,1.194962290907448,0.5511560659094821,1.4612330197390053,2398,53163,79
full,Early,impacting,absolute,202502,0.7602841490505383,0.2108373547149684,0.5494467943355699,3.606022045184396,877,9380,80
full,Early,led,absolute,202410,3.3640910743881625,2.820500313895913,0.5435907604922497,1.1927284878551907,3983,125482,81
full,Early,environment,absolute,202302,3.9066708346654155,3.369239369403005,0.5374314652624106,1.1595112149474966,4155,149895,82
full,Early,occurrence,absolute,202401,2.4105482127194104,1.873687745382201,0.5368604673372093,1.2865261133613801,2789,83359,83
full,Early,imperative,absolute,202406,0.8087120968921656,0.27397617447982403,0.5347359224123416,2.95176067199128,875,12189,84
full,Early,information,absolute,202301,7.955657539686424,7.425251077394616,0.5304064622918075,1.0714327982667917,8882,330344,85
full,Early,according,absolute,202303,5.49711389039026,4.971243627957932,0.525870262432327,1.1057824363052473,6683,221167,86
full,Early,mainly,absolute,202301,3.71046734171057,3.1887014554295905,0.5217658862809795,1.1636295820019582,4136,141863,87
full,Early,focuses,absolute,202410,1.2304360328090038,0.7131382465929427,0.5172977862160612,1.7253821943886476,1403,31727,88
full,Early,researchers,absolute,202307,1.9342142739774277,1.4220507551596147,0.5121635188178129,1.360158395865643,2032,63266,89
full,Early,good,absolute,202301,5.082428752119223,4.57119210991774,0.5112366422014833,1.1118388004503892,5601,203369,90
full,Early,help,absolute,202304,4.461607863382549,3.9584376187786403,0.5031702446039094,1.1271133444712869,4596,176108,91
full,Early,total,absolute,202306,14.230131030721399,13.757227304471389,0.47290372625000965,1.0343749300483176,15978,612049,92
full,Early,thorough,absolute,202408,0.8146548161498903,0.34594858490597846,0.46870623124391186,2.35484361461197,914,15391,93
full,Early,affects,absolute,202503,2.253523775716419,1.7850596334801632,0.46846414223625577,1.2624361301156843,2779,79416,94
full,Early,methodology,absolute,202410,1.919925114599396,1.4523726732310962,0.46755244136829976,1.3219231881636377,2315,64615,95
full,Early,caused,absolute,202302,4.801537990066089,4.340529750207185,0.4610082398589045,1.106210132492906,5078,193107,96
full,Early,delves,absolute,202404,0.46256976940162764,0.004270692686124092,0.45829907671550363,108.31258613024606,493,190,97
full,Early,efforts,absolute,202504,2.2272775445943234,1.7715732355239815,0.4557043090703421,1.2572314256799875,2763,78816,98
full,Early,regarding,absolute,202406,4.973657037717852,4.519921320354324,0.45373571736352925,1.1003857556812429,5518,201088,99
full,Early,common,absolute,202304,9.030752054116716,8.577281668141556,0.4534703859751618,1.0528687763233284,9214,381597,100
full,Early,examination,absolute,202408,2.8198887881386563,2.366930273299607,0.45295851483904936,1.1913696064259658,3225,105303,101
full,Early,overview,absolute,202402,1.5178405515922553,1.0672685795923378,0.45057197199991766,1.4221729943291517,1612,47482,102
full,Early,implementing,absolute,202412,1.0336903133773083,0.5836238715537477,0.45006644182356054,1.7711583842953083,1192,25965,103
full,Early,professionals,absolute,202410,1.475911579164749,1.0344516778989632,0.4414599012657857,1.426757393020444,1815,46022,104
full,Early,numerous,absolute,202408,1.9997261193077265,1.5607358808090133,0.43899023849871316,1.281271318162533,2238,69436,105
full,Early,issue,absolute,202502,1.909436562972152,1.4788509678850654,0.43058559508708655,1.291162263431369,2134,65793,106
full,Early,attributed,absolute,202405,1.5981787456507068,1.172102846371721,0.42607589927898604,1.3635140897387261,1853,52146,107
full,Early,alleviate,absolute,202502,0.854065667153976,0.43017114014233093,0.4238945270116451,1.9854090324873745,988,19138,108
full,Early,investigations,absolute,202403,1.5965755919944238,1.1817680982403174,0.41480749375410636,1.3510058313232225,1768,52576,109
full,Early,predict,absolute,202307,3.104477806029709,2.691885032053797,0.412592773975912,1.1532728066254452,3322,119760,110
full,Early,experiencing,absolute,202503,0.9627579654547741,0.5517734950472328,0.4109844704075413,1.744842719153011,1229,24548,111
full,Early,reactions,absolute,202411,2.0029539326349806,1.596901904661506,0.4060520279734744,1.2542748723563861,2215,71045,112
full,Early,area,absolute,202301,5.569853791051198,5.164121596061253,0.40573219498994534,1.078567513843865,6274,229748,113
full,Early,meanwhile,absolute,202301,1.2749565861441368,0.8752897046860962,0.3996668814580405,1.4566109704230696,1418,38941,114
full,Early,worldwide,absolute,202301,2.6732894735304167,2.2751328578778662,0.39815661565255067,1.1750036769386434,2953,101219,115
full,Early,options,absolute,202502,1.7551002753736469,1.3570463170108211,0.39805395836282587,1.2933237822269936,1986,60374,116
full,Early,understand,absolute,202306,3.4893285326939543,3.1008375727450685,0.38849095994888533,1.125285814182446,3837,137954,117
full,Early,investigating,absolute,202406,1.3651140190928543,0.9784831263808105,0.3866308927120438,1.3951329177664051,1500,43532,118
full,Early,needs,absolute,202306,2.54068362588181,2.155890622615296,0.3847930032665141,1.1784844737622748,2802,95914,119
full,Early,depth,absolute,202408,1.8950168881582332,1.5163431542032497,0.37867373395498344,1.2497282576871291,2186,67461,120
full,Early,prospects,absolute,202401,0.6265709662362559,0.24947588485942793,0.3770950813768279,2.5115492288535606,674,11099,121
full,Early,ability,absolute,202407,4.993038570639281,4.617090817628611,0.37594775301066985,1.0814252454327422,5958,205411,122
full,Early,summary,absolute,202404,2.173465298943221,1.7998047619122548,0.3736605370309662,1.2076117059685738,2418,80072,123
full,Early,devices,absolute,202307,2.1461590732966345,1.7732815125984311,0.3728775606982031,1.2102754458607177,2201,78892,124
full,Early,database,absolute,202501,3.3175540204956597,2.945271972320517,0.37228204817514254,1.1263998882527066,4296,131033,125
full,Early,detailed,absolute,202502,1.990579682503045,1.6193118025986937,0.37126787990435123,1.2292751027371847,2234,72042,126
full,Early,survey,absolute,202304,3.6778297602145105,3.314799276319886,0.36303048389462467,1.1095180895229542,3833,147473,127
full,Early,nature,absolute,202403,2.441248899944166,2.079984679451922,0.36126422049224427,1.1736860007004657,2702,92537,128
full,Early,economic,absolute,202511,1.9968574939971513,1.6382377143972018,0.3586197795999495,1.2189058257225542,2627,72884,129
full,Early,software,absolute,202311,1.7570115715692534,1.3987867186852019,0.3582248528840514,1.2560968359928146,2014,62231,130
full,Early,solution,absolute,202504,2.7890647442464824,2.432698940665918,0.35636580358056474,1.1464898913808934,3375,108229,131
full,Early,utilizes,absolute,202503,0.5633493468801986,0.20737584590621508,0.3559735009739835,2.716562020125387,679,9226,132
full,Early,art,absolute,202507,1.2938424918764788,0.9379115458626316,0.3559309460138472,1.3794930850184646,1798,41727,133
full,Early,discovered,absolute,202401,1.2548266694319572,0.9003744048845937,0.35445226454736345,1.393672079775297,1387,40057,134
full,Early,terms,absolute,202301,3.827806598651805,3.4741185908422416,0.35368800780956333,1.1018065441812732,4309,154561,135
full,Early,version,absolute,202304,1.5879289279441933,1.236949943211026,0.3509789847331673,1.2837455037364351,1662,55031,136
full,Early,create,absolute,202501,1.3406262504376916,0.9908456578406434,0.34978059259704825,1.353012186942745,1666,44082,137
full,Early,verified,absolute,202301,1.2948053207516845,0.9478914803502058,0.3469138404014787,1.3659847647046144,1452,42171,138
full,Early,fields,absolute,202408,1.467716753030895,1.1235967683893218,0.3441199846415732,1.306266442128407,1615,49988,139
full,Early,main,absolute,202302,6.213421754681338,5.87114600891406,0.3422757457672787,1.0582979447705112,6718,261203,140
full,Early,scientific,absolute,202512,1.6996892752250674,1.359743596602057,0.3399456786230104,1.2500071921445488,2170,60494,141
full,Early,products,absolute,202301,2.88810280432261,2.552705405146005,0.3353973991766044,1.1313889955732752,3139,113568,142
full,Early,positively,absolute,202301,2.3647770145660845,2.0334790838330234,0.3312979307330613,1.1629217302341652,2666,90468,143
full,Early,stands,absolute,202406,0.4228778940428003,0.09539378821005605,0.32748410583274423,4.432970971984338,455,4244,144
full,Early,impacted,absolute,202412,0.8395278540581746,0.5140565354297789,0.32547131862839573,1.6331430420513653,961,22870,145
full,Early,displayed,absolute,202312,1.726813494698688,1.4018211582253428,0.324992336473345,1.2318358048502949,1801,62366,146
full,Early,become,absolute,202301,2.6681213203703673,2.3433740315361433,0.3247472888342241,1.138581073470949,2928,104255,147
full,Early,simulation,absolute,202309,1.72874619426509,1.4041363232078208,0.3246098710572692,1.2311811650279665,1786,62469,148
full,Early,avenue,absolute,202406,0.5003718134323926,0.177121359824515,0.32325045360787746,2.8250224248963622,524,7880,149
full,Early,needed,absolute,202306,4.78386060491923,4.462896334329605,0.3209642705896257,1.0719183791298705,5300,198551,150
full,Early,variables,absolute,202606,3.4838599271915482,3.1640213471697787,0.31983858002176957,1.1010861005434953,5387,140765,151
full,Early,types,absolute,202301,4.933511633460958,4.614663265996497,0.3188483674644603,1.069094611911105,5465,205303,152
full,Early,certain,absolute,202404,2.0215071821322943,1.7027251739576759,0.3187820081746184,1.1872187086032606,2255,75753,153
full,Early,summarized,absolute,202302,0.8799077384034549,0.5613263602661945,0.3185813781372604,1.567551073115792,909,24973,154
full,Early,chief,absolute,202504,0.438461009015066,0.12122024029614333,0.3172407687189227,3.617061044788375,451,5393,155
full,Early,preferred,absolute,202510,1.2930353384604696,0.9770895319253385,0.315945806535131,1.3233539979827285,1805,43470,156
full,Early,nevertheless,absolute,202405,1.2351156049987448,0.9226494388422197,0.3124661661565251,1.3386618503216359,1459,41048,157
full,Early,collection,absolute,202405,1.6780268204860795,1.367116160818103,0.3109106596679765,1.2274208063504441,2030,60822,158
full,Early,material,absolute,202307,3.5128064404219206,3.2024126266850415,0.310393813736879,1.0969249905994098,3655,142473,159
full,Early,parties,absolute,202504,0.3608486560114594,0.052507042709399376,0.30834161330206,6.872385824670778,360,2336,160
full,Early,cause,absolute,202306,5.5445613232637125,5.239285787337037,0.3052755359266752,1.0582666318116305,6026,233092,161
full,Early,problems,absolute,202302,2.3541248978268214,2.0493256014315366,0.30479929639528475,1.1487315125436242,2504,91173,162
full,Early,recent,absolute,202506,6.674884631410309,6.372323034295685,0.3025615971146242,1.0474805805490783,7578,283500,163
full,Early,best,absolute,202305,3.7772941312787633,3.4749502520495392,0.30234387922922423,1.0870066784555839,4168,154598,164
full,Early,encompassed,absolute,202403,0.3510760659908353,0.05214740543056786,0.2989286605602674,6.732378401036245,415,2320,165
full,Early,lead,absolute,202311,3.977078599795077,3.6783476105586805,0.29873098923639607,1.0812133655826572,4335,163647,166
full,Early,connection,absolute,202407,0.7293790098494181,0.43133996129853325,0.2980390485508848,1.6909609015905902,864,19190,167
full,Early,summarize,absolute,202304,1.3145566752773785,1.0167620192464388,0.29779465603093963,1.2928853068800177,1291,45235,168
full,Early,unveiled,absolute,202405,0.37085693912218526,0.07667017238089094,0.2941867667412943,4.83704324127249,429,3411,169
full,Early,aiding,absolute,202411,0.35170827120322734,0.05873326309916974,0.2929750081040576,5.988229712511905,406,2613,170
full,Early,causes,absolute,202304,3.0064499532060793,2.7149917272187207,0.2914582259873587,1.1073514232346973,3053,120788,171
full,Early,knowledge,absolute,202306,5.2044996979377425,4.914825529841241,0.2896741680965015,1.058938850695247,5685,218657,172
full,Early,gained,absolute,202311,0.9020392789479461,0.6135187203566164,0.2885205585913298,1.470271809185583,987,27295,173
full,Early,owing,absolute,202608,1.2006451839148893,0.9151195333166853,0.28552565059820395,1.3120091312698439,1305,40713,174
full,Early,shows,absolute,202303,3.1713835739240857,2.8891910341527294,0.2821925397713563,1.0976718176249327,3711,128538,175
full,Early,elusive,absolute,202405,0.7588844857654607,0.4769464637203533,0.2819380220451074,1.5911313815934178,851,21219,176
full,Early,prevent,absolute,202304,2.712971350136708,2.43586824418562,0.2771031059510882,1.1137594804696556,2771,108370,177
full,Early,groups,absolute,202504,11.591879647529728,11.318504439385048,0.27337520814467997,1.0241529443760622,14906,503552,178
full,Early,noteworthy,absolute,202403,0.4815977686723632,0.20975844287847387,0.2718393257938893,2.2959636907267793,559,9332,179
full,Early,showcasing,absolute,202408,0.282924451611551,0.01112627831384961,0.2717981732977014,25.42848952999642,308,495,180
full,Early,conduct,absolute,202410,0.9465531187627526,0.6750391723667303,0.2715139463960223,1.4022195414883512,1165,30032,181
full,Early,attributes,absolute,202404,0.6781086981760264,0.41149247897301977,0.2666162192030066,1.6479248900694676,758,18307,182
full,Early,changes,absolute,202501,9.368006795771862,9.10271173251438,0.2652950632574827,1.0291446187744102,11868,404973,183
full,Early,affect,absolute,202301,3.905501092326575,3.6417994720974303,0.2637016202291447,1.0724097035681293,4357,162021,184
full,Early,beneficial,absolute,202301,2.170246401619519,1.9067069430449188,0.2635394585746003,1.1382170760619041,2412,84828,185
full,Early,faced,absolute,202503,0.5955707591468812,0.3331589841775331,0.26241177496934803,1.7876473018344736,739,14822,186
full,Early,latest,absolute,202411,0.6695752078836157,0.4077162875452891,0.26185892033832653,1.6422576883422624,743,18139,187
full,Early,find,absolute,202301,2.510985855322967,2.2501380669990763,0.2608477883238907,1.1159252368330328,2747,100107,188
full,Early,problem,absolute,202304,2.5572570473492697,2.298441849012133,0.25881519833713706,1.112604631893722,2604,102256,189
full,Early,complexities,absolute,202503,0.364013218779263,0.1052613360479954,0.2587518827312676,3.4581854310996585,440,4683,190
full,Early,manage,absolute,202409,0.9401375951385864,0.6818273260046749,0.2583102691339116,1.3788499804599215,1072,30334,191
full,Early,average,absolute,202407,4.410704113236146,4.155676188887793,0.25502792434835275,1.0613685746330026,5426,184883,192
full,Early,details,absolute,202412,0.9421969052047328,0.6909306446250973,0.25126626057963536,1.3636635059311544,1019,30739,193
full,Early,sources,absolute,202410,2.3056546684172012,2.0548999792534244,0.25075468916377663,1.1220276858705696,2781,91421,194
full,Early,discussed,absolute,202302,2.725298847305461,2.4758778914556254,0.2494209558498356,1.1007404107894818,2777,110150,195
full,Early,decided,absolute,202504,0.3946849998771153,0.1473388976712812,0.24734610220583408,2.678756296641182,408,6555,196
full,Early,attracted,absolute,202301,0.7626715587228944,0.5155849938648127,0.2470865648580816,1.4792353691404527,820,22938,197
full,Early,successfully,absolute,202312,2.863628917028617,2.6165634994685236,0.24706541756009323,1.0944236276361254,2905,116409,198
full,Early,divided,absolute,202312,2.7357406237289683,2.489611540041003,0.24612908368796504,1.0988624448952833,2983,110761,199
full,Early,notice,absolute,202504,0.2738934673871036,0.02922052890505958,0.24467293848204397,9.373323401400805,269,1300,200
full,Early,conducting,absolute,202405,0.6859163243209591,0.4448263592547147,0.24108996506624433,1.5419866877272719,809,19790,201
full,Early,wide,absolute,202308,3.691220071266165,3.4528775140612553,0.2383425572049097,1.0690272262002636,3791,153616,202
full,Early,realm,absolute,202404,0.2846378891283173,0.047404688815977425,0.23723320031233985,6.004424799269688,311,2109,203
full,Early,areas,absolute,202412,3.834155613076419,3.5990475905763355,0.23510802250008359,1.0653250663080103,4399,160119,204
full,Early,functions,absolute,202401,3.7584704410214638,3.523748535320989,0.23472190570047458,1.0666114234167658,4207,156769,205
full,Early,solve,absolute,202304,0.5962016954115866,0.3626042863818625,0.23359740902972412,1.6442213117793103,597,16132,206
full,Early,thoroughly,absolute,202408,0.4864080860535313,0.25300482565796206,0.23340326039556925,1.922524935200674,551,11256,207
full,Early,elucidated,absolute,202504,1.042436193470294,0.8116339063329203,0.2308022871373737,1.2843674781653367,1256,36109,208
full,Early,comprehension,absolute,202405,0.37840187947348786,0.1487549694566802,0.22964691001680768,2.5437931980059627,433,6618,209
full,Early,effect,absolute,202301,13.76627745089651,13.538185724333083,0.22809172656342858,1.016848027587143,15385,602304,210
full,Early,serious,absolute,202304,1.8691319049913404,1.644711185416169,0.2244207195751715,1.1364499260205283,1912,73172,211
full,Early,trend,absolute,202506,1.6315466484026073,1.4071707627479615,0.2243758856546459,1.1594517819688626,2017,62604,212
full,Early,causing,absolute,202408,1.4840365663742714,1.2609557315730289,0.22308083480124252,1.1769140892225864,1675,56099,213
full,Early,out,absolute,202301,6.405476132250183,6.182614369712068,0.22286176253811518,1.0360465248536104,7182,275060,214
full,Early,introduced,absolute,202501,1.5767436258587297,1.3556302452254219,0.2211133806333079,1.1631074412894498,1924,60311,215
full,Early,extract,absolute,202407,1.4408564970452336,1.2197997404767487,0.2210567565684848,1.181223810133036,1734,54268,216
full,Early,contains,absolute,202305,1.06932215354921,0.8487215007124189,0.22060065283679084,1.2599211315509482,1161,37759,217
full,Early,utilize,absolute,202501,0.637557069258596,0.41724667543432387,0.2203103938242721,1.528009944225307,786,18563,218
full,Early,delve,absolute,202405,0.23248952323546498,0.012519872769321682,0.2199696504661433,18.569639445949505,263,557,219
full,Early,aspects,absolute,202405,2.152545793545709,1.9328705550799106,0.21967523846579856,1.1136523280819064,2505,85992,220
full,Early,uses,absolute,202304,1.2137993256308983,0.9984654726858858,0.21533385294501256,1.2156647964658822,1230,44421,221
full,Early,aid,absolute,202306,1.1546942713751478,0.9401592788553286,0.2145349925198192,1.2281900496488445,1267,41827,222
full,Early,above,absolute,202302,2.1796537716294995,1.9672833471981,0.2123704244313993,1.1079511117368364,2354,87523,223
full,Early,differentially,absolute,202301,1.31692965861322,1.1051653578492073,0.21176430076401254,1.191613227160986,1502,49168,224
full,Early,skills,absolute,202410,1.2041112059111947,0.9928011855442895,0.2113100203669052,1.2128422321041623,1472,44169,225
full,Early,way,absolute,202305,2.8565420928259724,2.645604209734168,0.21093788309180447,1.0797314588159805,3141,117701,226
full,Early,sheds,absolute,202403,0.32966486829541564,0.11881516599395764,0.21084970230145797,2.7746025983937166,361,5286,227
full,Early,usage,absolute,202403,0.8823695561833622,0.6740276925200167,0.20834186366334553,1.3090998574322796,1004,29987,228
full,Early,shed,absolute,202401,0.6778266181837908,0.46968628615394237,0.20814033202984838,1.4431475607563922,762,20896,229
full,Early,necessary,absolute,202306,2.6832181003808504,2.475338435537378,0.2078796648434727,1.083980300171901,2940,110126,230
full,Early,shedding,absolute,202403,0.3582489465720162,0.15071049716032653,0.20753844941168972,2.377066981544818,393,6705,231
full,Early,created,absolute,202307,1.3493991839701602,1.1418933149498744,0.20750586902028578,1.1817208895993885,1439,50802,232
full,Early,pressing,absolute,202406,0.33453780844824793,0.12735655136620583,0.2071812570820421,2.6267813069647694,359,5666,233
full,Early,encompass,absolute,202405,0.290095047655479,0.08460466984511096,0.20549037781036802,3.42883020744088,333,3764,234
full,Early,outstanding,absolute,202405,0.5240428810496568,0.3194702902520091,0.20457259079764775,1.6403493440228005,582,14213,235
full,Early,encompasses,absolute,202408,0.3212388383371785,0.11690459295016532,0.20433424538701317,2.7478718348911904,361,5201,236
full,Early,history,absolute,202509,3.430153455079582,3.2261711644178472,0.20398229066173473,1.063227361558339,4246,143530,237
full,Early,nonetheless,absolute,202406,0.4966955736374106,0.2936213608359949,0.20307421280141574,1.6916193434402236,547,13063,238
full,Early,creation,absolute,202408,0.5685675223768699,0.36669516042857075,0.2018723619482992,1.550518206218929,639,16314,239
full,Early,impressive,absolute,202403,0.3083801488620017,0.10658749851368658,0.20179265034831512,2.89321124111383,334,4742,240
full,Early,obtain,absolute,202305,1.814603808562903,1.613422742157828,0.2011810664050751,1.1246920978292465,1991,71780,241
full,Early,connections,absolute,202406,0.5350386388375529,0.3339456907249771,0.2010929481125758,1.6021726097917732,580,14857,242
full,Early,top,absolute,202303,1.1331361181167172,0.9342926957443897,0.1988434223723275,1.2128277608056228,1369,41566,243
full,Early,experts,absolute,202504,0.7391817489661126,0.540759603383018,0.19842214558309454,1.3669322640629147,939,24058,244
full,Early,team,absolute,202410,1.111326157836986,0.9135011655619436,0.19782499227504244,1.2165569128238054,1358,40641,245
full,Early,includes,absolute,202410,1.5148178114510797,1.3197114720021252,0.19510633944895464,1.1478401480840053,1805,58713,246
full,Early,gradually,absolute,202303,0.8080309242005513,0.6132939470573467,0.19473697714320468,1.3175263315047778,959,27285,247
full,Early,makes,absolute,202302,1.0878888186351783,0.893473864597014,0.1944149540381643,1.2175944498677103,1141,39750,248
full,Early,comprised,absolute,202410,1.064625597073824,0.8702772601123822,0.19434833696144183,1.2233177239818318,1316,38718,249
full,Early,cutting,absolute,202507,0.3795924298151197,0.18640449708435314,0.19318793273076654,2.0363909441698915,518,8293,250
full,Early,contributed,absolute,202608,1.139533719590583,0.9470822964728352,0.19245142311774788,1.2032045407611185,1390,42135,251
full,Early,topic,absolute,202304,0.8244305144405831,0.6349620931069447,0.1894684213336384,1.2983932795209032,843,28249,252
full,Early,assembled,absolute,202608,0.7434798087615406,0.5551900491961321,0.18828975956540855,1.339144694394354,759,24700,253
full,Early,make,absolute,202305,2.074901474929574,1.886702119409916,0.18819935551965783,1.0997504341483004,2275,83938,254
full,Early,elements,absolute,202404,1.6107308995264333,1.4262315385260311,0.18449936100040226,1.1293614367770026,1781,63452,255
full,Early,studying,absolute,202501,0.9660270795458442,0.7817615348599786,0.18426554468586565,1.235705565532678,1170,34780,256
full,Early,extensively,absolute,202312,0.9361093320862947,0.7523611873155033,0.18374814477079135,1.2442286336253234,964,33472,257
full,Early,coefficient,absolute,202302,1.5663987460567221,1.3828053371071272,0.1835934089495948,1.1327688026817122,1698,61520,258
full,Early,play,absolute,202404,3.7197906747428724,3.5366730000289963,0.18311767471387644,1.051776818131723,4115,157344,259
full,Early,verify,absolute,202302,0.8151543458935845,0.632646928124467,0.18250741776911755,1.2884822634169355,876,28146,260
full,Early,benefiting,absolute,202608,0.27072040597068303,0.08874049855167325,0.1819799074190098,3.050697374807328,279,3948,261
full,Early,abundant,absolute,202302,1.1764922319567102,0.9967571956114363,0.1797350363452738,1.1803197781130836,1244,44345,262
full,Early,commonly,absolute,202404,3.1724006206653437,2.9934633676839386,0.17893725298140511,1.0597759955619066,3519,133177,263
full,Early,endeavors,absolute,202405,0.2142826600906793,0.03549170395468391,0.1787909561359954,6.037542191952157,247,1579,264
full,Early,straightforward,absolute,202501,0.4033555126601514,0.22540266450764415,0.17795284815250728,1.7894886626172615,476,10028,265
full,Early,meticulously,absolute,202411,0.19205134111022323,0.01434053649340616,0.17771080461681707,13.39220057760944,221,638,266
full,Early,consumption,absolute,202301,1.9437702409516762,1.7665607909502679,0.17720945000140842,1.1003132475877515,2169,78593,267
full,Early,combat,absolute,202406,0.47481169561855424,0.2987012373994898,0.17611045821906446,1.5895873072113536,511,13289,268
full,Early,negatively,absolute,202302,1.8752381442232742,1.700207713005855,0.17503043121741904,1.1029464987592468,2031,75641,269
full,Early,combating,absolute,202506,0.2513866568752939,0.0781536761560709,0.173232980719223,3.2165685510849307,292,3477,270
full,Early,her,absolute,202403,0.8810116920503689,0.7099689430732399,0.171042748977129,1.2409158184254327,920,31586,271
full,Early,regulate,absolute,202608,1.5616989393672904,1.3907847892312013,0.17091415013608913,1.1228904367228283,1669,61875,272
full,Early,extracting,absolute,202507,0.3202658872193292,0.1506430651705456,0.1696228220487836,2.1259915739018633,445,6702,273
full,Early,because,absolute,202608,5.2883054574431325,5.119796301445269,0.16850915599786395,1.0329132539804944,6321,227776,274
full,Early,greatly,absolute,202301,1.1593431943703114,0.9929810041837055,0.1663621901866058,1.1675381396881466,1276,44177,275
full,Early,meet,absolute,202301,0.9011571327167985,0.7367843976761139,0.16437273504068461,1.2230947554795288,1012,32779,276
full,Early,harmful,absolute,202408,0.637660995419566,0.4733500909320383,0.16431090448752772,1.3471234243643968,729,21059,277
full,Early,interest,absolute,202304,2.8519434242857375,2.6879514993165774,0.16399192496916043,1.0610100014865804,2901,119585,278
full,Early,considerable,absolute,202406,1.37184626596118,1.208268870224214,0.16357739573696628,1.1353816189161705,1490,53755,279
full,Early,suitable,absolute,202302,2.0374591356083807,1.8741372919807402,0.16332184362764027,1.0871450796729136,2164,83379,280
full,Early,realize,absolute,202302,0.4414402154874212,0.27919091502288085,0.16224930046454034,1.58114104626665,459,12421,281
full,Early,publications,absolute,202508,0.7445632396468683,0.583421575584405,0.16114166406246333,1.2762010710712062,938,25956,282
full,Early,namely,absolute,202310,1.340291002791219,1.1800598211658675,0.1602311816253515,1.1357822533666533,1419,52500,283
full,Early,values,absolute,202412,5.386639301691432,5.226923255877204,0.15971604581422744,1.0305564168432435,6224,232542,284
full,Early,lastly,absolute,202309,0.4446113386483794,0.2850799754637467,0.15953136318463268,1.5596021359449013,475,12683,285
full,Early,prominent,absolute,202401,0.8827283718347136,0.7239048876279608,0.15882348420675294,1.2193982758248452,1007,32206,286
full,Early,unveil,absolute,202405,0.24545697566906222,0.08671753885824604,0.15873943681081618,2.830534386709264,275,3858,287
full,Early,obstacles,absolute,202409,0.35430744784451773,0.19571011167411834,0.1585973361703994,1.8103686355995938,389,8707,288
full,Early,instances,absolute,202407,0.35287486137629737,0.19537295172521374,0.15750190965108363,1.8061602604674027,419,8692,289
full,Early,adding,absolute,202301,0.7677352309278918,0.6115856699828972,0.15614956094499458,1.255319195018682,860,27209,290
full,Early,gaining,absolute,202407,0.41730820988740885,0.26120905108130565,0.1560991588061032,1.5976024114015666,492,11621,291
full,Early,pave,absolute,202401,0.32688425049584113,0.17111991273401428,0.15576433776182688,1.9102642426188245,359,7613,292
full,Early,speed,absolute,202502,1.2517594774110492,1.0968937004360828,0.15486577697496634,1.1411857656885054,1431,48800,293
full,Early,helps,absolute,202311,0.6135490350728628,0.45891964511892425,0.15462938995393855,1.336942189332226,672,20417,294
full,Early,ideas,absolute,202309,0.373130606478952,0.21926635343758166,0.15386425304137036,1.7017230442753304,377,9755,295
full,Early,difficult,absolute,202302,2.185538102223182,2.032220353357113,0.15331774886606886,1.075443466852793,2312,90412,296
full,Early,gain,absolute,202401,1.5740905994173253,1.4216461632209294,0.15244443619639586,1.107230927174602,1831,63248,297
full,Early,transform,absolute,202506,0.8984490579958516,0.746090012265879,0.15235904572997266,1.2042100057970988,1041,33193,298
full,Early,thus,absolute,202301,7.508687834027531,7.356358061168455,0.152329772859075,1.0207072265368877,8313,327279,299
full,Early,noted,absolute,202410,1.34943659401543,1.197277455889926,0.15215913812550408,1.1270876164726626,1658,53266,300
full,Early,instrumental,absolute,202409,0.42789098038582385,0.2758193155338355,0.15207166485198836,1.5513452332287196,492,12271,301
full,Early,boost,absolute,202312,0.3787503420994327,0.22702103226238593,0.15172930983704674,1.6683491319063395,395,10100,302
full,Early,successful,absolute,202403,2.2890442098581687,2.1382009639627713,0.15084324589539727,1.0705468047380524,2528,95127,303
full,Early,paramount,absolute,202408,0.3447164557670177,0.19429403988871924,0.15042241587829847,1.7741998466059588,390,8644,304
full,Early,screen,absolute,202301,0.9851788198971168,0.8350777614467487,0.15010105845036803,1.179745007447357,1104,37152,305
full,Early,plans,absolute,202408,0.563024130101454,0.4135379159963739,0.1494862141050801,1.3614812773452938,660,18398,306
full,Early,helpful,absolute,202303,0.854279034503703,0.7061702743155822,0.1481087601881208,1.2097351950018957,1016,31417,307
full,Early,adopted,absolute,202302,1.0330283026557414,0.8854944124729403,0.1475338901828013,1.1666118815710875,1112,39395,308
full,Early,must,absolute,202304,1.8488235728188682,1.7021857180394284,0.14663785477943975,1.086146801271683,1877,75729,309
full,Early,decades,absolute,202302,1.450040451305598,1.3045167969714946,0.14552365433410341,1.1115536838405948,1511,58037,310
full,Early,ideal,absolute,202411,0.8981727451614532,0.7528556885738967,0.14531705658755653,1.193021131131817,1028,33494,311
full,Early,applying,absolute,202409,1.1302112552747596,0.9855185306479519,0.14469272462680777,1.146818877704589,1288,43845,312
full,Early,stakeholders,absolute,202310,0.5818062893198832,0.43797077362698905,0.14383551569289418,1.3284135023479808,638,19485,313
full,Early,obtaining,absolute,202309,0.6507915034141404,0.5075381097509579,0.1432533936631824,1.282251501731515,673,22580,314
full,Early,goals,absolute,202511,0.7826910536521171,0.6394575590923386,0.14323349455977846,1.223992182941879,1033,28449,315
full,Early,built,absolute,202302,0.7922427141658231,0.6495274028996204,0.14271531126620268,1.219721770981629,851,28897,316
full,Early,harnessing,absolute,202409,0.20183782116332144,0.06035163085391153,0.1414861903094099,3.3443639932762457,218,2685,317
full,Early,difficulties,absolute,202402,0.9010800979651642,0.7597112742016222,0.14136882376354198,1.1860823033225432,1019,33799,318
full,Early,learn,absolute,202311,0.5226709702823316,0.38164258483000507,0.14102838545232646,1.369530002830121,570,16979,319
full,Early,action,absolute,202302,2.335851913483829,2.1959002698853007,0.1399516435985279,1.0637331510532753,2480,97694,320
full,Early,provided,absolute,202301,4.222914861139537,4.083119367883537,0.13979549325600013,1.034237425032338,4698,181655,321
full,Early,direction,absolute,202308,1.058845244758995,0.9193227940130284,0.13952245074596667,1.1517665521344502,1101,40900,322
full,Early,behind,absolute,202409,0.6482557975959643,0.5088642722166491,0.1393915253793152,1.2739267285795401,727,22639,323
full,Early,project,absolute,202510,1.0473680005018948,0.908151561039325,0.13921643946256979,1.1532964820357132,1405,40403,324
full,Early,intricacies,absolute,202404,0.15337858587585587,0.014250627173698288,0.13912795870215758,10.762935834777819,167,634,325
full,Early,third,absolute,202304,2.1716722708687812,2.0325575133060174,0.13911475756276348,1.0684432084465296,2259,90427,326
full,Early,reaction,absolute,202411,4.16282511736677,4.023801694206266,0.13902342316050378,1.034550267067256,4554,179016,327
full,Early,seriously,absolute,202303,0.3138107394591333,0.17635713060699806,0.13745360885213523,1.7794048835963592,373,7846,328
full,Early,unveils,absolute,202407,0.1624303642519276,0.025017268208716394,0.13741309604321122,6.492729857504363,189,1113,329
full,Early,pioneering,absolute,202408,0.183620255450064,0.04659550493860655,0.13702475051145746,3.9407289542628403,202,2073,330
full,Early,consuming,absolute,202507,0.646023933671521,0.5094486827947503,0.13657525087677072,1.2680844125997965,911,22665,331
full,Early,probability,absolute,202608,1.2696555873418853,1.1332395429279916,0.1364160444138937,1.120377059965125,1570,50417,332
full,Early,proves,absolute,202406,0.2384132297821429,0.10224937383778157,0.13616385594436134,2.331684007770894,255,4549,333
full,Early,surface,absolute,202608,5.487881140222482,5.351807300951442,0.13607383927103991,1.0254257733171463,6032,238098,334
full,Early,respond,absolute,202504,0.9091459717386883,0.774254106664371,0.13489186507431722,1.1742216979067197,1049,34446,335
full,Early,instance,absolute,202412,0.3926671909961881,0.25792736091196816,0.13473983008421989,1.522394481949541,435,11475,336
full,Early,build,absolute,202303,0.6886583387340713,0.5546730706078118,0.13398526812625958,1.241557189678306,824,24677,337
full,Early,level,absolute,202608,11.430677184965797,11.296948679985084,0.13372850498071243,1.0118375774528958,13795,502593,338
full,Early,ease,absolute,202407,0.4512589785915819,0.3179418318169752,0.13331714677460674,1.4193130108508383,542,14145,339
full,Early,determining,absolute,202411,1.315473067944398,1.1831167380359353,0.13235632990846266,1.1118708962973378,1537,52636,340
full,Early,displaying,absolute,202402,0.35912071141142143,0.22679625896311625,0.1323244524483052,1.5834507723067206,400,10090,341
full,Early,comprehending,absolute,202406,0.14544717335394447,0.013329056646692563,0.1321181167072519,10.91203805409855,159,593,342
full,Early,gathered,absolute,202406,0.3942579055975958,0.26386137601268805,0.13039652958490777,1.4941857408438495,445,11739,343
full,Early,paves,absolute,202407,0.24414479461173072,0.11387015341002447,0.13027464120170623,2.1440631043379064,281,5066,344
full,Early,showcase,absolute,202407,0.1716533894374246,0.04138076439554976,0.13027262504187484,4.1481444807695445,194,1841,345
full,Early,varieties,absolute,202412,0.33478898393271334,0.20548775019234977,0.12930123374036354,1.629240592781464,378,9142,346
full,Early,sector,absolute,202411,0.49910063726027654,0.36981950928841945,0.12928112797185712,1.349578983057467,594,16453,347
full,Early,prepared,absolute,202301,2.2754151723568854,2.146270325406553,0.12914484695033224,1.0601717525614436,2465,95486,348
full,Early,contents,absolute,202301,0.9543394859058982,0.8264689440847197,0.12787054182117844,1.1547191128431205,1075,36769,349
full,Early,topics,absolute,202304,0.5029232407611974,0.37523654580081894,0.12768669496037852,1.340283206391513,515,16694,350
full,Early,counterparts,absolute,202406,0.5985019857600237,0.471349608568538,0.12715237719148567,1.269762348117017,658,20970,351
full,Early,collect,absolute,202304,0.5959000721485767,0.4692367395554028,0.12666333259317386,1.2699348152346002,631,20876,352
full,Early,operation,absolute,202302,1.3509448023984276,1.2243176837920695,0.12662711860635806,1.1034266843342138,1429,54469,353
full,Early,removing,absolute,202502,0.45132666889620776,0.3252694413731671,0.1260572275230407,1.3875470963115186,516,14471,354
full,Early,comprehend,absolute,202402,0.17083839161577413,0.044819795874376,0.12601859574139815,3.811672683530548,197,1994,355
full,Early,package,absolute,202304,0.4676868945115803,0.3419925748388319,0.1256943196727484,1.3675352300615982,489,15215,356
full,Early,train,absolute,202310,0.3901263969778653,0.2649627651791095,0.12516363179875578,1.472381965496728,421,11788,357
full,Early,degrees,absolute,202406,0.7098217633812482,0.584770215380023,0.12505154800122512,1.213847327911457,786,26016,358
full,Early,immense,absolute,202404,0.21966059324846385,0.09496671894144364,0.12469387430702021,2.3130270867197833,240,4225,359
full,Early,simulate,absolute,202501,0.48473793908021984,0.3601093027599689,0.12462863632025098,1.346085578364862,611,16021,360
full,Early,possibilities,absolute,202312,0.4208769865059901,0.2964984590666469,0.12437852743934315,1.4194913114586722,423,13191,361
full,Early,produce,absolute,202301,1.9452499186424856,1.820978406703459,0.12427151193902669,1.0682443632947833,2123,81014,362
full,Early,hot,absolute,202301,0.5603328546850911,0.43635240587224744,0.12398044881284359,1.2841291743654137,622,19413,363
full,Early,conjunction,absolute,202407,0.47436365975949796,0.35071377885049587,0.12364988090900206,1.3525663614194987,566,15603,364
full,Early,anticipated,absolute,202404,0.392672016878422,0.2690985938856717,0.12357342299275029,1.4592124440652086,441,11972,365
full,Early,showcases,absolute,202407,0.13986246509349531,0.01629606419705246,0.12356640089644284,8.582591686082878,161,725,366
full,Early,satisfactory,absolute,202306,0.7129371521008931,0.5894679773347596,0.12346917476613352,1.2094586635976246,774,26225,367
full,Early,classify,absolute,202507,0.47979930337571103,0.3573895458388056,0.1224097575369054,1.3425107392260327,682,15900,368
full,Early,hence,absolute,202301,1.6616434173471446,1.5393149853886117,0.12232843195853285,1.0794693958804344,1845,68483,369
full,Early,conducive,absolute,202404,0.23753762409859497,0.11533117985527744,0.12220644424331753,2.059613232056305,264,5131,370
full,Early,excel,absolute,202506,0.19284574771157525,0.0715003864976881,0.12134536121388717,2.6971287451405703,241,3181,371
full,Early,references,absolute,202608,0.3634096945429812,0.2421257979733091,0.12128389656967213,1.5009127386873575,421,10772,372
full,Early,originating,absolute,202405,0.4119177556673072,0.2906768306155619,0.12124092505174533,1.4170986892728783,466,12932,373
full,Early,extremely,absolute,202301,1.20019329101087,1.0789567911543614,0.12123649985650836,1.1123645551429349,1296,48002,374
full,Early,customized,absolute,202501,0.27662882242248793,0.15543073644499,0.1211980859774979,1.77975623579698,338,6915,375
full,Early,emotions,absolute,202409,0.3824537689007448,0.26188337097911474,0.12057039792163003,1.4603973038488403,437,11651,376
full,Early,journey,absolute,202408,0.20798519834603346,0.08768406404510572,0.12030113430092776,2.371984015693472,234,3901,377
full,Early,perform,absolute,202302,1.7034629134295882,1.5838875306337912,0.11957538279579703,1.0754948697322904,1827,70466,378
full,Early,added,absolute,202301,1.2649317736867183,1.1456020743878244,0.11932969929889392,1.1041633058866973,1415,50967,379
full,Early,concludes,absolute,202411,0.24121364687055027,0.12214181082314905,0.11907183604740124,1.9748654882790884,276,5434,380
full,Early,detrimental,absolute,202405,0.5762808986416593,0.45806550658169937,0.11821539205996001,1.258075297880731,679,20379,381
full,Early,heavy,absolute,202307,0.9231947379224232,0.8051829126438802,0.11801182527854306,1.14656523806627,971,35822,382
full,Early,tackle,absolute,202411,0.2926649723303611,0.17467133086247538,0.11799364146788571,1.6755180766372364,336,7771,383
full,Early,original,absolute,202304,1.2294701483144872,1.1115938742083205,0.11787627410616668,1.1060425725988445,1261,49454,384
full,Early,encountered,absolute,202404,0.6190186712968785,0.5016040946502381,0.1174145766466404,1.2340781861609642,674,22316,385
full,Early,discernible,absolute,202405,0.14984184615397586,0.03409810949921183,0.11574373665476405,4.394432663706456,178,1517,386
full,Early,augmenting,absolute,202406,0.18697062228174832,0.07138799984805325,0.11558262243369509,2.619076352884357,205,3176,387
full,Early,manifests,absolute,202407,0.23191133057119936,0.1166123876611147,0.11529894291008468,1.9887366618815232,269,5188,388
full,Early,organizations,absolute,202311,0.5180365869193359,0.4029735709306987,0.11506301598863712,1.2855348943179825,579,17928,389
full,Early,pertinent,absolute,202406,0.28022327591178864,0.16538819360263723,0.11483508230915138,1.6943366379891354,306,7358,390
full,Early,assistance,absolute,202505,0.44047064270571895,0.3264382625293694,0.11403238017634953,1.3493229601603156,567,14523,391
full,Early,deemed,absolute,202411,0.37351518447379967,0.26057968584335056,0.11293549863044908,1.4334010084667195,456,11593,392
full,Early,ways,absolute,202304,1.033232656728057,0.9206939111385734,0.1125387455894836,1.1222325294302347,1052,40961,393
full,Early,consider,absolute,202304,1.59448861955193,1.481997794074841,0.11249082547708911,1.0759048535205906,1628,65933,394
full,Early,performances,absolute,202301,0.5977973009013294,0.48562271307216337,0.11217458782916612,1.2309912300426051,656,21605,395
full,Early,adhering,absolute,202409,0.1749642158420284,0.06282413714587809,0.11214007869615032,2.7849839853074347,203,2795,396
full,Early,renowned,absolute,202502,0.13161281869259653,0.020364460913833836,0.1112483577787627,6.462867799421604,147,906,397
full,Early,leads,absolute,202309,2.1840581651289135,2.0728593658650727,0.11119879926384073,1.053645124746528,2234,92220,398
full,Early,supply,absolute,202301,0.7981127348366581,0.6872218851871473,0.11089084964951076,1.1613610567994535,894,30574,399
full,Early,efficiently,absolute,202310,1.0608395138125537,0.950184168002757,0.11065534580979672,1.1164567349531713,1089,42273,400
full,Early,set,absolute,202304,3.3212667852465385,3.2107966707478006,0.11047011449873759,1.0344058269105558,3443,142846,401
full,Early,proven,absolute,202304,1.0481023294577196,0.9377766818830701,0.11032564757464963,1.1176459702038166,1071,41721,402
full,Early,changed,absolute,202302,1.2041643943522078,1.0938592608959419,0.11030513345626577,1.100840334218059,1288,48665,403
full,Early,phenomenon,absolute,202309,1.0363242399181156,0.926043515661192,0.11028072425692345,1.1190880583815581,1056,41199,404
full,Early,impeding,absolute,202406,0.16133898100834673,0.051338221553196985,0.11000075945514975,3.142667901753595,174,2284,405
full,Early,undergo,absolute,202402,1.0115271165715938,0.9026446152072172,0.10888250136437666,1.1206261019342378,1126,40158,406
full,Early,aspect,absolute,202406,0.6714063895965648,0.562540136082251,0.10886625351431388,1.193526197566099,730,25027,407
full,Early,popular,absolute,202305,0.6738047139755131,0.5653498023231219,0.10845491165239127,1.1918368259911492,736,25152,408
full,Early,possess,absolute,202311,0.7279653217291597,0.6198348500660946,0.10813047166306515,1.174450455071274,781,27576,409
full,Early,reach,absolute,202307,1.0830078818951814,0.9749541855822768,0.1080536963129047,1.1108295116948201,1151,43375,410
full,Early,abilities,absolute,202405,0.6824965621330832,0.5744531209435444,0.10804344118953875,1.1880805191067225,805,25557,411
full,Early,groundbreaking,absolute,202408,0.11968259717080641,0.012115280830636241,0.10756731634017018,9.878648200061674,130,539,412
full,Early,subjected,absolute,202402,1.1667338674263463,1.0595813327573143,0.10715253466903207,1.1011272389918314,1343,47140,413
full,Early,habits,absolute,202411,0.4406998056654289,0.33399064538483103,0.10670916028059783,1.319497452264405,528,14859,414
full,Early,assist,absolute,202402,0.8470197617038201,0.7407853624031142,0.1062343993007058,1.1434078002784511,964,32957,415
full,Early,popularity,absolute,202407,0.30901818723616337,0.20310515322009104,0.10591303401607235,1.521468964902637,365,9036,416
full,Early,intriguing,absolute,202403,0.2720969129514682,0.16639967344935083,0.10569723950211737,1.6352010031695752,289,7403,417
full,Early,record,absolute,202305,1.18342236438228,1.0777654926682323,0.1056568717140478,1.0980332664506378,1315,47949,418
full,Early,prepare,absolute,202303,0.5666531181589568,0.4616618793700144,0.10499123878894237,1.2274202040077768,660,20539,419
full,Early,surrounding,absolute,202405,0.9093153713425018,0.8043737287665094,0.10494164257599248,1.1304637866988998,1061,35786,420
full,Early,automatic,absolute,202307,0.49673716130050727,0.3918697699467759,0.10486739135373135,1.2676077600167386,521,17434,421
full,Early,involve,absolute,202501,0.7436068888647499,0.6388281938543833,0.1047786950103666,1.1640170174365383,925,28421,422
full,Early,becoming,absolute,202305,0.7076846778811511,0.6030442846106487,0.1046403932705024,1.173520247087762,771,26829,423
full,Early,showcased,absolute,202405,0.11950876485926024,0.015104765710923104,0.10440399914833715,7.911990635699616,135,672,424
full,Early,element,absolute,202301,1.0407807150306554,0.9366752927166482,0.1041054223140072,1.1111435554279105,1153,41672,425
full,Early,noticeable,absolute,202405,0.23650439218249317,0.1324364279297008,0.10406796425279237,1.7857956143911793,278,5892,426
full,Early,helping,absolute,202505,0.3332185210955957,0.22920133326530193,0.10401718783029376,1.4538245321195111,431,10197,427
full,Early,concerning,absolute,202403,1.0325043906682592,0.92887565923199,0.10362873143626924,1.111563620390216,1172,41325,428
full,Early,aids,absolute,202412,0.43384364026291566,0.3306640005556396,0.10317963970727607,1.3120377166365118,494,14711,429
full,Early,raw,absolute,202606,0.6932092568747373,0.5902322065522765,0.10297705032246088,1.1744687077040081,973,26259,430
full,Early,layers,absolute,202608,0.8891324153019124,0.7862120461855184,0.10292036911639396,1.1309066295991455,955,34978,431
full,Early,discussing,absolute,202409,0.31062604920809367,0.20771300585511968,0.10291304335297399,1.4954578695219312,340,9241,432
full,Early,pursuit,absolute,202406,0.18496779911985534,0.08300877942029618,0.10195901969955916,2.2282920000945046,194,3693,433
full,Early,intricately,absolute,202406,0.11588458160350507,0.014205672513844352,0.10167890908966072,8.15762727815723,125,632,434
full,Early,prone,absolute,202411,0.5832599400329278,0.4818015669845785,0.10145837304834934,1.2105812434013874,683,21435,435
full,Early,called,absolute,202305,1.3489467331731904,1.248503290793488,0.10044344237970237,1.0804510834055274,1472,55545,436
full,Early,promptly,absolute,202409,0.19225926876754634,0.09262907662903888,0.09963019213850746,2.0755822660038667,213,4121,437
full,Early,unraveling,absolute,202408,0.14282087804533217,0.043740884037881504,0.09907999400745066,3.265157556524077,156,1946,438
full,Early,revolutionizing,absolute,202502,0.11297441465588928,0.015531834979535518,0.09744257967635377,7.273732614642278,123,691,439
full,Early,discern,absolute,202406,0.16310344758120024,0.06606087265536163,0.0970425749258386,2.4689871784181228,181,2939,440
full,Early,hesitancy,absolute,202302,0.14129227435214747,0.044460158595544495,0.09683211575660297,3.1779525493259677,152,1978,441
full,Early,delved,absolute,202405,0.09683031113001314,0.0023376423124047666,0.09449266881760837,41.42221015429961,114,104,442
full,Early,amidst,absolute,202408,0.1223925718699932,0.030007235452503493,0.0923853364174897,4.078768671100024,138,1335,443
full,Early,friendliness,absolute,202409,0.12262138338783152,0.03394076818972306,0.08868061519810846,3.6128051876256624,136,1510,444
full,Early,inspire,absolute,202501,0.157374142277854,0.07192745576630051,0.0854466865115535,2.187956470880582,185,3200,445
full,Early,stemming,absolute,202405,0.13574004285748434,0.05363090920574782,0.08210913365173653,2.531003946562528,156,2386,446
full,Early,pinpoint,absolute,202409,0.12884384151366202,0.048528555312325874,0.08031528620133614,2.6550108628710136,151,2159,447
full,Early,swift,absolute,202412,0.10746291657071144,0.028186571728419013,0.07927634484229243,3.8125571852486884,116,1254,448
full,Early,inspiration,absolute,202407,0.14669351671877848,0.06884806156630577,0.07784545515247271,2.1306847771959676,168,3063,449
full,Early,expedite,absolute,202410,0.12822904554938974,0.05106849359407336,0.07716055195531638,2.510922812187103,151,2272,450
full,Early,bolster,absolute,202408,0.10190280660346497,0.026860409262727848,0.07504239734073713,3.7937920307442137,116,1195,451
full,Early,akin,absolute,202408,0.11775828008819472,0.04407804398678603,0.0736802361014087,2.6715858835182655,128,1961,452
full,Early,unveiling,absolute,202403,0.10008863148688658,0.027242523871486322,0.07284610761540027,3.673985272401483,106,1212,453
full,Early,substantiated,absolute,202404,0.1198785380562935,0.047179915516707735,0.07269862253958578,2.5408807273900513,134,2099,454
full,Early,delving,absolute,202404,0.07539092067076157,0.002989484880286864,0.07240143579047471,25.218699438121003,81,133,455
full,Early,noting,absolute,202406,0.12484781045420928,0.056058460837860445,0.06878934961634883,2.22710021981,136,2494,456
full,Early,burgeoning,absolute,202404,0.10164864151957832,0.03367104023059943,0.06797760128897888,3.0188744043376032,109,1498,457
full,Early,formulating,absolute,202406,0.1301079945429539,0.0624644998670466,0.0676434946759073,2.082911010572149,143,2779,458
full,Early,nuances,absolute,202408,0.10508397712057711,0.0401220339196395,0.06496194320093761,2.619108924812985,117,1785,459
full,Early,revolutionary,absolute,202401,0.09415264281273968,0.03077146467002044,0.06338117814271924,3.059738748947797,101,1369,460
full,Early,impedes,absolute,202501,0.12389860166680476,0.06059888148310817,0.06329972018369659,2.0445691180181482,152,2696,461
full,Early,bolstering,absolute,202405,0.06972730011287406,0.009710206528450569,0.06001709358442349,7.1808256506775106,80,432,462
full,Early,signifying,absolute,202404,0.08945748097629219,0.029490256864183207,0.05996722411210899,3.033458860269914,99,1312,463
full,Early,scrutinize,absolute,202405,0.07836462165166466,0.019375458397047195,0.058989163254617456,4.044529943281618,93,862,464
full,Early,commendable,absolute,202403,0.061946922737349024,0.004900057924079222,0.0570468648132698,12.642079685004862,69,218,465
full,Early,sparked,absolute,202411,0.07846471150011278,0.024432857630615198,0.05403185386949757,3.211442258878218,87,1087,466
full,Early,endeavor,absolute,202401,0.09537295705326787,0.04320142811963425,0.052171528933633624,2.207634358502205,107,1922,467
full,Early,embracing,absolute,202404,0.07411134019771505,0.022275033957626186,0.05183630624008887,3.327103354306759,80,991,468
full,Early,crafted,absolute,202407,0.06800710556720728,0.016341018856906395,0.051666086710300894,4.161742065334233,80,727,469
full,Early,devising,absolute,202406,0.08215673824115369,0.03119853393863285,0.05095820430252085,2.6333525287680195,87,1388,470
full,Early,signifies,absolute,202408,0.0741266067161743,0.024073220351783702,0.0500533863643906,3.079214398113624,83,1071,471
full,Early,necessitated,absolute,202503,0.09806114042279865,0.04803405405393255,0.050027086368866096,2.0414920696199363,118,2137,472
full,Early,encountering,absolute,202403,0.08987381573264062,0.04075139915759463,0.049122416575045985,2.205416687291614,98,1813,473
full,Early,strides,absolute,202405,0.07710950869366794,0.028523731677323538,0.0485857770163444,2.703345746130765,85,1269,474
full,Early,dependable,absolute,202404,0.05784416758755243,0.009822593178085414,0.04802157440946702,5.888889679011141,65,437,475
full,Early,repercussions,absolute,202403,0.09201004345122478,0.0443927266057636,0.04761731684546118,2.0726378054750736,104,1975,476
full,Early,endows,absolute,202608,0.08984971214528223,0.04234728958240942,0.04750242256287281,2.121734661918121,93,1884,477
full,Early,discerning,absolute,202407,0.06504439144402493,0.01795938661164816,0.04708500483237677,3.621749052489255,77,799,478
full,Early,stood,absolute,202403,0.0771108002333001,0.030591646030604686,0.04651915420269541,2.52064894305316,87,1361,479
full,Early,illuminates,absolute,202404,0.06908116678745982,0.02267962589631163,0.046401540891148195,3.0459570675147,75,1009,480
full,Early,underlining,absolute,202403,0.08871990569514619,0.04313399612985333,0.045585909565292855,2.0568441057039584,98,1919,481
full,Early,pinpointing,absolute,202406,0.057719916831843084,0.01240748611968684,0.04531243071215624,4.652023486067773,63,552,482
full,Early,group's,absolute,202408,0.0900130948442423,0.04499961451379175,0.04501348033045056,2.0003081318986533,107,2002,483
full,Early,expansive,absolute,202405,0.0750098128487244,0.030052190112357442,0.04495762273636697,2.495984903871629,86,1337,484
full,Early,segmenting,absolute,202410,0.0680182453515282,0.024545244280250046,0.04347300107127816,2.771137438068117,81,1092,485
full,Early,scrutinized,absolute,202403,0.08274653921550985,0.039582578001392255,0.0431639612141176,2.0904787761069876,96,1761,486
full,Early,insightful,absolute,202402,0.07175862093952651,0.029872371472941684,0.04188624946658483,2.4021735604260708,77,1329,487
full,Early,affirm,absolute,202402,0.06393732888610949,0.02216264730799134,0.04177468157811815,2.884913882244345,71,986,488
full,Early,crafting,absolute,202405,0.049670917395435464,0.00881111333137181,0.04085980406406365,5.637303201921493,56,392,489
full,Early,swiftly,absolute,202409,0.05553313566684303,0.015262107020411888,0.04027102864643114,3.6386283750056103,62,679,490
full,Early,unparalleled,absolute,202409,0.06327848841788493,0.025354428157620932,0.037924060260264,2.4957568762545703,68,1128,491
full,Early,boasts,absolute,202409,0.0393550984984646,0.0027422342510902064,0.0366128642473744,14.351472155531038,43,122,492
full,Early,expediting,absolute,202406,0.05093747189919535,0.01440796848318707,0.036529503416008274,3.5353680818107867,54,641,493
full,Early,discerned,absolute,202311,0.053840983187618145,0.018476365199968443,0.035364617987649706,2.9140462750601026,59,822,494
full,Early,spurred,absolute,202408,0.061041012026146736,0.025781497426233344,0.035259514599913395,2.3676286530989437,69,1147,495
full,Early,hesitant,absolute,202302,0.05683824863699992,0.02164566871967106,0.03519257991732886,2.625848587682888,62,963,496
full,Early,realizes,absolute,202305,0.05917768618077312,0.0240057883620028,0.03517189781877032,2.4651423768461456,62,1068,497
full,Early,illuminating,absolute,202405,0.06424378627056568,0.029849894143014716,0.034393892127550965,2.1522282780222057,70,1328,498
full,Early,inquiries,absolute,202406,0.04913656593016248,0.015329539010192796,0.03380702691996968,3.2053518307035183,54,682,499
full,Early,impressively,absolute,202401,0.054493530021345445,0.021623191389744095,0.032870338631601353,2.5201427966452625,60,962,500
full,Early,sustainably,absolute,202407,0.06222845267207601,0.029535211524037142,0.032693241148038864,2.1069242257307543,73,1314,501
full,Early,solves,absolute,202303,0.058222959557535606,0.02553424679703668,0.03268871276049892,2.2801909929175017,68,1136,502
full,Early,furnish,absolute,202406,0.05337710478040003,0.02112869013135077,0.03224841464904926,2.5262855599930933,55,940,503
full,Early,myths,absolute,202501,0.05153187907773378,0.01935298106712023,0.03217889801061354,2.662735983619801,50,861,504
full,Early,realms,absolute,202408,0.044370972496425486,0.012295099470051992,0.03207587302637349,3.608833958969008,49,547,505
full,Early,gauged,absolute,202405,0.043693925879957504,0.011800598211658677,0.03189332766829883,3.7026873634922226,51,525,506
full,Early,contentious,absolute,202407,0.05878294121061522,0.026972795912362693,0.031810145298252525,2.179341785760989,69,1200,507
full,Early,disagree,absolute,202503,0.06261533440150333,0.03095128330943618,0.03166405109206715,2.0230286988589476,72,1377,508
full,Early,garnering,absolute,202410,0.037282150843181476,0.006361084369332201,0.030921066473849273,5.8609741167598175,43,283,509
full,Early,affirmed,absolute,202403,0.059835535637902705,0.02897327827586292,0.030862257362039784,2.0651972851739924,67,1289,510
full,Early,propel,absolute,202402,0.04493664778881832,0.015531834979535517,0.0294048128092828,2.893196318916991,47,691,511
full,Early,researching,absolute,202305,0.05445781016476219,0.0253769054875479,0.029080904677214296,2.145959450867006,59,1129,512
full,Early,forthcoming,absolute,202311,0.057099761249459494,0.028051707748857197,0.029048053500602296,2.035518185226555,60,1248,513
full,Early,hinting,absolute,202403,0.04317978298042258,0.014138240524063444,0.029041542456359135,3.0541129150356516,47,629,514
full,Early,acknowledges,absolute,202406,0.041930379778912265,0.013261624656911655,0.028668755122000605,3.161783029129776,46,590,515
full,Early,unravelling,absolute,202405,0.048268772295594,0.01982500499558658,0.02844376730000743,2.434741999123811,55,882,516
full,Early,scrutinizing,absolute,202402,0.03475776378362705,0.0065858576686018905,0.028171906115025163,5.277636646982954,38,293,517
full,Early,leap,absolute,202407,0.044917241446744055,0.016745610795591837,0.028171630651152215,2.6823292380931365,52,745,518
full,Early,attributing,absolute,202404,0.05419819474764833,0.026141134705064843,0.028057060042583487,2.073291590404736,60,1163,519
full,Early,signify,absolute,202406,0.0514675071463993,0.023781015062733106,0.02768649208366619,2.1642266745397802,55,1058,520
full,Early,forbidden,absolute,202501,0.04967571844108923,0.022140169978064374,0.027535548463024855,2.243691827583348,59,985,521
full,Early,nurturing,absolute,202411,0.0445056197408112,0.01701533875471546,0.027490280986095735,2.6156176131654947,52,757,522
full,Early,customizing,absolute,202405,0.03459023338486144,0.007372564216045802,0.027217669168815642,4.691750708604008,41,328,523
full,Early,verifies,absolute,202608,0.05115630129990376,0.024073220351783702,0.02708308094812006,2.1250294124488973,57,1071,524
full,Early,urging,absolute,202409,0.03465722760285897,0.007664769505096397,0.026992458097762576,4.521626851246468,38,341,525
full,Early,waning,absolute,202302,0.0441817842107634,0.017217634724058187,0.02696414948670521,2.566077450175443,47,766,526
full,Early,cater,absolute,202410,0.03911933655462063,0.012295099470051996,0.026824237084568638,3.181701510419354,46,547,527
full,Early,amalgamation,absolute,202403,0.03674136599711899,0.009979934487574196,0.02676143150954479,3.6815237657987514,41,444,528
full,Early,thriving,absolute,202409,0.046619618023244644,0.020072255624783236,0.02654736239846141,2.322589891974241,52,893,529
full,Early,holistically,absolute,202401,0.044436724876568884,0.01811672792113694,0.026319996955431947,2.452800807629516,50,806,530
full,Early,interconnection,absolute,202404,0.05129274568794911,0.024994790878789426,0.026297954809159682,2.0521374208205967,56,1112,531
full,Early,inspiring,absolute,202407,0.04811917150507421,0.022409897937188002,0.025709273567886208,2.147228498761838,55,997,532
full,Early,grappling,absolute,202402,0.030681786411013386,0.005214740543056786,0.0254670458679566,5.883664998801317,34,232,533
full,Early,hoping,absolute,202308,0.04051333776071248,0.015127243040850075,0.025386094719862407,2.678170612537196,41,673,534
full,Early,annotating,absolute,202407,0.038740311708160564,0.013756125915304973,0.02498418579285559,2.816222528543327,45,612,535
full,Early,curbing,absolute,202407,0.04345385723464498,0.018521319859822378,0.0249325373748226,2.34615338234657,51,824,536
full,Early,oppression,absolute,202410,0.03805721355748983,0.013216669997057718,0.024840543560432117,2.879485798310928,42,588,537
full,Early,supreme,absolute,202312,0.04024305707598561,0.015554312309462486,0.02468874476652313,2.587260450692101,40,692,538
full,Early,opting,absolute,202407,0.03918233411003862,0.014767605762018573,0.024414728348020047,2.653262467963041,47,657,539
full,Early,adept,absolute,202406,0.033956131263023284,0.010609299725529327,0.023346831537493958,3.2006006184662787,37,472,540
full,Early,harmonious,absolute,202403,0.03426756690727986,0.011598302242315957,0.02266926466496391,2.954533016242323,38,516,541
full,Early,specifics,absolute,202312,0.04500340509432465,0.022477329926968905,0.022526075167355747,2.002168640160785,47,1000,542
full,Early,propelling,absolute,202407,0.030603128228578098,0.008339089402905465,0.022264038825672634,3.6698405245440235,36,371,543
full,Early,guaranteeing,absolute,202307,0.04394208114852895,0.02180301002915984,0.022139071119369105,2.015413518122489,45,970,544
full,Early,endeavours,absolute,202407,0.0314880953340119,0.009912502497793288,0.021575592836218613,3.176604025171419,36,441,545
full,Early,awards,absolute,202410,0.03856338360372996,0.016992861424788498,0.021570522178941468,2.2693872820898346,50,756,546
full,Early,digitization,absolute,202606,0.03512446022218739,0.013890989894866786,0.021233470327320602,2.528578631762386,44,618,547
full,Early,averting,absolute,202406,0.031877704263029105,0.011036368994141734,0.020841335268887373,2.888423201503163,36,491,548
full,Early,capitalizing,absolute,202404,0.03504018218760624,0.014385491153260101,0.02065469103434614,2.435800197177507,37,640,549
full,Early,bolstered,absolute,202409,0.028666382566826347,0.00820422542334365,0.020462157143482696,3.4940998190104944,33,365,550
full,Early,customize,absolute,202407,0.03746789342180402,0.017330021373693025,0.02013787204811099,2.1620223434161643,43,771,551
full,Early,reusing,absolute,202412,0.035201923295565624,0.0153969709999737,0.019804952295591923,2.2862888613368013,40,685,552
full,Early,countering,absolute,202403,0.033983012181855905,0.01418319518391738,0.019799816997938525,2.396005395201072,37,631,553
full,Early,diversifying,absolute,202311,0.03826320690752052,0.018701138499238133,0.019562068408282385,2.0460362297770978,41,832,554
full,Early,irreplaceable,absolute,202311,0.03271995068821335,0.013351533976619534,0.019368416711593818,2.4506510447047294,35,594,555
full,Early,specializing,absolute,202502,0.03451060606764729,0.015464402989754608,0.01904620307789268,2.2316158011732536,41,688,556
full,Early,deviating,absolute,202503,0.033149598187028714,0.014250627173698285,0.018898971013330428,2.3261852115681876,40,634,557
full,Early,reevaluation,absolute,202402,0.03650091279167946,0.01762222666274363,0.018878686128935836,2.0712996995350523,40,784,558
full,Early,remediating,absolute,202406,0.029733814289927094,0.011440960932827173,0.01829285335709992,2.5988913400283398,34,509,559
full,Early,rectify,absolute,202411,0.030326998612454834,0.01274464606859137,0.017582352543863464,2.379587353719803,35,567,560
full,Early,sentiments,absolute,202507,0.027972839002193058,0.010564345065675383,0.017408493936517676,2.6478535894363784,41,470,561
full,Early,learnings,absolute,202302,0.030576544935537117,0.013441443296327403,0.017135101639209713,2.2747962597060933,33,598,562
full,Early,popularization,absolute,202312,0.0279019845771769,0.010789118364945078,0.017112866212231823,2.5861227612288724,29,480,563
full,Early,endangers,absolute,202308,0.025314207754643013,0.009732683858377538,0.015581523896265477,2.60094832247669,27,433,564
full,Early,utilises,absolute,202412,0.028306267516104024,0.013711171255451033,0.01459509626065299,2.0644675052724284,32,610,565
full,Early,pioneered,absolute,202502,0.028187272975187194,0.013711171255451036,0.01447610171973616,2.0557888491095184,32,610,566
full,Early,project's,absolute,202504,0.02681038066313826,0.012407486119686837,0.014402894543451424,2.1608229422556833,34,552,567
full,Early,delves,relative,202404,0.46256976940162764,0.004270692686124092,0.45829907671550363,108.31258613024606,493,190,1
full,Early,delved,relative,202405,0.09683031113001314,0.0023376423124047666,0.09449266881760837,41.42221015429961,114,104,2
full,Early,showcasing,relative,202408,0.282924451611551,0.01112627831384961,0.2717981732977014,25.42848952999642,308,495,3
full,Early,delving,relative,202404,0.07539092067076157,0.002989484880286864,0.07240143579047471,25.218699438121003,81,133,4
full,Early,delve,relative,202405,0.23248952323546498,0.012519872769321682,0.2199696504661433,18.569639445949505,263,557,5
full,Early,boasts,relative,202409,0.0393550984984646,0.0027422342510902064,0.0366128642473744,14.351472155531038,43,122,6
full,Early,meticulously,relative,202411,0.19205134111022323,0.01434053649340616,0.17771080461681707,13.39220057760944,221,638,7
full,Early,commendable,relative,202403,0.061946922737349024,0.004900057924079222,0.0570468648132698,12.642079685004862,69,218,8
full,Early,comprehending,relative,202406,0.14544717335394447,0.013329056646692563,0.1321181167072519,10.91203805409855,159,593,9
full,Early,intricacies,relative,202404,0.15337858587585587,0.014250627173698288,0.13912795870215758,10.762935834777819,167,634,10
full,Early,groundbreaking,relative,202408,0.11968259717080641,0.012115280830636241,0.10756731634017018,9.878648200061674,130,539,11
full,Early,intricate,relative,202406,1.1802089335485164,0.12468174910489654,1.0555271844436198,9.46577139013016,1247,5547,12
full,Early,notice,relative,202504,0.2738934673871036,0.02922052890505958,0.24467293848204397,9.373323401400805,269,1300,13
full,Early,showcases,relative,202407,0.13986246509349531,0.01629606419705246,0.12356640089644284,8.582591686082878,161,725,14
full,Early,intricately,relative,202406,0.11588458160350507,0.014205672513844352,0.10167890908966072,8.15762727815723,125,632,15
full,Early,showcased,relative,202405,0.11950876485926024,0.015104765710923104,0.10440399914833715,7.911990635699616,135,672,16
full,Early,revolutionizing,relative,202502,0.11297441465588928,0.015531834979535518,0.09744257967635377,7.273732614642278,123,691,17
full,Early,bolstering,relative,202405,0.06972730011287406,0.009710206528450569,0.06001709358442349,7.1808256506775106,80,432,18
full,Early,parties,relative,202504,0.3608486560114594,0.052507042709399376,0.30834161330206,6.872385824670778,360,2336,19
full,Early,encompassed,relative,202403,0.3510760659908353,0.05214740543056786,0.2989286605602674,6.732378401036245,415,2320,20
full,Early,unveils,relative,202407,0.1624303642519276,0.025017268208716394,0.13741309604321122,6.492729857504363,189,1113,21
full,Early,renowned,relative,202502,0.13161281869259653,0.020364460913833836,0.1112483577787627,6.462867799421604,147,906,22
full,Early,endeavors,relative,202405,0.2142826600906793,0.03549170395468391,0.1787909561359954,6.037542191952157,247,1579,23
full,Early,realm,relative,202404,0.2846378891283173,0.047404688815977425,0.23723320031233985,6.004424799269688,311,2109,24
full,Early,aiding,relative,202411,0.35170827120322734,0.05873326309916974,0.2929750081040576,5.988229712511905,406,2613,25
full,Early,dependable,relative,202404,0.05784416758755243,0.009822593178085414,0.04802157440946702,5.888889679011141,65,437,26
full,Early,grappling,relative,202402,0.030681786411013386,0.005214740543056786,0.0254670458679566,5.883664998801317,34,232,27
full,Early,garnering,relative,202410,0.037282150843181476,0.006361084369332201,0.030921066473849273,5.8609741167598175,43,283,28
full,Early,crafting,relative,202405,0.049670917395435464,0.00881111333137181,0.04085980406406365,5.637303201921493,56,392,29
full,Early,scrutinizing,relative,202402,0.03475776378362705,0.0065858576686018905,0.028171906115025163,5.277636646982954,38,293,30
full,Early,unveiled,relative,202405,0.37085693912218526,0.07667017238089094,0.2941867667412943,4.83704324127249,429,3411,31
full,Early,customizing,relative,202405,0.03459023338486144,0.007372564216045802,0.027217669168815642,4.691750708604008,41,328,32
full,Early,pinpointing,relative,202406,0.057719916831843084,0.01240748611968684,0.04531243071215624,4.652023486067773,63,552,33
full,Early,urging,relative,202409,0.03465722760285897,0.007664769505096397,0.026992458097762576,4.521626851246468,38,341,34
full,Early,stands,relative,202406,0.4228778940428003,0.09539378821005605,0.32748410583274423,4.432970971984338,455,4244,35
full,Early,discernible,relative,202405,0.14984184615397586,0.03409810949921183,0.11574373665476405,4.394432663706456,178,1517,36
full,Early,crafted,relative,202407,0.06800710556720728,0.016341018856906395,0.051666086710300894,4.161742065334233,80,727,37
full,Early,showcase,relative,202407,0.1716533894374246,0.04138076439554976,0.13027262504187484,4.1481444807695445,194,1841,38
full,Early,amidst,relative,202408,0.1223925718699932,0.030007235452503493,0.0923853364174897,4.078768671100024,138,1335,39
full,Early,scrutinize,relative,202405,0.07836462165166466,0.019375458397047195,0.058989163254617456,4.044529943281618,93,862,40
full,Early,holds,relative,202406,1.1698089535947567,0.29069930794548887,0.8791096456492679,4.024120187496683,1251,12933,41
full,Early,pioneering,relative,202408,0.183620255450064,0.04659550493860655,0.13702475051145746,3.9407289542628403,202,2073,42
full,Early,swift,relative,202412,0.10746291657071144,0.028186571728419013,0.07927634484229243,3.8125571852486884,116,1254,43
full,Early,comprehend,relative,202402,0.17083839161577413,0.044819795874376,0.12601859574139815,3.811672683530548,197,1994,44
full,Early,bolster,relative,202408,0.10190280660346497,0.026860409262727848,0.07504239734073713,3.7937920307442137,116,1195,45
full,Early,gauged,relative,202405,0.043693925879957504,0.011800598211658677,0.03189332766829883,3.7026873634922226,51,525,46
full,Early,amalgamation,relative,202403,0.03674136599711899,0.009979934487574196,0.02676143150954479,3.6815237657987514,41,444,47
full,Early,unveiling,relative,202403,0.10008863148688658,0.027242523871486322,0.07284610761540027,3.673985272401483,106,1212,48
full,Early,propelling,relative,202407,0.030603128228578098,0.008339089402905465,0.022264038825672634,3.6698405245440235,36,371,49
full,Early,swiftly,relative,202409,0.05553313566684303,0.015262107020411888,0.04027102864643114,3.6386283750056103,62,679,50
full,Early,discerning,relative,202407,0.06504439144402493,0.01795938661164816,0.04708500483237677,3.621749052489255,77,799,51
full,Early,chief,relative,202504,0.438461009015066,0.12122024029614333,0.3172407687189227,3.617061044788375,451,5393,52
full,Early,friendliness,relative,202409,0.12262138338783152,0.03394076818972306,0.08868061519810846,3.6128051876256624,136,1510,53
full,Early,realms,relative,202408,0.044370972496425486,0.012295099470051992,0.03207587302637349,3.608833958969008,49,547,54
full,Early,impacting,relative,202502,0.7602841490505383,0.2108373547149684,0.5494467943355699,3.606022045184396,877,9380,55
full,Early,expediting,relative,202406,0.05093747189919535,0.01440796848318707,0.036529503416008274,3.5353680818107867,54,641,56
full,Early,bolstered,relative,202409,0.028666382566826347,0.00820422542334365,0.020462157143482696,3.4940998190104944,33,365,57
full,Early,complexities,relative,202503,0.364013218779263,0.1052613360479954,0.2587518827312676,3.4581854310996585,440,4683,58
full,Early,encompass,relative,202405,0.290095047655479,0.08460466984511096,0.20549037781036802,3.42883020744088,333,3764,59
full,Early,harnessing,relative,202409,0.20183782116332144,0.06035163085391153,0.1414861903094099,3.3443639932762457,218,2685,60
full,Early,embracing,relative,202404,0.07411134019771505,0.022275033957626186,0.05183630624008887,3.327103354306759,80,991,61
full,Early,unraveling,relative,202408,0.14282087804533217,0.043740884037881504,0.09907999400745066,3.265157556524077,156,1946,62
full,Early,crucial,relative,202503,8.265139906744546,2.546569094075942,5.718570812668603,3.2455981367132964,10098,113295,63
full,Early,combating,relative,202506,0.2513866568752939,0.0781536761560709,0.173232980719223,3.2165685510849307,292,3477,64
full,Early,sparked,relative,202411,0.07846471150011278,0.024432857630615198,0.05403185386949757,3.211442258878218,87,1087,65
full,Early,inquiries,relative,202406,0.04913656593016248,0.015329539010192796,0.03380702691996968,3.2053518307035183,54,682,66
full,Early,adept,relative,202406,0.033956131263023284,0.010609299725529327,0.023346831537493958,3.2006006184662787,37,472,67
full,Early,cater,relative,202410,0.03911933655462063,0.012295099470051996,0.026824237084568638,3.181701510419354,46,547,68
full,Early,hesitancy,relative,202302,0.14129227435214747,0.044460158595544495,0.09683211575660297,3.1779525493259677,152,1978,69
full,Early,endeavours,relative,202407,0.0314880953340119,0.009912502497793288,0.021575592836218613,3.176604025171419,36,441,70
full,Early,acknowledges,relative,202406,0.041930379778912265,0.013261624656911655,0.028668755122000605,3.161783029129776,46,590,71
full,Early,impeding,relative,202406,0.16133898100834673,0.051338221553196985,0.11000075945514975,3.142667901753595,174,2284,72
full,Early,signifies,relative,202408,0.0741266067161743,0.024073220351783702,0.0500533863643906,3.079214398113624,83,1071,73
full,Early,revolutionary,relative,202401,0.09415264281273968,0.03077146467002044,0.06338117814271924,3.059738748947797,101,1369,74
full,Early,utilizing,relative,202407,2.6930933017012397,0.8816732663853555,1.8114200353158847,3.0545253036221265,3183,39225,75
full,Early,hinting,relative,202403,0.04317978298042258,0.014138240524063444,0.029041542456359135,3.0541129150356516,47,629,76
full,Early,benefiting,relative,202608,0.27072040597068303,0.08874049855167325,0.1819799074190098,3.050697374807328,279,3948,77
full,Early,illuminates,relative,202404,0.06908116678745982,0.02267962589631163,0.046401540891148195,3.0459570675147,75,1009,78
full,Early,signifying,relative,202404,0.08945748097629219,0.029490256864183207,0.05996722411210899,3.033458860269914,99,1312,79
full,Early,burgeoning,relative,202404,0.10164864151957832,0.03367104023059943,0.06797760128897888,3.0188744043376032,109,1498,80
full,Early,additionally,relative,202503,9.506634427055548,3.1669658773902114,6.339668549665338,3.001811448277947,11928,140896,81
full,Early,harmonious,relative,202403,0.03426756690727986,0.011598302242315957,0.02266926466496391,2.954533016242323,38,516,82
full,Early,imperative,relative,202406,0.8087120968921656,0.27397617447982403,0.5347359224123416,2.95176067199128,875,12189,83
full,Early,discerned,relative,202311,0.053840983187618145,0.018476365199968443,0.035364617987649706,2.9140462750601026,59,822,84
full,Early,impressive,relative,202403,0.3083801488620017,0.10658749851368658,0.20179265034831512,2.89321124111383,334,4742,85
full,Early,propel,relative,202402,0.04493664778881832,0.015531834979535517,0.0294048128092828,2.893196318916991,47,691,86
full,Early,averting,relative,202406,0.031877704263029105,0.011036368994141734,0.020841335268887373,2.888423201503163,36,491,87
full,Early,affirm,relative,202402,0.06393732888610949,0.02216264730799134,0.04177468157811815,2.884913882244345,71,986,88
full,Early,oppression,relative,202410,0.03805721355748983,0.013216669997057718,0.024840543560432117,2.879485798310928,42,588,89
full,Early,unveil,relative,202405,0.24545697566906222,0.08671753885824604,0.15873943681081618,2.830534386709264,275,3858,90
full,Early,avenue,relative,202406,0.5003718134323926,0.177121359824515,0.32325045360787746,2.8250224248963622,524,7880,91
full,Early,annotating,relative,202407,0.038740311708160564,0.013756125915304973,0.02498418579285559,2.816222528543327,45,612,92
full,Early,adhering,relative,202409,0.1749642158420284,0.06282413714587809,0.11214007869615032,2.7849839853074347,203,2795,93
full,Early,sheds,relative,202403,0.32966486829541564,0.11881516599395764,0.21084970230145797,2.7746025983937166,361,5286,94
full,Early,segmenting,relative,202410,0.0680182453515282,0.024545244280250046,0.04347300107127816,2.771137438068117,81,1092,95
full,Early,encompasses,relative,202408,0.3212388383371785,0.11690459295016532,0.20433424538701317,2.7478718348911904,361,5201,96
full,Early,utilizes,relative,202503,0.5633493468801986,0.20737584590621508,0.3559735009739835,2.716562020125387,679,9226,97
full,Early,strides,relative,202405,0.07710950869366794,0.028523731677323538,0.0485857770163444,2.703345746130765,85,1269,98
full,Early,excel,relative,202506,0.19284574771157525,0.0715003864976881,0.12134536121388717,2.6971287451405703,241,3181,99
full,Early,leap,relative,202407,0.044917241446744055,0.016745610795591837,0.028171630651152215,2.6823292380931365,52,745,100
full,Early,decided,relative,202504,0.3946849998771153,0.1473388976712812,0.24734610220583408,2.678756296641182,408,6555,101
full,Early,hoping,relative,202308,0.04051333776071248,0.015127243040850075,0.025386094719862407,2.678170612537196,41,673,102
full,Early,akin,relative,202408,0.11775828008819472,0.04407804398678603,0.0736802361014087,2.6715858835182655,128,1961,103
full,Early,myths,relative,202501,0.05153187907773378,0.01935298106712023,0.03217889801061354,2.662735983619801,50,861,104
full,Early,employing,relative,202407,1.6287525089907255,0.6123948538602678,1.0163576551304576,2.6596443433901933,1924,27245,105
full,Early,pinpoint,relative,202409,0.12884384151366202,0.048528555312325874,0.08031528620133614,2.6550108628710136,151,2159,106
full,Early,opting,relative,202407,0.03918233411003862,0.014767605762018573,0.024414728348020047,2.653262467963041,47,657,107
full,Early,sentiments,relative,202507,0.027972839002193058,0.010564345065675383,0.017408493936517676,2.6478535894363784,41,470,108
full,Early,devising,relative,202406,0.08215673824115369,0.03119853393863285,0.05095820430252085,2.6333525287680195,87,1388,109
full,Early,pressing,relative,202406,0.33453780844824793,0.12735655136620583,0.2071812570820421,2.6267813069647694,359,5666,110
full,Early,hesitant,relative,202302,0.05683824863699992,0.02164566871967106,0.03519257991732886,2.625848587682888,62,963,111
full,Early,nuances,relative,202408,0.10508397712057711,0.0401220339196395,0.06496194320093761,2.619108924812985,117,1785,112
full,Early,augmenting,relative,202406,0.18697062228174832,0.07138799984805325,0.11558262243369509,2.619076352884357,205,3176,113
full,Early,nurturing,relative,202411,0.0445056197408112,0.01701533875471546,0.027490280986095735,2.6156176131654947,52,757,114
full,Early,endangers,relative,202308,0.025314207754643013,0.009732683858377538,0.015581523896265477,2.60094832247669,27,433,115
full,Early,remediating,relative,202406,0.029733814289927094,0.011440960932827173,0.01829285335709992,2.5988913400283398,34,509,116
full,Early,supreme,relative,202312,0.04024305707598561,0.015554312309462486,0.02468874476652313,2.587260450692101,40,692,117
full,Early,popularization,relative,202312,0.0279019845771769,0.010789118364945078,0.017112866212231823,2.5861227612288724,29,480,118
full,Early,waning,relative,202302,0.0441817842107634,0.017217634724058187,0.02696414948670521,2.566077450175443,47,766,119
full,Early,comprehension,relative,202405,0.37840187947348786,0.1487549694566802,0.22964691001680768,2.5437931980059627,433,6618,120
full,Early,substantiated,relative,202404,0.1198785380562935,0.047179915516707735,0.07269862253958578,2.5408807273900513,134,2099,121
full,Early,stemming,relative,202405,0.13574004285748434,0.05363090920574782,0.08210913365173653,2.531003946562528,156,2386,122
full,Early,digitization,relative,202606,0.03512446022218739,0.013890989894866786,0.021233470327320602,2.528578631762386,44,618,123
full,Early,furnish,relative,202406,0.05337710478040003,0.02112869013135077,0.03224841464904926,2.5262855599930933,55,940,124
full,Early,stood,relative,202403,0.0771108002333001,0.030591646030604686,0.04651915420269541,2.52064894305316,87,1361,125
full,Early,impressively,relative,202401,0.054493530021345445,0.021623191389744095,0.032870338631601353,2.5201427966452625,60,962,126
full,Early,prospects,relative,202401,0.6265709662362559,0.24947588485942793,0.3770950813768279,2.5115492288535606,674,11099,127
full,Early,expedite,relative,202410,0.12822904554938974,0.05106849359407336,0.07716055195531638,2.510922812187103,151,2272,128
full,Early,expansive,relative,202405,0.0750098128487244,0.030052190112357442,0.04495762273636697,2.495984903871629,86,1337,129
full,Early,unparalleled,relative,202409,0.06327848841788493,0.025354428157620932,0.037924060260264,2.4957568762545703,68,1128,130
full,Early,discern,relative,202406,0.16310344758120024,0.06606087265536163,0.0970425749258386,2.4689871784181228,181,2939,131
full,Early,realizes,relative,202305,0.05917768618077312,0.0240057883620028,0.03517189781877032,2.4651423768461456,62,1068,132
full,Early,holistically,relative,202401,0.044436724876568884,0.01811672792113694,0.026319996955431947,2.452800807629516,50,806,133
full,Early,irreplaceable,relative,202311,0.03271995068821335,0.013351533976619534,0.019368416711593818,2.4506510447047294,35,594,134
full,Early,capitalizing,relative,202404,0.03504018218760624,0.014385491153260101,0.02065469103434614,2.435800197177507,37,640,135
full,Early,unravelling,relative,202405,0.048268772295594,0.01982500499558658,0.02844376730000743,2.434741999123811,55,882,136
full,Early,insightful,relative,202402,0.07175862093952651,0.029872371472941684,0.04188624946658483,2.4021735604260708,77,1329,137
full,Early,exploration,relative,202406,1.468388546339249,0.6120576939113634,0.8563308524278855,2.399101524164317,1571,27230,138
full,Early,countering,relative,202403,0.033983012181855905,0.01418319518391738,0.019799816997938525,2.396005395201072,37,631,139
full,Early,rectify,relative,202411,0.030326998612454834,0.01274464606859137,0.017582352543863464,2.379587353719803,35,567,140
full,Early,shedding,relative,202403,0.3582489465720162,0.15071049716032653,0.20753844941168972,2.377066981544818,393,6705,141
full,Early,journey,relative,202408,0.20798519834603346,0.08768406404510572,0.12030113430092776,2.371984015693472,234,3901,142
full,Early,spurred,relative,202408,0.061041012026146736,0.025781497426233344,0.035259514599913395,2.3676286530989437,69,1147,143
full,Early,thorough,relative,202408,0.8146548161498903,0.34594858490597846,0.46870623124391186,2.35484361461197,914,15391,144
full,Early,curbing,relative,202407,0.04345385723464498,0.018521319859822378,0.0249325373748226,2.34615338234657,51,824,145
full,Early,proves,relative,202406,0.2384132297821429,0.10224937383778157,0.13616385594436134,2.331684007770894,255,4549,146
full,Early,deviating,relative,202503,0.033149598187028714,0.014250627173698285,0.018898971013330428,2.3261852115681876,40,634,147
full,Early,thriving,relative,202409,0.046619618023244644,0.020072255624783236,0.02654736239846141,2.322589891974241,52,893,148
full,Early,immense,relative,202404,0.21966059324846385,0.09496671894144364,0.12469387430702021,2.3130270867197833,240,4225,149
full,Early,noteworthy,relative,202403,0.4815977686723632,0.20975844287847387,0.2718393257938893,2.2959636907267793,559,9332,150
full,Early,reusing,relative,202412,0.035201923295565624,0.0153969709999737,0.019804952295591923,2.2862888613368013,40,685,151
full,Early,solves,relative,202303,0.058222959557535606,0.02553424679703668,0.03268871276049892,2.2801909929175017,68,1136,152
full,Early,learnings,relative,202302,0.030576544935537117,0.013441443296327403,0.017135101639209713,2.2747962597060933,33,598,153
full,Early,awards,relative,202410,0.03856338360372996,0.016992861424788498,0.021570522178941468,2.2693872820898346,50,756,154
full,Early,forbidden,relative,202501,0.04967571844108923,0.022140169978064374,0.027535548463024855,2.243691827583348,59,985,155
full,Early,specializing,relative,202502,0.03451060606764729,0.015464402989754608,0.01904620307789268,2.2316158011732536,41,688,156
full,Early,pursuit,relative,202406,0.18496779911985534,0.08300877942029618,0.10195901969955916,2.2282920000945046,194,3693,157
full,Early,noting,relative,202406,0.12484781045420928,0.056058460837860445,0.06878934961634883,2.22710021981,136,2494,158
full,Early,endeavor,relative,202401,0.09537295705326787,0.04320142811963425,0.052171528933633624,2.207634358502205,107,1922,159
full,Early,encountering,relative,202403,0.08987381573264062,0.04075139915759463,0.049122416575045985,2.205416687291614,98,1813,160
full,Early,exploring,relative,202406,1.4054705687170572,0.6387382845346754,0.7667322841823817,2.20038567085571,1525,28417,161
full,Early,inspire,relative,202501,0.157374142277854,0.07192745576630051,0.0854466865115535,2.187956470880582,185,3200,162
full,Early,contentious,relative,202407,0.05878294121061522,0.026972795912362693,0.031810145298252525,2.179341785760989,69,1200,163
full,Early,utilized,relative,202409,3.512442317502525,1.613692470116952,1.8987498473855728,2.1766491339257232,4058,71792,164
full,Early,signify,relative,202406,0.0514675071463993,0.023781015062733106,0.02768649208366619,2.1642266745397802,55,1058,165
full,Early,customize,relative,202407,0.03746789342180402,0.017330021373693025,0.02013787204811099,2.1620223434161643,43,771,166
full,Early,project's,relative,202504,0.02681038066313826,0.012407486119686837,0.014402894543451424,2.1608229422556833,34,552,167
full,Early,illuminating,relative,202405,0.06424378627056568,0.029849894143014716,0.034393892127550965,2.1522282780222057,70,1328,168
full,Early,inspiring,relative,202407,0.04811917150507421,0.022409897937188002,0.025709273567886208,2.147228498761838,55,997,169
full,Early,researching,relative,202305,0.05445781016476219,0.0253769054875479,0.029080904677214296,2.145959450867006,59,1129,170
full,Early,paves,relative,202407,0.24414479461173072,0.11387015341002447,0.13027464120170623,2.1440631043379064,281,5066,171
full,Early,inspiration,relative,202407,0.14669351671877848,0.06884806156630577,0.07784545515247271,2.1306847771959676,168,3063,172
full,Early,extracting,relative,202507,0.3202658872193292,0.1506430651705456,0.1696228220487836,2.1259915739018633,445,6702,173
full,Early,verifies,relative,202608,0.05115630129990376,0.024073220351783702,0.02708308094812006,2.1250294124488973,57,1071,174
full,Early,endows,relative,202608,0.08984971214528223,0.04234728958240942,0.04750242256287281,2.121734661918121,93,1884,175
full,Early,sustainably,relative,202407,0.06222845267207601,0.029535211524037142,0.032693241148038864,2.1069242257307543,73,1314,176
full,Early,scrutinized,relative,202403,0.08274653921550985,0.039582578001392255,0.0431639612141176,2.0904787761069876,96,1761,177
full,Early,formulating,relative,202406,0.1301079945429539,0.0624644998670466,0.0676434946759073,2.082911010572149,143,2779,178
full,Early,promptly,relative,202409,0.19225926876754634,0.09262907662903888,0.09963019213850746,2.0755822660038667,213,4121,179
full,Early,attributing,relative,202404,0.05419819474764833,0.026141134705064843,0.028057060042583487,2.073291590404736,60,1163,180
full,Early,repercussions,relative,202403,0.09201004345122478,0.0443927266057636,0.04761731684546118,2.0726378054750736,104,1975,181
full,Early,reevaluation,relative,202402,0.03650091279167946,0.01762222666274363,0.018878686128935836,2.0712996995350523,40,784,182
full,Early,affirmed,relative,202403,0.059835535637902705,0.02897327827586292,0.030862257362039784,2.0651972851739924,67,1289,183
full,Early,utilises,relative,202412,0.028306267516104024,0.013711171255451033,0.01459509626065299,2.0644675052724284,32,610,184
full,Early,conducive,relative,202404,0.23753762409859497,0.11533117985527744,0.12220644424331753,2.059613232056305,264,5131,185
full,Early,underlining,relative,202403,0.08871990569514619,0.04313399612985333,0.045585909565292855,2.0568441057039584,98,1919,186
full,Early,pioneered,relative,202502,0.028187272975187194,0.013711171255451036,0.01447610171973616,2.0557888491095184,32,610,187
full,Early,interconnection,relative,202404,0.05129274568794911,0.024994790878789426,0.026297954809159682,2.0521374208205967,56,1112,188
full,Early,diversifying,relative,202311,0.03826320690752052,0.018701138499238133,0.019562068408282385,2.0460362297770978,41,832,189
full,Early,impedes,relative,202501,0.12389860166680476,0.06059888148310817,0.06329972018369659,2.0445691180181482,152,2696,190
full,Early,necessitated,relative,202503,0.09806114042279865,0.04803405405393255,0.050027086368866096,2.0414920696199363,118,2137,191
full,Early,cutting,relative,202507,0.3795924298151197,0.18640449708435314,0.19318793273076654,2.0363909441698915,518,8293,192
full,Early,forthcoming,relative,202311,0.057099761249459494,0.028051707748857197,0.029048053500602296,2.035518185226555,60,1248,193
full,Early,disagree,relative,202503,0.06261533440150333,0.03095128330943618,0.03166405109206715,2.0230286988589476,72,1377,194
full,Early,guaranteeing,relative,202307,0.04394208114852895,0.02180301002915984,0.022139071119369105,2.015413518122489,45,970,195
full,Early,specifics,relative,202312,0.04500340509432465,0.022477329926968905,0.022526075167355747,2.002168640160785,47,1000,196
full,Early,group's,relative,202408,0.0900130948442423,0.04499961451379175,0.04501348033045056,2.0003081318986533,107,2002,197
full,Early,manifests,relative,202407,0.23191133057119936,0.1166123876611147,0.11529894291008468,1.9887366618815232,269,5188,198
full,Early,alleviate,relative,202502,0.854065667153976,0.43017114014233093,0.4238945270116451,1.9854090324873745,988,19138,199
full,Early,concludes,relative,202411,0.24121364687055027,0.12214181082314905,0.11907183604740124,1.9748654882790884,276,5434,200
full,Early,thoroughly,relative,202408,0.4864080860535313,0.25300482565796206,0.23340326039556925,1.922524935200674,551,11256,201
full,Early,pave,relative,202401,0.32688425049584113,0.17111991273401428,0.15576433776182688,1.9102642426188245,359,7613,202
full,Early,impacts,relative,202501,2.664679119804851,1.4640159301332658,1.2006631896715854,1.820116205677005,3366,65133,203
full,Early,obstacles,relative,202409,0.35430744784451773,0.19571011167411834,0.1585973361703994,1.8103686355995938,389,8707,204
full,Early,instances,relative,202407,0.35287486137629737,0.19537295172521374,0.15750190965108363,1.8061602604674027,419,8692,205
full,Early,remarkable,relative,202405,1.3666540409671952,0.7569016079607511,0.6097524330064441,1.805590088055491,1531,33674,206
full,Early,straightforward,relative,202501,0.4033555126601514,0.22540266450764415,0.17795284815250728,1.7894886626172615,476,10028,207
full,Early,aims,relative,202504,7.456985444492298,4.167724037728648,3.289261406763649,1.7892224573861784,9480,185419,208
full,Early,faced,relative,202503,0.5955707591468812,0.3331589841775331,0.26241177496934803,1.7876473018344736,739,14822,209
full,Early,noticeable,relative,202405,0.23650439218249317,0.1324364279297008,0.10406796425279237,1.7857956143911793,278,5892,210
full,Early,customized,relative,202501,0.27662882242248793,0.15543073644499,0.1211980859774979,1.77975623579698,338,6915,211
full,Early,seriously,relative,202303,0.3138107394591333,0.17635713060699806,0.13745360885213523,1.7794048835963592,373,7846,212
full,Early,paramount,relative,202408,0.3447164557670177,0.19429403988871924,0.15042241587829847,1.7741998466059588,390,8644,213
full,Early,implementing,relative,202412,1.0336903133773083,0.5836238715537477,0.45006644182356054,1.7711583842953083,1192,25965,214
full,Early,experiencing,relative,202503,0.9627579654547741,0.5517734950472328,0.4109844704075413,1.744842719153011,1229,24548,215
full,Early,focuses,relative,202410,1.2304360328090038,0.7131382465929427,0.5172977862160612,1.7253821943886476,1403,31727,216
full,Early,ideas,relative,202309,0.373130606478952,0.21926635343758166,0.15386425304137036,1.7017230442753304,377,9755,217
full,Early,pertinent,relative,202406,0.28022327591178864,0.16538819360263723,0.11483508230915138,1.6943366379891354,306,7358,218
full,Early,nonetheless,relative,202406,0.4966955736374106,0.2936213608359949,0.20307421280141574,1.6916193434402236,547,13063,219
full,Early,utilization,relative,202404,2.038210440729324,1.205166998694292,0.833043442035032,1.6912265627399126,2276,53617,220
full,Early,connection,relative,202407,0.7293790098494181,0.43133996129853325,0.2980390485508848,1.6909609015905902,864,19190,221
full,Early,tackle,relative,202411,0.2926649723303611,0.17467133086247538,0.11799364146788571,1.6755180766372364,336,7771,222
full,Early,explore,relative,202504,6.585757040516834,3.9311501402473006,2.6546069002695343,1.6752748700924809,8326,174894,223
full,Early,boost,relative,202312,0.3787503420994327,0.22702103226238593,0.15172930983704674,1.6683491319063395,395,10100,224
full,Early,accurately,relative,202411,1.6708377851523157,1.0035903039092349,0.6672474812430808,1.66486043024129,1963,44649,225
full,Early,attributes,relative,202404,0.6781086981760264,0.41149247897301977,0.2666162192030066,1.6479248900694676,758,18307,226
full,Early,solve,relative,202304,0.5962016954115866,0.3626042863818625,0.23359740902972412,1.6442213117793103,597,16132,227
full,Early,predicting,relative,202507,2.3243103038770716,1.414116257695395,0.9101940461816767,1.6436486683669365,3352,62913,228
full,Early,latest,relative,202411,0.6695752078836157,0.4077162875452891,0.26185892033832653,1.6422576883422624,743,18139,229
full,Early,outstanding,relative,202405,0.5240428810496568,0.3194702902520091,0.20457259079764775,1.6403493440228005,582,14213,230
full,Early,research,relative,202503,17.75547334595208,10.847941537363951,6.9075318085881285,1.6367596824518522,21957,482617,231
full,Early,intriguing,relative,202403,0.2720969129514682,0.16639967344935083,0.10569723950211737,1.6352010031695752,289,7403,232
full,Early,impacted,relative,202412,0.8395278540581746,0.5140565354297789,0.32547131862839573,1.6331430420513653,961,22870,233
full,Early,varieties,relative,202412,0.33478898393271334,0.20548775019234977,0.12930123374036354,1.629240592781464,378,9142,234
full,Early,various,relative,202411,11.96689613789263,7.429611679400448,4.5372844584921825,1.6107027734803943,13732,330538,235
full,Early,involves,relative,202409,1.5899973643890273,0.9874066263618168,0.6025907380272104,1.6102761739077112,1766,43929,236
full,Early,connections,relative,202406,0.5350386388375529,0.3339456907249771,0.2010929481125758,1.6021726097917732,580,14857,237
full,Early,gaining,relative,202407,0.41730820988740885,0.26120905108130565,0.1560991588061032,1.5976024114015666,492,11621,238
full,Early,elusive,relative,202405,0.7588844857654607,0.4769464637203533,0.2819380220451074,1.5911313815934178,851,21219,239
full,Early,combat,relative,202406,0.47481169561855424,0.2987012373994898,0.17611045821906446,1.5895873072113536,511,13289,240
full,Early,displaying,relative,202402,0.35912071141142143,0.22679625896311625,0.1323244524483052,1.5834507723067206,400,10090,241
full,Early,realize,relative,202302,0.4414402154874212,0.27919091502288085,0.16224930046454034,1.58114104626665,459,12421,242
full,Early,consequently,relative,202406,1.668380753139688,1.0624584309879666,0.6059223221517215,1.5703021449867758,1801,47268,243
full,Early,summarized,relative,202302,0.8799077384034549,0.5613263602661945,0.3185813781372604,1.567551073115792,909,24973,244
full,Early,affecting,relative,202502,2.680533604993036,1.7116711512686091,0.968862453724427,1.5660330566454614,3081,76151,245
full,Early,impact,relative,202412,11.866533536036696,7.5941232571359345,4.272410278900761,1.5625942764210634,13561,337857,246
full,Early,lastly,relative,202309,0.4446113386483794,0.2850799754637467,0.15953136318463268,1.5596021359449013,475,12683,247
full,Early,instrumental,relative,202409,0.42789098038582385,0.2758193155338355,0.15207166485198836,1.5513452332287196,492,12271,248
full,Early,creation,relative,202408,0.5685675223768699,0.36669516042857075,0.2018723619482992,1.550518206218929,639,16314,249
full,Early,advantages,relative,202506,1.944333504381458,1.2577864280533262,0.6865470763281317,1.5458375611435873,2250,55958,250
full,Early,conducting,relative,202405,0.6859163243209591,0.4448263592547147,0.24108996506624433,1.5419866877272719,809,19790,251
full,Early,utilize,relative,202501,0.637557069258596,0.41724667543432387,0.2203103938242721,1.528009944225307,786,18563,252
full,Early,vital,relative,202409,1.756539755577428,1.1498053350841675,0.6067344204932607,1.52768447143172,1989,51154,253
full,Early,instance,relative,202412,0.3926671909961881,0.25792736091196816,0.13473983008421989,1.522394481949541,435,11475,254
full,Early,popularity,relative,202407,0.30901818723616337,0.20310515322009104,0.10591303401607235,1.521468964902637,365,9036,255
full,Early,references,relative,202608,0.3634096945429812,0.2421257979733091,0.12128389656967213,1.5009127386873575,421,10772,256
full,Early,discussing,relative,202409,0.31062604920809367,0.20771300585511968,0.10291304335297399,1.4954578695219312,340,9241,257
full,Early,gathered,relative,202406,0.3942579055975958,0.26386137601268805,0.13039652958490777,1.4941857408438495,445,11739,258
full,Early,attracted,relative,202301,0.7626715587228944,0.5155849938648127,0.2470865648580816,1.4792353691404527,820,22938,259
full,Early,developing,relative,202502,4.531270827508886,3.0757978272064253,1.455473000302461,1.4732017779024136,5184,136840,260
full,Early,train,relative,202310,0.3901263969778653,0.2649627651791095,0.12516363179875578,1.472381965496728,421,11788,261
full,Early,gained,relative,202311,0.9020392789479461,0.6135187203566164,0.2885205585913298,1.470271809185583,987,27295,262
full,Early,constructed,relative,202606,2.034747430835084,1.38894164817719,0.645805782657894,1.4649625011284184,2945,61793,263
full,Early,issues,relative,202503,2.5345862107981025,1.7317658842233197,0.8028203265747827,1.463584791621438,3124,77045,264
full,Early,solutions,relative,202507,1.74611835681693,1.194962290907448,0.5511560659094821,1.4612330197390053,2398,53163,265
full,Early,emotions,relative,202409,0.3824537689007448,0.26188337097911474,0.12057039792163003,1.4603973038488403,437,11651,266
full,Early,anticipated,relative,202404,0.392672016878422,0.2690985938856717,0.12357342299275029,1.4592124440652086,441,11972,267
full,Early,meanwhile,relative,202301,1.2749565861441368,0.8752897046860962,0.3996668814580405,1.4566109704230696,1418,38941,268
full,Early,understanding,relative,202501,9.383078260960628,6.44274450895688,2.940333752003749,1.4563790707385675,11546,286633,269
full,Early,helping,relative,202505,0.3332185210955957,0.22920133326530193,0.10401718783029376,1.4538245321195111,431,10197,270
full,Early,shed,relative,202401,0.6778266181837908,0.46968628615394237,0.20814033202984838,1.4431475607563922,762,20896,271
full,Early,considering,relative,202407,2.639973752066922,1.8367125376523372,0.8032612144145846,1.437336381141767,3157,81714,272
full,Early,deemed,relative,202411,0.37351518447379967,0.26057968584335056,0.11293549863044908,1.4334010084667195,456,11593,273
full,Early,professionals,relative,202410,1.475911579164749,1.0344516778989632,0.4414599012657857,1.426757393020444,1815,46022,274
full,Early,overview,relative,202402,1.5178405515922553,1.0672685795923378,0.45057197199991766,1.4221729943291517,1612,47482,275
full,Early,possibilities,relative,202312,0.4208769865059901,0.2964984590666469,0.12437852743934315,1.4194913114586722,423,13191,276
full,Early,ease,relative,202407,0.4512589785915819,0.3179418318169752,0.13331714677460674,1.4193130108508383,542,14145,277
full,Early,originating,relative,202405,0.4119177556673072,0.2906768306155619,0.12124092505174533,1.4170986892728783,466,12932,278
full,Early,databases,relative,202501,3.010638517308643,2.1308733544065794,0.8797651629020634,1.4128660021407355,3941,94801,279
full,Early,conduct,relative,202410,0.9465531187627526,0.6750391723667303,0.2715139463960223,1.4022195414883512,1165,30032,280
full,Early,explored,relative,202501,3.6620048556068414,2.6131469453196243,1.048857910287217,1.4013773171714716,4617,116257,281
full,Early,regulating,relative,202502,2.2186793571385994,1.5837751439841559,0.6349042131544435,1.400880273671472,2488,70461,282
full,Early,investigating,relative,202406,1.3651140190928543,0.9784831263808105,0.3866308927120438,1.3951329177664051,1500,43532,283
full,Early,discovered,relative,202401,1.2548266694319572,0.9003744048845937,0.35445226454736345,1.393672079775297,1387,40057,284
full,Early,removing,relative,202502,0.45132666889620776,0.3252694413731671,0.1260572275230407,1.3875470963115186,516,14471,285
full,Early,investigation,relative,202405,3.2377237197769317,2.341328594512789,0.8963951252641427,1.382857462794826,3777,104164,286
full,Early,significance,relative,202406,3.8350536692847985,2.773545171678474,1.0615084976063245,1.38272623371911,4282,123393,287
full,Early,art,relative,202507,1.2938424918764788,0.9379115458626316,0.3559309460138472,1.3794930850184646,1798,41727,288
full,Early,manage,relative,202409,0.9401375951385864,0.6818273260046749,0.2583102691339116,1.3788499804599215,1072,30334,289
full,Early,technology,relative,202411,3.2456342617215452,2.3564108828937855,0.8892233788277595,1.3773634663135448,3735,104835,290
full,Early,furthermore,relative,202405,8.911866841493898,6.485428958488194,2.426437883005704,1.3741368379079935,10417,288532,291
full,Early,learn,relative,202311,0.5226709702823316,0.38164258483000507,0.14102838545232646,1.369530002830121,570,16979,292
full,Early,package,relative,202304,0.4676868945115803,0.3419925748388319,0.1256943196727484,1.3675352300615982,489,15215,293
full,Early,experts,relative,202504,0.7391817489661126,0.540759603383018,0.19842214558309454,1.3669322640629147,939,24058,294
full,Early,verified,relative,202301,1.2948053207516845,0.9478914803502058,0.3469138404014787,1.3659847647046144,1452,42171,295
full,Early,details,relative,202412,0.9421969052047328,0.6909306446250973,0.25126626057963536,1.3636635059311544,1019,30739,296
full,Early,attributed,relative,202405,1.5981787456507068,1.172102846371721,0.42607589927898604,1.3635140897387261,1853,52146,297
full,Early,plans,relative,202408,0.563024130101454,0.4135379159963739,0.1494862141050801,1.3614812773452938,660,18398,298
full,Early,researchers,relative,202307,1.9342142739774277,1.4220507551596147,0.5121635188178129,1.360158395865643,2032,63266,299
full,Early,create,relative,202501,1.3406262504376916,0.9908456578406434,0.34978059259704825,1.353012186942745,1666,44082,300
full,Early,conjunction,relative,202407,0.47436365975949796,0.35071377885049587,0.12364988090900206,1.3525663614194987,566,15603,301
full,Early,investigations,relative,202403,1.5965755919944238,1.1817680982403174,0.41480749375410636,1.3510058313232225,1768,52576,302
full,Early,sector,relative,202411,0.49910063726027654,0.36981950928841945,0.12928112797185712,1.349578983057467,594,16453,303
full,Early,assistance,relative,202505,0.44047064270571895,0.3264382625293694,0.11403238017634953,1.3493229601603156,567,14523,304
full,Early,unique,relative,202502,4.252340086340358,3.1534570021041026,1.0988830842362554,1.3484693412667559,4736,140295,305
full,Early,harmful,relative,202408,0.637660995419566,0.4733500909320383,0.16431090448752772,1.3471234243643968,729,21059,306
full,Early,simulate,relative,202501,0.48473793908021984,0.3601093027599689,0.12462863632025098,1.346085578364862,611,16021,307
full,Early,herein,relative,202305,3.529891135825776,2.6225649465590246,0.9073261892667512,1.3459690065854124,3683,116676,308
full,Early,classify,relative,202507,0.47979930337571103,0.3573895458388056,0.1224097575369054,1.3425107392260327,682,15900,309
full,Early,topics,relative,202304,0.5029232407611974,0.37523654580081894,0.12768669496037852,1.340283206391513,515,16694,310
full,Early,assembled,relative,202608,0.7434798087615406,0.5551900491961321,0.18828975956540855,1.339144694394354,759,24700,311
full,Early,nevertheless,relative,202405,1.2351156049987448,0.9226494388422197,0.3124661661565251,1.3386618503216359,1459,41048,312
full,Early,helps,relative,202311,0.6135490350728628,0.45891964511892425,0.15462938995393855,1.336942189332226,672,20417,313
full,Early,stakeholders,relative,202310,0.5818062893198832,0.43797077362698905,0.14383551569289418,1.3284135023479808,638,19485,314
full,Early,preferred,relative,202510,1.2930353384604696,0.9770895319253385,0.315945806535131,1.3233539979827285,1805,43470,315
full,Early,methodology,relative,202410,1.919925114599396,1.4523726732310962,0.46755244136829976,1.3219231881636377,2315,64615,316
full,Early,habits,relative,202411,0.4406998056654289,0.33399064538483103,0.10670916028059783,1.319497452264405,528,14859,317
full,Early,gradually,relative,202303,0.8080309242005513,0.6132939470573467,0.19473697714320468,1.3175263315047778,959,27285,318
full,Early,experienced,relative,202501,2.7759875059814427,2.1132511277438355,0.6627363782376071,1.3136098542841723,3563,94017,319
full,Early,aids,relative,202412,0.43384364026291566,0.3306640005556396,0.10317963970727607,1.3120377166365118,494,14711,320
full,Early,owing,relative,202608,1.2006451839148893,0.9151195333166853,0.28552565059820395,1.3120091312698439,1305,40713,321
full,Early,usage,relative,202403,0.8823695561833622,0.6740276925200167,0.20834186366334553,1.3090998574322796,1004,29987,322
full,Early,analyze,relative,202501,3.1197175454424766,2.3846199319521313,0.7350976134903452,1.3082661532936903,3983,106090,323
full,Early,fields,relative,202408,1.467716753030895,1.1235967683893218,0.3441199846415732,1.306266442128407,1615,49988,324
full,Early,application,relative,202503,5.848608298928074,4.48027131036315,1.3683369885649228,1.305413867548573,7122,199324,325
full,Early,topic,relative,202304,0.8244305144405831,0.6349620931069447,0.1894684213336384,1.2983932795209032,843,28249,326
full,Early,attention,relative,202402,3.7800871234991216,2.9114211134505013,0.8686660100486201,1.2983649483186963,4198,129527,327
full,Early,achieve,relative,202310,2.859579786084266,2.206869206889661,0.6527105791946048,1.2957631458887082,2989,98182,328
full,Early,options,relative,202502,1.7551002753736469,1.3570463170108211,0.39805395836282587,1.2933237822269936,1986,60374,329
full,Early,summarize,relative,202304,1.3145566752773785,1.0167620192464388,0.29779465603093963,1.2928853068800177,1291,45235,330
full,Early,issue,relative,202502,1.909436562972152,1.4788509678850654,0.43058559508708655,1.291162263431369,2134,65793,331
full,Early,verify,relative,202302,0.8151543458935845,0.632646928124467,0.18250741776911755,1.2884822634169355,876,28146,332
full,Early,occurrence,relative,202401,2.4105482127194104,1.873687745382201,0.5368604673372093,1.2865261133613801,2789,83359,333
full,Early,organizations,relative,202311,0.5180365869193359,0.4029735709306987,0.11506301598863712,1.2855348943179825,579,17928,334
full,Early,elucidated,relative,202504,1.042436193470294,0.8116339063329203,0.2308022871373737,1.2843674781653367,1256,36109,335
full,Early,hot,relative,202301,0.5603328546850911,0.43635240587224744,0.12398044881284359,1.2841291743654137,622,19413,336
full,Early,version,relative,202304,1.5879289279441933,1.236949943211026,0.3509789847331673,1.2837455037364351,1662,55031,337
full,Early,obtaining,relative,202309,0.6507915034141404,0.5075381097509579,0.1432533936631824,1.282251501731515,673,22580,338
full,Early,numerous,relative,202408,1.9997261193077265,1.5607358808090133,0.43899023849871316,1.281271318162533,2238,69436,339
full,Early,publications,relative,202508,0.7445632396468683,0.583421575584405,0.16114166406246333,1.2762010710712062,938,25956,340
full,Early,behind,relative,202409,0.6482557975959643,0.5088642722166491,0.1393915253793152,1.2739267285795401,727,22639,341
full,Early,plays,relative,202503,3.043081896845939,2.3927792027156216,0.6503026941303176,1.2717771424092428,3681,106453,342
full,Early,collect,relative,202304,0.5959000721485767,0.4692367395554028,0.12666333259317386,1.2699348152346002,631,20876,343
full,Early,counterparts,relative,202406,0.5985019857600237,0.471349608568538,0.12715237719148567,1.269762348117017,658,20970,344
full,Early,consuming,relative,202507,0.646023933671521,0.5094486827947503,0.13657525087677072,1.2680844125997965,911,22665,345
full,Early,automatic,relative,202307,0.49673716130050727,0.3918697699467759,0.10486739135373135,1.2676077600167386,521,17434,346
full,Early,properties,relative,202502,8.162347425721544,6.441283482511624,1.721063943209919,1.2671927028025836,9000,286568,347
full,Early,affects,relative,202503,2.253523775716419,1.7850596334801632,0.46846414223625577,1.2624361301156843,2779,79416,348
full,Early,contains,relative,202305,1.06932215354921,0.8487215007124189,0.22060065283679084,1.2599211315509482,1161,37759,349
full,Early,detrimental,relative,202405,0.5762808986416593,0.45806550658169937,0.11821539205996001,1.258075297880731,679,20379,350
full,Early,efforts,relative,202504,2.2272775445943234,1.7715732355239815,0.4557043090703421,1.2572314256799875,2763,78816,351
full,Early,software,relative,202311,1.7570115715692534,1.3987867186852019,0.3582248528840514,1.2560968359928146,2014,62231,352
full,Early,finally,relative,202302,4.784980546425961,3.809592740002252,0.9753878064237096,1.2560346664308093,5096,169486,353
full,Early,adding,relative,202301,0.7677352309278918,0.6115856699828972,0.15614956094499458,1.255319195018682,860,27209,354
full,Early,reactions,relative,202411,2.0029539326349806,1.596901904661506,0.4060520279734744,1.2542748723563861,2215,71045,355
full,Early,scientific,relative,202512,1.6996892752250674,1.359743596602057,0.3399456786230104,1.2500071921445488,2170,60494,356
full,Early,depth,relative,202408,1.8950168881582332,1.5163431542032497,0.37867373395498344,1.2497282576871291,2186,67461,357
full,Early,due,relative,202507,13.641106878505898,10.928747538451407,2.7123593400544905,1.2481857441130741,18948,486212,358
full,Early,great,relative,202301,3.015365828326603,2.422404323559366,0.5929615047672365,1.2447822186413402,3285,107771,359
full,Early,extensively,relative,202312,0.9361093320862947,0.7523611873155033,0.18374814477079135,1.2442286336253234,964,33472,360
full,Early,build,relative,202303,0.6886583387340713,0.5546730706078118,0.13398526812625958,1.241557189678306,824,24677,361
full,Early,her,relative,202403,0.8810116920503689,0.7099689430732399,0.171042748977129,1.2409158184254327,920,31586,362
full,Early,studying,relative,202501,0.9660270795458442,0.7817615348599786,0.18426554468586565,1.235705565532678,1170,34780,363
full,Early,relationship,relative,202503,6.439335771766711,5.214852929706422,1.2244828420602891,1.2348067833485812,8086,232005,364
full,Early,encountered,relative,202404,0.6190186712968785,0.5016040946502381,0.1174145766466404,1.2340781861609642,674,22316,365
full,Early,displayed,relative,202312,1.726813494698688,1.4018211582253428,0.324992336473345,1.2318358048502949,1801,62366,366
full,Early,simulation,relative,202309,1.72874619426509,1.4041363232078208,0.3246098710572692,1.2311811650279665,1786,62469,367
full,Early,performances,relative,202301,0.5977973009013294,0.48562271307216337,0.11217458782916612,1.2309912300426051,656,21605,368
full,Early,detailed,relative,202502,1.990579682503045,1.6193118025986937,0.37126787990435123,1.2292751027371847,2234,72042,369
full,Early,aid,relative,202306,1.1546942713751478,0.9401592788553286,0.2145349925198192,1.2281900496488445,1267,41827,370
full,Early,collection,relative,202405,1.6780268204860795,1.367116160818103,0.3109106596679765,1.2274208063504441,2030,60822,371
full,Early,prepare,relative,202303,0.5666531181589568,0.4616618793700144,0.10499123878894237,1.2274202040077768,660,20539,372
full,Early,goals,relative,202511,0.7826910536521171,0.6394575590923386,0.14323349455977846,1.223992182941879,1033,28449,373
full,Early,comprised,relative,202410,1.064625597073824,0.8702772601123822,0.19434833696144183,1.2233177239818318,1316,38718,374
full,Early,meet,relative,202301,0.9011571327167985,0.7367843976761139,0.16437273504068461,1.2230947554795288,1012,32779,375
full,Early,built,relative,202302,0.7922427141658231,0.6495274028996204,0.14271531126620268,1.219721770981629,851,28897,376
full,Early,people,relative,202303,3.9632966992661824,3.2499072248207264,0.7133894744454562,1.219510719874414,4777,144586,377
full,Early,prominent,relative,202401,0.8827283718347136,0.7239048876279608,0.15882348420675294,1.2193982758248452,1007,32206,378
full,Early,economic,relative,202511,1.9968574939971513,1.6382377143972018,0.3586197795999495,1.2189058257225542,2627,72884,379
full,Early,makes,relative,202302,1.0878888186351783,0.893473864597014,0.1944149540381643,1.2175944498677103,1141,39750,380
full,Early,team,relative,202410,1.111326157836986,0.9135011655619436,0.19782499227504244,1.2165569128238054,1358,40641,381
full,Early,uses,relative,202304,1.2137993256308983,0.9984654726858858,0.21533385294501256,1.2156647964658822,1230,44421,382
full,Early,degrees,relative,202406,0.7098217633812482,0.584770215380023,0.12505154800122512,1.213847327911457,786,26016,383
full,Early,condition,relative,202501,3.6183942320205076,2.9816402921423526,0.6367539398781548,1.213558269103158,4474,132651,384
full,Early,skills,relative,202410,1.2041112059111947,0.9928011855442895,0.2113100203669052,1.2128422321041623,1472,44169,385
full,Early,top,relative,202303,1.1331361181167172,0.9342926957443897,0.1988434223723275,1.2128277608056228,1369,41566,386
full,Early,prone,relative,202411,0.5832599400329278,0.4818015669845785,0.10145837304834934,1.2105812434013874,683,21435,387
full,Early,devices,relative,202307,2.1461590732966345,1.7732815125984311,0.3728775606982031,1.2102754458607177,2201,78892,388
full,Early,helpful,relative,202303,0.854279034503703,0.7061702743155822,0.1481087601881208,1.2097351950018957,1016,31417,389
full,Early,satisfactory,relative,202306,0.7129371521008931,0.5894679773347596,0.12346917476613352,1.2094586635976246,774,26225,390
full,Early,summary,relative,202404,2.173465298943221,1.7998047619122548,0.3736605370309662,1.2076117059685738,2418,80072,391
full,Early,proposed,relative,202307,5.733618452267979,4.760945729161212,0.9726727231067677,1.2043024177211392,5908,211811,392
full,Early,transform,relative,202506,0.8984490579958516,0.746090012265879,0.15235904572997266,1.2042100057970988,1041,33193,393
full,Early,contributed,relative,202608,1.139533719590583,0.9470822964728352,0.19245142311774788,1.2032045407611185,1390,42135,394
full,Early,correlation,relative,202411,5.242220320113308,4.374335654417346,0.8678846656959622,1.1984037655682742,6309,194611,395
full,Early,aspect,relative,202406,0.6714063895965648,0.562540136082251,0.10886625351431388,1.193526197566099,730,25027,396
full,Early,ideal,relative,202411,0.8981727451614532,0.7528556885738967,0.14531705658755653,1.193021131131817,1028,33494,397
full,Early,led,relative,202410,3.3640910743881625,2.820500313895913,0.5435907604922497,1.1927284878551907,3983,125482,398
full,Early,characteristics,relative,202408,7.873557359882789,6.604289079142005,1.2692682807407847,1.1921884801725975,9116,293820,399
full,Early,popular,relative,202305,0.6738047139755131,0.5653498023231219,0.10845491165239127,1.1918368259911492,736,25152,400
full,Early,differentially,relative,202301,1.31692965861322,1.1051653578492073,0.21176430076401254,1.191613227160986,1502,49168,401
full,Early,examination,relative,202408,2.8198887881386563,2.366930273299607,0.45295851483904936,1.1913696064259658,3225,105303,402
full,Early,abilities,relative,202405,0.6824965621330832,0.5744531209435444,0.10804344118953875,1.1880805191067225,805,25557,403
full,Early,certain,relative,202404,2.0215071821322943,1.7027251739576759,0.3187820081746184,1.1872187086032606,2255,75753,404
full,Early,difficulties,relative,202402,0.9010800979651642,0.7597112742016222,0.14136882376354198,1.1860823033225432,1019,33799,405
full,Early,lack,relative,202509,3.9600903677189327,3.346806994135889,0.6132833735830435,1.1832443205292713,5035,148897,406
full,Early,created,relative,202307,1.3493991839701602,1.1418933149498744,0.20750586902028578,1.1817208895993885,1439,50802,407
full,Early,extract,relative,202407,1.4408564970452336,1.2197997404767487,0.2210567565684848,1.181223810133036,1734,54268,408
full,Early,abundant,relative,202302,1.1764922319567102,0.9967571956114363,0.1797350363452738,1.1803197781130836,1244,44345,409
full,Early,screen,relative,202301,0.9851788198971168,0.8350777614467487,0.15010105845036803,1.179745007447357,1104,37152,410
full,Early,needs,relative,202306,2.54068362588181,2.155890622615296,0.3847930032665141,1.1784844737622748,2802,95914,411
full,Early,causing,relative,202408,1.4840365663742714,1.2609557315730289,0.22308083480124252,1.1769140892225864,1675,56099,412
full,Early,worldwide,relative,202301,2.6732894735304167,2.2751328578778662,0.39815661565255067,1.1750036769386434,2953,101219,413
full,Early,raw,relative,202606,0.6932092568747373,0.5902322065522765,0.10297705032246088,1.1744687077040081,973,26259,414
full,Early,possess,relative,202311,0.7279653217291597,0.6198348500660946,0.10813047166306515,1.174450455071274,781,27576,415
full,Early,respond,relative,202504,0.9091459717386883,0.774254106664371,0.13489186507431722,1.1742216979067197,1049,34446,416
full,Early,nature,relative,202403,2.441248899944166,2.079984679451922,0.36126422049224427,1.1736860007004657,2702,92537,417
full,Early,becoming,relative,202305,0.7076846778811511,0.6030442846106487,0.1046403932705024,1.173520247087762,771,26829,418
full,Early,paper,relative,202301,4.941179489588384,4.2111502391475515,0.7300292504408328,1.1733562587376627,5333,187351,419
full,Early,greatly,relative,202301,1.1593431943703114,0.9929810041837055,0.1663621901866058,1.1675381396881466,1276,44177,420
full,Early,development,relative,202503,13.610668562886948,11.661081424801981,1.949587138084967,1.1671875074929488,16575,518793,421
full,Early,adopted,relative,202302,1.0330283026557414,0.8854944124729403,0.1475338901828013,1.1666118815710875,1112,39395,422
full,Early,field,relative,202402,5.305077156542317,4.553052904666676,0.7520242518756409,1.165169232078294,5835,202562,423
full,Early,involve,relative,202501,0.7436068888647499,0.6388281938543833,0.1047786950103666,1.1640170174365383,925,28421,424
full,Early,mainly,relative,202301,3.71046734171057,3.1887014554295905,0.5217658862809795,1.1636295820019582,4136,141863,425
full,Early,introduced,relative,202501,1.5767436258587297,1.3556302452254219,0.2211133806333079,1.1631074412894498,1924,60311,426
full,Early,positively,relative,202301,2.3647770145660845,2.0334790838330234,0.3312979307330613,1.1629217302341652,2666,90468,427
full,Early,content,relative,202409,4.283920480998172,3.6862821080229016,0.5976383729752704,1.1621249691320579,4905,164000,428
full,Early,supply,relative,202301,0.7981127348366581,0.6872218851871473,0.11089084964951076,1.1613610567994535,894,30574,429
full,Early,environment,relative,202302,3.9066708346654155,3.369239369403005,0.5374314652624106,1.1595112149474966,4155,149895,430
full,Early,trend,relative,202506,1.6315466484026073,1.4071707627479615,0.2243758856546459,1.1594517819688626,2017,62604,431
full,Early,factors,relative,202503,13.661515864295321,11.784122328822207,1.877393535473114,1.1593155165133757,17256,524267,432
full,Early,contents,relative,202301,0.9543394859058982,0.8264689440847197,0.12787054182117844,1.1547191128431205,1075,36769,433
full,Early,project,relative,202510,1.0473680005018948,0.908151561039325,0.13921643946256979,1.1532964820357132,1405,40403,434
full,Early,predict,relative,202307,3.104477806029709,2.691885032053797,0.412592773975912,1.1532728066254452,3322,119760,435
full,Early,direction,relative,202308,1.058845244758995,0.9193227940130284,0.13952245074596667,1.1517665521344502,1101,40900,436
full,Early,develop,relative,202308,4.549980032737679,3.956639432384483,0.5933406003531961,1.149960745853361,4793,176028,437
full,Early,problems,relative,202302,2.3541248978268214,2.0493256014315366,0.30479929639528475,1.1487315125436242,2504,91173,438
full,Early,includes,relative,202410,1.5148178114510797,1.3197114720021252,0.19510633944895464,1.1478401480840053,1805,58713,439
full,Early,applying,relative,202409,1.1302112552747596,0.9855185306479519,0.14469272462680777,1.146818877704589,1288,43845,440
full,Early,heavy,relative,202307,0.9231947379224232,0.8051829126438802,0.11801182527854306,1.14656523806627,971,35822,441
full,Early,solution,relative,202504,2.7890647442464824,2.432698940665918,0.35636580358056474,1.1464898913808934,3375,108229,442
full,Early,materials,relative,202312,6.414395899441601,5.601350617800652,0.8130452816409492,1.1451516495070233,6684,249200,443
full,Early,assist,relative,202402,0.8470197617038201,0.7407853624031142,0.1062343993007058,1.1434078002784511,964,32957,444
full,Early,still,relative,202301,5.346051442657596,4.679937432104415,0.6661140105531809,1.1423339564293387,5920,208207,445
full,Early,speed,relative,202502,1.2517594774110492,1.0968937004360828,0.15486577697496634,1.1411857656885054,1431,48800,446
full,Early,therefore,relative,202301,8.426389414425943,7.3875116404472365,1.0388777739787067,1.1406262114418562,9396,328665,447
full,Early,become,relative,202301,2.6681213203703673,2.3433740315361433,0.3247472888342241,1.138581073470949,2928,104255,448
full,Early,beneficial,relative,202301,2.170246401619519,1.9067069430449188,0.2635394585746003,1.1382170760619041,2412,84828,449
full,Early,serious,relative,202304,1.8691319049913404,1.644711185416169,0.2244207195751715,1.1364499260205283,1912,73172,450
full,Early,namely,relative,202310,1.340291002791219,1.1800598211658675,0.1602311816253515,1.1357822533666533,1419,52500,451
full,Early,considerable,relative,202406,1.37184626596118,1.208268870224214,0.16357739573696628,1.1353816189161705,1490,53755,452
full,Early,coefficient,relative,202302,1.5663987460567221,1.3828053371071272,0.1835934089495948,1.1327688026817122,1698,61520,453
full,Early,products,relative,202301,2.88810280432261,2.552705405146005,0.3353973991766044,1.1313889955732752,3139,113568,454
full,Early,layers,relative,202608,0.8891324153019124,0.7862120461855184,0.10292036911639396,1.1309066295991455,955,34978,455
full,Early,surrounding,relative,202405,0.9093153713425018,0.8043737287665094,0.10494164257599248,1.1304637866988998,1061,35786,456
full,Early,elements,relative,202404,1.6107308995264333,1.4262315385260311,0.18449936100040226,1.1293614367770026,1781,63452,457
full,Early,help,relative,202304,4.461607863382549,3.9584376187786403,0.5031702446039094,1.1271133444712869,4596,176108,458
full,Early,noted,relative,202410,1.34943659401543,1.197277455889926,0.15215913812550408,1.1270876164726626,1658,53266,459
full,Early,database,relative,202501,3.3175540204956597,2.945271972320517,0.37228204817514254,1.1263998882527066,4296,131033,460
full,Early,understand,relative,202306,3.4893285326939543,3.1008375727450685,0.38849095994888533,1.125285814182446,3837,137954,461
full,Early,moreover,relative,202301,6.7385452299005335,5.991377246693418,0.7471679832071156,1.1247072171293286,7486,266552,462
full,Early,obtain,relative,202305,1.814603808562903,1.613422742157828,0.2011810664050751,1.1246920978292465,1991,71780,463
full,Early,production,relative,202501,5.222160127649879,4.646064095904474,0.5760960317454051,1.1239965742731006,6414,206700,464
full,Early,regulate,relative,202608,1.5616989393672904,1.3907847892312013,0.17091415013608913,1.1228904367228283,1669,61875,465
full,Early,ways,relative,202304,1.033232656728057,0.9206939111385734,0.1125387455894836,1.1222325294302347,1052,40961,466
full,Early,sources,relative,202410,2.3056546684172012,2.0548999792534244,0.25075468916377663,1.1220276858705696,2781,91421,467
full,Early,undergo,relative,202402,1.0115271165715938,0.9026446152072172,0.10888250136437666,1.1206261019342378,1126,40158,468
full,Early,probability,relative,202608,1.2696555873418853,1.1332395429279916,0.1364160444138937,1.120377059965125,1570,50417,469
full,Early,process,relative,202310,8.145584035439965,7.273506623057653,0.8720774123823118,1.1198977958743792,8439,323593,470
full,Early,phenomenon,relative,202309,1.0363242399181156,0.926043515661192,0.11028072425692345,1.1190880583815581,1056,41199,471
full,Early,proven,relative,202304,1.0481023294577196,0.9377766818830701,0.11032564757464963,1.1176459702038166,1071,41721,472
full,Early,efficiently,relative,202310,1.0608395138125537,0.950184168002757,0.11065534580979672,1.1164567349531713,1089,42273,473
full,Early,find,relative,202301,2.510985855322967,2.2501380669990763,0.2608477883238907,1.1159252368330328,2747,100107,474
full,Early,especially,relative,202302,5.575047930893885,5.000868748801677,0.5741791820922076,1.1148158871855602,5960,222485,475
full,Early,prevent,relative,202304,2.712971350136708,2.43586824418562,0.2771031059510882,1.1137594804696556,2771,108370,476
full,Early,aspects,relative,202405,2.152545793545709,1.9328705550799106,0.21967523846579856,1.1136523280819064,2505,85992,477
full,Early,problem,relative,202304,2.5572570473492697,2.298441849012133,0.25881519833713706,1.112604631893722,2604,102256,478
full,Early,extremely,relative,202301,1.20019329101087,1.0789567911543614,0.12123649985650836,1.1123645551429349,1296,48002,479
full,Early,determining,relative,202411,1.315473067944398,1.1831167380359353,0.13235632990846266,1.1118708962973378,1537,52636,480
full,Early,good,relative,202301,5.082428752119223,4.57119210991774,0.5112366422014833,1.1118388004503892,5601,203369,481
full,Early,concerning,relative,202403,1.0325043906682592,0.92887565923199,0.10362873143626924,1.111563620390216,1172,41325,482
full,Early,decades,relative,202302,1.450040451305598,1.3045167969714946,0.14552365433410341,1.1115536838405948,1511,58037,483
full,Early,element,relative,202301,1.0407807150306554,0.9366752927166482,0.1041054223140072,1.1111435554279105,1153,41672,484
full,Early,reach,relative,202307,1.0830078818951814,0.9749541855822768,0.1080536963129047,1.1108295116948201,1151,43375,485
full,Early,collected,relative,202412,6.7758204111966105,6.101763413964761,0.6740569972318491,1.110469212177118,7942,271463,486
full,Early,survey,relative,202304,3.6778297602145105,3.314799276319886,0.36303048389462467,1.1095180895229542,3833,147473,487
full,Early,literature,relative,202406,5.700334884412191,5.140003421049615,0.5603314633625768,1.1090138308211777,6173,228675,488
full,Early,above,relative,202302,2.1796537716294995,1.9672833471981,0.2123704244313993,1.1079511117368364,2354,87523,489
full,Early,causes,relative,202304,3.0064499532060793,2.7149917272187207,0.2914582259873587,1.1073514232346973,3053,120788,490
full,Early,gain,relative,202401,1.5740905994173253,1.4216461632209294,0.15244443619639586,1.107230927174602,1831,63248,491
full,Early,caused,relative,202302,4.801537990066089,4.340529750207185,0.4610082398589045,1.106210132492906,5078,193107,492
full,Early,original,relative,202304,1.2294701483144872,1.1115938742083205,0.11787627410616668,1.1060425725988445,1261,49454,493
full,Early,according,relative,202303,5.49711389039026,4.971243627957932,0.525870262432327,1.1057824363052473,6683,221167,494
full,Early,added,relative,202301,1.2649317736867183,1.1456020743878244,0.11932969929889392,1.1041633058866973,1415,50967,495
full,Early,operation,relative,202302,1.3509448023984276,1.2243176837920695,0.12662711860635806,1.1034266843342138,1429,54469,496
full,Early,mechanism,relative,202302,6.820476966285118,6.181468025885793,0.639008940399325,1.1033749487538207,7175,275009,497
full,Early,negatively,relative,202302,1.8752381442232742,1.700207713005855,0.17503043121741904,1.1029464987592468,2031,75641,498
full,Early,investigate,relative,202310,8.421013596565667,7.6382687331125005,0.7827448634531664,1.1024767379628717,9050,339821,499
full,Early,terms,relative,202301,3.827806598651805,3.4741185908422416,0.35368800780956333,1.1018065441812732,4309,154561,500
full,Early,better,relative,202302,7.418984103302086,6.736860371051269,0.6821237322508167,1.1012524669773396,7991,299718,501
full,Early,subjected,relative,202402,1.1667338674263463,1.0595813327573143,0.10715253466903207,1.1011272389918314,1343,47140,502
full,Early,variables,relative,202606,3.4838599271915482,3.1640213471697787,0.31983858002176957,1.1010861005434953,5387,140765,503
full,Early,changed,relative,202302,1.2041643943522078,1.0938592608959419,0.11030513345626577,1.100840334218059,1288,48665,504
full,Early,discussed,relative,202302,2.725298847305461,2.4758778914556254,0.2494209558498356,1.1007404107894818,2777,110150,505
full,Early,regarding,relative,202406,4.973657037717852,4.519921320354324,0.45373571736352925,1.1003857556812429,5518,201088,506
full,Early,consumption,relative,202301,1.9437702409516762,1.7665607909502679,0.17720945000140842,1.1003132475877515,2169,78593,507
full,Early,addition,relative,202301,9.889463010400364,8.98983058162114,0.8996324287792234,1.1000722339104407,11011,399951,508
full,Early,make,relative,202305,2.074901474929574,1.886702119409916,0.18819935551965783,1.0997504341483004,2275,83938,509
full,Early,however,relative,202503,25.632049638865922,23.32128623373681,2.3107634051291126,1.0990838747901623,31896,1037547,510
full,Early,divided,relative,202312,2.7357406237289683,2.489611540041003,0.24612908368796504,1.0988624448952833,2983,110761,511
full,Early,record,relative,202305,1.18342236438228,1.0777654926682323,0.1056568717140478,1.0980332664506378,1315,47949,512
full,Early,shows,relative,202303,3.1713835739240857,2.8891910341527294,0.2821925397713563,1.0976718176249327,3711,128538,513
full,Early,material,relative,202307,3.5128064404219206,3.2024126266850415,0.310393813736879,1.0969249905994098,3655,142473,514
full,Early,successfully,relative,202312,2.863628917028617,2.6165634994685236,0.24706541756009323,1.0944236276361254,2905,116409,515
full,Early,suitable,relative,202302,2.0374591356083807,1.8741372919807402,0.16332184362764027,1.0871450796729136,2164,83379,516
full,Early,best,relative,202305,3.7772941312787633,3.4749502520495392,0.30234387922922423,1.0870066784555839,4168,154598,517
full,Early,must,relative,202304,1.8488235728188682,1.7021857180394284,0.14663785477943975,1.086146801271683,1877,75729,518
full,Early,necessary,relative,202306,2.6832181003808504,2.475338435537378,0.2078796648434727,1.083980300171901,2940,110126,519
full,Early,ability,relative,202407,4.993038570639281,4.617090817628611,0.37594775301066985,1.0814252454327422,5958,205411,520
full,Early,lead,relative,202311,3.977078599795077,3.6783476105586805,0.29873098923639607,1.0812133655826572,4335,163647,521
full,Early,called,relative,202305,1.3489467331731904,1.248503290793488,0.10044344237970237,1.0804510834055274,1472,55545,522
full,Early,way,relative,202305,2.8565420928259724,2.645604209734168,0.21093788309180447,1.0797314588159805,3141,117701,523
full,Early,hence,relative,202301,1.6616434173471446,1.5393149853886117,0.12232843195853285,1.0794693958804344,1845,68483,524
full,Early,area,relative,202301,5.569853791051198,5.164121596061253,0.40573219498994534,1.078567513843865,6274,229748,525
full,Early,consider,relative,202304,1.59448861955193,1.481997794074841,0.11249082547708911,1.0759048535205906,1628,65933,526
full,Early,perform,relative,202302,1.7034629134295882,1.5838875306337912,0.11957538279579703,1.0754948697322904,1827,70466,527
full,Early,difficult,relative,202302,2.185538102223182,2.032220353357113,0.15331774886606886,1.075443466852793,2312,90412,528
full,Early,affect,relative,202301,3.905501092326575,3.6417994720974303,0.2637016202291447,1.0724097035681293,4357,162021,529
full,Early,needed,relative,202306,4.78386060491923,4.462896334329605,0.3209642705896257,1.0719183791298705,5300,198551,530
full,Early,information,relative,202301,7.955657539686424,7.425251077394616,0.5304064622918075,1.0714327982667917,8882,330344,531
full,Early,successful,relative,202403,2.2890442098581687,2.1382009639627713,0.15084324589539727,1.0705468047380524,2528,95127,532
full,Early,types,relative,202301,4.933511633460958,4.614663265996497,0.3188483674644603,1.069094611911105,5465,205303,533
full,Early,wide,relative,202308,3.691220071266165,3.4528775140612553,0.2383425572049097,1.0690272262002636,3791,153616,534
full,Early,third,relative,202304,2.1716722708687812,2.0325575133060174,0.13911475756276348,1.0684432084465296,2259,90427,535
full,Early,produce,relative,202301,1.9452499186424856,1.820978406703459,0.12427151193902669,1.0682443632947833,2123,81014,536
full,Early,functions,relative,202401,3.7584704410214638,3.523748535320989,0.23472190570047458,1.0666114234167658,4207,156769,537
full,Early,areas,relative,202412,3.834155613076419,3.5990475905763355,0.23510802250008359,1.0653250663080103,4399,160119,538
full,Early,action,relative,202302,2.335851913483829,2.1959002698853007,0.1399516435985279,1.0637331510532753,2480,97694,539
full,Early,history,relative,202509,3.430153455079582,3.2261711644178472,0.20398229066173473,1.063227361558339,4246,143530,540
full,Early,average,relative,202407,4.410704113236146,4.155676188887793,0.25502792434835275,1.0613685746330026,5426,184883,541
full,Early,interest,relative,202304,2.8519434242857375,2.6879514993165774,0.16399192496916043,1.0610100014865804,2901,119585,542
full,Early,prepared,relative,202301,2.2754151723568854,2.146270325406553,0.12914484695033224,1.0601717525614436,2465,95486,543
full,Early,commonly,relative,202404,3.1724006206653437,2.9934633676839386,0.17893725298140511,1.0597759955619066,3519,133177,544
full,Early,knowledge,relative,202306,5.2044996979377425,4.914825529841241,0.2896741680965015,1.058938850695247,5685,218657,545
full,Early,main,relative,202302,6.213421754681338,5.87114600891406,0.3422757457672787,1.0582979447705112,6718,261203,546
full,Early,cause,relative,202306,5.5445613232637125,5.239285787337037,0.3052755359266752,1.0582666318116305,6026,233092,547
full,Early,leads,relative,202309,2.1840581651289135,2.0728593658650727,0.11119879926384073,1.053645124746528,2234,92220,548
full,Early,new,relative,202301,13.23797045166909,12.569682532439844,0.6682879192292462,1.0531666505899833,14433,559216,549
full,Early,different,relative,202301,18.133109904871418,17.22192789407423,0.9111820107971846,1.0529082467654918,20202,766191,550
full,Early,common,relative,202304,9.030752054116716,8.577281668141556,0.4534703859751618,1.0528687763233284,9214,381597,551
full,Early,play,relative,202404,3.7197906747428724,3.5366730000289963,0.18311767471387644,1.051776818131723,4115,157344,552
full,Early,used,relative,202302,27.52425873406069,26.257185159477782,1.267073574582911,1.0482562607867945,29637,1168163,553
full,Early,recent,relative,202506,6.674884631410309,6.372323034295685,0.3025615971146242,1.0474805805490783,7578,283500,554
full,Early,out,relative,202301,6.405476132250183,6.182614369712068,0.22286176253811518,1.0360465248536104,7182,275060,555
full,Early,reaction,relative,202411,4.16282511736677,4.023801694206266,0.13902342316050378,1.034550267067256,4554,179016,556
full,Early,set,relative,202304,3.3212667852465385,3.2107966707478006,0.11047011449873759,1.0344058269105558,3443,142846,557
full,Early,total,relative,202306,14.230131030721399,13.757227304471389,0.47290372625000965,1.0343749300483176,15978,612049,558
full,Early,provided,relative,202301,4.222914861139537,4.083119367883537,0.13979549325600013,1.034237425032338,4698,181655,559
full,Early,because,relative,202608,5.2883054574431325,5.119796301445269,0.16850915599786395,1.0329132539804944,6321,227776,560
full,Early,values,relative,202412,5.386639301691432,5.226923255877204,0.15971604581422744,1.0305564168432435,6224,232542,561
full,Early,changes,relative,202501,9.368006795771862,9.10271173251438,0.2652950632574827,1.0291446187744102,11868,404973,562
full,Early,surface,relative,202608,5.487881140222482,5.351807300951442,0.13607383927103991,1.0254257733171463,6032,238098,563
full,Early,groups,relative,202504,11.591879647529728,11.318504439385048,0.27337520814467997,1.0241529443760622,14906,503552,564
full,Early,thus,relative,202301,7.508687834027531,7.356358061168455,0.152329772859075,1.0207072265368877,8313,327279,565
full,Early,effect,relative,202301,13.76627745089651,13.538185724333083,0.22809172656342858,1.016848027587143,15385,602304,566
full,Early,level,relative,202608,11.430677184965797,11.296948679985084,0.13372850498071243,1.0118375774528958,13795,502593,567
full,Intermediate,findings,absolute,202608,29.791516951340718,12.61391791773612,17.177599033604597,2.361797273902631,34898,561184,1
full,Intermediate,while,absolute,202605,27.123793883414,13.753518545033442,13.370275338380559,1.972134897306604,36818,611884,2
full,Intermediate,potential,absolute,202507,26.065686679354993,16.210088410081802,9.855598269273191,1.6079916419915106,36071,721175,3
full,Intermediate,significant,absolute,202504,28.056171241420536,18.466430220140722,9.589741021279814,1.51930670448805,35143,821558,4
full,Intermediate,including,absolute,202605,24.42447014445502,15.695335077424286,8.729135067030736,1.5561611156417088,33065,698274,5
full,Intermediate,key,absolute,202601,14.990351467007265,6.519234862698356,8.471116604308909,2.299403500981196,19593,290036,6
full,Intermediate,strategies,absolute,202603,13.189217840897077,4.953666355955043,8.235551484942032,2.6625163854730904,17706,220385,7
full,Intermediate,particularly,absolute,202605,11.809496237319198,3.6677158335032245,8.141780403815973,3.2198503846573465,16328,163174,8
full,Intermediate,using,absolute,202606,38.99968891571507,31.416541561594517,7.583147354120551,1.241374351764761,56573,1397699,9
full,Intermediate,through,absolute,202608,20.48548973473548,12.941749774720963,7.543739960014517,1.582899537645957,23146,575769,10
full,Intermediate,outcomes,absolute,202604,17.177053559726197,9.744506933919125,7.432546625807072,1.7627421968304549,24018,433526,11
full,Intermediate,study,absolute,202505,53.67232095317499,46.56163160240661,7.110689350768384,1.1527156395954317,69508,2071493,12
full,Intermediate,revealed,absolute,202601,16.126550363102798,9.253736912293682,6.872813450809116,1.7427068130366354,21221,411692,13
full,Intermediate,demonstrated,absolute,202604,15.00854277114926,8.47676304870815,6.531779722441112,1.770551174417521,20487,377125,14
full,Intermediate,conducted,absolute,202510,15.119098973643535,8.732644972596766,6.386454001046769,1.7313310023581177,21066,388509,15
full,Intermediate,insights,absolute,202507,8.228863359571776,2.1016303481715926,6.1272330114001825,3.9154665646748215,11306,93500,16
full,Intermediate,critical,absolute,202511,10.612408364245322,4.634173588373107,5.978234775872215,2.2900325509754933,13532,206171,17
full,Intermediate,challenges,absolute,202507,8.704933239591888,2.7404585420259764,5.964474697565911,3.1764513515159662,11880,121921,18
full,Intermediate,enhance,absolute,202508,8.200521593910679,2.3499598892047455,5.8505617047059335,3.4896432196916494,9939,104548,19
full,Intermediate,significantly,absolute,202508,23.622695584065486,18.069727824259648,5.5529677598058385,1.3073077698686009,29360,803909,20
full,Intermediate,exhibited,absolute,202601,8.973316882492536,3.4526752180919122,5.520641664400625,2.598946126027908,12010,153607,21
full,Intermediate,highlights,absolute,202510,6.536457817967416,1.5069701076237039,5.029487710343712,4.337483394594044,8188,67044,22
full,Intermediate,highlight,absolute,202512,7.156906776104122,2.142246883349626,5.014659892754496,3.3408412595814134,9094,95307,23
full,Intermediate,identified,absolute,202607,17.21680175146202,12.433380003762704,4.783421747699318,1.3847241656131892,25097,553152,24
full,Intermediate,comprehensive,absolute,202507,7.266939683434424,2.617597456645164,4.64934222678926,2.7761868674597796,10207,116455,25
full,Intermediate,enhancing,absolute,202508,5.624083925429293,1.0724608428054676,4.551623082623825,5.244092558864118,6764,47713,26
full,Intermediate,promising,absolute,202601,8.794414353364795,4.325941963084582,4.468472390280213,2.032947836196582,11283,192458,27
full,Intermediate,included,absolute,202607,16.3333255901627,11.886866203918384,4.446459386244317,1.3740648973384244,25764,528838,28
full,Intermediate,enhanced,absolute,202601,8.848282099162144,4.432192301649365,4.41608979751278,1.9963669211440593,11518,197185,29
full,Intermediate,aimed,absolute,202510,11.6577572563485,7.332127499507185,4.325629756841315,1.5899556107189972,16173,326201,30
full,Intermediate,highlighting,absolute,202604,4.987617402220441,0.7037202453535426,4.283897156866899,7.087500232020053,6470,31308,31
full,Intermediate,approach,absolute,202507,12.975628208846219,8.70151387064791,4.2741143381983075,1.4911920387342967,17917,387124,32
full,Intermediate,targeted,absolute,202605,6.938099206815715,2.7561027636551465,4.1819964431605685,2.5173586770089806,9314,122617,33
full,Intermediate,essential,absolute,202512,8.078435385041681,3.922226640266293,4.156208744775388,2.0596554268707963,10309,174497,34
full,Intermediate,need,absolute,202509,9.920186712014829,5.9304412052614035,3.9897455067534255,1.6727569448313186,12488,263841,35
full,Intermediate,offering,absolute,202511,4.235765918329482,0.3662231365001044,3.8695427818293773,11.56607951864962,5301,16293,36
full,Intermediate,notably,absolute,202508,4.9276394227124785,1.089386272240475,3.838253150472003,4.523316979732176,5995,48466,37
full,Intermediate,often,absolute,202603,8.789758269525272,4.969310577584213,3.820447691941059,1.7688083955095308,11757,221081,38
full,Intermediate,offers,absolute,202601,4.882696515122397,1.145130050459358,3.7375664646630398,4.2638794721732705,6261,50946,39
full,Intermediate,thereby,absolute,202601,5.293756467926671,1.5565101427827428,3.737246325143928,3.401042063537373,6837,69248,40
full,Intermediate,further,absolute,202608,16.797926876007963,13.117207812130879,3.680719063877083,1.2806023291384565,19559,583575,41
full,Intermediate,effectively,absolute,202505,5.623235638805707,2.1011358469131993,3.522099791892508,2.6762837096263246,7146,93478,42
full,Intermediate,despite,absolute,202607,8.208094492315139,4.689377910673742,3.5187165816413972,1.7503589279149927,11575,208627,43
full,Intermediate,address,absolute,202507,5.818812778257561,2.3777868236543327,3.4410259546032282,2.447154942727306,8149,105786,44
full,Intermediate,improving,absolute,202507,5.98523618039388,2.56104449454891,3.4241916858449697,2.337029361705053,8475,113939,45
full,Intermediate,effective,absolute,202506,12.102895843575096,8.687690312742824,3.415205530832273,1.393108571771137,14312,386509,46
full,Intermediate,learning,absolute,202507,6.094880382833931,2.7355584841018974,3.3593218987320337,2.2280205004774087,8520,121703,47
full,Intermediate,accuracy,absolute,202507,6.419015038143695,3.081192386388898,3.3378226517547973,2.0832892702512047,9040,137080,48
full,Intermediate,efficacy,absolute,202601,8.229508729781934,4.969692692192972,3.2598160375889624,1.6559391575076459,10996,221098,49
full,Intermediate,emerged,absolute,202608,4.52359786931092,1.368419845953867,3.1551780233570526,3.305709050249643,5209,60880,50
full,Intermediate,providing,absolute,202604,5.632750932312045,2.514066875001545,3.1186840573105004,2.240493675136857,7388,111849,51
full,Intermediate,future,absolute,202507,9.5041346279333,6.421660773485384,3.082473854447916,1.480011941330699,13292,285695,52
full,Intermediate,applications,absolute,202507,7.053662431094544,4.072307772188665,2.9813546589058793,1.7321044542032606,9433,181174,53
full,Intermediate,employed,absolute,202504,5.209159689927045,2.2362021224443556,2.972957567482689,2.329467286361842,6589,99487,54
full,Intermediate,valuable,absolute,202505,4.4448628280282705,1.490067155518623,2.954795672509648,2.982994968761137,5618,66292,55
full,Intermediate,elevated,absolute,202604,5.549817887070152,2.5994807287240267,2.9503371583461244,2.13497173714164,7584,115649,56
full,Intermediate,role,absolute,202506,15.103279174207987,12.321802538005231,2.781476636202755,1.2257361800453788,17621,548188,57
full,Intermediate,offer,absolute,202508,4.149374757888762,1.3738368824662668,2.7755378754224957,3.020281964216845,4986,61121,58
full,Intermediate,diverse,absolute,202510,4.977586796209566,2.2126234033509653,2.7649633928586006,2.2496312696824634,6393,98438,59
full,Intermediate,achieving,absolute,202602,3.646691408848994,0.9098148834539204,2.7368765253950738,4.008168557327947,4408,40477,60
full,Intermediate,quality,absolute,202512,10.26425503153114,7.529928002864512,2.734327028666629,1.3631279113992119,13584,335001,61
full,Intermediate,global,absolute,202603,6.145450284631258,3.412822912131397,2.7326273724998615,1.8006941593090937,8362,151834,62
full,Intermediate,importance,absolute,202509,7.077015373604918,4.345699536090388,2.731315837514531,1.628510051104859,8732,193337,63
full,Intermediate,complex,absolute,202603,8.911649477681499,6.180703796668276,2.7309456810132233,1.4418502764176058,11612,274975,64
full,Intermediate,indicating,absolute,202605,5.235107115697684,2.525215630645322,2.7098914850523617,2.0731327068333747,7338,112345,65
full,Intermediate,leading,absolute,202503,6.416635829165589,3.7147159303805166,2.701919898785072,1.727355725019948,7816,165265,66
full,Intermediate,primarily,absolute,202603,4.1086078993279935,1.427153109053037,2.6814547902749566,2.8788837534426777,5651,63493,67
full,Intermediate,reducing,absolute,202507,5.4285073029822914,2.79827023459814,2.630237068384152,1.9399510582872208,7676,124493,68
full,Intermediate,traditional,absolute,202507,4.922874661517242,2.347352518933217,2.5755221425840253,2.0972029645357666,6844,104432,69
full,Intermediate,precision,absolute,202605,3.5653193277810664,1.0001063177705545,2.565213010010512,3.564940311275012,4666,44494,70
full,Intermediate,demonstrates,absolute,202601,4.144050404946807,1.612860808909654,2.531189596037153,2.569378821814338,5355,71755,71
full,Intermediate,limitations,absolute,202605,4.407225884844887,1.9024137730288673,2.504812111816019,2.3166494835810942,5895,84637,72
full,Intermediate,challenge,absolute,202605,4.731759396650848,2.331843161283609,2.3999162353672396,2.0291928184596078,6131,103742,73
full,Intermediate,effectiveness,absolute,202507,5.167530839992312,2.7909426250419482,2.3765882149503645,1.8515360343226848,7403,124167,74
full,Intermediate,novel,absolute,202507,11.006562382465855,8.641679218382322,2.3648831640835324,1.2736601422386777,15028,384462,75
full,Intermediate,sustainable,absolute,202602,3.1146405720552868,0.7807950096731189,2.333845562382168,3.9890631131969405,3722,34737,76
full,Intermediate,data,absolute,202512,25.239483228956473,22.917683297568153,2.321799931388319,1.1013104117567891,33651,1019591,77
full,Intermediate,underscore,absolute,202510,2.4628749566782715,0.1588472905938893,2.304027666084382,15.5046708538132,3283,7067,78
full,Intermediate,superior,absolute,202512,4.186755427946904,1.8918494279631923,2.2949059999837123,2.2130489699988756,5463,84167,79
full,Intermediate,enhances,absolute,202602,2.9118358079940245,0.6258587744865223,2.2859770335075025,4.652544514348309,3509,27844,80
full,Intermediate,addressing,absolute,202504,3.0106034231053984,0.7338623447856079,2.2767410783197906,4.102408911558097,3728,32649,81
full,Intermediate,making,absolute,202507,4.760658055258508,2.485498188664368,2.2751598665941404,1.9153737777683688,6674,110578,82
full,Intermediate,assess,absolute,202506,9.442857920112548,7.184721169846122,2.2581367502664262,1.3142970613450806,11680,319643,83
full,Intermediate,linked,absolute,202511,5.13096939571681,2.889797922060758,2.2411714736560517,1.7755460880315945,6691,128565,84
full,Intermediate,presents,absolute,202507,3.912935641056851,1.679213886854066,2.233721754202785,2.3302187241838297,5226,74707,85
full,Intermediate,efficiency,absolute,202511,5.4962264021848295,3.2718226214995214,2.224403780685308,1.6798668626069444,6932,145561,86
full,Intermediate,underscores,absolute,202509,2.2687687322986165,0.10000164084508467,2.168767091453532,22.68731505929217,2717,4449,87
full,Intermediate,effects,absolute,202511,17.01642344470471,14.880801595530787,2.1356218491739214,1.1435152424729136,22222,662036,88
full,Intermediate,explores,absolute,202506,2.545148740668915,0.4145943505029416,2.1305543901659734,6.138889103484918,2844,18445,89
full,Intermediate,targeting,absolute,202601,4.627067292410671,2.5302055978891085,2.0968616945215626,1.828731742697481,6015,112567,90
full,Intermediate,advanced,absolute,202510,4.725281032049943,2.684894582446509,2.040386449603434,1.7599503023110161,6141,119449,91
full,Intermediate,improve,absolute,202505,9.228401362682929,7.207310886422726,2.0210904762602024,1.280422269569025,11909,320648,92
full,Intermediate,exhibits,absolute,202608,2.9804405237847313,1.010738094826011,1.9697024289587206,2.9487762844219167,3115,44967,93
full,Intermediate,demonstrating,absolute,202603,2.8792734734498104,0.9218627322947761,1.9574107411550343,3.1233212631152663,3813,41013,94
full,Intermediate,focusing,absolute,202504,2.9725791282394556,1.0317543983077269,1.940824729931729,2.881091791917776,3654,45902,95
full,Intermediate,existing,absolute,202607,4.53713562082007,2.6201823495867655,1.9169532712333046,1.731610634479555,6409,116570,96
full,Intermediate,incorporating,absolute,202606,2.5316653727281175,0.6308936963901635,1.900771676337954,4.012824010152196,3633,28068,97
full,Intermediate,precise,absolute,202508,2.9257098848387937,1.0434426098697507,1.8822672749690432,2.803901103103313,3472,46422,98
full,Intermediate,suggesting,absolute,202607,5.245649558239197,3.402236089735794,1.8434134685034034,1.5418240885942036,7593,151363,99
full,Intermediate,underlying,absolute,202605,5.866315727544779,4.02993800527633,1.8363777222684494,1.4556838640852814,7786,179289,100
full,Intermediate,like,absolute,202506,7.063127343158277,5.227395279805671,1.8357320633526055,1.3511752919172488,8260,232563,101
full,Intermediate,advancements,absolute,202504,2.0636608489940986,0.24587951207111297,1.8177813369229856,8.39297602151272,2425,10939,102
full,Intermediate,exhibit,absolute,202508,3.5010186097010405,1.6980274120029393,1.8029911976981012,2.061815130281878,4162,75544,103
full,Intermediate,involving,absolute,202607,3.915191436454006,2.1188255055657246,1.7963659308882816,1.8478121139138606,5608,94265,104
full,Intermediate,identifying,absolute,202505,3.580884902162334,1.7909936485808826,1.7898912535814513,1.9993844785545138,4616,79680,105
full,Intermediate,promoting,absolute,202511,3.29180994266561,1.5086783846981533,1.7831315579674565,2.1819162891527832,4208,67120,106
full,Intermediate,investigates,absolute,202507,2.1730547331407086,0.4178535633423521,1.7552011697983567,5.2005174151412,3020,18590,107
full,Intermediate,reveal,absolute,202603,3.7922135877509073,2.052225176992115,1.7399884107587922,1.8478545289601411,4798,91302,108
full,Intermediate,underscoring,absolute,202602,1.7789025320338574,0.056170847487495304,1.7227316845463623,31.66949781966304,2202,2499,109
full,Intermediate,examines,absolute,202608,2.2326940271262616,0.5183721827757569,1.7143218443505046,4.3071254618076305,2379,23062,110
full,Intermediate,emphasizing,absolute,202504,1.880248909768556,0.17923422883765008,1.7010146809309057,10.490456660885242,2250,7974,111
full,Intermediate,challenging,absolute,202608,3.837745301352729,2.1377514173642322,1.6999938839884967,1.7952252400255806,4152,95107,112
full,Intermediate,maintaining,absolute,202512,2.7863950253124607,1.1026703742273138,1.6837246510851465,2.526951925470022,3531,49057,113
full,Intermediate,managing,absolute,202504,2.2649739698695557,0.6041231964471433,1.6608507734224125,3.7491921899206955,2780,26877,114
full,Intermediate,public,absolute,202512,4.795522457368605,3.137902689794641,1.6576197675739646,1.5282572251093125,6348,139603,115
full,Intermediate,optimizing,absolute,202507,2.0128752590798817,0.3732360634373188,1.6396391956425633,5.393035283199326,2796,16605,116
full,Intermediate,efficient,absolute,202602,4.787091840186294,3.1511418371216253,1.6359500030646685,1.5191610176960515,5524,140192,117
full,Intermediate,artificial,absolute,202605,2.5965590894018384,0.9744147296640292,1.6221443597378093,2.6647371087022793,3421,43351,118
full,Intermediate,tailored,absolute,202509,2.20598019965453,0.5850848979990008,1.6208953016555294,3.7703591516359696,2775,26030,119
full,Intermediate,innovative,absolute,202506,2.315300580321099,0.7167795740411116,1.5985210062799873,3.2301430790887777,2677,31889,120
full,Intermediate,pivotal,absolute,202406,2.09447322963624,0.5392311449479842,1.5552420846882558,3.88418445273275,2220,23990,121
full,Intermediate,mitigate,absolute,202505,2.154260585499031,0.6023699647128399,1.5518906207861907,3.576308102489811,2768,26799,122
full,Intermediate,promise,absolute,202509,2.2281637184807033,0.680253912909787,1.547909805570916,3.275488279001189,2739,30264,123
full,Intermediate,combining,absolute,202604,2.7755207269624793,1.2339379810008122,1.5415827459616673,2.249319471235769,3692,54897,124
full,Intermediate,foundation,absolute,202605,2.1183159870461954,0.5850399433391467,1.5332760437070485,3.620805743545977,2807,26028,125
full,Intermediate,influencing,absolute,202507,2.266149443119537,0.735885304479035,1.5302641386405018,3.0794872914656746,3253,32739,126
full,Intermediate,dataset,absolute,202507,2.5236444721339644,1.0119069159822132,1.5117375561517514,2.4939492282097655,3562,45019,127
full,Intermediate,contributing,absolute,202506,2.4810028664069734,0.9779436704625631,1.5030591959444104,2.536958867204969,2966,43508,128
full,Intermediate,gap,absolute,202606,2.6869617970302953,1.190893894190667,1.4960679028396282,2.2562562543461167,3839,52982,129
full,Intermediate,observed,absolute,202606,13.63852519799309,12.145445407398235,1.4930797905948547,1.1229333087846547,20402,540342,130
full,Intermediate,deep,absolute,202507,3.2195202367357867,1.7535688942524794,1.465951342483307,1.835981607160191,4454,78015,131
full,Intermediate,assessments,absolute,202508,2.574287219864834,1.111886079497371,1.4624011403674628,2.315243681284815,3236,49467,132
full,Intermediate,improvements,absolute,202606,2.830182210868254,1.3855026166983633,1.444679594169891,2.042711559515164,4275,61640,133
full,Intermediate,accurate,absolute,202507,3.618510314000482,2.213657360527606,1.4048529534728766,1.6346298115161066,5018,98484,134
full,Intermediate,optimal,absolute,202508,4.17489350534194,2.7766470432083956,1.3982464621335444,1.5035737133221947,5102,123531,135
full,Intermediate,over,absolute,202509,11.780464306182253,10.39302285697203,1.3874414492102236,1.1334973922701879,14799,462378,136
full,Intermediate,advancing,absolute,202601,1.599861588336594,0.2215140864302786,1.3783475019063154,7.222392102093919,2018,9855,137
full,Intermediate,following,absolute,202607,8.219390843987766,6.841986843119701,1.3774040008680655,1.2013163767266204,11993,304395,138
full,Intermediate,notable,absolute,202411,1.7330305873156635,0.3622671264329579,1.3707634608827057,4.783847224504878,2042,16117,139
full,Intermediate,optimize,absolute,202508,2.1637665555227783,0.795090591506671,1.3686759640161072,2.721408828926664,2633,35373,140
full,Intermediate,ensuring,absolute,202507,1.695291511502534,0.3681786642037507,1.3271128472987832,4.604534907444709,2369,16380,141
full,Intermediate,resulting,absolute,202405,5.0121596883404385,3.6902605954199736,1.321899092920465,1.35821293882635,5762,164177,142
full,Intermediate,energy,absolute,202608,5.53127864727922,4.212880993551929,1.3183976537272906,1.312944432977143,5964,187428,143
full,Intermediate,benefits,absolute,202509,3.572316465700106,2.2629276677275216,1.3093887979725845,1.5786260058800285,4509,100676,144
full,Intermediate,theoretical,absolute,202608,2.8568125364223835,1.5474967334820287,1.3093158029403549,1.8460863112739876,3097,68847,145
full,Intermediate,prevalent,absolute,202504,2.592286876156119,1.3225660929028507,1.2697207832532684,1.9600433506248491,3260,58840,146
full,Intermediate,highest,absolute,202512,5.050954306203805,3.7815635095833224,1.269390796620483,1.3356788252804863,6818,168239,147
full,Intermediate,validate,absolute,202510,2.2988027065631846,1.038744847915014,1.2600578586481703,2.213058106788572,3139,46213,148
full,Intermediate,specifically,absolute,202503,3.9226148032103287,2.663675982995451,1.2589388202148781,1.4726321175142074,4888,118505,149
full,Intermediate,utility,absolute,202511,2.549853902060659,1.2952336597116567,1.2546202423490023,1.9686439453930686,3282,57624,150
full,Intermediate,leveraging,absolute,202507,1.3842670997185607,0.13151485740269508,1.2527522423158655,10.525556785420605,1898,5851,151
full,Intermediate,facilitating,absolute,202507,1.738114819873083,0.513966626110071,1.2241481937630119,3.3817659193708978,2381,22866,152
full,Intermediate,guidelines,absolute,202603,3.4891355240162523,2.3147379132091848,1.1743976108070673,1.5073566230134738,4956,102981,153
full,Intermediate,minimal,absolute,202602,2.399010218194563,1.234859551527818,1.1641506666667447,1.942739330336321,2997,54938,154
full,Intermediate,serve,absolute,202511,2.882635962233105,1.7194483074233404,1.1631876548097644,1.6764888771520243,3749,76497,155
full,Intermediate,exhibiting,absolute,202603,1.6140002114076741,0.4510975343043389,1.1629026771033353,3.5779406639779316,2123,20069,156
full,Intermediate,showing,absolute,202511,2.8311701072066806,1.6835070568701174,1.1476630503365632,1.6817096760320296,3680,74898,157
full,Intermediate,education,absolute,202512,3.6786684018680655,2.5405226923255877,1.1381457095424776,1.447996671307282,4929,113026,158
full,Intermediate,assessing,absolute,202507,2.7158449150932484,1.5858430583374372,1.130001856755811,1.7125559183267982,3914,70553,159
full,Intermediate,potentially,absolute,202505,4.279694505285094,3.1499280613055696,1.129766443979524,1.358664205020372,5513,140138,160
full,Intermediate,focus,absolute,202506,4.289427255055297,3.1609419529697833,1.1284853020855135,1.357009182349987,5082,140628,161
full,Intermediate,timely,absolute,202601,1.735066920258713,0.6078993878748742,1.1271675323838388,2.854200801754792,2236,27045,162
full,Intermediate,poses,absolute,202507,1.4936941322710644,0.368673165462144,1.1250209668089204,4.0515401504708635,2073,16402,163
full,Intermediate,adverse,absolute,202605,4.802644671234646,3.678572383857951,1.1240722873766942,1.3055729696415022,6815,163657,164
full,Intermediate,reveals,absolute,202604,2.1012288216927715,0.98019140345526,1.1210374182375116,2.1436923587431567,2658,43608,165
full,Intermediate,influence,absolute,202507,5.685286723273722,4.568135193047673,1.1171515302260502,1.244553079761357,8040,203233,166
full,Intermediate,targets,absolute,202601,3.4930445956642617,2.391520472239711,1.1015241234245507,1.4605957323848244,4568,106397,167
full,Intermediate,varying,absolute,202501,2.3740142707630594,1.2766449078620532,1.0973693629010062,1.8595728977909192,2989,56797,168
full,Intermediate,comprising,absolute,202608,1.8897264190838061,0.7927979038541205,1.0969285152296857,2.3836168207522492,2309,35271,169
full,Intermediate,underwent,absolute,202509,5.984869367717384,4.900395084028126,1.0844742836892574,1.221303438823512,7689,218015,170
full,Intermediate,ultimately,absolute,202508,1.9434094568884948,0.8605445762540046,1.0828648806344903,2.2583483883522426,2338,38285,171
full,Intermediate,complexity,absolute,202607,2.150509798295978,1.067875467500366,1.0826343307956119,2.013820771938691,2943,47509,172
full,Intermediate,introduces,absolute,202507,1.3086762116072121,0.2343036871587239,1.074372524448488,5.585384624018648,1757,10424,173
full,Intermediate,resilience,absolute,202603,1.4303793602420989,0.3581088203964686,1.0722705398456303,3.9942589480440627,1922,15932,174
full,Intermediate,revealing,absolute,202601,1.5823602808639106,0.510347775991829,1.0720125048720817,3.100552907845424,2019,22705,175
full,Intermediate,concerns,absolute,202510,2.3924534406962,1.3254207138035756,1.0670327268926245,1.805052098386593,3181,58967,176
full,Intermediate,differences,absolute,202606,9.247824481617528,8.183501325150985,1.0643231564665427,1.1300571863042872,14046,364078,177
full,Intermediate,practices,absolute,202506,2.605614355547279,1.54266410754773,1.062950247999549,1.6890354438136568,3118,68632,178
full,Intermediate,evaluates,absolute,202509,1.3415137816687228,0.28087671476740345,1.0606370669013194,4.7761658803921945,1682,12496,179
full,Intermediate,subsequently,absolute,202405,2.7767764862469573,1.7190661928145823,1.0577102934323748,1.6152818884190918,3273,76480,180
full,Intermediate,capabilities,absolute,202508,1.5119160658308999,0.4734624775816731,1.0384535882492267,3.1933176068215285,1813,21064,181
full,Intermediate,mitigating,absolute,202505,1.2398163774955324,0.2104552401062099,1.0293611373893226,5.891116690037452,1576,9363,182
full,Intermediate,relationships,absolute,202605,3.090090383477288,2.0671501240636223,1.0229402594136654,1.494855331262908,4201,91966,183
full,Intermediate,ensure,absolute,202510,2.2265173230027804,1.2057738866023202,1.02074343640046,1.8465463116610972,2974,53644,184
full,Intermediate,along,absolute,202507,4.242386308902285,3.2235413168163918,1.0188449920858933,1.316063885010823,5936,143413,185
full,Intermediate,typically,absolute,202604,2.383661700335751,1.3683973686239403,1.0152643317118109,1.7419367758159021,3058,60879,186
full,Intermediate,trends,absolute,202512,2.1394526428232865,1.164033484927939,0.9754191578953473,1.837964861428133,2853,51787,187
full,Intermediate,elucidate,absolute,202601,1.9891357045332476,1.0277983882405803,0.9613373162926672,1.935336469965006,2646,45726,188
full,Intermediate,exceeding,absolute,202605,1.1686983649704992,0.20982587486825477,0.9588724901022444,5.569848645713024,1590,9335,189
full,Intermediate,landscape,absolute,202607,1.4785169978239447,0.5262842029100501,0.9522327949138949,2.809350897573199,2006,23414,190
full,Intermediate,influenced,absolute,202507,2.3960770608422557,1.453226811768321,0.9428502490739349,1.6487977247864374,3434,64653,191
full,Intermediate,underexplored,absolute,202511,0.9769704966221247,0.050349219036410355,0.9266212775857142,19.40388580636419,1269,2240,192
full,Intermediate,face,absolute,202511,2.1863357218656505,1.2639676937832427,0.9223680280824079,1.7297401924266147,2841,56233,193
full,Intermediate,reduces,absolute,202606,2.0596992500891735,1.1478498073805214,0.9118494427086522,1.7943978705624914,2806,51067,194
full,Intermediate,decline,absolute,202604,2.0648730622728015,1.155379712906056,0.9094933493667458,1.7871813389203042,2850,51402,195
full,Intermediate,reliability,absolute,202605,1.9475002360810463,1.043172881910627,0.9043273541704193,1.8669007504432968,2703,46410,196
full,Intermediate,highlighted,absolute,202502,1.8803050610832497,0.9799891074859173,0.9003159535973325,1.9186999597444712,2168,43599,197
full,Intermediate,extensive,absolute,202608,2.4803994252990744,1.6021615998644168,0.8782378254346576,1.5481580793778722,2723,71279,198
full,Intermediate,diversity,absolute,202511,2.6853131977268063,1.807559440737059,0.8777537569897474,1.4856016002615275,3442,80417,199
full,Intermediate,driving,absolute,202605,1.5832293059697313,0.7108006042805377,0.8724287016891936,2.227388801353445,2038,31623,200
full,Intermediate,variations,absolute,202504,2.195487474813178,1.3269491722386093,0.8685383025745688,1.6545377326769153,2739,59035,201
full,Intermediate,growing,absolute,202509,2.803979250907746,1.937995386303259,0.865983864604487,1.4468451631643757,3476,86220,202
full,Intermediate,adoption,absolute,202605,1.3147661100297727,0.4566719121262273,0.8580941979035455,2.879016806416512,1798,20317,203
full,Intermediate,evaluating,absolute,202608,2.279066218089196,1.4266586077946435,0.8524076102945523,1.5974853448732351,2783,63471,204
full,Intermediate,introduce,absolute,202605,1.601526854399783,0.766297131870224,0.835229722529559,2.0899554334636465,1966,34092,205
full,Intermediate,emphasizes,absolute,202504,1.0547073702033285,0.2218512463791832,0.8328561238241452,4.754119651870903,1258,9870,206
full,Intermediate,excellent,absolute,202601,3.2496328161179227,2.4190552014002473,0.8305776147176754,1.3433479377555764,4055,107622,207
full,Intermediate,outperforming,absolute,202605,0.8696706623978395,0.050551515005753084,0.8191191473920865,17.203651805467462,1156,2249,208
full,Intermediate,urgent,absolute,202510,1.489602475727376,0.6720946421462974,0.8175078335810786,2.216358206591875,1959,29901,209
full,Intermediate,categorized,absolute,202503,1.5487027697973559,0.7325811369797706,0.8161216328175853,2.114035827051498,2020,32592,210
full,Intermediate,exceptional,absolute,202508,0.9941620917656265,0.17831265831064433,0.8158494334549823,5.575387082355444,1141,7933,211
full,Intermediate,globally,absolute,202508,1.5448643892683547,0.7342444593943663,0.8106199298739883,2.104019130825474,1913,32666,212
full,Intermediate,alternative,absolute,202511,3.8096587381130913,3.003128619552535,0.8065301185605562,1.2685632953944972,4892,133607,213
full,Intermediate,pose,absolute,202508,1.2291920587620808,0.42781102049999925,0.8013810382620815,2.873212703416281,1478,19033,214
full,Intermediate,applicability,absolute,202604,1.332987537139305,0.5357696361392309,0.7972179010000741,2.4879863419376393,1779,23836,215
full,Intermediate,reduce,absolute,202510,5.43891450882565,4.642063131177473,0.7968513776481765,1.1716588842353923,7313,206522,216
full,Intermediate,disparities,absolute,202512,1.2213561036738552,0.425900447456207,0.7954556562176484,2.8677032648561394,1637,18948,217
full,Intermediate,though,absolute,202510,2.1416185143155775,1.3487297049378424,0.7928888093777352,1.587878213458846,2863,60004,218
full,Intermediate,interplay,absolute,202507,1.2737703170819394,0.48256579620209566,0.7912045208798438,2.6395785343818527,1753,21469,219
full,Intermediate,emphasize,absolute,202510,1.140319711278633,0.35561383677457514,0.7847058745040578,3.2066235712911406,1499,15821,220
full,Intermediate,directions,absolute,202509,1.447366555388852,0.6652840111784258,0.7820825442104263,2.17556191200975,1691,29598,221
full,Intermediate,processes,absolute,202501,5.294552324297682,4.520752981561622,0.7737993427360603,1.1711660305024594,6437,201125,222
full,Intermediate,experiments,absolute,202502,4.106317811063111,3.343030802708159,0.7632870083549514,1.2283218592352243,4624,148729,223
full,Intermediate,roles,absolute,202509,3.420965593085886,2.6627319351385177,0.7582336579473683,1.2847577887737784,4168,118463,224
full,Intermediate,indicate,absolute,202605,4.861173776376731,4.10386594340613,0.7573078329706009,1.184535226884641,6552,182578,225
full,Intermediate,shaping,absolute,202604,1.0017542332550171,0.2459019894010398,0.7558522438539774,4.073794749261924,1327,10940,226
full,Intermediate,contribute,absolute,202607,3.9123603852627515,3.157772649450081,0.7545877358126708,1.2389620215198458,5610,140487,227
full,Intermediate,cost,absolute,202511,3.733503436725532,2.9923844558474437,0.7411189808780881,1.2476683700952467,4840,133129,228
full,Intermediate,serves,absolute,202605,1.2026219307768697,0.4673711211714644,0.7352508096054053,2.573162688705501,1570,20793,229
full,Intermediate,reduction,absolute,202601,5.8398841321682236,5.113435217075938,0.7264489150922857,1.142066709414126,7796,227493,230
full,Intermediate,damage,absolute,202504,3.4578702823441505,2.7339401163471555,0.723930165996995,1.2647937171953296,4247,121631,231
full,Intermediate,implications,absolute,202509,3.390384068742803,2.6735435308333897,0.716840537909413,1.2681237577178934,4219,118944,232
full,Intermediate,scenarios,absolute,202605,1.4089525388903714,0.6936504015462605,0.7153021373441111,2.031214190534,1901,30860,233
full,Intermediate,curve,absolute,202507,2.630408067933345,1.915248328417167,0.7151597395161777,1.3734031398984239,3898,85208,234
full,Intermediate,encompassing,absolute,202407,0.8855891903033436,0.17685163186539138,0.7087375584379522,5.007526257814798,1055,7868,235
full,Intermediate,collaboration,absolute,202508,1.232968328513027,0.5252502457334094,0.7077180827796178,2.3473921973923644,1489,23368,236
full,Intermediate,studies,absolute,202506,18.171079269714284,17.46641381168988,0.704665458024406,1.040344026290777,21733,777068,237
full,Intermediate,necessitating,absolute,202505,0.804954142185267,0.10218194184800067,0.7027722003372663,7.87765555857869,1017,4546,238
full,Intermediate,undergoing,absolute,202604,2.8581236673966908,2.165286146524769,0.692837520871922,1.3199750397811898,4047,96332,239
full,Intermediate,addresses,absolute,202509,0.9972995814165279,0.30704032680239524,0.6902592546141326,3.2481061748555558,1216,13660,240
full,Intermediate,guiding,absolute,202510,0.965030963095492,0.28240517320243735,0.6826257898930546,3.4171858544663625,1272,12564,241
full,Intermediate,contributes,absolute,202604,1.894717190424084,1.2141579306650796,0.6805592597590044,1.5605195523338666,2484,54017,242
full,Intermediate,expanding,absolute,202603,1.093923450302047,0.4170443794649811,0.6768790708370659,2.623038468245088,1423,18554,243
full,Intermediate,cases,absolute,202509,8.147300256783641,7.476566821617886,0.6707334351657546,1.0897114211868453,10207,332627,244
full,Intermediate,confirm,absolute,202511,2.1573078280157336,1.4881116278149762,0.6691962002007575,1.4496948936440686,2821,66205,245
full,Intermediate,evolving,absolute,202607,1.0401185147374565,0.371617695682577,0.6685008190548797,2.798893935411219,1367,16533,246
full,Intermediate,widespread,absolute,202603,1.723396922044038,1.0561423012784878,0.66725462076555,1.6317847698722234,2322,46987,247
full,Intermediate,awareness,absolute,202511,1.7926297905077393,1.1290138049017213,0.663615985606018,1.5877837655526141,2328,50229,248
full,Intermediate,evaluations,absolute,202507,1.2260948399522176,0.5679346952647233,0.6581601446874942,2.158865887530811,1753,25267,249
full,Intermediate,focused,absolute,202510,2.946514535005475,2.2912940580953562,0.6552204769101188,1.285960885114315,3964,101938,250
full,Intermediate,accessibility,absolute,202608,0.9909969800066972,0.33666544764614026,0.654331532360557,2.9435660443785925,1157,14978,251
full,Intermediate,advancement,absolute,202501,0.9134441949116381,0.2601750939046651,0.653269101006973,3.5108825414562843,1109,11575,252
full,Intermediate,registration,absolute,202512,2.138855250822101,1.4866730786996507,0.6521821721224502,1.4386856676606365,3084,66141,253
full,Intermediate,advance,absolute,202601,1.2305638398213943,0.5822527544282026,0.6483110853931916,2.1134530158296307,1558,25904,254
full,Intermediate,experiences,absolute,202602,2.034763019286293,1.38671639251442,0.648046626771873,1.4673245591312458,2578,61694,255
full,Intermediate,sustainability,absolute,202510,0.9486147812697832,0.3025673381469285,0.6460474431228547,3.1352187155413653,1248,13461,256
full,Intermediate,comprehensively,absolute,202408,1.0453041058832178,0.4028836616109907,0.642420444272227,2.594555712940586,1192,17924,257
full,Intermediate,perspectives,absolute,202607,1.4378862876930885,0.7958548207241881,0.6420314669689003,1.806719329016169,1957,35407,258
full,Intermediate,influences,absolute,202601,1.6499189060279151,1.0086027484829487,0.6413161575449663,1.6358461331873004,2177,44872,259
full,Intermediate,natural,absolute,202601,3.8938927080941856,3.2566279464688908,0.6372647616252947,1.1956823966693126,4980,144885,260
full,Intermediate,inclusion,absolute,202509,2.6515345727656556,2.015587129211156,0.6359474435544996,1.3155147372881824,3511,89672,261
full,Intermediate,rising,absolute,202511,1.0058935971627743,0.37373056469571203,0.6321630324670624,2.6914940660038433,1329,16627,262
full,Intermediate,cycles,absolute,202608,1.702440310862124,1.0750457357470689,0.6273945751150553,1.5835980314633473,1861,47828,263
full,Intermediate,employs,absolute,202507,0.768688723507816,0.14529346064792706,0.6233952628598889,5.2905940851012625,1058,6464,264
full,Intermediate,include,absolute,202509,3.7549551845277236,3.1326205172618034,0.6223346672659203,1.198662641656289,4682,139368,265
full,Intermediate,innovation,absolute,202512,0.8829247238098901,0.26138886972072145,0.6215358540891686,3.3778206576019967,1101,11629,266
full,Intermediate,facilitates,absolute,202512,1.1368111384439228,0.51760795355824,0.6192031848856829,2.196278342767026,1400,23028,267
full,Intermediate,designed,absolute,202502,3.860601187224952,3.247749401147738,0.6128517860772141,1.1887004538775792,4370,144490,268
full,Intermediate,indicated,absolute,202412,5.742083941460598,5.130877625099265,0.6112063163613333,1.1191231522208656,6610,228269,269
full,Intermediate,search,absolute,202506,2.963847184320662,2.358793479866044,0.605053704454618,1.2565098257304743,3664,104941,270
full,Intermediate,conversely,absolute,202511,1.1421603177845656,0.550851924520227,0.5913083932643386,2.073443455388393,1517,24507,271
full,Intermediate,themes,absolute,202607,1.3969947732297179,0.8071159630175992,0.5898788102121186,1.730847656644918,2087,35908,272
full,Intermediate,transformative,absolute,202509,0.6210215925471733,0.04904553390064614,0.5719760586465271,12.6621435869208,732,2182,273
full,Intermediate,inherent,absolute,202605,1.0173561509377673,0.44597270308099024,0.5713834478567771,2.2812072216738604,1322,19841,274
full,Intermediate,refine,absolute,202512,0.7287056753359684,0.15770094676761387,0.5710047285683546,4.620807232120045,975,7016,275
full,Intermediate,promote,absolute,202512,2.982875370566148,2.4127840263506237,0.5700913442155244,1.2362794754894815,3863,107343,276
full,Intermediate,unexplored,absolute,202511,0.8229358666671561,0.25783745159226035,0.5650984150748957,3.191684767225098,1044,11471,277
full,Intermediate,heightened,absolute,202405,0.7422890034603115,0.1776383384128353,0.5646506650474762,4.1786531561402915,868,7903,278
full,Intermediate,outperformed,absolute,202511,0.7463166744347545,0.18561779053690924,0.5606988838978452,4.020717369148691,1006,8258,279
full,Intermediate,adaptability,absolute,202512,0.6638834251988418,0.109891666012951,0.5539917591858907,6.0412536208214505,849,4889,280
full,Intermediate,strength,absolute,202512,2.5398607715481245,1.9863216456462423,0.553539125901882,1.2786754738917374,3308,88370,281
full,Intermediate,persist,absolute,202606,0.8251203525393759,0.273324331911942,0.5517960206274338,3.0188324133733113,1201,12160,282
full,Intermediate,fostering,absolute,202504,0.6305771982062026,0.08087343307723413,0.5497037651289685,7.797087055819696,777,3598,283
full,Intermediate,prompt,absolute,202607,0.9220677934839663,0.3727190848489984,0.5493487086349679,2.4738947667719464,1179,16582,284
full,Intermediate,minimizing,absolute,202506,0.8171179070219062,0.2774601606185042,0.539657746403402,2.9449918330632276,958,12344,285
full,Intermediate,enhancement,absolute,202605,1.6252340842882047,1.0867564246390196,0.5384776596491849,1.4954906614221741,2119,48349,286
full,Intermediate,aiming,absolute,202505,0.9687155437929872,0.43053077742116247,0.5381847663718248,2.2500494612615136,1233,19154,287
full,Intermediate,initially,absolute,202410,1.606010384943896,1.0699658591835743,0.5360445257603217,1.5009921776096151,1887,47602,288
full,Intermediate,ranging,absolute,202501,1.8977163792337708,1.3622835348838045,0.5354328443499663,1.3930406781255238,2397,60607,289
full,Intermediate,increasing,absolute,202509,6.411189768647896,5.876180930817702,0.5350088378301942,1.0910470327801403,8049,261427,290
full,Intermediate,prevention,absolute,202510,3.165416305595646,2.6304320120334634,0.5349842935621827,1.203382672927787,4254,117026,291
full,Intermediate,distinguishing,absolute,202608,0.8129348654050498,0.28438317823601067,0.528551687169039,2.858589845037853,951,12652,292
full,Intermediate,structures,absolute,202501,3.7103622476498317,3.183554146876314,0.5268081007735175,1.1654779772759383,4401,141634,293
full,Intermediate,facilitate,absolute,202505,2.428579452002723,1.9026610236580643,0.5259184283446585,1.2764120470253422,3081,84648,294
full,Intermediate,concern,absolute,202508,1.8152766177783501,1.2908056257160432,0.5244709920623067,1.4063129115751793,2231,57427,295
full,Intermediate,ethical,absolute,202510,0.959273095220332,0.44291578621092237,0.5163573090094097,2.165813739507387,1256,19705,296
full,Intermediate,friendly,absolute,202508,1.029845888456344,0.513989103439998,0.5158567850163459,2.003633698776585,1228,22867,297
full,Intermediate,closely,absolute,202607,1.846146997399113,1.3319391394823967,0.5142078579167162,1.386059574851552,2622,59257,298
full,Intermediate,tasks,absolute,202507,1.4045839080822078,0.9021501139488242,0.5024337941333836,1.556929258628775,1976,40136,299
full,Intermediate,ongoing,absolute,202509,1.6909702371557354,1.1955017468256954,0.49546849033003987,1.4144439701954525,2112,53187,300
full,Intermediate,formation,absolute,202608,5.200882063732277,4.705516633561306,0.49536543017097145,1.1052733352673458,5537,209345,301
full,Intermediate,viable,absolute,202512,1.1618279010942507,0.6713978449185614,0.4904300561756894,1.7304611712526083,1500,29870,302
full,Intermediate,leverages,absolute,202507,0.536160355503659,0.04706752886707289,0.4890928266365861,11.391300295748936,723,2094,303
full,Intermediate,excessive,absolute,202608,1.2334370503822294,0.7447413724702608,0.4886956779119685,1.6561951517356894,1381,33133,304
full,Intermediate,multifaceted,absolute,202509,0.663511228261891,0.1784924769500601,0.48501875131183086,3.717306407527377,815,7941,305
full,Intermediate,hindered,absolute,202604,0.7047962100208335,0.2210870171616662,0.4837091928591673,3.1878679221831603,885,9836,306
full,Intermediate,generalizability,absolute,202601,0.58975640703013,0.10843063956769801,0.48132576746243194,5.43901990601023,819,4824,307
full,Intermediate,posing,absolute,202510,0.5688899911677184,0.08768406404510572,0.48120592712261273,6.487951914216416,737,3901,308
full,Intermediate,threat,absolute,202601,1.1339329147939916,0.6567201484762505,0.47721276631774107,1.7266607662715847,1484,29217,309
full,Intermediate,outperforms,absolute,202507,0.6621125213210001,0.18588751849603288,0.47622500282496716,3.561898758335033,911,8270,310
full,Intermediate,elucidating,absolute,202511,0.6768840433194575,0.2028129479310405,0.474071095388417,3.3374794372083603,852,9023,311
full,Intermediate,avenues,absolute,202406,0.7038691851648894,0.23059492772077406,0.47327425744411544,3.052405324444951,738,10259,312
full,Intermediate,align,absolute,202602,0.6006024514301951,0.12836803121291943,0.4722344202172756,4.678754092862866,757,5711,313
full,Intermediate,strategic,absolute,202604,0.6794722708894478,0.20728593658650724,0.4721863343029406,3.27794679213986,888,9222,314
full,Intermediate,library,absolute,202504,1.442498345734739,0.9705486289165904,0.4719497168181484,1.4862710664430892,1732,43179,315
full,Intermediate,necessity,absolute,202503,0.7494796582532901,0.27795466187689755,0.47152499637639256,2.6964097424824796,926,12366,316
full,Intermediate,capturing,absolute,202605,0.6625841501802813,0.19352981067120228,0.46905433950907893,3.423680041241705,893,8610,317
full,Intermediate,storage,absolute,202608,1.6323208004390817,1.1637862342987422,0.46853456614033945,1.4025950405081586,1763,51776,318
full,Intermediate,accelerating,absolute,202602,0.6352998314115611,0.16732124397635656,0.46797858743520443,3.796886852582404,755,7444,319
full,Intermediate,alternatives,absolute,202511,0.8492526897512743,0.388228442498607,0.4610242472526673,2.187507654734291,1101,17272,320
full,Intermediate,deeper,absolute,202504,0.8287754429519697,0.37040391986652066,0.45837152308544904,2.2374910158905137,1016,16479,321
full,Intermediate,examining,absolute,202503,1.220099188225173,0.7653530840132914,0.4547461042118818,1.5941651163503832,1541,34050,322
full,Intermediate,solely,absolute,202504,0.7458060791989239,0.2910814225542474,0.4547246566446766,2.5621905810905257,844,12950,323
full,Intermediate,serving,absolute,202601,0.7028779988294187,0.2522181191105181,0.45065987971890065,2.7867862995260397,933,11221,324
full,Intermediate,prevalence,absolute,202509,4.276383527445768,3.8257539402197427,0.4506295872260251,1.1177884396820728,5540,170205,325
full,Intermediate,garnered,absolute,202501,0.4961481987051747,0.047562030125466205,0.44858616857970846,10.4316026333687,591,2116,326
full,Intermediate,innovations,absolute,202512,0.6110396413123542,0.16246614071213128,0.44857350060022294,3.761027612485954,747,7228,327
full,Intermediate,featuring,absolute,202608,0.599346095134452,0.15446421125813037,0.4448818838763217,3.88016156139149,577,6872,328
full,Intermediate,facilitated,absolute,202502,1.0361177669993316,0.597807066737665,0.43831070026166646,1.733197589405563,1175,26596,329
full,Intermediate,resources,absolute,202503,2.155954802684144,1.7181895769474302,0.4377652257367137,1.2547828432962886,2705,76441,330
full,Intermediate,discusses,absolute,202412,0.9917560016414997,0.5586066033450312,0.4331493982964684,1.7754104511165751,986,24852,331
full,Intermediate,alleviating,absolute,202503,0.6080875469371241,0.1763346532770711,0.431752893660053,3.448485794687493,768,7845,332
full,Intermediate,creating,absolute,202501,0.9627527652295773,0.5323306046604047,0.43042216056917265,1.8085617411453478,1190,23683,333
full,Intermediate,disrupting,absolute,202603,0.63020358507436,0.2051730675733722,0.4250305175009879,3.0715707111460535,816,9128,334
full,Intermediate,hold,absolute,202406,0.7983530805602705,0.3737979966854929,0.4245550838747776,2.135787477833892,856,16630,335
full,Intermediate,faces,absolute,202507,0.6438893884359544,0.2205925159032728,0.4232968725326817,2.9189085849054477,891,9814,336
full,Intermediate,designing,absolute,202602,1.0140703828188589,0.5937611473508106,0.42030923546804816,1.7078759486762405,1205,26416,337
full,Intermediate,experience,absolute,202607,3.5974674413691186,3.177957291724499,0.41951014964461963,1.132006226369699,5274,141385,338
full,Intermediate,collaborative,absolute,202608,0.7740257565581421,0.354961994206693,0.41906376235144904,2.180587694431956,911,15792,339
full,Intermediate,covering,absolute,202608,0.8340752653163142,0.42313573587518977,0.4109395294411244,1.9711766097731276,997,18825,340
full,Intermediate,disrupt,absolute,202605,0.6315135091169899,0.22065994789305382,0.410853561223936,2.861930835871775,827,9817,341
full,Intermediate,surpassing,absolute,202507,0.4369604162118688,0.026972795912362693,0.40998762029950614,16.200041613468507,603,1200,342
full,Intermediate,elucidates,absolute,202603,0.46498365047658724,0.05545157292983229,0.4095320775467549,8.385400555994536,596,2467,343
full,Intermediate,capability,absolute,202604,1.2256859044116133,0.8174105801241514,0.40827532428746194,1.4994739904460883,1609,36366,344
full,Intermediate,modifications,absolute,202506,1.2828499204376522,0.8763011845328098,0.4065487359048424,1.4639372205363266,1473,38986,345
full,Intermediate,compromising,absolute,202605,0.5726098387906198,0.16610746816030023,0.4065023706303196,3.4472251316119564,775,7390,346
full,Intermediate,suboptimal,absolute,202606,0.7175588567870742,0.3143679363585871,0.40319092042848703,2.2825446675598084,1057,13986,347
full,Intermediate,hinder,absolute,202508,0.5671779549073396,0.16583774020117661,0.40134021470616293,3.420077686896239,678,7378,348
full,Intermediate,paving,absolute,202504,0.47327450515851416,0.07262425299403653,0.40065025216447764,6.516755569208768,566,3231,349
full,Intermediate,policies,absolute,202510,1.2032439377514335,0.8032273849402339,0.4000165528111995,1.4980115971033081,1635,35735,350
full,Intermediate,varied,absolute,202608,1.9267620473846014,1.5273120912076104,0.39944995617699103,1.2615378732850568,2391,67949,351
full,Intermediate,aligning,absolute,202508,0.44685290259382104,0.04805653138385953,0.39879637120996153,9.298484300177831,543,2138,352
full,Intermediate,flexibility,absolute,202606,0.9234197316400624,0.5297681890487302,0.39365154259133217,1.7430637602046024,1255,23569,353
full,Intermediate,overcoming,absolute,202508,0.5964524781594757,0.20526297689308007,0.3911895012663955,2.905796686706747,706,9132,354
full,Intermediate,standards,absolute,202607,1.104714687780477,0.716442414092207,0.38827227368827005,1.5419448458816383,1601,31874,355
full,Intermediate,incorporates,absolute,202603,0.5589758151180642,0.17183918729167733,0.38713662782638686,3.252900714487591,735,7645,356
full,Intermediate,uncover,absolute,202602,0.6699974331636339,0.28600154599075245,0.38399588717288147,2.3426357044423023,788,12724,357
full,Intermediate,interdisciplinary,absolute,202509,0.6014439530518236,0.2225030889470652,0.3789408641047584,2.703081363490242,734,9899,358
full,Intermediate,mitigated,absolute,202503,0.5639821342008332,0.1858875184960329,0.3780946157048003,3.0339967888315718,706,8270,359
full,Intermediate,inadequate,absolute,202509,0.9164462922622737,0.538646734369883,0.3777995578923907,1.701386518818027,1171,23964,360
full,Intermediate,compromised,absolute,202504,0.7183102648965389,0.34401553453225914,0.3742947303642798,2.088016943401087,805,15305,361
full,Intermediate,satisfaction,absolute,202511,1.3427775551447703,0.9694697170800961,0.3733078380646742,1.3850639493815484,1820,43131,362
full,Intermediate,link,absolute,202605,1.3897800575341832,1.0169418378858543,0.37283821964832886,1.366626886374772,1844,45243,363
full,Intermediate,mitigates,absolute,202604,0.42276839107342945,0.053158885277281465,0.36960950579614804,7.9529205488082,555,2365,364
full,Intermediate,extended,absolute,202603,1.7030020650025477,1.336636901437133,0.36636516356541476,1.2740947546573824,2276,59466,365
full,Intermediate,communities,absolute,202512,1.5737764786483068,1.211325787094281,0.3624506915540256,1.2992181751727332,2074,53891,366
full,Intermediate,warranting,absolute,202607,0.4210250740019228,0.05976722027581033,0.36125785372611247,7.0444145144947425,603,2659,367
full,Intermediate,vision,absolute,202607,0.9854331199032156,0.6254092278879829,0.3600238920152327,1.575661304568593,1356,27824,368
full,Intermediate,emerges,absolute,202406,0.48813676355065244,0.12942446571948696,0.3587122978311655,3.771595739932465,524,5758,369
full,Intermediate,initial,absolute,202509,3.83658243805597,3.4786590114874887,0.35792342656848153,1.102891207613773,4810,154763,370
full,Intermediate,user,absolute,202505,0.9652992104281352,0.6105741901361834,0.3547250202919518,1.5809695627861922,1231,27164,371
full,Intermediate,presenting,absolute,202605,1.757434940540249,1.4037092539392084,0.3537256866010405,1.2519935560789284,2215,62450,372
full,Intermediate,technological,absolute,202509,0.7658442331378764,0.4122791855204636,0.3535650476174128,1.8575864609101482,923,18342,373
full,Intermediate,extracted,absolute,202511,2.3991091459166762,2.04788705231621,0.35122209360046625,1.1715046214112372,3272,91109,374
full,Intermediate,power,absolute,202507,2.392596790901048,2.0440883835585524,0.34850840734249566,1.170495762387621,3304,90940,375
full,Intermediate,productivity,absolute,202606,0.8161568744347621,0.4698436274634311,0.346313246971331,1.737081928387515,1174,20903,376
full,Intermediate,recognizing,absolute,202510,0.5577153342447068,0.21740073505364332,0.34031459919106344,2.565379248175455,701,9672,377
full,Intermediate,balancing,absolute,202603,0.48088481350186535,0.1456530979267585,0.33523171557510684,3.3015762819111316,636,6480,378
full,Intermediate,square,absolute,202512,1.2890325487342056,0.9539154047706335,0.335117143963572,1.3513069841283778,1773,42439,379
full,Intermediate,mitigation,absolute,202603,0.6108475107406944,0.2801799175396674,0.33066759320102707,2.180197339283647,810,12465,380
full,Intermediate,inclusive,absolute,202511,0.4779553662636211,0.1512499530785738,0.3267054131850473,3.1600364597490156,619,6729,381
full,Intermediate,disruptions,absolute,202510,0.44244766949520464,0.11744404886841255,0.3250036206267921,3.7673059959890765,590,5225,382
full,Intermediate,necessitates,absolute,202409,0.43129201208373813,0.1064076798742708,0.32488433220946733,4.05320379688143,481,4734,383
full,Intermediate,initiatives,absolute,202603,0.6301036365144347,0.30521966307831083,0.3248839734361239,2.0644267481311247,875,13579,384
full,Intermediate,behaviors,absolute,202511,1.8530771511095567,1.530953418655779,0.3221237324537777,1.210407272049212,2414,68111,385
full,Intermediate,safer,absolute,202602,0.528551541277579,0.20703868595731062,0.3215128553202684,2.552911977940979,661,9211,386
full,Intermediate,security,absolute,202512,0.6944242140958442,0.372943858148268,0.3214803559475761,1.8620073743640202,894,16592,387
full,Intermediate,leverage,absolute,202507,0.4485586525803195,0.13000887629758817,0.31854977628273135,3.4502155956919136,617,5784,388
full,Intermediate,evidenced,absolute,202601,0.8255607475334745,0.5084821576078906,0.31707858992558396,1.6235785959870297,1104,22622,389
full,Intermediate,functionality,absolute,202504,0.8232268615855961,0.50744820043125,0.315778661154346,1.6222874785761079,992,22576,390
full,Intermediate,fluctuations,absolute,202605,0.6699863909752074,0.358603321654862,0.3113830693203455,1.868321765351734,883,15954,391
full,Intermediate,constructing,absolute,202608,0.5142849072707835,0.2041391103967316,0.3101457968740519,2.519286511395601,520,9082,392
full,Intermediate,stages,absolute,202507,2.24066829558541,1.9325109178010786,0.3081573777843311,1.159459579216748,3178,85976,393
full,Intermediate,policymakers,absolute,202510,0.48530838269500154,0.17918927417779615,0.30611910851720536,2.708356205592229,665,7972,394
full,Intermediate,recommendations,absolute,202506,1.8657755175433652,1.560825790128721,0.30494972741464416,1.1953771710739705,2240,69440,395
full,Intermediate,foster,absolute,202510,0.48312812657095516,0.17838009030042523,0.3047480362705299,2.708419564970942,633,7936,396
full,Intermediate,scholar,absolute,202606,0.6327183702632317,0.33086629652498234,0.30185207373824946,1.912308315801691,992,14720,397
full,Intermediate,adjusting,absolute,202505,1.390694134704367,1.0917913465426607,0.29890278816170623,1.2737728130088517,1849,48573,398
full,Intermediate,informing,absolute,202601,0.4300339761121524,0.13146990274284115,0.29856407336931123,3.270968998534296,580,5849,399
full,Intermediate,proactive,absolute,202605,0.41371263880589004,0.11584815844359775,0.29786448036229235,3.5711628425005277,561,5154,400
full,Intermediate,distinctive,absolute,202405,0.5961887387449081,0.29854389609000104,0.297644842654907,1.9969885385470316,674,13282,401
full,Intermediate,fewer,absolute,202511,1.3225837909027944,1.0314172383588223,0.29116655254397206,1.2822975433368482,1765,45887,402
full,Intermediate,validating,absolute,202603,0.4201130537954134,0.13090796949466688,0.28920508430074654,3.2092244300873416,562,5824,403
full,Intermediate,playing,absolute,202506,0.5497781215354708,0.26066959516305843,0.2891085263724124,2.1090995334210896,647,11597,404
full,Intermediate,delivering,absolute,202608,0.6184626643241944,0.3301245446373924,0.28833811968680195,1.8734222413044492,660,14687,405
full,Intermediate,prompting,absolute,202509,0.36225006235649243,0.07525410059549191,0.2869959617610005,4.813692004687821,440,3348,406
full,Intermediate,rise,absolute,202511,1.2006061134664316,0.9151195333166853,0.28548658014974637,1.3119664369036599,1543,40713,407
full,Intermediate,understudied,absolute,202601,0.4455824337749864,0.16239870872235035,0.28318372505263606,2.743756014321452,598,7225,408
full,Intermediate,unlike,absolute,202608,0.8203185879887692,0.5391412356282763,0.28117735236049296,1.521528189237518,903,23986,409
full,Intermediate,registered,absolute,202512,1.4561961248225137,1.1757216964899626,0.28047442833255104,1.2385551182477013,2100,52307,410
full,Intermediate,overlooked,absolute,202601,0.49736331627088176,0.21722091641422753,0.28014239985665423,2.289665859444397,647,9664,411
full,Intermediate,curves,absolute,202512,1.1069589378179867,0.8268285813635513,0.2801303564544354,1.338801007570956,1531,36785,412
full,Intermediate,lacks,absolute,202607,0.4885932595574614,0.21234333582007534,0.27624992373738605,2.3009587641189766,678,9447,413
full,Intermediate,middle,absolute,202603,1.8509090414128373,1.5786278354308803,0.2722812059819571,1.1724796686532764,2588,70232,414
full,Intermediate,ensures,absolute,202507,0.4111180202031652,0.1390222855983027,0.27209573460486247,2.95720947496913,564,6185,415
full,Intermediate,lowest,absolute,202510,1.63397136823434,1.3659473396619004,0.2680240285724394,1.1962184198395092,2267,60770,416
full,Intermediate,aligns,absolute,202602,0.2998242112416478,0.03205267247585768,0.2677715387657902,9.354109597802736,375,1426,417
full,Intermediate,financial,absolute,202509,0.8516881779965454,0.5845903967406073,0.2670977812559381,1.4568973126228995,1090,26008,418
full,Intermediate,synthesizing,absolute,202509,0.3891627981305467,0.12259135742168845,0.2665714407088583,3.1744717271700376,457,5454,419
full,Intermediate,nuanced,absolute,202406,0.3426083055050888,0.07777156154731242,0.2648367439577764,4.405316013831903,368,3460,420
full,Intermediate,adaptations,absolute,202511,0.537530936908692,0.27269496667398674,0.26483597023470534,1.9711802658657904,705,12132,421
full,Intermediate,sessions,absolute,202602,1.0554060070721758,0.7925731305548507,0.26283287651732523,1.331619716067495,1398,35261,422
full,Intermediate,holistic,absolute,202602,0.478358468617122,0.21715348442444662,0.2612049841926754,2.202858820732188,587,9661,423
full,Intermediate,struggle,absolute,202605,0.34258711491301164,0.08183995826409379,0.26074715664891784,4.186061701149685,449,3641,424
full,Intermediate,success,absolute,202602,1.8318722106558685,1.571682340483447,0.2601898701724215,1.1655486375779902,2300,69923,425
full,Intermediate,refining,absolute,202503,0.3243367654642532,0.06433011825098502,0.26000664721326816,5.041756090029991,403,2862,426
full,Intermediate,prioritizing,absolute,202607,0.32755332584944974,0.06806135501886186,0.25949197083058784,4.812618346470987,483,3028,427
full,Intermediate,burdens,absolute,202509,0.39124404501683396,0.13290845185816713,0.25833559315866683,2.9437107990269036,502,5913,428
full,Intermediate,posed,absolute,202506,0.4376325647214904,0.17963882077633556,0.2579937439451549,2.4361803469327903,517,7992,429
full,Intermediate,analyzes,absolute,202506,0.4239159050759941,0.16621985480993506,0.257696050266059,2.550332543369881,484,7395,430
full,Intermediate,items,absolute,202512,1.257683012786641,1.0052761036537576,0.2524069091328834,1.2510821735595723,1740,44724,431
full,Intermediate,expertise,absolute,202607,0.5473107416130226,0.30016226384474276,0.24714847776827986,1.8233829083062754,778,13354,432
full,Intermediate,exacerbate,absolute,202506,0.38079822622429094,0.13414470500415043,0.2466535212201405,2.8387123160210392,456,5968,433
full,Intermediate,adjustments,absolute,202507,0.4746715941360599,0.22956097054413344,0.24511062359192648,2.067736484172093,676,10213,434
full,Intermediate,perceptions,absolute,202606,0.9800822705027464,0.7383128561111477,0.24176941439159874,1.327462013414002,1472,32847,435
full,Intermediate,threats,absolute,202509,0.47240184769537674,0.23270779673390912,0.23969405096146762,2.0300215735167093,587,10353,436
full,Intermediate,lies,absolute,202608,0.38001084483557657,0.1433379329442807,0.23667291189129586,2.6511533760103614,442,6377,437
full,Intermediate,introducing,absolute,202408,0.6373871910706277,0.40099556589712515,0.23639162517350248,1.5895118182781813,708,17840,438
full,Intermediate,scarcity,absolute,202603,0.3706056478681209,0.13454929694283593,0.23605635092528496,2.7544227750634396,497,5986,439
full,Intermediate,incorporate,absolute,202601,0.6083522070846069,0.3724943115497288,0.23585789553487807,1.6331852278592194,806,16572,440
full,Intermediate,allowing,absolute,202502,1.2795315444063964,1.0446339083558802,0.2348976360505163,1.2248612017775826,1453,46475,441
full,Intermediate,duration,absolute,202510,3.097376282600239,2.863859083325035,0.2335171992752041,1.081539346902531,4287,127411,442
full,Intermediate,seeks,absolute,202411,0.3825056851754546,0.15185684098660196,0.23064884418885265,2.518857120234724,449,6756,443
full,Intermediate,viability,absolute,202608,1.5226442809717764,1.2938850199160385,0.22875926105573788,1.1768003010581127,1740,57564,444
full,Intermediate,publication,absolute,202508,0.7511371225758466,0.5241938112268419,0.22694331134900475,1.432937792260192,959,23321,445
full,Intermediate,adaptable,absolute,202510,0.2960698608003792,0.07046642932104753,0.2256034314793317,4.201573198089469,379,3135,446
full,Intermediate,selecting,absolute,202501,0.5800530637058291,0.3544899702782266,0.22556309342760245,1.6363031745314711,735,15771,447
full,Intermediate,emergence,absolute,202408,0.9721307624969987,0.7480230626395983,0.22410769985740045,1.299599987019888,1093,33279,448
full,Intermediate,likelihood,absolute,202507,1.1851699265385522,0.962704040772078,0.22246588576647422,1.2310844001320063,1734,42830,449
full,Intermediate,versatility,absolute,202510,0.3646098589422357,0.14246131707712892,0.22214854186510674,2.559360438488962,442,6338,450
full,Intermediate,reality,absolute,202605,0.493195200628705,0.2712114628988069,0.22198373772989813,1.8184895113106767,662,12066,451
full,Intermediate,option,absolute,202509,1.5256325374508242,1.3039548637233203,0.2216776737275038,1.1700041005211823,1912,58012,452
full,Intermediate,assesses,absolute,202507,0.39664942991498436,0.17599749332816653,0.22065193658681784,2.2537220412303727,567,7830,453
full,Intermediate,smart,absolute,202510,0.5106193699923519,0.2928571316184779,0.21776223837387407,1.7435784034706918,654,13029,454
full,Intermediate,inadequately,absolute,202603,0.27516896731425483,0.05740710063347859,0.21776186668077627,4.793291496658206,380,2554,455
full,Intermediate,diminished,absolute,202508,0.6683299160081008,0.45078285168536136,0.21754706432273938,1.4825983586318485,829,20055,456
full,Intermediate,exacerbates,absolute,202507,0.2786259202530648,0.06300395578529384,0.21562196446777096,4.422355974005376,388,2803,457
full,Intermediate,underscored,absolute,202408,0.24417776857360812,0.028726027646666267,0.21545174092694186,8.500227444498252,279,1278,458
full,Intermediate,altering,absolute,202608,0.5645198918531126,0.35127571209867003,0.21324417975444257,1.6070564300629595,631,15628,459
full,Intermediate,precisely,absolute,202602,0.566876968049985,0.35460235692786146,0.21227461112212354,1.598627186128116,664,15776,460
full,Intermediate,employ,absolute,202510,0.5069283957721862,0.29568927518927596,0.21123912058291025,1.7143956115678944,648,13155,461
full,Intermediate,suggests,absolute,202607,3.6494640774502396,3.4384695455780685,0.21099453187217107,1.0613629200652697,5222,152975,462
full,Intermediate,eliminating,absolute,202512,0.4050661387920827,0.19685645550039368,0.20820968329168904,2.057672621212428,513,8758,463
full,Intermediate,superiority,absolute,202608,0.4449284537986069,0.23727069470908377,0.20765775908952316,1.8751934550709313,577,10556,464
full,Intermediate,escalating,absolute,202601,0.2671297922226696,0.05990208425537215,0.20722770796729748,4.459440694648498,349,2665,465
full,Intermediate,phases,absolute,202605,1.1448363153506118,0.9399569828859856,0.2048793324646263,1.2179667114505364,1553,41818,466
full,Intermediate,stays,absolute,202508,0.3153766192044502,0.11063341790054097,0.20474320130390924,2.8506451774632198,397,4922,467
full,Intermediate,strengths,absolute,202601,0.5700304043514643,0.36635800047966627,0.20367240387179802,1.5559381905271161,752,16299,468
full,Intermediate,convenience,absolute,202512,0.5100061940868037,0.3071976681118841,0.20280852597491966,1.6601890151752554,706,13667,469
full,Intermediate,intersection,absolute,202603,0.3180308900357126,0.11557843048447414,0.20245245955123845,2.7516456894475154,433,5142,470
full,Intermediate,lowering,absolute,202608,0.6302720507157233,0.42913718296569037,0.20113486775003298,1.4686959688741625,726,19092,471
full,Intermediate,exacerbating,absolute,202507,0.24762618929198288,0.04668541425831443,0.20094077503366847,5.304144629023655,345,2077,472
full,Intermediate,hindering,absolute,202511,0.28258885055648464,0.08246932350204893,0.20011952705443573,3.4265935326784125,365,3669,473
full,Intermediate,meeting,absolute,202506,0.7175448506189036,0.5174281349188242,0.2001167157000794,1.3867526757729831,869,23020,474
full,Intermediate,leveraged,absolute,202507,0.30173025603583453,0.10179982723924218,0.1999304287965923,2.963956464550093,417,4529,475
full,Intermediate,suitability,absolute,202605,0.464110178122892,0.2650077198389634,0.1991024582839286,1.7513081445510972,632,11790,476
full,Intermediate,gradual,absolute,202606,0.4528736032790779,0.2564888117966422,0.19638479148243573,1.7656661127119258,636,11411,477
full,Intermediate,system's,absolute,202507,0.27446622724960623,0.07909772401300359,0.19536850323660265,3.4699636516024692,373,3519,478
full,Intermediate,peaking,absolute,202512,0.23728206366107285,0.04221242560284761,0.19506963805822525,5.621142596578625,313,1878,479
full,Intermediate,tailoring,absolute,202601,0.344071160523418,0.1490696520756578,0.19500150844776018,2.308123455931798,451,6632,480
full,Intermediate,vector,absolute,202507,1.0506153332315569,0.8582518886014541,0.1923634446301028,1.2241340184448233,1491,38183,481
full,Intermediate,discrepancies,absolute,202507,0.4007379258111658,0.20856714439234453,0.1921707814188213,1.9213856860279042,575,9279,482
full,Intermediate,influential,absolute,202512,0.36969773823056545,0.1776383384128353,0.19205939981773018,2.0811821453282233,498,7903,483
full,Intermediate,attitudes,absolute,202512,0.8426105622407613,0.6525168877799075,0.19009367446085387,1.2913237619146067,1143,29030,484
full,Intermediate,shrinkage,absolute,202601,0.35907032089322233,0.1693666809997107,0.18970363989351163,2.120076503676869,501,7535,485
full,Intermediate,continues,absolute,202603,0.691218520681258,0.5018063906195809,0.18941213006167715,1.3774605776299695,910,22325,486
full,Intermediate,minimize,absolute,202503,0.7593116693494442,0.5749026675420837,0.1844090018073604,1.3207656047166652,948,25577,487
full,Intermediate,optimizes,absolute,202608,0.2208523627419226,0.03715502636927961,0.183697336372643,5.944077674629966,240,1653,488
full,Intermediate,forecasting,absolute,202511,0.2632231263294,0.08368309931810523,0.17954002701129476,3.14547535254171,343,3723,489
full,Intermediate,facilitators,absolute,202602,0.38376713072940116,0.20440883835585524,0.1793582923735459,1.8774488119799455,519,9094,490
full,Intermediate,necessitate,absolute,202508,0.24535259487590846,0.06848842428747427,0.17686417058843418,3.582395089804695,298,3047,491
full,Intermediate,societal,absolute,202512,0.39629411971813017,0.21969342270619416,0.17660069701193604,1.8038506334716813,516,9774,492
full,Intermediate,compares,absolute,202506,0.3807655685441279,0.204611134325198,0.17615443421892993,1.8609230128159082,456,9103,493
full,Intermediate,triggering,absolute,202508,0.4423331207956554,0.26646874628421646,0.17586437451143894,1.659981243443317,522,11855,494
full,Intermediate,discomfort,absolute,202509,0.41557843965544483,0.24210332064338214,0.17347511901206267,1.716533414539949,525,10771,495
full,Intermediate,compelling,absolute,202601,0.30386670957746104,0.13126760677349844,0.17259910280396257,2.3148643983567205,390,5840,496
full,Intermediate,rigorously,absolute,202604,0.25218900990602483,0.08019911317942506,0.17198989672659978,3.144536141463513,345,3568,497
full,Intermediate,groundwork,absolute,202508,0.2088254646515696,0.03888578077365621,0.1699396838779134,5.3702268669127955,252,1730,498
full,Intermediate,engaging,absolute,202511,0.4613607818541042,0.2926323583192082,0.16872842353489598,1.5765884009000954,606,13019,499
full,Intermediate,uncovering,absolute,202511,0.24140255375813383,0.07388298346994679,0.16751957028818704,3.267363368675124,303,3287,500
full,Intermediate,navigating,absolute,202604,0.22210180280701303,0.05608093816778742,0.1660208646392256,3.9603795882035917,301,2495,501
full,Intermediate,preferences,absolute,202502,0.6172477101953331,0.4514122169233166,0.1658354932720165,1.3673704145676404,729,20083,502
full,Intermediate,complicating,absolute,202602,0.22458438829201496,0.059137855037855194,0.16544653325415978,3.7976417668218523,271,2631,503
full,Intermediate,aesthetic,absolute,202606,0.3055281090270431,0.14077551733260624,0.16475259169443685,2.1703213372335237,429,6263,504
full,Intermediate,comfort,absolute,202512,0.37154203172081995,0.20715107260694549,0.16439095911387447,1.7935800526883812,493,9216,505
full,Intermediate,complicate,absolute,202607,0.243480191199434,0.07995186255022839,0.1635283286492056,3.0453348231440107,325,3557,506
full,Intermediate,enhancements,absolute,202508,0.23515558333353673,0.07442243938819405,0.1607331439453427,3.1597403319037194,285,3311,507
full,Intermediate,computing,absolute,202507,0.3823381920731552,0.22337970481421698,0.15895848725893824,1.7116066671819745,511,9938,508
full,Intermediate,valued,absolute,202604,0.30637611761801353,0.14772101228003967,0.1586551053379739,2.0740185359494157,419,6572,509
full,Intermediate,vigilance,absolute,202602,0.22894134067745425,0.07075863461009811,0.15818270606735613,3.2355251332786676,263,3148,510
full,Intermediate,navigate,absolute,202605,0.25011159116947024,0.09339330584655581,0.15671828532291443,2.678046235780548,331,4155,511
full,Intermediate,faster,absolute,202601,0.9575676226470837,0.801047083937318,0.15652053870976562,1.1953949297717104,1283,35638,512
full,Intermediate,discussions,absolute,202504,0.535394625644704,0.37988935309570143,0.15550527254900257,1.4093435925008084,686,16901,513
full,Intermediate,printed,absolute,202402,0.44147597446622544,0.28730523112651657,0.15417074333970887,1.5366095936896425,488,12782,514
full,Intermediate,accessing,absolute,202506,0.34691709479629074,0.19276558145368536,0.15415151334260538,1.7996838034057572,415,8576,515
full,Intermediate,meticulous,absolute,202409,0.20803743749224796,0.054305229103556875,0.1537322083886911,3.8308914431708376,227,2416,516
full,Intermediate,advocate,absolute,202508,0.2824905379348289,0.12971667100853757,0.15277386692629136,2.177750444399211,330,5771,517
full,Intermediate,transitioning,absolute,202608,0.23431878155101843,0.08217711821299833,0.15214166333802007,2.851387182301498,272,3656,518
full,Intermediate,raises,absolute,202608,0.37063492171819973,0.21861451086969957,0.15202041084850015,1.6953811539944328,396,9726,519
full,Intermediate,moderating,absolute,202511,0.2764079850044189,0.12452440779540774,0.15188357720901113,2.219709291519412,357,5540,520
full,Intermediate,personalised,absolute,202511,0.21507161816397513,0.0634085477239793,0.15166307043999586,3.391839521387449,281,2821,521
full,Intermediate,transforming,absolute,202601,0.5094140368441218,0.3578390924373451,0.15157494440677677,1.4235840846072916,655,15920,522
full,Intermediate,checklist,absolute,202511,0.4688197220981175,0.3181666051162449,0.15065311698187261,1.4735038641997962,640,14155,523
full,Intermediate,biases,absolute,202412,0.3802872088545252,0.22987565316311098,0.15041155569141426,1.6543170345434015,431,10227,524
full,Intermediate,spaces,absolute,202605,0.38944045401855304,0.24241800326235968,0.14702245075619336,1.6064832181505786,522,10785,525
full,Intermediate,initiating,absolute,202601,0.4633308240140459,0.31645832804179524,0.1468724959722506,1.4641132274226416,610,14079,526
full,Intermediate,custom,absolute,202601,0.37718734985063224,0.230662359710555,0.14652499014007728,1.6352358066740629,492,10262,527
full,Intermediate,uncovered,absolute,202404,0.41155077218173436,0.26512010648859824,0.14643066569313612,1.5523182214753428,444,11795,528
full,Intermediate,streamlined,absolute,202602,0.1924982120830029,0.04628082231962899,0.14621738976337392,4.159351593918396,222,2059,529
full,Intermediate,anomalies,absolute,202607,0.4442918788056857,0.2982067361410965,0.14608514266458922,1.4898787483977862,580,13267,530
full,Intermediate,secure,absolute,202605,0.3116613353083944,0.16669187873840144,0.144969456569993,1.8696851800290846,404,7416,531
full,Intermediate,formidable,absolute,202608,0.17954028569282496,0.03668300244081325,0.1428572832520117,4.89437269979487,183,1632,532
full,Intermediate,lays,absolute,202504,0.20413682473080672,0.06235211321741175,0.14178471151339497,3.273935945346625,249,2774,533
full,Intermediate,lacked,absolute,202608,0.299581190933954,0.15848765331505776,0.14109353761889626,1.8902493958845883,370,7051,534
full,Intermediate,sharing,absolute,202605,0.5669497054008484,0.42643990337445403,0.14050980202639438,1.3294949673201986,733,18972,535
full,Intermediate,adapt,absolute,202501,0.5605523406075938,0.42021368298468376,0.14033865762291012,1.333969747548714,704,18695,536
full,Intermediate,classifying,absolute,202507,0.2889753369295032,0.14940681202456235,0.13956852490494084,1.934151013690031,410,6647,537
full,Intermediate,hinders,absolute,202501,0.2497161714508287,0.11016139397207463,0.13955477747875408,2.2668210926427683,308,4901,538
full,Intermediate,complicates,absolute,202510,0.2016782786594626,0.062194771907922976,0.13948350675153964,3.2426886130885686,260,2767,539
full,Intermediate,deepen,absolute,202505,0.20269307707607268,0.06322872908456352,0.13946434799150914,3.2057117074895873,251,2813,540
full,Intermediate,eliminates,absolute,202604,0.22002294488957444,0.08197482224365561,0.13804812264591884,2.68403076539276,268,3647,541
full,Intermediate,weights,absolute,202508,0.4913049595058929,0.35334362645195116,0.13796133305394176,1.3904452287402507,610,15720,542
full,Intermediate,advocates,absolute,202508,0.2055095758026914,0.06801640035900791,0.13749317544368347,3.0214709205126917,238,3026,543
full,Intermediate,indicator,absolute,202507,0.8993680035765432,0.7627906684016169,0.1365773351749264,1.1790495621310053,1298,33936,544
full,Intermediate,approval,absolute,202511,0.5815300748181597,0.4457928844415744,0.13573719037658524,1.3044848742855495,784,19833,545
full,Intermediate,packaging,absolute,202508,0.3012538432215218,0.16765840392526107,0.13359543929626072,1.7968311529186156,349,7459,546
full,Intermediate,surveys,absolute,202604,0.9320142330064021,0.7988443056044752,0.13316992740192696,1.166703231740707,1295,35540,547
full,Intermediate,overlook,absolute,202603,0.15164516870692918,0.01858875184960329,0.1330564168573259,8.15789946166641,208,827,548
full,Intermediate,inconsistencies,absolute,202604,0.21789050638691349,0.0851666030932852,0.1327239032936283,2.5584031589031717,296,3789,549
full,Intermediate,rarity,absolute,202506,0.25938989435467646,0.12744646068591373,0.13194343366876277,2.0352851931599076,285,5670,550
full,Intermediate,uncovers,absolute,202602,0.18077030876412062,0.049472603169258576,0.131297705594862,3.6539477849115523,207,2201,551
full,Intermediate,augmented,absolute,202605,0.49429302182867124,0.36307631031032883,0.13121671151834238,1.36140256963113,667,16153,552
full,Intermediate,proposing,absolute,202511,0.21553441017248842,0.08476201115459975,0.13077239901788865,2.5428185013138647,263,3771,553
full,Intermediate,comprises,absolute,202507,0.4487108862734102,0.31803174113668303,0.13067914513672715,1.4108996940672163,614,14149,554
full,Intermediate,engaged,absolute,202512,0.5006674868820096,0.3703140105468127,0.13035347633519687,1.3520079516913617,664,16475,555
full,Intermediate,breakthroughs,absolute,202509,0.18847542086281213,0.05844105781011914,0.130034363052693,3.2250514950497244,218,2600,556
full,Intermediate,elevating,absolute,202601,0.19304772659466468,0.06372323034295686,0.1293244962517078,3.0294717570921397,256,2835,557
full,Intermediate,adopting,absolute,202412,0.36411113561568437,0.23486562040689815,0.12924551520878624,1.550295590239525,411,10449,558
full,Intermediate,differentiating,absolute,202508,0.4117086321558869,0.28267490116156097,0.12903373099432588,1.4564739581197466,508,12576,559
full,Intermediate,safeguard,absolute,202510,0.1693258912729056,0.04066148983788675,0.12866440143501887,4.164281533903229,221,1809,560
full,Intermediate,validates,absolute,202604,0.18166170276426685,0.05311393061742753,0.12854777214683932,3.420227060067378,235,2363,561
full,Intermediate,enriching,absolute,202603,0.16553288832561877,0.03908807674299893,0.12644481158261986,4.234869098676424,214,1739,562
full,Intermediate,logistical,absolute,202607,0.19283539698503188,0.06680262454295159,0.12603277244208028,2.886644024907224,275,2972,563
full,Intermediate,emphasising,absolute,202511,0.14627492613401036,0.021083735471496837,0.12519119066251352,6.937808830496847,183,938,564
full,Intermediate,annually,absolute,202508,0.40909747375403205,0.2839561089673982,0.12514136478663382,1.4407067178153283,511,12633,565
full,Intermediate,advocating,absolute,202504,0.15787495312309177,0.03283937902330158,0.1250355740997902,4.807488990917571,191,1461,566
full,Intermediate,dimensionality,absolute,202605,0.23004311518743858,0.10669988516332142,0.12334323002411715,2.1559827813808834,304,4747,567
full,Intermediate,prompts,absolute,202606,0.1738492525158127,0.05061894699553398,0.12323030552027874,3.4344699531412837,264,2252,568
full,Intermediate,backgrounds,absolute,202603,0.32573513388452674,0.203127630550018,0.12260750333450872,1.603598353422027,447,9037,569
full,Intermediate,engage,absolute,202604,0.5780729190909494,0.45676182144593513,0.12131109764501428,1.2655893990022835,773,20321,570
full,Intermediate,streamline,absolute,202506,0.16082434786771305,0.04007707925978557,0.12074726860792748,4.01287595897959,187,1783,571
full,Intermediate,encounter,absolute,202406,0.35647265503101816,0.23641655617185903,0.12005609885915916,1.5078159533458664,389,10518,572
full,Intermediate,surpasses,absolute,202507,0.13737857652579938,0.01759974933281665,0.11977882719298273,7.805712111458432,188,783,573
full,Intermediate,vigilant,absolute,202510,0.15612919901843164,0.0376720049575999,0.11845719406083174,4.144435614567267,196,1676,574
full,Intermediate,rooted,absolute,202604,0.19460868423306896,0.07615319379257067,0.11845549044049827,2.5554894619804447,261,3388,575
full,Intermediate,laying,absolute,202511,0.20551859215052645,0.08734690409620119,0.11817168805432526,2.3529007041185412,265,3886,576
full,Intermediate,optimise,absolute,202511,0.21436588244618449,0.09631535873706178,0.1180505237091227,2.2256666564612746,282,4285,577
full,Intermediate,amid,absolute,202603,0.1572174156991864,0.03942523669190347,0.11779217900728293,3.9877354935822935,207,1754,578
full,Intermediate,safeguarding,absolute,202512,0.13923246033659228,0.022117692648137406,0.11711476768845488,6.295071667356652,175,984,579
full,Intermediate,holding,absolute,202403,0.2770889343350367,0.16048813567855805,0.11660079865647861,1.7265384332834333,306,7140,580
full,Intermediate,upward,absolute,202508,0.22142363358274728,0.10485674410930995,0.11656688947343731,2.11167756030952,280,4665,581
full,Intermediate,opening,absolute,202608,0.5819011595854634,0.4662247773451891,0.1156763822402743,1.2481129014613233,606,20742,582
full,Intermediate,visualizations,absolute,202601,0.1447764810483775,0.029287960894840488,0.11548852015353703,4.943207947053837,190,1303,583
full,Intermediate,facing,absolute,202510,0.41454082238860923,0.2993755572972989,0.11516526509131034,1.3846849292941572,556,13319,584
full,Intermediate,stems,absolute,202602,0.2762035045089665,0.16113997824644014,0.11506352626252636,1.714059462553442,332,7169,585
full,Intermediate,marking,absolute,202501,0.163890059285526,0.04940517117947767,0.11448488810604832,3.317265285655037,196,2198,586
full,Intermediate,interacts,absolute,202412,0.44295661713437456,0.3288882914914091,0.11406832564296553,1.3468299984949301,471,14632,587
full,Intermediate,exerting,absolute,202604,0.18555473481315113,0.0717026824670308,0.11385205234612031,2.587835328175762,245,3190,588
full,Intermediate,practicality,absolute,202509,0.15898518374497908,0.04562897975174688,0.11335620399323221,3.4843028402118157,191,2030,589
full,Intermediate,overlooking,absolute,202605,0.12679012170332707,0.013463920626254375,0.11332620107707271,9.417028310170581,170,599,590
full,Intermediate,rating,absolute,202510,0.7474880060001294,0.6344675918485514,0.1130204141515781,1.1781342587133374,1053,28227,591
full,Intermediate,squared,absolute,202507,0.34284342205344515,0.23025776777186946,0.11258565428157569,1.48895485859622,504,10244,592
full,Intermediate,standardizing,absolute,202508,0.14952368636833763,0.03699768505979083,0.11252600130854679,4.04143356879483,178,1646,593
full,Intermediate,prompted,absolute,202607,0.30265297869171365,0.19065271244055024,0.1120002662511634,1.5874569777552343,398,8482,594
full,Intermediate,initiative,absolute,202608,0.43610493738092504,0.3241680522067455,0.11193688517417955,1.3453051107664036,516,14422,595
full,Intermediate,maximizing,absolute,202507,0.2241216789975331,0.11240912696477152,0.11171255203276159,1.9938032173114535,315,5001,596
full,Intermediate,outperform,absolute,202507,0.19625077855079132,0.08500926178379642,0.1112415167669949,2.308581140839863,271,3782,597
full,Intermediate,innovatively,absolute,202510,0.1284290666153296,0.017240112053985155,0.11118895456134444,7.449433403516798,165,767,598
full,Intermediate,pervasive,absolute,202605,0.2199475422681531,0.10881275417645647,0.11113478809169662,2.0213397219178426,288,4841,599
full,Intermediate,strategically,absolute,202508,0.14926797636112807,0.04129085507584189,0.10797712128528618,3.615037181646077,175,1837,600
full,Intermediate,standardize,absolute,202603,0.20557491634056987,0.09791124916187657,0.10766366717869329,2.0996046736232836,287,4356,601
full,Intermediate,method's,absolute,202505,0.1312442528326856,0.023601196423317355,0.10764305640936825,5.5609152383063,161,1050,602
full,Intermediate,compounded,absolute,202511,0.15887350842885373,0.05167538150210152,0.1071981269267522,3.074452549951522,205,2299,603
full,Intermediate,stringent,absolute,202607,0.23221381849095474,0.1253560690027056,0.10685774948824914,1.8524337938990636,328,5577,604
full,Intermediate,simplicity,absolute,202602,0.24356344385958972,0.1372690538639991,0.10629438999559063,1.7743507149171656,276,6107,605
full,Intermediate,minimizes,absolute,202504,0.1705243544598694,0.06511682479842892,0.10540752966144047,2.6187449247983547,205,2897,606
full,Intermediate,analytics,absolute,202601,0.1893858410591606,0.08446980586554917,0.10491603519361142,2.2420537033150825,249,3758,607
full,Intermediate,functionalities,absolute,202410,0.2673022743405586,0.16311798328001337,0.10418429106054522,1.6387051198499631,299,7257,608
full,Intermediate,inconclusive,absolute,202511,0.3020896032494339,0.1979353673368882,0.10415423591254572,1.5262032617711723,394,8806,609
full,Intermediate,worsened,absolute,202507,0.28386780842915854,0.18105489256173454,0.10281291586742398,1.567854943949486,398,8055,610
full,Intermediate,affirming,absolute,202404,0.13533898385631227,0.0326820377138128,0.10265694614249946,4.141081564174082,147,1454,611
full,Intermediate,teams,absolute,202511,0.4485232405385538,0.34655547281400667,0.10196776772454716,1.2942321669214336,593,15418,612
full,Intermediate,consumer,absolute,202607,0.40001652810289196,0.29813930415131557,0.10187722395157642,1.341710141980711,557,13264,613
full,Intermediate,proficiency,absolute,202406,0.19630898907506672,0.09444974035312335,0.10185924872194337,2.0784492190356243,215,4202,614
full,Intermediate,optimising,absolute,202602,0.14365068446477908,0.04349363340868483,0.10015705105609425,3.302797977694244,178,1935,615
full,Intermediate,fosters,absolute,202511,0.12540178523223205,0.025466814807255767,0.09993497042497627,4.924125226547912,154,1133,616
full,Intermediate,underpinnings,absolute,202509,0.19310617550868728,0.09343826050640974,0.09966791500227754,2.0666713449298473,238,4157,617
full,Intermediate,seamless,absolute,202510,0.12923242007710992,0.03283937902330158,0.09639304105380832,3.935288179030775,168,1461,618
full,Intermediate,adhered,absolute,202503,0.18686719380157332,0.09085336756480832,0.09601382623676499,2.0567998612519847,242,4042,619
full,Intermediate,consolidates,absolute,202602,0.10436599291399917,0.008406521392686371,0.0959594715213128,12.414884592430472,120,374,620
full,Intermediate,broadening,absolute,202511,0.1753215234907862,0.07961470260132388,0.09570682088946231,2.202124956350347,213,3542,621
full,Intermediate,orchestrating,absolute,202605,0.1268524355209294,0.031378352578048586,0.09547408294288082,4.042673534418496,156,1396,622
full,Intermediate,affordability,absolute,202512,0.14845857874961876,0.05306897595757361,0.09538960279204517,2.797464546297353,196,2361,623
full,Intermediate,enduring,absolute,202408,0.15626993917040313,0.06089108677215876,0.09537885239824437,2.56638446535092,176,2709,624
full,Intermediate,emphasise,absolute,202509,0.13441819954005318,0.040436716538617065,0.09398148300143612,3.324162074625515,174,1799,625
full,Intermediate,harness,absolute,202509,0.1572143779962101,0.06424020893127713,0.09297416906493297,2.447289331894839,188,2858,626
full,Intermediate,transitioned,absolute,202606,0.15114397699816773,0.059160332367782176,0.09198364463038555,2.5548196054503314,217,2632,627
full,Intermediate,unresponsive,absolute,202511,0.1579792842961586,0.06682510187287857,0.09115418242328002,2.3640709833362124,188,2973,628
full,Intermediate,diminishes,absolute,202503,0.14450114121179836,0.05363090920574782,0.09087023200605054,2.694363070695651,175,2386,629
full,Intermediate,surpassed,absolute,202405,0.1261746888778388,0.0357839092437345,0.0903907796341043,3.5260174627212106,152,1592,630
full,Intermediate,unlock,absolute,202509,0.10999721165778555,0.020207119604345052,0.0897900920534405,5.443487929577717,128,899,631
full,Intermediate,personalization,absolute,202510,0.11881500528858331,0.029085664925497766,0.08972934036308555,4.085002202732002,158,1294,632
full,Intermediate,impactful,absolute,202504,0.13776711397139843,0.04812396337364043,0.089643150597758,2.8627549418936558,169,2141,633
full,Intermediate,collaborations,absolute,202504,0.16522145457413795,0.07561373787432342,0.08960771669981453,2.1850719091383937,204,3364,634
full,Intermediate,inflection,absolute,202606,0.11335765005462523,0.023870924382440983,0.08948672567218426,4.748775046935721,175,1062,635
full,Intermediate,acknowledging,absolute,202406,0.13410899416275268,0.04603357169043233,0.08807542247232035,2.913286743523011,144,2048,636
full,Intermediate,categorizing,absolute,202504,0.1193726231320805,0.03167055786709919,0.08770206526498131,3.7691986239399395,152,1409,637
full,Intermediate,boosts,absolute,202505,0.12455300931401797,0.03789677825686959,0.08665623105714838,3.2866384701565003,155,1686,638
full,Intermediate,detailing,absolute,202506,0.1400374949238623,0.05347356789625904,0.08656392702760327,2.6188171171884567,160,2379,639
full,Intermediate,elevate,absolute,202506,0.15470726927944703,0.0681737416684967,0.08653352761095033,2.2693087616010628,184,3033,640
full,Intermediate,empower,absolute,202504,0.14905868130265326,0.06293652379551293,0.08612215750714033,2.3683971136848907,189,2800,641
full,Intermediate,emphasises,absolute,202511,0.11520021245586753,0.02935539288462139,0.08584481957124614,3.9243287565133644,146,1306,642
full,Intermediate,hurdles,absolute,202509,0.1440727526819562,0.05983465226559122,0.084238100416365,2.407848081784664,172,2662,643
full,Intermediate,unsuitable,absolute,202602,0.15612609440060649,0.07298389027286804,0.08314220412773843,2.139185699979695,189,3247,644
full,Intermediate,marginalized,absolute,202601,0.1330794621014215,0.051113448253927295,0.0819660138474942,2.603609551840329,168,2274,645
full,Intermediate,fault,absolute,202606,0.14109476849012698,0.06003694823493396,0.08105782025519302,2.350132254191221,188,2671,646
full,Intermediate,poised,absolute,202511,0.12176126438537564,0.04111103643642613,0.08065022794894951,2.9617658648345335,151,1829,647
full,Intermediate,diminishing,absolute,202505,0.15044244271992568,0.07039899733126663,0.08004344538865904,2.1369969519879652,191,3132,648
full,Intermediate,broadens,absolute,202601,0.11154879175566502,0.03176046718680707,0.07978832456885795,3.5121898900152546,132,1413,649
full,Intermediate,scaffolded,absolute,202502,0.08639710173514875,0.007597337515315492,0.07879976421983326,11.372023628143493,69,338,650
full,Intermediate,overfitting,absolute,202604,0.1065270964308941,0.028726027646666263,0.07780106878422784,3.70838243773872,157,1278,651
full,Intermediate,culminating,absolute,202601,0.11245842167020292,0.035491703954683915,0.07696671771551902,3.1685833346798655,143,1579,652
full,Intermediate,reconstructing,absolute,202608,0.14401222464018176,0.06711730716192917,0.0768949174782526,2.14567941906152,160,2986,653
full,Intermediate,proprietary,absolute,202602,0.11421779473282621,0.03843623417511684,0.07578156055770938,2.9716177243703408,151,1710,654
full,Intermediate,manifesting,absolute,202602,0.14638590815315425,0.07084854392980601,0.07553736422334824,2.0661808984837817,170,3152,655
full,Intermediate,stricter,absolute,202512,0.09925200645625545,0.02605122538535697,0.07320078107089847,3.8098786136963683,131,1159,656
full,Intermediate,informs,absolute,202602,0.12567430859408565,0.05354099988603995,0.0721333087080457,2.347253672168596,154,2382,657
full,Intermediate,inclusivity,absolute,202506,0.08507274383936703,0.012946942037934091,0.07212580180143292,6.570875469288952,98,576,658
full,Intermediate,spans,absolute,202605,0.11914648126458238,0.04733725682619652,0.07180922443838586,2.5169705482098514,154,2106,659
full,Intermediate,recognising,absolute,202512,0.1040319802478967,0.03259212839410492,0.07143985185379177,3.1919357640574773,134,1450,660
full,Intermediate,misconceptions,absolute,202511,0.12167856849033161,0.05032674170648338,0.07135182678384823,2.417771633220123,162,2239,661
full,Intermediate,streamlining,absolute,202509,0.09026776757348343,0.019420413056901134,0.07084735451658229,4.648086902631886,112,864,662
full,Intermediate,automating,absolute,202505,0.08620513006963797,0.01573413094887824,0.07047099912075973,5.478861867218916,105,700,663
full,Intermediate,neglecting,absolute,202504,0.09987007833294755,0.029400347544475333,0.07046973078847221,3.396901284308603,121,1308,664
full,Intermediate,prominence,absolute,202404,0.12301225276344852,0.054642389052461424,0.06836986371098709,2.2512239105311833,138,2431,665
full,Intermediate,multifunctionality,absolute,202602,0.08441891977672952,0.016565792156176085,0.06785312762055344,5.09597844647932,101,737,666
full,Intermediate,distinctions,absolute,202405,0.10814816054334637,0.0404142392086901,0.06773392133465628,2.6759914985630053,127,1798,667
full,Intermediate,empowering,absolute,202601,0.11288465752923066,0.045741366401381725,0.06714329112784893,2.467889930061659,146,2035,668
full,Intermediate,disproportionality,absolute,202601,0.07602935758636742,0.00905836396056847,0.06697099362579895,8.393276966715753,104,403,669
full,Intermediate,totaling,absolute,202508,0.10687347141431526,0.04000964727000467,0.06686382414431061,2.671192542465591,133,1780,670
full,Intermediate,seamlessly,absolute,202507,0.0884283316883682,0.021803010029159842,0.06662532165920836,4.055785488797286,120,970,671
full,Intermediate,customizable,absolute,202507,0.09537361654412152,0.02910814225542474,0.06626547428869678,3.276527086724238,128,1295,672
full,Intermediate,inefficiencies,absolute,202509,0.08054711167630527,0.014610264452529791,0.06593684722377548,5.51304953705738,100,650,673
full,Intermediate,pinpointed,absolute,202408,0.08156787803271104,0.015711653618951268,0.06585622441375978,5.191552716916095,94,699,674
full,Intermediate,subthemes,absolute,202501,0.11486516193745579,0.050663901655387915,0.06420126028206787,2.267199291494762,151,2254,675
full,Intermediate,readability,absolute,202606,0.08733121897771641,0.023781015062733103,0.0635502039149833,3.6723082991765117,134,1058,676
full,Intermediate,framework's,absolute,202605,0.06823379124456247,0.004697761954736501,0.06353602928982596,14.524744314846775,93,209,677
full,Intermediate,exemplifies,absolute,202512,0.08841186452202161,0.02560167878681759,0.06281018573520403,3.45336199466518,109,1139,678
full,Intermediate,cohesive,absolute,202603,0.11833097477512414,0.05567634622910199,0.06265462854602215,2.1253365709058083,162,2477,679
full,Intermediate,intensifies,absolute,202604,0.07531118977908943,0.012879510048153183,0.06243167973093625,5.847364495817017,100,573,680
full,Intermediate,mirroring,absolute,202507,0.08774091261132438,0.025331950827693957,0.06240896178363042,3.463646096904717,121,1127,681
full,Intermediate,unlocking,absolute,202603,0.07463674734077345,0.012632259418956526,0.062004487921816925,5.9084242070559645,92,562,682
full,Intermediate,hinges,absolute,202511,0.08119568660496948,0.01975757300580567,0.06143811359916381,4.109598207285405,101,879,683
full,Intermediate,consolidating,absolute,202512,0.07290882965005868,0.011823075541585643,0.061085754108473035,6.166655147691001,93,526,684
full,Intermediate,causally,absolute,202405,0.11654224504641937,0.05621580214734924,0.06032644289907013,2.0731225135051234,136,2501,685
full,Intermediate,consolidate,absolute,202601,0.09868407300619797,0.03836880218533593,0.06031527082086205,2.5719873278690413,122,1707,686
full,Intermediate,surpass,absolute,202511,0.08597976593620009,0.02591636140579515,0.06006340453040494,3.3175863150671367,108,1153,687
full,Intermediate,rises,absolute,202607,0.11596882039868558,0.05677773539552348,0.059191085003162114,2.0425052107278816,156,2526,688
full,Intermediate,optimizer,absolute,202604,0.07052222809208299,0.011351051613119301,0.05917117647896367,6.212836527901513,94,505,689
full,Intermediate,pioneers,absolute,202507,0.07089780216121308,0.011845552871512614,0.059052249289700466,5.985183041284236,96,527,690
full,Intermediate,deepens,absolute,202508,0.07219229149659986,0.014228149843771321,0.05796414165282855,5.073905763524383,87,633,691
full,Intermediate,delineating,absolute,202406,0.10823995704791955,0.05095610694443851,0.05728385010348104,2.124180270795455,118,2267,692
full,Intermediate,cultivating,absolute,202412,0.08498109731629322,0.028096662408711143,0.05688443490758208,3.0245975867206747,95,1250,693
full,Intermediate,unlabeled,absolute,202507,0.09120979584107171,0.03474995206709393,0.05645984377397777,2.624745946842378,125,1546,694
full,Intermediate,excels,absolute,202503,0.05936417714295572,0.003304167499264428,0.05606000964369129,17.966455137692424,71,147,695
full,Intermediate,tied,absolute,202604,0.11129280166725071,0.055294231620343505,0.05599857004690721,2.0127380091181983,147,2460,696
full,Intermediate,predispositions,absolute,202503,0.07035738058636751,0.014452923143041009,0.055904457443326505,4.868038104820626,85,643,697
full,Intermediate,spanned,absolute,202606,0.09332966846031467,0.037806868937161696,0.05552279952315297,2.4685902610828916,141,1682,698
full,Intermediate,impractical,absolute,202602,0.09039064345745657,0.03490729337658271,0.05548335008087386,2.589448642789774,112,1553,699
full,Intermediate,simplifying,absolute,202507,0.09049882257505278,0.03576143191380753,0.05473739066124525,2.530626368462362,122,1591,700
full,Intermediate,intertwined,absolute,202607,0.09995263711964153,0.04524686514298841,0.05470577197665312,2.2090510978776723,132,2013,701
full,Intermediate,worsens,absolute,202512,0.09822725667629735,0.043853270687516335,0.054373985988781015,2.2399071981707306,128,1951,702
full,Intermediate,prolific,absolute,202501,0.07843558695044164,0.024635153599957927,0.05380043335048371,3.18388869110098,99,1096,703
full,Intermediate,adjusts,absolute,202507,0.0734521039913351,0.020521802223322616,0.05293030176801248,3.579222876822107,100,913,704
full,Intermediate,struggles,absolute,202507,0.07533992280976,0.022679625896311627,0.052660296913448375,3.3219208797448676,105,1009,705
full,Intermediate,scholarly,absolute,202406,0.10156010851354684,0.049540035159039486,0.05202007335450736,2.05006129259913,108,2204,706
full,Intermediate,queries,absolute,202605,0.09529478133463593,0.04358354272839271,0.051711238606243215,2.186485433928612,128,1939,707
full,Intermediate,adapts,absolute,202512,0.08540074720527278,0.03387333619994214,0.05152741100533065,2.5211790979542976,110,1507,708
full,Intermediate,automate,absolute,202505,0.08441349284416312,0.03292928834300946,0.051484204501153666,2.56347759371129,104,1465,709
full,Intermediate,personalize,absolute,202602,0.07577232476390254,0.02497231354886246,0.050800011215040075,3.0342532987839297,92,1111,710
full,Intermediate,portability,absolute,202509,0.08758555273810402,0.0373797996685493,0.05020575306955473,2.3431252578861987,112,1663,711
full,Intermediate,interrelationships,absolute,202604,0.08113471888681896,0.03128844325834072,0.04984627562847823,2.593120987736916,112,1392,712
full,Intermediate,underreported,absolute,202602,0.08111678325447703,0.03160312587731829,0.04951365737715875,2.56673291019908,99,1406,713
full,Intermediate,emphasised,absolute,202506,0.07909623906620272,0.03009714477221137,0.048999094293991345,2.62803131874596,97,1339,714
full,Intermediate,deepening,absolute,202507,0.07659184096761741,0.028141617068565068,0.04845022389905235,2.7216574222087804,105,1252,715
full,Intermediate,universality,absolute,202607,0.08600654002652412,0.03816650621599321,0.04784003381053091,2.2534559369881264,102,1698,716
full,Intermediate,deploying,absolute,202510,0.08554870848671316,0.03789677825686958,0.047651930229843584,2.2574137544582875,112,1686,717
full,Intermediate,surged,absolute,202506,0.05470989020941682,0.007507428195607615,0.047202462013809204,7.287434362865573,65,334,718
full,Intermediate,conducts,absolute,202402,0.06962166833524953,0.022589716576603754,0.047031951758645774,3.0820071645943945,77,1005,719
full,Intermediate,workloads,absolute,202602,0.07025172082551155,0.02364615108317129,0.04660556974234026,2.9709579617593214,91,1052,720
full,Intermediate,smoother,absolute,202605,0.07082221518134867,0.024567721610177017,0.04625449357117165,2.8827343579150226,97,1093,721
full,Intermediate,inaccuracies,absolute,202507,0.06984918104172455,0.023893401712367947,0.04595577932935661,2.9233669563915003,98,1063,722
full,Intermediate,customization,absolute,202506,0.06888202853589621,0.023578719093390387,0.04530330944250582,2.9213643142814023,82,1049,723
full,Intermediate,fills,absolute,202512,0.08293990085226825,0.037851823597015645,0.04508807725525261,2.191173184554508,109,1684,724
full,Intermediate,creativity,absolute,202405,0.08139176602830207,0.03639079715176267,0.04500096887653941,2.2366029985237543,81,1619,725
full,Intermediate,simplifies,absolute,202507,0.07837512049429136,0.03337883494154883,0.04499628555274253,2.3480484154566073,102,1485,726
full,Intermediate,underrepresentation,absolute,202604,0.05876150476073551,0.014138240524063444,0.04462326423667207,4.156210573778454,79,629,727
full,Intermediate,harnesses,absolute,202409,0.05362963489294075,0.009238182599984221,0.04439145229295653,5.80521485828093,57,411,728
full,Intermediate,collaboratively,absolute,202508,0.08042760207356558,0.036345842491908725,0.04408175958165686,2.2128418701938273,97,1617,729
full,Intermediate,synergizing,absolute,202605,0.04883764768101948,0.005102353893421941,0.043735293787597544,9.571591602844714,58,227,730
full,Intermediate,validations,absolute,202512,0.08048335691837027,0.03693025307000992,0.04355310384836035,2.179334020966368,102,1643,731
full,Intermediate,irregularities,absolute,202406,0.07457423881294659,0.031333397918194665,0.04324084089475192,2.3800239925349063,81,1394,732
full,Intermediate,excelled,absolute,202503,0.04618769435524171,0.0033266448291913975,0.04286104952605032,13.884167600323142,58,148,733
full,Intermediate,fostered,absolute,202601,0.08065228461426958,0.03803164223643139,0.0426206423778382,2.120662686950996,112,1692,734
full,Intermediate,sacrificial,absolute,202608,0.08136154856565903,0.03920046339263378,0.04216108517302524,2.0755251730250666,82,1744,735
full,Intermediate,illustrations,absolute,202604,0.0807801217455863,0.03870596213424046,0.04207415961134583,2.0870201201929497,75,1722,736
full,Intermediate,equip,absolute,202504,0.06766540902422888,0.025646633446671535,0.04201877557755734,2.6383739279047798,78,1141,737
full,Intermediate,classifies,absolute,202604,0.07356583517642287,0.03205267247585766,0.041513162700565216,2.2951544908410764,97,1426,738
full,Intermediate,categorizes,absolute,202507,0.04986145462871919,0.010047366477355102,0.03981408815136409,4.9626391891942685,69,447,739
full,Intermediate,empathetic,absolute,202511,0.051214922546514094,0.011868030201439582,0.03934689234507451,4.315368403789684,68,528,740
full,Intermediate,synergies,absolute,202505,0.07430509490977585,0.03499720269629059,0.039307892213485254,2.1231724019374716,93,1557,741
full,Intermediate,cultivate,absolute,202510,0.0679462252826957,0.028770982306520202,0.0391752429761755,2.36162340787709,90,1280,742
full,Intermediate,overlooks,absolute,202511,0.0437715141375493,0.005214740543056787,0.03855677359449251,8.393804787820034,54,232,743
full,Intermediate,harmonizing,absolute,202511,0.049153433064519955,0.0106992090452372,0.03845422401928275,4.594118392929318,63,476,744
full,Intermediate,harmony,absolute,202509,0.06011077883194996,0.021892919348867716,0.038217859483082234,2.7456721451385073,76,974,745
full,Intermediate,untapped,absolute,202511,0.06335917509558212,0.025286996167840022,0.03807217892774209,2.505603064715225,79,1125,746
full,Intermediate,catalog,absolute,202605,0.07065325211350706,0.03279442436344764,0.03785882775005942,2.1544287934584547,91,1459,747
full,Intermediate,faults,absolute,202512,0.07002504366088047,0.03261460572403188,0.03741043793684859,2.14704553700255,83,1451,748
full,Intermediate,emulate,absolute,202603,0.060962953615914604,0.023646151083171297,0.03731680253274331,2.5781343188364074,80,1052,749
full,Intermediate,streamlines,absolute,202508,0.05045011830683247,0.013463920626254379,0.036986197680578085,3.7470599914601204,58,599,750
full,Intermediate,empowers,absolute,202601,0.04880821060069983,0.012632259418956526,0.0361759511817433,3.86377519507366,64,562,751
full,Intermediate,succumbed,absolute,202509,0.06356849307744598,0.027714547799952666,0.035853945277493325,2.2936868223971008,74,1233,752
full,Intermediate,struggled,absolute,202506,0.06172730095161471,0.02596131606564909,0.03576598488596562,2.3776645527338904,73,1155,753
full,Intermediate,interconnectedness,absolute,202504,0.04511636088978655,0.009800115848158444,0.03531624504162811,4.603655873952188,55,436,754
full,Intermediate,comprehensiveness,absolute,202412,0.05464511301467694,0.0193754583970472,0.03526965461762974,2.820326203121202,62,862,755
full,Intermediate,outdated,absolute,202606,0.05879155814267505,0.023623673753244322,0.035167884389430734,2.4886712692009216,86,1051,756
full,Intermediate,accommodating,absolute,202604,0.06123247078515928,0.026343430674407562,0.034889040110751716,2.3243924279249684,73,1172,757
full,Intermediate,compiles,absolute,202605,0.0465338667464886,0.01209280350070927,0.03444106324577932,3.8480627543281654,59,538,758
full,Intermediate,adheres,absolute,202406,0.04906924583319788,0.015172197700704009,0.033897048132493876,3.2341554467696536,56,675,759
full,Intermediate,heighten,absolute,202604,0.047384415942502645,0.013711171255451036,0.0336732446870516,3.4558984830464,66,610,760
full,Intermediate,competitiveness,absolute,202505,0.06505661756155355,0.03158064854739132,0.03347596901416222,2.0600152483862613,80,1405,761
full,Intermediate,inadvertently,absolute,202605,0.062260794180960345,0.029332915554694423,0.03292787862626592,2.122557304774846,79,1305,762
full,Intermediate,synergize,absolute,202508,0.05772047051913848,0.024882404229154585,0.0328380662899839,2.319730440336939,69,1107,763
full,Intermediate,personalizing,absolute,202504,0.04402103155582592,0.012227667480271088,0.03179336407555484,3.600116835598638,54,544,764
full,Intermediate,encapsulates,absolute,202405,0.04071279420405661,0.01029461710655176,0.03041817709750485,3.9547652703028593,46,458,765
full,Intermediate,inefficiency,absolute,202508,0.05721191754422488,0.026882886592654812,0.030329030951570066,2.128191009065851,68,1196,766
full,Intermediate,underreporting,absolute,202608,0.051146151643836436,0.02094887149193502,0.030197280151901415,2.4414752681798104,64,932,767
full,Intermediate,roundness,absolute,202512,0.038004967925875224,0.00824918008319759,0.029755787842677635,4.607120652304094,52,367,768
full,Intermediate,underutilization,absolute,202508,0.042149843024763746,0.012901987378080156,0.029247855646683592,3.266926388129496,52,574,769
full,Intermediate,transference,absolute,202608,0.045540044457648435,0.017532317343035748,0.028007727114612687,2.5974914534465703,44,780,770
full,Intermediate,equipping,absolute,202412,0.03927996663546087,0.011306096953265359,0.02797386968219551,3.474228710210756,45,503,771
full,Intermediate,obstructing,absolute,202412,0.04794284083095845,0.02020711960434505,0.027735721226613403,2.372571735590139,52,899,772
full,Intermediate,interconnections,absolute,202404,0.048156003462771546,0.02043189290361474,0.027724110559156804,2.3569036745612517,53,909,773
full,Intermediate,objectivity,absolute,202603,0.04432052648644993,0.016857997445226685,0.027462529041223243,2.6290504925304288,61,750,774
full,Intermediate,titled,absolute,202506,0.049339387620576436,0.022117692648137403,0.02722169497243903,2.230765586876507,53,984,775
full,Intermediate,imparts,absolute,202311,0.05180252834391931,0.024590198940103985,0.027212329403815325,2.106633153725118,55,1094,776
full,Intermediate,inaugural,absolute,202409,0.036123157046249355,0.008945977310933623,0.02717717973531573,4.037921826841684,40,398,777
full,Intermediate,traverse,absolute,202602,0.047753337747047785,0.020679143532811396,0.027074194214236392,2.3092512352495658,56,920,778
full,Intermediate,emulating,absolute,202407,0.038588403453110716,0.011530870252535047,0.027057533200575665,3.346530019677145,45,513,779
full,Intermediate,storytelling,absolute,202506,0.04048253949456485,0.013486397956181343,0.026996141538383506,3.0017310497655987,45,600,780
full,Intermediate,mindset,absolute,202603,0.04889837506070594,0.022027783328429532,0.026870591732276402,2.219850010854094,65,980,781
full,Intermediate,risking,absolute,202512,0.037125854252390816,0.01049691307589448,0.026628941176496338,3.5368354471418915,48,467,782
full,Intermediate,citing,absolute,202502,0.047765151980903184,0.021600714059817127,0.026164437921086053,2.211276527647696,58,961,783
full,Intermediate,interdependencies,absolute,202507,0.0374292103988074,0.01132857428319233,0.02610063611561507,3.3039647764272817,51,504,784
full,Intermediate,marginalization,absolute,202603,0.04337137888950481,0.017419930693400903,0.02595144819610391,2.48975611056449,58,775,785
full,Intermediate,automates,absolute,202602,0.032234823974687875,0.006383561699259169,0.025851262275428707,5.04966122257874,40,284,786
full,Intermediate,reassess,absolute,202604,0.04199323301879041,0.016296064197052457,0.025697168821737955,2.57689418199432,57,725,787
full,Intermediate,perpetuate,absolute,202607,0.0473948991651884,0.022050260658356496,0.025344638506831902,2.1494031249570247,61,981,788
full,Intermediate,unsustainable,absolute,202304,0.04477295670577016,0.02016216494449111,0.02461079176127905,2.220642318373823,46,897,789
full,Intermediate,heightens,absolute,202602,0.03009374817936248,0.005664287141596165,0.02442946103776631,5.3128924129510535,39,252,790
full,Intermediate,alarmingly,absolute,202504,0.04331318406940872,0.019083253107996603,0.02422993096141212,2.2696960431373654,53,849,791
full,Intermediate,optima,absolute,202509,0.04082914957235466,0.016813042785372743,0.024016106786981916,2.4284212021321805,51,748,792
full,Intermediate,synthesising,absolute,202603,0.0338256427397452,0.009822593178085414,0.02400304956165978,3.4436571001649052,44,437,793
full,Intermediate,deepened,absolute,202602,0.042600562718284885,0.019352981067120235,0.023247581651164653,2.2012403448614513,51,861,794
full,Intermediate,compensates,absolute,202604,0.04224564699296064,0.019352981067120235,0.022892665925840404,2.182901272235207,53,861,795
full,Intermediate,circumventing,absolute,202512,0.045378377299097224,0.02249980725689588,0.02287857004220134,2.016834045775631,56,1001,796
full,Intermediate,revising,absolute,202601,0.04086220539080225,0.01811672792113694,0.02274547746966531,2.2554958913484575,53,806,797
full,Intermediate,timeframes,absolute,202504,0.03494279450119552,0.012272622140125025,0.022670172361070495,2.8472150533300415,44,546,798
full,Intermediate,hypothesizing,absolute,202503,0.04167907018333945,0.019038298448142667,0.02264077173519679,2.1892224400655707,55,847,799
full,Intermediate,tipping,absolute,202503,0.04183181773278589,0.019375458397047195,0.02245635933573869,2.159010479935846,49,862,800
full,Intermediate,unattainable,absolute,202602,0.03254329354140603,0.010856550354725982,0.021686743186680048,2.997572200937617,38,483,801
full,Intermediate,unpredictability,absolute,202601,0.03838432327547733,0.01685799744522668,0.021526325830250652,2.2769206959599937,51,750,802
full,Intermediate,pronged,absolute,202602,0.03823664814659405,0.016723133465664872,0.02151351468092918,2.2864523700118573,49,744,803
full,Intermediate,reprocessing,absolute,202411,0.03952374674165483,0.018071773261283005,0.02145197348037183,2.1870430848272413,43,804,804
full,Intermediate,uphold,absolute,202311,0.032729224338386986,0.011328574283192328,0.02140065005519466,2.889085909684663,36,504,805
full,Intermediate,breaches,absolute,202512,0.03490298743034991,0.013643739265670125,0.021259248164679785,2.5581687505690995,44,607,806
full,Intermediate,cohesiveness,absolute,202310,0.03555915755572999,0.014587787122602823,0.020971370433127166,2.437597783465965,37,649,807
full,Intermediate,halting,absolute,202408,0.03942535013641092,0.018656183839384194,0.020769166297026725,2.1132590928473762,45,830,808
full,Intermediate,revisits,absolute,202512,0.03377731053959394,0.013036851357641965,0.02074045918195197,2.5909101525342075,45,580,809
full,Intermediate,authored,absolute,202606,0.03514832399251596,0.014587787122602822,0.02056053686991314,2.409434940139477,50,649,810
full,Intermediate,reforming,absolute,202511,0.039058364473350905,0.018543797189749356,0.02051456728360155,2.1062765125009886,49,825,811
full,Intermediate,upgrades,absolute,202604,0.030744269283097883,0.010384526426259633,0.020359742856838253,2.9605846257325723,39,462,812
full,Intermediate,comprehensibility,absolute,202602,0.030939497109774932,0.01087902768465295,0.02006046942512198,2.843957935084704,40,484,813
full,Intermediate,skepticism,absolute,202607,0.03338220814263764,0.013463920626254375,0.019918287516383262,2.4793824227946653,48,599,814
full,Intermediate,inspections,absolute,202502,0.036693985643954576,0.018094250591209973,0.018599735052744603,2.027936192161514,42,805,815
full,Intermediate,journeys,absolute,202508,0.03215975248668895,0.013778603245231941,0.018381149241457014,2.3340357447201896,38,613,816
full,Intermediate,powering,absolute,202507,0.03032357217068111,0.011957939521147461,0.018365632649533652,2.535852612153981,42,532,817
full,Intermediate,translatability,absolute,202604,0.030141152655240977,0.011912984861293522,0.018228167793947453,2.5301092048872316,39,530,818
full,Intermediate,manages,absolute,202412,0.031681470717550966,0.013688693925524064,0.017992776792026904,2.314426116174415,34,609,819
full,Intermediate,traversing,absolute,202404,0.03427534452247049,0.016363496186833366,0.017911848335637127,2.094622330773641,38,728,820
full,Intermediate,trueness,absolute,202502,0.03347920043288699,0.01584651759851308,0.01763268283437391,2.112716577933087,40,705,821
full,Intermediate,generalizing,absolute,202505,0.033601223085809755,0.016251109537198525,0.017350113548611233,2.067626398609714,41,723,822
full,Intermediate,negated,absolute,202501,0.03117558348402517,0.013868512564939817,0.017307070919085354,2.2479399530443054,39,617,823
full,Intermediate,deductively,absolute,202604,0.025241731269155694,0.008518908042321216,0.01672282322683448,2.963024268340133,39,379,824
full,Intermediate,unfeasible,absolute,202506,0.032741779960636035,0.016206154877344583,0.016535625083291452,2.0203299430642523,38,721,825
full,Intermediate,stemmed,absolute,202512,0.0326954949835006,0.016161200217490644,0.01653429476600996,2.0230858193388093,44,719,826
full,Intermediate,equalization,absolute,202503,0.02686748707670519,0.013014374027714997,0.01385311304899019,2.0644471274214986,32,579,827
full,Intermediate,underscoring,relative,202602,1.7789025320338574,0.056170847487495304,1.7227316845463623,31.66949781966304,2202,2499,1
full,Intermediate,underscores,relative,202509,2.2687687322986165,0.10000164084508467,2.168767091453532,22.68731505929217,2717,4449,2
full,Intermediate,underexplored,relative,202511,0.9769704966221247,0.050349219036410355,0.9266212775857142,19.40388580636419,1269,2240,3
full,Intermediate,excels,relative,202503,0.05936417714295572,0.003304167499264428,0.05606000964369129,17.966455137692424,71,147,4
full,Intermediate,outperforming,relative,202605,0.8696706623978395,0.050551515005753084,0.8191191473920865,17.203651805467462,1156,2249,5
full,Intermediate,surpassing,relative,202507,0.4369604162118688,0.026972795912362693,0.40998762029950614,16.200041613468507,603,1200,6
full,Intermediate,underscore,relative,202510,2.4628749566782715,0.1588472905938893,2.304027666084382,15.5046708538132,3283,7067,7
full,Intermediate,framework's,relative,202605,0.06823379124456247,0.004697761954736501,0.06353602928982596,14.524744314846775,93,209,8
full,Intermediate,excelled,relative,202503,0.04618769435524171,0.0033266448291913975,0.04286104952605032,13.884167600323142,58,148,9
full,Intermediate,transformative,relative,202509,0.6210215925471733,0.04904553390064614,0.5719760586465271,12.6621435869208,732,2182,10
full,Intermediate,consolidates,relative,202602,0.10436599291399917,0.008406521392686371,0.0959594715213128,12.414884592430472,120,374,11
full,Intermediate,offering,relative,202511,4.235765918329482,0.3662231365001044,3.8695427818293773,11.56607951864962,5301,16293,12
full,Intermediate,leverages,relative,202507,0.536160355503659,0.04706752886707289,0.4890928266365861,11.391300295748936,723,2094,13
full,Intermediate,scaffolded,relative,202502,0.08639710173514875,0.007597337515315492,0.07879976421983326,11.372023628143493,69,338,14
full,Intermediate,leveraging,relative,202507,1.3842670997185607,0.13151485740269508,1.2527522423158655,10.525556785420605,1898,5851,15
full,Intermediate,emphasizing,relative,202504,1.880248909768556,0.17923422883765008,1.7010146809309057,10.490456660885242,2250,7974,16
full,Intermediate,garnered,relative,202501,0.4961481987051747,0.047562030125466205,0.44858616857970846,10.4316026333687,591,2116,17
full,Intermediate,synergizing,relative,202605,0.04883764768101948,0.005102353893421941,0.043735293787597544,9.571591602844714,58,227,18
full,Intermediate,overlooking,relative,202605,0.12679012170332707,0.013463920626254375,0.11332620107707271,9.417028310170581,170,599,19
full,Intermediate,aligns,relative,202602,0.2998242112416478,0.03205267247585768,0.2677715387657902,9.354109597802736,375,1426,20
full,Intermediate,aligning,relative,202508,0.44685290259382104,0.04805653138385953,0.39879637120996153,9.298484300177831,543,2138,21
full,Intermediate,underscored,relative,202408,0.24417776857360812,0.028726027646666267,0.21545174092694186,8.500227444498252,279,1278,22
full,Intermediate,overlooks,relative,202511,0.0437715141375493,0.005214740543056787,0.03855677359449251,8.393804787820034,54,232,23
full,Intermediate,disproportionality,relative,202601,0.07602935758636742,0.00905836396056847,0.06697099362579895,8.393276966715753,104,403,24
full,Intermediate,advancements,relative,202504,2.0636608489940986,0.24587951207111297,1.8177813369229856,8.39297602151272,2425,10939,25
full,Intermediate,elucidates,relative,202603,0.46498365047658724,0.05545157292983229,0.4095320775467549,8.385400555994536,596,2467,26
full,Intermediate,overlook,relative,202603,0.15164516870692918,0.01858875184960329,0.1330564168573259,8.15789946166641,208,827,27
full,Intermediate,mitigates,relative,202604,0.42276839107342945,0.053158885277281465,0.36960950579614804,7.9529205488082,555,2365,28
full,Intermediate,necessitating,relative,202505,0.804954142185267,0.10218194184800067,0.7027722003372663,7.87765555857869,1017,4546,29
full,Intermediate,surpasses,relative,202507,0.13737857652579938,0.01759974933281665,0.11977882719298273,7.805712111458432,188,783,30
full,Intermediate,fostering,relative,202504,0.6305771982062026,0.08087343307723413,0.5497037651289685,7.797087055819696,777,3598,31
full,Intermediate,innovatively,relative,202510,0.1284290666153296,0.017240112053985155,0.11118895456134444,7.449433403516798,165,767,32
full,Intermediate,surged,relative,202506,0.05470989020941682,0.007507428195607615,0.047202462013809204,7.287434362865573,65,334,33
full,Intermediate,advancing,relative,202601,1.599861588336594,0.2215140864302786,1.3783475019063154,7.222392102093919,2018,9855,34
full,Intermediate,highlighting,relative,202604,4.987617402220441,0.7037202453535426,4.283897156866899,7.087500232020053,6470,31308,35
full,Intermediate,warranting,relative,202607,0.4210250740019228,0.05976722027581033,0.36125785372611247,7.0444145144947425,603,2659,36
full,Intermediate,emphasising,relative,202511,0.14627492613401036,0.021083735471496837,0.12519119066251352,6.937808830496847,183,938,37
full,Intermediate,inclusivity,relative,202506,0.08507274383936703,0.012946942037934091,0.07212580180143292,6.570875469288952,98,576,38
full,Intermediate,paving,relative,202504,0.47327450515851416,0.07262425299403653,0.40065025216447764,6.516755569208768,566,3231,39
full,Intermediate,posing,relative,202510,0.5688899911677184,0.08768406404510572,0.48120592712261273,6.487951914216416,737,3901,40
full,Intermediate,safeguarding,relative,202512,0.13923246033659228,0.022117692648137406,0.11711476768845488,6.295071667356652,175,984,41
full,Intermediate,optimizer,relative,202604,0.07052222809208299,0.011351051613119301,0.05917117647896367,6.212836527901513,94,505,42
full,Intermediate,consolidating,relative,202512,0.07290882965005868,0.011823075541585643,0.061085754108473035,6.166655147691001,93,526,43
full,Intermediate,explores,relative,202506,2.545148740668915,0.4145943505029416,2.1305543901659734,6.138889103484918,2844,18445,44
full,Intermediate,adaptability,relative,202512,0.6638834251988418,0.109891666012951,0.5539917591858907,6.0412536208214505,849,4889,45
full,Intermediate,pioneers,relative,202507,0.07089780216121308,0.011845552871512614,0.059052249289700466,5.985183041284236,96,527,46
full,Intermediate,optimizes,relative,202608,0.2208523627419226,0.03715502636927961,0.183697336372643,5.944077674629966,240,1653,47
full,Intermediate,unlocking,relative,202603,0.07463674734077345,0.012632259418956526,0.062004487921816925,5.9084242070559645,92,562,48
full,Intermediate,mitigating,relative,202505,1.2398163774955324,0.2104552401062099,1.0293611373893226,5.891116690037452,1576,9363,49
full,Intermediate,intensifies,relative,202604,0.07531118977908943,0.012879510048153183,0.06243167973093625,5.847364495817017,100,573,50
full,Intermediate,harnesses,relative,202409,0.05362963489294075,0.009238182599984221,0.04439145229295653,5.80521485828093,57,411,51
full,Intermediate,peaking,relative,202512,0.23728206366107285,0.04221242560284761,0.19506963805822525,5.621142596578625,313,1878,52
full,Intermediate,introduces,relative,202507,1.3086762116072121,0.2343036871587239,1.074372524448488,5.585384624018648,1757,10424,53
full,Intermediate,exceptional,relative,202508,0.9941620917656265,0.17831265831064433,0.8158494334549823,5.575387082355444,1141,7933,54
full,Intermediate,exceeding,relative,202605,1.1686983649704992,0.20982587486825477,0.9588724901022444,5.569848645713024,1590,9335,55
full,Intermediate,method's,relative,202505,0.1312442528326856,0.023601196423317355,0.10764305640936825,5.5609152383063,161,1050,56
full,Intermediate,inefficiencies,relative,202509,0.08054711167630527,0.014610264452529791,0.06593684722377548,5.51304953705738,100,650,57
full,Intermediate,automating,relative,202505,0.08620513006963797,0.01573413094887824,0.07047099912075973,5.478861867218916,105,700,58
full,Intermediate,unlock,relative,202509,0.10999721165778555,0.020207119604345052,0.0897900920534405,5.443487929577717,128,899,59
full,Intermediate,generalizability,relative,202601,0.58975640703013,0.10843063956769801,0.48132576746243194,5.43901990601023,819,4824,60
full,Intermediate,optimizing,relative,202507,2.0128752590798817,0.3732360634373188,1.6396391956425633,5.393035283199326,2796,16605,61
full,Intermediate,groundwork,relative,202508,0.2088254646515696,0.03888578077365621,0.1699396838779134,5.3702268669127955,252,1730,62
full,Intermediate,heightens,relative,202602,0.03009374817936248,0.005664287141596165,0.02442946103776631,5.3128924129510535,39,252,63
full,Intermediate,exacerbating,relative,202507,0.24762618929198288,0.04668541425831443,0.20094077503366847,5.304144629023655,345,2077,64
full,Intermediate,employs,relative,202507,0.768688723507816,0.14529346064792706,0.6233952628598889,5.2905940851012625,1058,6464,65
full,Intermediate,enhancing,relative,202508,5.624083925429293,1.0724608428054676,4.551623082623825,5.244092558864118,6764,47713,66
full,Intermediate,investigates,relative,202507,2.1730547331407086,0.4178535633423521,1.7552011697983567,5.2005174151412,3020,18590,67
full,Intermediate,pinpointed,relative,202408,0.08156787803271104,0.015711653618951268,0.06585622441375978,5.191552716916095,94,699,68
full,Intermediate,multifunctionality,relative,202602,0.08441891977672952,0.016565792156176085,0.06785312762055344,5.09597844647932,101,737,69
full,Intermediate,deepens,relative,202508,0.07219229149659986,0.014228149843771321,0.05796414165282855,5.073905763524383,87,633,70
full,Intermediate,automates,relative,202602,0.032234823974687875,0.006383561699259169,0.025851262275428707,5.04966122257874,40,284,71
full,Intermediate,refining,relative,202503,0.3243367654642532,0.06433011825098502,0.26000664721326816,5.041756090029991,403,2862,72
full,Intermediate,encompassing,relative,202407,0.8855891903033436,0.17685163186539138,0.7087375584379522,5.007526257814798,1055,7868,73
full,Intermediate,categorizes,relative,202507,0.04986145462871919,0.010047366477355102,0.03981408815136409,4.9626391891942685,69,447,74
full,Intermediate,visualizations,relative,202601,0.1447764810483775,0.029287960894840488,0.11548852015353703,4.943207947053837,190,1303,75
full,Intermediate,fosters,relative,202511,0.12540178523223205,0.025466814807255767,0.09993497042497627,4.924125226547912,154,1133,76
full,Intermediate,formidable,relative,202608,0.17954028569282496,0.03668300244081325,0.1428572832520117,4.89437269979487,183,1632,77
full,Intermediate,predispositions,relative,202503,0.07035738058636751,0.014452923143041009,0.055904457443326505,4.868038104820626,85,643,78
full,Intermediate,prompting,relative,202509,0.36225006235649243,0.07525410059549191,0.2869959617610005,4.813692004687821,440,3348,79
full,Intermediate,prioritizing,relative,202607,0.32755332584944974,0.06806135501886186,0.25949197083058784,4.812618346470987,483,3028,80
full,Intermediate,advocating,relative,202504,0.15787495312309177,0.03283937902330158,0.1250355740997902,4.807488990917571,191,1461,81
full,Intermediate,inadequately,relative,202603,0.27516896731425483,0.05740710063347859,0.21776186668077627,4.793291496658206,380,2554,82
full,Intermediate,notable,relative,202411,1.7330305873156635,0.3622671264329579,1.3707634608827057,4.783847224504878,2042,16117,83
full,Intermediate,evaluates,relative,202509,1.3415137816687228,0.28087671476740345,1.0606370669013194,4.7761658803921945,1682,12496,84
full,Intermediate,emphasizes,relative,202504,1.0547073702033285,0.2218512463791832,0.8328561238241452,4.754119651870903,1258,9870,85
full,Intermediate,inflection,relative,202606,0.11335765005462523,0.023870924382440983,0.08948672567218426,4.748775046935721,175,1062,86
full,Intermediate,align,relative,202602,0.6006024514301951,0.12836803121291943,0.4722344202172756,4.678754092862866,757,5711,87
full,Intermediate,enhances,relative,202602,2.9118358079940245,0.6258587744865223,2.2859770335075025,4.652544514348309,3509,27844,88
full,Intermediate,streamlining,relative,202509,0.09026776757348343,0.019420413056901134,0.07084735451658229,4.648086902631886,112,864,89
full,Intermediate,refine,relative,202512,0.7287056753359684,0.15770094676761387,0.5710047285683546,4.620807232120045,975,7016,90
full,Intermediate,roundness,relative,202512,0.038004967925875224,0.00824918008319759,0.029755787842677635,4.607120652304094,52,367,91
full,Intermediate,ensuring,relative,202507,1.695291511502534,0.3681786642037507,1.3271128472987832,4.604534907444709,2369,16380,92
full,Intermediate,interconnectedness,relative,202504,0.04511636088978655,0.009800115848158444,0.03531624504162811,4.603655873952188,55,436,93
full,Intermediate,harmonizing,relative,202511,0.049153433064519955,0.0106992090452372,0.03845422401928275,4.594118392929318,63,476,94
full,Intermediate,notably,relative,202508,4.9276394227124785,1.089386272240475,3.838253150472003,4.523316979732176,5995,48466,95
full,Intermediate,escalating,relative,202601,0.2671297922226696,0.05990208425537215,0.20722770796729748,4.459440694648498,349,2665,96
full,Intermediate,exacerbates,relative,202507,0.2786259202530648,0.06300395578529384,0.21562196446777096,4.422355974005376,388,2803,97
full,Intermediate,nuanced,relative,202406,0.3426083055050888,0.07777156154731242,0.2648367439577764,4.405316013831903,368,3460,98
full,Intermediate,highlights,relative,202510,6.536457817967416,1.5069701076237039,5.029487710343712,4.337483394594044,8188,67044,99
full,Intermediate,empathetic,relative,202511,0.051214922546514094,0.011868030201439582,0.03934689234507451,4.315368403789684,68,528,100
full,Intermediate,examines,relative,202608,2.2326940271262616,0.5183721827757569,1.7143218443505046,4.3071254618076305,2379,23062,101
full,Intermediate,offers,relative,202601,4.882696515122397,1.145130050459358,3.7375664646630398,4.2638794721732705,6261,50946,102
full,Intermediate,enriching,relative,202603,0.16553288832561877,0.03908807674299893,0.12644481158261986,4.234869098676424,214,1739,103
full,Intermediate,adaptable,relative,202510,0.2960698608003792,0.07046642932104753,0.2256034314793317,4.201573198089469,379,3135,104
full,Intermediate,struggle,relative,202605,0.34258711491301164,0.08183995826409379,0.26074715664891784,4.186061701149685,449,3641,105
full,Intermediate,heightened,relative,202405,0.7422890034603115,0.1776383384128353,0.5646506650474762,4.1786531561402915,868,7903,106
full,Intermediate,safeguard,relative,202510,0.1693258912729056,0.04066148983788675,0.12866440143501887,4.164281533903229,221,1809,107
full,Intermediate,streamlined,relative,202602,0.1924982120830029,0.04628082231962899,0.14621738976337392,4.159351593918396,222,2059,108
full,Intermediate,underrepresentation,relative,202604,0.05876150476073551,0.014138240524063444,0.04462326423667207,4.156210573778454,79,629,109
full,Intermediate,vigilant,relative,202510,0.15612919901843164,0.0376720049575999,0.11845719406083174,4.144435614567267,196,1676,110
full,Intermediate,affirming,relative,202404,0.13533898385631227,0.0326820377138128,0.10265694614249946,4.141081564174082,147,1454,111
full,Intermediate,hinges,relative,202511,0.08119568660496948,0.01975757300580567,0.06143811359916381,4.109598207285405,101,879,112
full,Intermediate,addressing,relative,202504,3.0106034231053984,0.7338623447856079,2.2767410783197906,4.102408911558097,3728,32649,113
full,Intermediate,personalization,relative,202510,0.11881500528858331,0.029085664925497766,0.08972934036308555,4.085002202732002,158,1294,114
full,Intermediate,shaping,relative,202604,1.0017542332550171,0.2459019894010398,0.7558522438539774,4.073794749261924,1327,10940,115
full,Intermediate,seamlessly,relative,202507,0.0884283316883682,0.021803010029159842,0.06662532165920836,4.055785488797286,120,970,116
full,Intermediate,necessitates,relative,202409,0.43129201208373813,0.1064076798742708,0.32488433220946733,4.05320379688143,481,4734,117
full,Intermediate,poses,relative,202507,1.4936941322710644,0.368673165462144,1.1250209668089204,4.0515401504708635,2073,16402,118
full,Intermediate,orchestrating,relative,202605,0.1268524355209294,0.031378352578048586,0.09547408294288082,4.042673534418496,156,1396,119
full,Intermediate,standardizing,relative,202508,0.14952368636833763,0.03699768505979083,0.11252600130854679,4.04143356879483,178,1646,120
full,Intermediate,inaugural,relative,202409,0.036123157046249355,0.008945977310933623,0.02717717973531573,4.037921826841684,40,398,121
full,Intermediate,outperformed,relative,202511,0.7463166744347545,0.18561779053690924,0.5606988838978452,4.020717369148691,1006,8258,122
full,Intermediate,streamline,relative,202506,0.16082434786771305,0.04007707925978557,0.12074726860792748,4.01287595897959,187,1783,123
full,Intermediate,incorporating,relative,202606,2.5316653727281175,0.6308936963901635,1.900771676337954,4.012824010152196,3633,28068,124
full,Intermediate,achieving,relative,202602,3.646691408848994,0.9098148834539204,2.7368765253950738,4.008168557327947,4408,40477,125
full,Intermediate,resilience,relative,202603,1.4303793602420989,0.3581088203964686,1.0722705398456303,3.9942589480440627,1922,15932,126
full,Intermediate,sustainable,relative,202602,3.1146405720552868,0.7807950096731189,2.333845562382168,3.9890631131969405,3722,34737,127
full,Intermediate,amid,relative,202603,0.1572174156991864,0.03942523669190347,0.11779217900728293,3.9877354935822935,207,1754,128
full,Intermediate,navigating,relative,202604,0.22210180280701303,0.05608093816778742,0.1660208646392256,3.9603795882035917,301,2495,129
full,Intermediate,encapsulates,relative,202405,0.04071279420405661,0.01029461710655176,0.03041817709750485,3.9547652703028593,46,458,130
full,Intermediate,seamless,relative,202510,0.12923242007710992,0.03283937902330158,0.09639304105380832,3.935288179030775,168,1461,131
full,Intermediate,emphasises,relative,202511,0.11520021245586753,0.02935539288462139,0.08584481957124614,3.9243287565133644,146,1306,132
full,Intermediate,insights,relative,202507,8.228863359571776,2.1016303481715926,6.1272330114001825,3.9154665646748215,11306,93500,133
full,Intermediate,pivotal,relative,202406,2.09447322963624,0.5392311449479842,1.5552420846882558,3.88418445273275,2220,23990,134
full,Intermediate,featuring,relative,202608,0.599346095134452,0.15446421125813037,0.4448818838763217,3.88016156139149,577,6872,135
full,Intermediate,empowers,relative,202601,0.04880821060069983,0.012632259418956526,0.0361759511817433,3.86377519507366,64,562,136
full,Intermediate,compiles,relative,202605,0.0465338667464886,0.01209280350070927,0.03444106324577932,3.8480627543281654,59,538,137
full,Intermediate,meticulous,relative,202409,0.20803743749224796,0.054305229103556875,0.1537322083886911,3.8308914431708376,227,2416,138
full,Intermediate,stricter,relative,202512,0.09925200645625545,0.02605122538535697,0.07320078107089847,3.8098786136963683,131,1159,139
full,Intermediate,complicating,relative,202602,0.22458438829201496,0.059137855037855194,0.16544653325415978,3.7976417668218523,271,2631,140
full,Intermediate,accelerating,relative,202602,0.6352998314115611,0.16732124397635656,0.46797858743520443,3.796886852582404,755,7444,141
full,Intermediate,emerges,relative,202406,0.48813676355065244,0.12942446571948696,0.3587122978311655,3.771595739932465,524,5758,142
full,Intermediate,tailored,relative,202509,2.20598019965453,0.5850848979990008,1.6208953016555294,3.7703591516359696,2775,26030,143
full,Intermediate,categorizing,relative,202504,0.1193726231320805,0.03167055786709919,0.08770206526498131,3.7691986239399395,152,1409,144
full,Intermediate,disruptions,relative,202510,0.44244766949520464,0.11744404886841255,0.3250036206267921,3.7673059959890765,590,5225,145
full,Intermediate,innovations,relative,202512,0.6110396413123542,0.16246614071213128,0.44857350060022294,3.761027612485954,747,7228,146
full,Intermediate,managing,relative,202504,2.2649739698695557,0.6041231964471433,1.6608507734224125,3.7491921899206955,2780,26877,147
full,Intermediate,streamlines,relative,202508,0.05045011830683247,0.013463920626254379,0.036986197680578085,3.7470599914601204,58,599,148
full,Intermediate,multifaceted,relative,202509,0.663511228261891,0.1784924769500601,0.48501875131183086,3.717306407527377,815,7941,149
full,Intermediate,overfitting,relative,202604,0.1065270964308941,0.028726027646666263,0.07780106878422784,3.70838243773872,157,1278,150
full,Intermediate,readability,relative,202606,0.08733121897771641,0.023781015062733103,0.0635502039149833,3.6723082991765117,134,1058,151
full,Intermediate,uncovers,relative,202602,0.18077030876412062,0.049472603169258576,0.131297705594862,3.6539477849115523,207,2201,152
full,Intermediate,foundation,relative,202605,2.1183159870461954,0.5850399433391467,1.5332760437070485,3.620805743545977,2807,26028,153
full,Intermediate,strategically,relative,202508,0.14926797636112807,0.04129085507584189,0.10797712128528618,3.615037181646077,175,1837,154
full,Intermediate,personalizing,relative,202504,0.04402103155582592,0.012227667480271088,0.03179336407555484,3.600116835598638,54,544,155
full,Intermediate,necessitate,relative,202508,0.24535259487590846,0.06848842428747427,0.17686417058843418,3.582395089804695,298,3047,156
full,Intermediate,adjusts,relative,202507,0.0734521039913351,0.020521802223322616,0.05293030176801248,3.579222876822107,100,913,157
full,Intermediate,exhibiting,relative,202603,1.6140002114076741,0.4510975343043389,1.1629026771033353,3.5779406639779316,2123,20069,158
full,Intermediate,mitigate,relative,202505,2.154260585499031,0.6023699647128399,1.5518906207861907,3.576308102489811,2768,26799,159
full,Intermediate,proactive,relative,202605,0.41371263880589004,0.11584815844359775,0.29786448036229235,3.5711628425005277,561,5154,160
full,Intermediate,precision,relative,202605,3.5653193277810664,1.0001063177705545,2.565213010010512,3.564940311275012,4666,44494,161
full,Intermediate,outperforms,relative,202507,0.6621125213210001,0.18588751849603288,0.47622500282496716,3.561898758335033,911,8270,162
full,Intermediate,risking,relative,202512,0.037125854252390816,0.01049691307589448,0.026628941176496338,3.5368354471418915,48,467,163
full,Intermediate,surpassed,relative,202405,0.1261746888778388,0.0357839092437345,0.0903907796341043,3.5260174627212106,152,1592,164
full,Intermediate,broadens,relative,202601,0.11154879175566502,0.03176046718680707,0.07978832456885795,3.5121898900152546,132,1413,165
full,Intermediate,advancement,relative,202501,0.9134441949116381,0.2601750939046651,0.653269101006973,3.5108825414562843,1109,11575,166
full,Intermediate,enhance,relative,202508,8.200521593910679,2.3499598892047455,5.8505617047059335,3.4896432196916494,9939,104548,167
full,Intermediate,practicality,relative,202509,0.15898518374497908,0.04562897975174688,0.11335620399323221,3.4843028402118157,191,2030,168
full,Intermediate,equipping,relative,202412,0.03927996663546087,0.011306096953265359,0.02797386968219551,3.474228710210756,45,503,169
full,Intermediate,system's,relative,202507,0.27446622724960623,0.07909772401300359,0.19536850323660265,3.4699636516024692,373,3519,170
full,Intermediate,mirroring,relative,202507,0.08774091261132438,0.025331950827693957,0.06240896178363042,3.463646096904717,121,1127,171
full,Intermediate,heighten,relative,202604,0.047384415942502645,0.013711171255451036,0.0336732446870516,3.4558984830464,66,610,172
full,Intermediate,exemplifies,relative,202512,0.08841186452202161,0.02560167878681759,0.06281018573520403,3.45336199466518,109,1139,173
full,Intermediate,leverage,relative,202507,0.4485586525803195,0.13000887629758817,0.31854977628273135,3.4502155956919136,617,5784,174
full,Intermediate,alleviating,relative,202503,0.6080875469371241,0.1763346532770711,0.431752893660053,3.448485794687493,768,7845,175
full,Intermediate,compromising,relative,202605,0.5726098387906198,0.16610746816030023,0.4065023706303196,3.4472251316119564,775,7390,176
full,Intermediate,synthesising,relative,202603,0.0338256427397452,0.009822593178085414,0.02400304956165978,3.4436571001649052,44,437,177
full,Intermediate,prompts,relative,202606,0.1738492525158127,0.05061894699553398,0.12323030552027874,3.4344699531412837,264,2252,178
full,Intermediate,hindering,relative,202511,0.28258885055648464,0.08246932350204893,0.20011952705443573,3.4265935326784125,365,3669,179
full,Intermediate,capturing,relative,202605,0.6625841501802813,0.19352981067120228,0.46905433950907893,3.423680041241705,893,8610,180
full,Intermediate,validates,relative,202604,0.18166170276426685,0.05311393061742753,0.12854777214683932,3.420227060067378,235,2363,181
full,Intermediate,hinder,relative,202508,0.5671779549073396,0.16583774020117661,0.40134021470616293,3.420077686896239,678,7378,182
full,Intermediate,guiding,relative,202510,0.965030963095492,0.28240517320243735,0.6826257898930546,3.4171858544663625,1272,12564,183
full,Intermediate,thereby,relative,202601,5.293756467926671,1.5565101427827428,3.737246325143928,3.401042063537373,6837,69248,184
full,Intermediate,neglecting,relative,202504,0.09987007833294755,0.029400347544475333,0.07046973078847221,3.396901284308603,121,1308,185
full,Intermediate,personalised,relative,202511,0.21507161816397513,0.0634085477239793,0.15166307043999586,3.391839521387449,281,2821,186
full,Intermediate,facilitating,relative,202507,1.738114819873083,0.513966626110071,1.2241481937630119,3.3817659193708978,2381,22866,187
full,Intermediate,innovation,relative,202512,0.8829247238098901,0.26138886972072145,0.6215358540891686,3.3778206576019967,1101,11629,188
full,Intermediate,emulating,relative,202407,0.038588403453110716,0.011530870252535047,0.027057533200575665,3.346530019677145,45,513,189
full,Intermediate,highlight,relative,202512,7.156906776104122,2.142246883349626,5.014659892754496,3.3408412595814134,9094,95307,190
full,Intermediate,elucidating,relative,202511,0.6768840433194575,0.2028129479310405,0.474071095388417,3.3374794372083603,852,9023,191
full,Intermediate,emphasise,relative,202509,0.13441819954005318,0.040436716538617065,0.09398148300143612,3.324162074625515,174,1799,192
full,Intermediate,struggles,relative,202507,0.07533992280976,0.022679625896311627,0.052660296913448375,3.3219208797448676,105,1009,193
full,Intermediate,surpass,relative,202511,0.08597976593620009,0.02591636140579515,0.06006340453040494,3.3175863150671367,108,1153,194
full,Intermediate,marking,relative,202501,0.163890059285526,0.04940517117947767,0.11448488810604832,3.317265285655037,196,2198,195
full,Intermediate,emerged,relative,202608,4.52359786931092,1.368419845953867,3.1551780233570526,3.305709050249643,5209,60880,196
full,Intermediate,interdependencies,relative,202507,0.0374292103988074,0.01132857428319233,0.02610063611561507,3.3039647764272817,51,504,197
full,Intermediate,optimising,relative,202602,0.14365068446477908,0.04349363340868483,0.10015705105609425,3.302797977694244,178,1935,198
full,Intermediate,balancing,relative,202603,0.48088481350186535,0.1456530979267585,0.33523171557510684,3.3015762819111316,636,6480,199
full,Intermediate,boosts,relative,202505,0.12455300931401797,0.03789677825686959,0.08665623105714838,3.2866384701565003,155,1686,200
full,Intermediate,strategic,relative,202604,0.6794722708894478,0.20728593658650724,0.4721863343029406,3.27794679213986,888,9222,201
full,Intermediate,customizable,relative,202507,0.09537361654412152,0.02910814225542474,0.06626547428869678,3.276527086724238,128,1295,202
full,Intermediate,promise,relative,202509,2.2281637184807033,0.680253912909787,1.547909805570916,3.275488279001189,2739,30264,203
full,Intermediate,lays,relative,202504,0.20413682473080672,0.06235211321741175,0.14178471151339497,3.273935945346625,249,2774,204
full,Intermediate,informing,relative,202601,0.4300339761121524,0.13146990274284115,0.29856407336931123,3.270968998534296,580,5849,205
full,Intermediate,uncovering,relative,202511,0.24140255375813383,0.07388298346994679,0.16751957028818704,3.267363368675124,303,3287,206
full,Intermediate,underutilization,relative,202508,0.042149843024763746,0.012901987378080156,0.029247855646683592,3.266926388129496,52,574,207
full,Intermediate,incorporates,relative,202603,0.5589758151180642,0.17183918729167733,0.38713662782638686,3.252900714487591,735,7645,208
full,Intermediate,addresses,relative,202509,0.9972995814165279,0.30704032680239524,0.6902592546141326,3.2481061748555558,1216,13660,209
full,Intermediate,complicates,relative,202510,0.2016782786594626,0.062194771907922976,0.13948350675153964,3.2426886130885686,260,2767,210
full,Intermediate,vigilance,relative,202602,0.22894134067745425,0.07075863461009811,0.15818270606735613,3.2355251332786676,263,3148,211
full,Intermediate,adheres,relative,202406,0.04906924583319788,0.015172197700704009,0.033897048132493876,3.2341554467696536,56,675,212
full,Intermediate,innovative,relative,202506,2.315300580321099,0.7167795740411116,1.5985210062799873,3.2301430790887777,2677,31889,213
full,Intermediate,breakthroughs,relative,202509,0.18847542086281213,0.05844105781011914,0.130034363052693,3.2250514950497244,218,2600,214
full,Intermediate,particularly,relative,202605,11.809496237319198,3.6677158335032245,8.141780403815973,3.2198503846573465,16328,163174,215
full,Intermediate,validating,relative,202603,0.4201130537954134,0.13090796949466688,0.28920508430074654,3.2092244300873416,562,5824,216
full,Intermediate,emphasize,relative,202510,1.140319711278633,0.35561383677457514,0.7847058745040578,3.2066235712911406,1499,15821,217
full,Intermediate,deepen,relative,202505,0.20269307707607268,0.06322872908456352,0.13946434799150914,3.2057117074895873,251,2813,218
full,Intermediate,capabilities,relative,202508,1.5119160658308999,0.4734624775816731,1.0384535882492267,3.1933176068215285,1813,21064,219
full,Intermediate,recognising,relative,202512,0.1040319802478967,0.03259212839410492,0.07143985185379177,3.1919357640574773,134,1450,220
full,Intermediate,unexplored,relative,202511,0.8229358666671561,0.25783745159226035,0.5650984150748957,3.191684767225098,1044,11471,221
full,Intermediate,hindered,relative,202604,0.7047962100208335,0.2210870171616662,0.4837091928591673,3.1878679221831603,885,9836,222
full,Intermediate,prolific,relative,202501,0.07843558695044164,0.024635153599957927,0.05380043335048371,3.18388869110098,99,1096,223
full,Intermediate,challenges,relative,202507,8.704933239591888,2.7404585420259764,5.964474697565911,3.1764513515159662,11880,121921,224
full,Intermediate,synthesizing,relative,202509,0.3891627981305467,0.12259135742168845,0.2665714407088583,3.1744717271700376,457,5454,225
full,Intermediate,culminating,relative,202601,0.11245842167020292,0.035491703954683915,0.07696671771551902,3.1685833346798655,143,1579,226
full,Intermediate,inclusive,relative,202511,0.4779553662636211,0.1512499530785738,0.3267054131850473,3.1600364597490156,619,6729,227
full,Intermediate,enhancements,relative,202508,0.23515558333353673,0.07442243938819405,0.1607331439453427,3.1597403319037194,285,3311,228
full,Intermediate,forecasting,relative,202511,0.2632231263294,0.08368309931810523,0.17954002701129476,3.14547535254171,343,3723,229
full,Intermediate,rigorously,relative,202604,0.25218900990602483,0.08019911317942506,0.17198989672659978,3.144536141463513,345,3568,230
full,Intermediate,sustainability,relative,202510,0.9486147812697832,0.3025673381469285,0.6460474431228547,3.1352187155413653,1248,13461,231
full,Intermediate,demonstrating,relative,202603,2.8792734734498104,0.9218627322947761,1.9574107411550343,3.1233212631152663,3813,41013,232
full,Intermediate,revealing,relative,202601,1.5823602808639106,0.510347775991829,1.0720125048720817,3.100552907845424,2019,22705,233
full,Intermediate,conducts,relative,202402,0.06962166833524953,0.022589716576603754,0.047031951758645774,3.0820071645943945,77,1005,234
full,Intermediate,influencing,relative,202507,2.266149443119537,0.735885304479035,1.5302641386405018,3.0794872914656746,3253,32739,235
full,Intermediate,compounded,relative,202511,0.15887350842885373,0.05167538150210152,0.1071981269267522,3.074452549951522,205,2299,236
full,Intermediate,disrupting,relative,202603,0.63020358507436,0.2051730675733722,0.4250305175009879,3.0715707111460535,816,9128,237
full,Intermediate,avenues,relative,202406,0.7038691851648894,0.23059492772077406,0.47327425744411544,3.052405324444951,738,10259,238
full,Intermediate,complicate,relative,202607,0.243480191199434,0.07995186255022839,0.1635283286492056,3.0453348231440107,325,3557,239
full,Intermediate,personalize,relative,202602,0.07577232476390254,0.02497231354886246,0.050800011215040075,3.0342532987839297,92,1111,240
full,Intermediate,mitigated,relative,202503,0.5639821342008332,0.1858875184960329,0.3780946157048003,3.0339967888315718,706,8270,241
full,Intermediate,elevating,relative,202601,0.19304772659466468,0.06372323034295686,0.1293244962517078,3.0294717570921397,256,2835,242
full,Intermediate,cultivating,relative,202412,0.08498109731629322,0.028096662408711143,0.05688443490758208,3.0245975867206747,95,1250,243
full,Intermediate,advocates,relative,202508,0.2055095758026914,0.06801640035900791,0.13749317544368347,3.0214709205126917,238,3026,244
full,Intermediate,offer,relative,202508,4.149374757888762,1.3738368824662668,2.7755378754224957,3.020281964216845,4986,61121,245
full,Intermediate,persist,relative,202606,0.8251203525393759,0.273324331911942,0.5517960206274338,3.0188324133733113,1201,12160,246
full,Intermediate,storytelling,relative,202506,0.04048253949456485,0.013486397956181343,0.026996141538383506,3.0017310497655987,45,600,247
full,Intermediate,unattainable,relative,202602,0.03254329354140603,0.010856550354725982,0.021686743186680048,2.997572200937617,38,483,248
full,Intermediate,valuable,relative,202505,4.4448628280282705,1.490067155518623,2.954795672509648,2.982994968761137,5618,66292,249
full,Intermediate,proprietary,relative,202602,0.11421779473282621,0.03843623417511684,0.07578156055770938,2.9716177243703408,151,1710,250
full,Intermediate,workloads,relative,202602,0.07025172082551155,0.02364615108317129,0.04660556974234026,2.9709579617593214,91,1052,251
full,Intermediate,leveraged,relative,202507,0.30173025603583453,0.10179982723924218,0.1999304287965923,2.963956464550093,417,4529,252
full,Intermediate,deductively,relative,202604,0.025241731269155694,0.008518908042321216,0.01672282322683448,2.963024268340133,39,379,253
full,Intermediate,poised,relative,202511,0.12176126438537564,0.04111103643642613,0.08065022794894951,2.9617658648345335,151,1829,254
full,Intermediate,upgrades,relative,202604,0.030744269283097883,0.010384526426259633,0.020359742856838253,2.9605846257325723,39,462,255
full,Intermediate,ensures,relative,202507,0.4111180202031652,0.1390222855983027,0.27209573460486247,2.95720947496913,564,6185,256
full,Intermediate,exhibits,relative,202608,2.9804405237847313,1.010738094826011,1.9697024289587206,2.9487762844219167,3115,44967,257
full,Intermediate,minimizing,relative,202506,0.8171179070219062,0.2774601606185042,0.539657746403402,2.9449918330632276,958,12344,258
full,Intermediate,burdens,relative,202509,0.39124404501683396,0.13290845185816713,0.25833559315866683,2.9437107990269036,502,5913,259
full,Intermediate,accessibility,relative,202608,0.9909969800066972,0.33666544764614026,0.654331532360557,2.9435660443785925,1157,14978,260
full,Intermediate,inaccuracies,relative,202507,0.06984918104172455,0.023893401712367947,0.04595577932935661,2.9233669563915003,98,1063,261
full,Intermediate,customization,relative,202506,0.06888202853589621,0.023578719093390387,0.04530330944250582,2.9213643142814023,82,1049,262
full,Intermediate,faces,relative,202507,0.6438893884359544,0.2205925159032728,0.4232968725326817,2.9189085849054477,891,9814,263
full,Intermediate,acknowledging,relative,202406,0.13410899416275268,0.04603357169043233,0.08807542247232035,2.913286743523011,144,2048,264
full,Intermediate,overcoming,relative,202508,0.5964524781594757,0.20526297689308007,0.3911895012663955,2.905796686706747,706,9132,265
full,Intermediate,uphold,relative,202311,0.032729224338386986,0.011328574283192328,0.02140065005519466,2.889085909684663,36,504,266
full,Intermediate,logistical,relative,202607,0.19283539698503188,0.06680262454295159,0.12603277244208028,2.886644024907224,275,2972,267
full,Intermediate,smoother,relative,202605,0.07082221518134867,0.024567721610177017,0.04625449357117165,2.8827343579150226,97,1093,268
full,Intermediate,focusing,relative,202504,2.9725791282394556,1.0317543983077269,1.940824729931729,2.881091791917776,3654,45902,269
full,Intermediate,adoption,relative,202605,1.3147661100297727,0.4566719121262273,0.8580941979035455,2.879016806416512,1798,20317,270
full,Intermediate,primarily,relative,202603,4.1086078993279935,1.427153109053037,2.6814547902749566,2.8788837534426777,5651,63493,271
full,Intermediate,pose,relative,202508,1.2291920587620808,0.42781102049999925,0.8013810382620815,2.873212703416281,1478,19033,272
full,Intermediate,disparities,relative,202512,1.2213561036738552,0.425900447456207,0.7954556562176484,2.8677032648561394,1637,18948,273
full,Intermediate,impactful,relative,202504,0.13776711397139843,0.04812396337364043,0.089643150597758,2.8627549418936558,169,2141,274
full,Intermediate,disrupt,relative,202605,0.6315135091169899,0.22065994789305382,0.410853561223936,2.861930835871775,827,9817,275
full,Intermediate,distinguishing,relative,202608,0.8129348654050498,0.28438317823601067,0.528551687169039,2.858589845037853,951,12652,276
full,Intermediate,timely,relative,202601,1.735066920258713,0.6078993878748742,1.1271675323838388,2.854200801754792,2236,27045,277
full,Intermediate,transitioning,relative,202608,0.23431878155101843,0.08217711821299833,0.15214166333802007,2.851387182301498,272,3656,278
full,Intermediate,stays,relative,202508,0.3153766192044502,0.11063341790054097,0.20474320130390924,2.8506451774632198,397,4922,279
full,Intermediate,timeframes,relative,202504,0.03494279450119552,0.012272622140125025,0.022670172361070495,2.8472150533300415,44,546,280
full,Intermediate,comprehensibility,relative,202602,0.030939497109774932,0.01087902768465295,0.02006046942512198,2.843957935084704,40,484,281
full,Intermediate,exacerbate,relative,202506,0.38079822622429094,0.13414470500415043,0.2466535212201405,2.8387123160210392,456,5968,282
full,Intermediate,comprehensiveness,relative,202412,0.05464511301467694,0.0193754583970472,0.03526965461762974,2.820326203121202,62,862,283
full,Intermediate,landscape,relative,202607,1.4785169978239447,0.5262842029100501,0.9522327949138949,2.809350897573199,2006,23414,284
full,Intermediate,precise,relative,202508,2.9257098848387937,1.0434426098697507,1.8822672749690432,2.803901103103313,3472,46422,285
full,Intermediate,evolving,relative,202607,1.0401185147374565,0.371617695682577,0.6685008190548797,2.798893935411219,1367,16533,286
full,Intermediate,affordability,relative,202512,0.14845857874961876,0.05306897595757361,0.09538960279204517,2.797464546297353,196,2361,287
full,Intermediate,serving,relative,202601,0.7028779988294187,0.2522181191105181,0.45065987971890065,2.7867862995260397,933,11221,288
full,Intermediate,comprehensive,relative,202507,7.266939683434424,2.617597456645164,4.64934222678926,2.7761868674597796,10207,116455,289
full,Intermediate,scarcity,relative,202603,0.3706056478681209,0.13454929694283593,0.23605635092528496,2.7544227750634396,497,5986,290
full,Intermediate,intersection,relative,202603,0.3180308900357126,0.11557843048447414,0.20245245955123845,2.7516456894475154,433,5142,291
full,Intermediate,harmony,relative,202509,0.06011077883194996,0.021892919348867716,0.038217859483082234,2.7456721451385073,76,974,292
full,Intermediate,understudied,relative,202601,0.4455824337749864,0.16239870872235035,0.28318372505263606,2.743756014321452,598,7225,293
full,Intermediate,deepening,relative,202507,0.07659184096761741,0.028141617068565068,0.04845022389905235,2.7216574222087804,105,1252,294
full,Intermediate,optimize,relative,202508,2.1637665555227783,0.795090591506671,1.3686759640161072,2.721408828926664,2633,35373,295
full,Intermediate,foster,relative,202510,0.48312812657095516,0.17838009030042523,0.3047480362705299,2.708419564970942,633,7936,296
full,Intermediate,policymakers,relative,202510,0.48530838269500154,0.17918927417779615,0.30611910851720536,2.708356205592229,665,7972,297
full,Intermediate,interdisciplinary,relative,202509,0.6014439530518236,0.2225030889470652,0.3789408641047584,2.703081363490242,734,9899,298
full,Intermediate,necessity,relative,202503,0.7494796582532901,0.27795466187689755,0.47152499637639256,2.6964097424824796,926,12366,299
full,Intermediate,diminishes,relative,202503,0.14450114121179836,0.05363090920574782,0.09087023200605054,2.694363070695651,175,2386,300
full,Intermediate,rising,relative,202511,1.0058935971627743,0.37373056469571203,0.6321630324670624,2.6914940660038433,1329,16627,301
full,Intermediate,eliminates,relative,202604,0.22002294488957444,0.08197482224365561,0.13804812264591884,2.68403076539276,268,3647,302
full,Intermediate,navigate,relative,202605,0.25011159116947024,0.09339330584655581,0.15671828532291443,2.678046235780548,331,4155,303
full,Intermediate,effectively,relative,202505,5.623235638805707,2.1011358469131993,3.522099791892508,2.6762837096263246,7146,93478,304
full,Intermediate,distinctions,relative,202405,0.10814816054334637,0.0404142392086901,0.06773392133465628,2.6759914985630053,127,1798,305
full,Intermediate,totaling,relative,202508,0.10687347141431526,0.04000964727000467,0.06686382414431061,2.671192542465591,133,1780,306
full,Intermediate,artificial,relative,202605,2.5965590894018384,0.9744147296640292,1.6221443597378093,2.6647371087022793,3421,43351,307
full,Intermediate,strategies,relative,202603,13.189217840897077,4.953666355955043,8.235551484942032,2.6625163854730904,17706,220385,308
full,Intermediate,lies,relative,202608,0.38001084483557657,0.1433379329442807,0.23667291189129586,2.6511533760103614,442,6377,309
full,Intermediate,interplay,relative,202507,1.2737703170819394,0.48256579620209566,0.7912045208798438,2.6395785343818527,1753,21469,310
full,Intermediate,equip,relative,202504,0.06766540902422888,0.025646633446671535,0.04201877557755734,2.6383739279047798,78,1141,311
full,Intermediate,objectivity,relative,202603,0.04432052648644993,0.016857997445226685,0.027462529041223243,2.6290504925304288,61,750,312
full,Intermediate,emphasised,relative,202506,0.07909623906620272,0.03009714477221137,0.048999094293991345,2.62803131874596,97,1339,313
full,Intermediate,unlabeled,relative,202507,0.09120979584107171,0.03474995206709393,0.05645984377397777,2.624745946842378,125,1546,314
full,Intermediate,expanding,relative,202603,1.093923450302047,0.4170443794649811,0.6768790708370659,2.623038468245088,1423,18554,315
full,Intermediate,detailing,relative,202506,0.1400374949238623,0.05347356789625904,0.08656392702760327,2.6188171171884567,160,2379,316
full,Intermediate,minimizes,relative,202504,0.1705243544598694,0.06511682479842892,0.10540752966144047,2.6187449247983547,205,2897,317
full,Intermediate,marginalized,relative,202601,0.1330794621014215,0.051113448253927295,0.0819660138474942,2.603609551840329,168,2274,318
full,Intermediate,exhibited,relative,202601,8.973316882492536,3.4526752180919122,5.520641664400625,2.598946126027908,12010,153607,319
full,Intermediate,transference,relative,202608,0.045540044457648435,0.017532317343035748,0.028007727114612687,2.5974914534465703,44,780,320
full,Intermediate,comprehensively,relative,202408,1.0453041058832178,0.4028836616109907,0.642420444272227,2.594555712940586,1192,17924,321
full,Intermediate,interrelationships,relative,202604,0.08113471888681896,0.03128844325834072,0.04984627562847823,2.593120987736916,112,1392,322
full,Intermediate,revisits,relative,202512,0.03377731053959394,0.013036851357641965,0.02074045918195197,2.5909101525342075,45,580,323
full,Intermediate,impractical,relative,202602,0.09039064345745657,0.03490729337658271,0.05548335008087386,2.589448642789774,112,1553,324
full,Intermediate,exerting,relative,202604,0.18555473481315113,0.0717026824670308,0.11385205234612031,2.587835328175762,245,3190,325
full,Intermediate,emulate,relative,202603,0.060962953615914604,0.023646151083171297,0.03731680253274331,2.5781343188364074,80,1052,326
full,Intermediate,reassess,relative,202604,0.04199323301879041,0.016296064197052457,0.025697168821737955,2.57689418199432,57,725,327
full,Intermediate,serves,relative,202605,1.2026219307768697,0.4673711211714644,0.7352508096054053,2.573162688705501,1570,20793,328
full,Intermediate,consolidate,relative,202601,0.09868407300619797,0.03836880218533593,0.06031527082086205,2.5719873278690413,122,1707,329
full,Intermediate,demonstrates,relative,202601,4.144050404946807,1.612860808909654,2.531189596037153,2.569378821814338,5355,71755,330
full,Intermediate,underreported,relative,202602,0.08111678325447703,0.03160312587731829,0.04951365737715875,2.56673291019908,99,1406,331
full,Intermediate,enduring,relative,202408,0.15626993917040313,0.06089108677215876,0.09537885239824437,2.56638446535092,176,2709,332
full,Intermediate,recognizing,relative,202510,0.5577153342447068,0.21740073505364332,0.34031459919106344,2.565379248175455,701,9672,333
full,Intermediate,automate,relative,202505,0.08441349284416312,0.03292928834300946,0.051484204501153666,2.56347759371129,104,1465,334
full,Intermediate,solely,relative,202504,0.7458060791989239,0.2910814225542474,0.4547246566446766,2.5621905810905257,844,12950,335
full,Intermediate,versatility,relative,202510,0.3646098589422357,0.14246131707712892,0.22214854186510674,2.559360438488962,442,6338,336
full,Intermediate,inconsistencies,relative,202604,0.21789050638691349,0.0851666030932852,0.1327239032936283,2.5584031589031717,296,3789,337
full,Intermediate,breaches,relative,202512,0.03490298743034991,0.013643739265670125,0.021259248164679785,2.5581687505690995,44,607,338
full,Intermediate,rooted,relative,202604,0.19460868423306896,0.07615319379257067,0.11845549044049827,2.5554894619804447,261,3388,339
full,Intermediate,transitioned,relative,202606,0.15114397699816773,0.059160332367782176,0.09198364463038555,2.5548196054503314,217,2632,340
full,Intermediate,safer,relative,202602,0.528551541277579,0.20703868595731062,0.3215128553202684,2.552911977940979,661,9211,341
full,Intermediate,analyzes,relative,202506,0.4239159050759941,0.16621985480993506,0.257696050266059,2.550332543369881,484,7395,342
full,Intermediate,proposing,relative,202511,0.21553441017248842,0.08476201115459975,0.13077239901788865,2.5428185013138647,263,3771,343
full,Intermediate,contributing,relative,202506,2.4810028664069734,0.9779436704625631,1.5030591959444104,2.536958867204969,2966,43508,344
full,Intermediate,powering,relative,202507,0.03032357217068111,0.011957939521147461,0.018365632649533652,2.535852612153981,42,532,345
full,Intermediate,simplifying,relative,202507,0.09049882257505278,0.03576143191380753,0.05473739066124525,2.530626368462362,122,1591,346
full,Intermediate,translatability,relative,202604,0.030141152655240977,0.011912984861293522,0.018228167793947453,2.5301092048872316,39,530,347
full,Intermediate,maintaining,relative,202512,2.7863950253124607,1.1026703742273138,1.6837246510851465,2.526951925470022,3531,49057,348
full,Intermediate,adapts,relative,202512,0.08540074720527278,0.03387333619994214,0.05152741100533065,2.5211790979542976,110,1507,349
full,Intermediate,constructing,relative,202608,0.5142849072707835,0.2041391103967316,0.3101457968740519,2.519286511395601,520,9082,350
full,Intermediate,seeks,relative,202411,0.3825056851754546,0.15185684098660196,0.23064884418885265,2.518857120234724,449,6756,351
full,Intermediate,targeted,relative,202605,6.938099206815715,2.7561027636551465,4.1819964431605685,2.5173586770089806,9314,122617,352
full,Intermediate,spans,relative,202605,0.11914648126458238,0.04733725682619652,0.07180922443838586,2.5169705482098514,154,2106,353
full,Intermediate,untapped,relative,202511,0.06335917509558212,0.025286996167840022,0.03807217892774209,2.505603064715225,79,1125,354
full,Intermediate,dataset,relative,202507,2.5236444721339644,1.0119069159822132,1.5117375561517514,2.4939492282097655,3562,45019,355
full,Intermediate,marginalization,relative,202603,0.04337137888950481,0.017419930693400903,0.02595144819610391,2.48975611056449,58,775,356
full,Intermediate,outdated,relative,202606,0.05879155814267505,0.023623673753244322,0.035167884389430734,2.4886712692009216,86,1051,357
full,Intermediate,applicability,relative,202604,1.332987537139305,0.5357696361392309,0.7972179010000741,2.4879863419376393,1779,23836,358
full,Intermediate,skepticism,relative,202607,0.03338220814263764,0.013463920626254375,0.019918287516383262,2.4793824227946653,48,599,359
full,Intermediate,prompt,relative,202607,0.9220677934839663,0.3727190848489984,0.5493487086349679,2.4738947667719464,1179,16582,360
full,Intermediate,spanned,relative,202606,0.09332966846031467,0.037806868937161696,0.05552279952315297,2.4685902610828916,141,1682,361
full,Intermediate,empowering,relative,202601,0.11288465752923066,0.045741366401381725,0.06714329112784893,2.467889930061659,146,2035,362
full,Intermediate,harness,relative,202509,0.1572143779962101,0.06424020893127713,0.09297416906493297,2.447289331894839,188,2858,363
full,Intermediate,address,relative,202507,5.818812778257561,2.3777868236543327,3.4410259546032282,2.447154942727306,8149,105786,364
full,Intermediate,underreporting,relative,202608,0.051146151643836436,0.02094887149193502,0.030197280151901415,2.4414752681798104,64,932,365
full,Intermediate,cohesiveness,relative,202310,0.03555915755572999,0.014587787122602823,0.020971370433127166,2.437597783465965,37,649,366
full,Intermediate,posed,relative,202506,0.4376325647214904,0.17963882077633556,0.2579937439451549,2.4361803469327903,517,7992,367
full,Intermediate,optima,relative,202509,0.04082914957235466,0.016813042785372743,0.024016106786981916,2.4284212021321805,51,748,368
full,Intermediate,misconceptions,relative,202511,0.12167856849033161,0.05032674170648338,0.07135182678384823,2.417771633220123,162,2239,369
full,Intermediate,authored,relative,202606,0.03514832399251596,0.014587787122602822,0.02056053686991314,2.409434940139477,50,649,370
full,Intermediate,hurdles,relative,202509,0.1440727526819562,0.05983465226559122,0.084238100416365,2.407848081784664,172,2662,371
full,Intermediate,comprising,relative,202608,1.8897264190838061,0.7927979038541205,1.0969285152296857,2.3836168207522492,2309,35271,372
full,Intermediate,irregularities,relative,202406,0.07457423881294659,0.031333397918194665,0.04324084089475192,2.3800239925349063,81,1394,373
full,Intermediate,struggled,relative,202506,0.06172730095161471,0.02596131606564909,0.03576598488596562,2.3776645527338904,73,1155,374
full,Intermediate,obstructing,relative,202412,0.04794284083095845,0.02020711960434505,0.027735721226613403,2.372571735590139,52,899,375
full,Intermediate,empower,relative,202504,0.14905868130265326,0.06293652379551293,0.08612215750714033,2.3683971136848907,189,2800,376
full,Intermediate,unresponsive,relative,202511,0.1579792842961586,0.06682510187287857,0.09115418242328002,2.3640709833362124,188,2973,377
full,Intermediate,findings,relative,202608,29.791516951340718,12.61391791773612,17.177599033604597,2.361797273902631,34898,561184,378
full,Intermediate,cultivate,relative,202510,0.0679462252826957,0.028770982306520202,0.0391752429761755,2.36162340787709,90,1280,379
full,Intermediate,interconnections,relative,202404,0.048156003462771546,0.02043189290361474,0.027724110559156804,2.3569036745612517,53,909,380
full,Intermediate,laying,relative,202511,0.20551859215052645,0.08734690409620119,0.11817168805432526,2.3529007041185412,265,3886,381
full,Intermediate,fault,relative,202606,0.14109476849012698,0.06003694823493396,0.08105782025519302,2.350132254191221,188,2671,382
full,Intermediate,simplifies,relative,202507,0.07837512049429136,0.03337883494154883,0.04499628555274253,2.3480484154566073,102,1485,383
full,Intermediate,collaboration,relative,202508,1.232968328513027,0.5252502457334094,0.7077180827796178,2.3473921973923644,1489,23368,384
full,Intermediate,informs,relative,202602,0.12567430859408565,0.05354099988603995,0.0721333087080457,2.347253672168596,154,2382,385
full,Intermediate,portability,relative,202509,0.08758555273810402,0.0373797996685493,0.05020575306955473,2.3431252578861987,112,1663,386
full,Intermediate,uncover,relative,202602,0.6699974331636339,0.28600154599075245,0.38399588717288147,2.3426357044423023,788,12724,387
full,Intermediate,improving,relative,202507,5.98523618039388,2.56104449454891,3.4241916858449697,2.337029361705053,8475,113939,388
full,Intermediate,journeys,relative,202508,0.03215975248668895,0.013778603245231941,0.018381149241457014,2.3340357447201896,38,613,389
full,Intermediate,presents,relative,202507,3.912935641056851,1.679213886854066,2.233721754202785,2.3302187241838297,5226,74707,390
full,Intermediate,employed,relative,202504,5.209159689927045,2.2362021224443556,2.972957567482689,2.329467286361842,6589,99487,391
full,Intermediate,accommodating,relative,202604,0.06123247078515928,0.026343430674407562,0.034889040110751716,2.3243924279249684,73,1172,392
full,Intermediate,synergize,relative,202508,0.05772047051913848,0.024882404229154585,0.0328380662899839,2.319730440336939,69,1107,393
full,Intermediate,limitations,relative,202605,4.407225884844887,1.9024137730288673,2.504812111816019,2.3166494835810942,5895,84637,394
full,Intermediate,assessments,relative,202508,2.574287219864834,1.111886079497371,1.4624011403674628,2.315243681284815,3236,49467,395
full,Intermediate,compelling,relative,202601,0.30386670957746104,0.13126760677349844,0.17259910280396257,2.3148643983567205,390,5840,396
full,Intermediate,manages,relative,202412,0.031681470717550966,0.013688693925524064,0.017992776792026904,2.314426116174415,34,609,397
full,Intermediate,traverse,relative,202602,0.047753337747047785,0.020679143532811396,0.027074194214236392,2.3092512352495658,56,920,398
full,Intermediate,outperform,relative,202507,0.19625077855079132,0.08500926178379642,0.1112415167669949,2.308581140839863,271,3782,399
full,Intermediate,tailoring,relative,202601,0.344071160523418,0.1490696520756578,0.19500150844776018,2.308123455931798,451,6632,400
full,Intermediate,lacks,relative,202607,0.4885932595574614,0.21234333582007534,0.27624992373738605,2.3009587641189766,678,9447,401
full,Intermediate,key,relative,202601,14.990351467007265,6.519234862698356,8.471116604308909,2.299403500981196,19593,290036,402
full,Intermediate,classifies,relative,202604,0.07356583517642287,0.03205267247585766,0.041513162700565216,2.2951544908410764,97,1426,403
full,Intermediate,succumbed,relative,202509,0.06356849307744598,0.027714547799952666,0.035853945277493325,2.2936868223971008,74,1233,404
full,Intermediate,critical,relative,202511,10.612408364245322,4.634173588373107,5.978234775872215,2.2900325509754933,13532,206171,405
full,Intermediate,overlooked,relative,202601,0.49736331627088176,0.21722091641422753,0.28014239985665423,2.289665859444397,647,9664,406
full,Intermediate,pronged,relative,202602,0.03823664814659405,0.016723133465664872,0.02151351468092918,2.2864523700118573,49,744,407
full,Intermediate,suboptimal,relative,202606,0.7175588567870742,0.3143679363585871,0.40319092042848703,2.2825446675598084,1057,13986,408
full,Intermediate,inherent,relative,202605,1.0173561509377673,0.44597270308099024,0.5713834478567771,2.2812072216738604,1322,19841,409
full,Intermediate,unpredictability,relative,202601,0.03838432327547733,0.01685799744522668,0.021526325830250652,2.2769206959599937,51,750,410
full,Intermediate,alarmingly,relative,202504,0.04331318406940872,0.019083253107996603,0.02422993096141212,2.2696960431373654,53,849,411
full,Intermediate,elevate,relative,202506,0.15470726927944703,0.0681737416684967,0.08653352761095033,2.2693087616010628,184,3033,412
full,Intermediate,subthemes,relative,202501,0.11486516193745579,0.050663901655387915,0.06420126028206787,2.267199291494762,151,2254,413
full,Intermediate,hinders,relative,202501,0.2497161714508287,0.11016139397207463,0.13955477747875408,2.2668210926427683,308,4901,414
full,Intermediate,ultimately,relative,202508,1.9434094568884948,0.8605445762540046,1.0828648806344903,2.2583483883522426,2338,38285,415
full,Intermediate,deploying,relative,202510,0.08554870848671316,0.03789677825686958,0.047651930229843584,2.2574137544582875,112,1686,416
full,Intermediate,gap,relative,202606,2.6869617970302953,1.190893894190667,1.4960679028396282,2.2562562543461167,3839,52982,417
full,Intermediate,revising,relative,202601,0.04086220539080225,0.01811672792113694,0.02274547746966531,2.2554958913484575,53,806,418
full,Intermediate,assesses,relative,202507,0.39664942991498436,0.17599749332816653,0.22065193658681784,2.2537220412303727,567,7830,419
full,Intermediate,universality,relative,202607,0.08600654002652412,0.03816650621599321,0.04784003381053091,2.2534559369881264,102,1698,420
full,Intermediate,prominence,relative,202404,0.12301225276344852,0.054642389052461424,0.06836986371098709,2.2512239105311833,138,2431,421
full,Intermediate,aiming,relative,202505,0.9687155437929872,0.43053077742116247,0.5381847663718248,2.2500494612615136,1233,19154,422
full,Intermediate,diverse,relative,202510,4.977586796209566,2.2126234033509653,2.7649633928586006,2.2496312696824634,6393,98438,423
full,Intermediate,combining,relative,202604,2.7755207269624793,1.2339379810008122,1.5415827459616673,2.249319471235769,3692,54897,424
full,Intermediate,negated,relative,202501,0.03117558348402517,0.013868512564939817,0.017307070919085354,2.2479399530443054,39,617,425
full,Intermediate,analytics,relative,202601,0.1893858410591606,0.08446980586554917,0.10491603519361142,2.2420537033150825,249,3758,426
full,Intermediate,providing,relative,202604,5.632750932312045,2.514066875001545,3.1186840573105004,2.240493675136857,7388,111849,427
full,Intermediate,worsens,relative,202512,0.09822725667629735,0.043853270687516335,0.054373985988781015,2.2399071981707306,128,1951,428
full,Intermediate,deeper,relative,202504,0.8287754429519697,0.37040391986652066,0.45837152308544904,2.2374910158905137,1016,16479,429
full,Intermediate,creativity,relative,202405,0.08139176602830207,0.03639079715176267,0.04500096887653941,2.2366029985237543,81,1619,430
full,Intermediate,titled,relative,202506,0.049339387620576436,0.022117692648137403,0.02722169497243903,2.230765586876507,53,984,431
full,Intermediate,learning,relative,202507,6.094880382833931,2.7355584841018974,3.3593218987320337,2.2280205004774087,8520,121703,432
full,Intermediate,driving,relative,202605,1.5832293059697313,0.7108006042805377,0.8724287016891936,2.227388801353445,2038,31623,433
full,Intermediate,optimise,relative,202511,0.21436588244618449,0.09631535873706178,0.1180505237091227,2.2256666564612746,282,4285,434
full,Intermediate,unsustainable,relative,202304,0.04477295670577016,0.02016216494449111,0.02461079176127905,2.220642318373823,46,897,435
full,Intermediate,mindset,relative,202603,0.04889837506070594,0.022027783328429532,0.026870591732276402,2.219850010854094,65,980,436
full,Intermediate,moderating,relative,202511,0.2764079850044189,0.12452440779540774,0.15188357720901113,2.219709291519412,357,5540,437
full,Intermediate,urgent,relative,202510,1.489602475727376,0.6720946421462974,0.8175078335810786,2.216358206591875,1959,29901,438
full,Intermediate,validate,relative,202510,2.2988027065631846,1.038744847915014,1.2600578586481703,2.213058106788572,3139,46213,439
full,Intermediate,superior,relative,202512,4.186755427946904,1.8918494279631923,2.2949059999837123,2.2130489699988756,5463,84167,440
full,Intermediate,collaboratively,relative,202508,0.08042760207356558,0.036345842491908725,0.04408175958165686,2.2128418701938273,97,1617,441
full,Intermediate,citing,relative,202502,0.047765151980903184,0.021600714059817127,0.026164437921086053,2.211276527647696,58,961,442
full,Intermediate,intertwined,relative,202607,0.09995263711964153,0.04524686514298841,0.05470577197665312,2.2090510978776723,132,2013,443
full,Intermediate,holistic,relative,202602,0.478358468617122,0.21715348442444662,0.2612049841926754,2.202858820732188,587,9661,444
full,Intermediate,broadening,relative,202511,0.1753215234907862,0.07961470260132388,0.09570682088946231,2.202124956350347,213,3542,445
full,Intermediate,deepened,relative,202602,0.042600562718284885,0.019352981067120235,0.023247581651164653,2.2012403448614513,51,861,446
full,Intermediate,facilitates,relative,202512,1.1368111384439228,0.51760795355824,0.6192031848856829,2.196278342767026,1400,23028,447
full,Intermediate,fills,relative,202512,0.08293990085226825,0.037851823597015645,0.04508807725525261,2.191173184554508,109,1684,448
full,Intermediate,hypothesizing,relative,202503,0.04167907018333945,0.019038298448142667,0.02264077173519679,2.1892224400655707,55,847,449
full,Intermediate,alternatives,relative,202511,0.8492526897512743,0.388228442498607,0.4610242472526673,2.187507654734291,1101,17272,450
full,Intermediate,reprocessing,relative,202411,0.03952374674165483,0.018071773261283005,0.02145197348037183,2.1870430848272413,43,804,451
full,Intermediate,queries,relative,202605,0.09529478133463593,0.04358354272839271,0.051711238606243215,2.186485433928612,128,1939,452
full,Intermediate,collaborations,relative,202504,0.16522145457413795,0.07561373787432342,0.08960771669981453,2.1850719091383937,204,3364,453
full,Intermediate,compensates,relative,202604,0.04224564699296064,0.019352981067120235,0.022892665925840404,2.182901272235207,53,861,454
full,Intermediate,promoting,relative,202511,3.29180994266561,1.5086783846981533,1.7831315579674565,2.1819162891527832,4208,67120,455
full,Intermediate,collaborative,relative,202608,0.7740257565581421,0.354961994206693,0.41906376235144904,2.180587694431956,911,15792,456
full,Intermediate,mitigation,relative,202603,0.6108475107406944,0.2801799175396674,0.33066759320102707,2.180197339283647,810,12465,457
full,Intermediate,validations,relative,202512,0.08048335691837027,0.03693025307000992,0.04355310384836035,2.179334020966368,102,1643,458
full,Intermediate,advocate,relative,202508,0.2824905379348289,0.12971667100853757,0.15277386692629136,2.177750444399211,330,5771,459
full,Intermediate,directions,relative,202509,1.447366555388852,0.6652840111784258,0.7820825442104263,2.17556191200975,1691,29598,460
full,Intermediate,aesthetic,relative,202606,0.3055281090270431,0.14077551733260624,0.16475259169443685,2.1703213372335237,429,6263,461
full,Intermediate,ethical,relative,202510,0.959273095220332,0.44291578621092237,0.5163573090094097,2.165813739507387,1256,19705,462
full,Intermediate,tipping,relative,202503,0.04183181773278589,0.019375458397047195,0.02245635933573869,2.159010479935846,49,862,463
full,Intermediate,evaluations,relative,202507,1.2260948399522176,0.5679346952647233,0.6581601446874942,2.158865887530811,1753,25267,464
full,Intermediate,dimensionality,relative,202605,0.23004311518743858,0.10669988516332142,0.12334323002411715,2.1559827813808834,304,4747,465
full,Intermediate,catalog,relative,202605,0.07065325211350706,0.03279442436344764,0.03785882775005942,2.1544287934584547,91,1459,466
full,Intermediate,perpetuate,relative,202607,0.0473948991651884,0.022050260658356496,0.025344638506831902,2.1494031249570247,61,981,467
full,Intermediate,faults,relative,202512,0.07002504366088047,0.03261460572403188,0.03741043793684859,2.14704553700255,83,1451,468
full,Intermediate,reconstructing,relative,202608,0.14401222464018176,0.06711730716192917,0.0768949174782526,2.14567941906152,160,2986,469
full,Intermediate,reveals,relative,202604,2.1012288216927715,0.98019140345526,1.1210374182375116,2.1436923587431567,2658,43608,470
full,Intermediate,unsuitable,relative,202602,0.15612609440060649,0.07298389027286804,0.08314220412773843,2.139185699979695,189,3247,471
full,Intermediate,diminishing,relative,202505,0.15044244271992568,0.07039899733126663,0.08004344538865904,2.1369969519879652,191,3132,472
full,Intermediate,hold,relative,202406,0.7983530805602705,0.3737979966854929,0.4245550838747776,2.135787477833892,856,16630,473
full,Intermediate,elevated,relative,202604,5.549817887070152,2.5994807287240267,2.9503371583461244,2.13497173714164,7584,115649,474
full,Intermediate,inefficiency,relative,202508,0.05721191754422488,0.026882886592654812,0.030329030951570066,2.128191009065851,68,1196,475
full,Intermediate,cohesive,relative,202603,0.11833097477512414,0.05567634622910199,0.06265462854602215,2.1253365709058083,162,2477,476
full,Intermediate,delineating,relative,202406,0.10823995704791955,0.05095610694443851,0.05728385010348104,2.124180270795455,118,2267,477
full,Intermediate,synergies,relative,202505,0.07430509490977585,0.03499720269629059,0.039307892213485254,2.1231724019374716,93,1557,478
full,Intermediate,inadvertently,relative,202605,0.062260794180960345,0.029332915554694423,0.03292787862626592,2.122557304774846,79,1305,479
full,Intermediate,fostered,relative,202601,0.08065228461426958,0.03803164223643139,0.0426206423778382,2.120662686950996,112,1692,480
full,Intermediate,shrinkage,relative,202601,0.35907032089322233,0.1693666809997107,0.18970363989351163,2.120076503676869,501,7535,481
full,Intermediate,categorized,relative,202503,1.5487027697973559,0.7325811369797706,0.8161216328175853,2.114035827051498,2020,32592,482
full,Intermediate,advance,relative,202601,1.2305638398213943,0.5822527544282026,0.6483110853931916,2.1134530158296307,1558,25904,483
full,Intermediate,halting,relative,202408,0.03942535013641092,0.018656183839384194,0.020769166297026725,2.1132590928473762,45,830,484
full,Intermediate,trueness,relative,202502,0.03347920043288699,0.01584651759851308,0.01763268283437391,2.112716577933087,40,705,485
full,Intermediate,upward,relative,202508,0.22142363358274728,0.10485674410930995,0.11656688947343731,2.11167756030952,280,4665,486
full,Intermediate,playing,relative,202506,0.5497781215354708,0.26066959516305843,0.2891085263724124,2.1090995334210896,647,11597,487
full,Intermediate,imparts,relative,202311,0.05180252834391931,0.024590198940103985,0.027212329403815325,2.106633153725118,55,1094,488
full,Intermediate,reforming,relative,202511,0.039058364473350905,0.018543797189749356,0.02051456728360155,2.1062765125009886,49,825,489
full,Intermediate,globally,relative,202508,1.5448643892683547,0.7342444593943663,0.8106199298739883,2.104019130825474,1913,32666,490
full,Intermediate,standardize,relative,202603,0.20557491634056987,0.09791124916187657,0.10766366717869329,2.0996046736232836,287,4356,491
full,Intermediate,traditional,relative,202507,4.922874661517242,2.347352518933217,2.5755221425840253,2.0972029645357666,6844,104432,492
full,Intermediate,traversing,relative,202404,0.03427534452247049,0.016363496186833366,0.017911848335637127,2.094622330773641,38,728,493
full,Intermediate,introduce,relative,202605,1.601526854399783,0.766297131870224,0.835229722529559,2.0899554334636465,1966,34092,494
full,Intermediate,compromised,relative,202504,0.7183102648965389,0.34401553453225914,0.3742947303642798,2.088016943401087,805,15305,495
full,Intermediate,illustrations,relative,202604,0.0807801217455863,0.03870596213424046,0.04207415961134583,2.0870201201929497,75,1722,496
full,Intermediate,accuracy,relative,202507,6.419015038143695,3.081192386388898,3.3378226517547973,2.0832892702512047,9040,137080,497
full,Intermediate,influential,relative,202512,0.36969773823056545,0.1776383384128353,0.19205939981773018,2.0811821453282233,498,7903,498
full,Intermediate,proficiency,relative,202406,0.19630898907506672,0.09444974035312335,0.10185924872194337,2.0784492190356243,215,4202,499
full,Intermediate,sacrificial,relative,202608,0.08136154856565903,0.03920046339263378,0.04216108517302524,2.0755251730250666,82,1744,500
full,Intermediate,valued,relative,202604,0.30637611761801353,0.14772101228003967,0.1586551053379739,2.0740185359494157,419,6572,501
full,Intermediate,conversely,relative,202511,1.1421603177845656,0.550851924520227,0.5913083932643386,2.073443455388393,1517,24507,502
full,Intermediate,indicating,relative,202605,5.235107115697684,2.525215630645322,2.7098914850523617,2.0731327068333747,7338,112345,503
full,Intermediate,causally,relative,202405,0.11654224504641937,0.05621580214734924,0.06032644289907013,2.0731225135051234,136,2501,504
full,Intermediate,adjustments,relative,202507,0.4746715941360599,0.22956097054413344,0.24511062359192648,2.067736484172093,676,10213,505
full,Intermediate,generalizing,relative,202505,0.033601223085809755,0.016251109537198525,0.017350113548611233,2.067626398609714,41,723,506
full,Intermediate,underpinnings,relative,202509,0.19310617550868728,0.09343826050640974,0.09966791500227754,2.0666713449298473,238,4157,507
full,Intermediate,manifesting,relative,202602,0.14638590815315425,0.07084854392980601,0.07553736422334824,2.0661808984837817,170,3152,508
full,Intermediate,equalization,relative,202503,0.02686748707670519,0.013014374027714997,0.01385311304899019,2.0644471274214986,32,579,509
full,Intermediate,initiatives,relative,202603,0.6301036365144347,0.30521966307831083,0.3248839734361239,2.0644267481311247,875,13579,510
full,Intermediate,exhibit,relative,202508,3.5010186097010405,1.6980274120029393,1.8029911976981012,2.061815130281878,4162,75544,511
full,Intermediate,competitiveness,relative,202505,0.06505661756155355,0.03158064854739132,0.03347596901416222,2.0600152483862613,80,1405,512
full,Intermediate,essential,relative,202512,8.078435385041681,3.922226640266293,4.156208744775388,2.0596554268707963,10309,174497,513
full,Intermediate,eliminating,relative,202512,0.4050661387920827,0.19685645550039368,0.20820968329168904,2.057672621212428,513,8758,514
full,Intermediate,adhered,relative,202503,0.18686719380157332,0.09085336756480832,0.09601382623676499,2.0567998612519847,242,4042,515
full,Intermediate,scholarly,relative,202406,0.10156010851354684,0.049540035159039486,0.05202007335450736,2.05006129259913,108,2204,516
full,Intermediate,improvements,relative,202606,2.830182210868254,1.3855026166983633,1.444679594169891,2.042711559515164,4275,61640,517
full,Intermediate,rises,relative,202607,0.11596882039868558,0.05677773539552348,0.059191085003162114,2.0425052107278816,156,2526,518
full,Intermediate,rarity,relative,202506,0.25938989435467646,0.12744646068591373,0.13194343366876277,2.0352851931599076,285,5670,519
full,Intermediate,promising,relative,202601,8.794414353364795,4.325941963084582,4.468472390280213,2.032947836196582,11283,192458,520
full,Intermediate,scenarios,relative,202605,1.4089525388903714,0.6936504015462605,0.7153021373441111,2.031214190534,1901,30860,521
full,Intermediate,threats,relative,202509,0.47240184769537674,0.23270779673390912,0.23969405096146762,2.0300215735167093,587,10353,522
full,Intermediate,challenge,relative,202605,4.731759396650848,2.331843161283609,2.3999162353672396,2.0291928184596078,6131,103742,523
full,Intermediate,inspections,relative,202502,0.036693985643954576,0.018094250591209973,0.018599735052744603,2.027936192161514,42,805,524
full,Intermediate,stemmed,relative,202512,0.0326954949835006,0.016161200217490644,0.01653429476600996,2.0230858193388093,44,719,525
full,Intermediate,pervasive,relative,202605,0.2199475422681531,0.10881275417645647,0.11113478809169662,2.0213397219178426,288,4841,526
full,Intermediate,unfeasible,relative,202506,0.032741779960636035,0.016206154877344583,0.016535625083291452,2.0203299430642523,38,721,527
full,Intermediate,circumventing,relative,202512,0.045378377299097224,0.02249980725689588,0.02287857004220134,2.016834045775631,56,1001,528
full,Intermediate,complexity,relative,202607,2.150509798295978,1.067875467500366,1.0826343307956119,2.013820771938691,2943,47509,529
full,Intermediate,tied,relative,202604,0.11129280166725071,0.055294231620343505,0.05599857004690721,2.0127380091181983,147,2460,530
full,Intermediate,friendly,relative,202508,1.029845888456344,0.513989103439998,0.5158567850163459,2.003633698776585,1228,22867,531
full,Intermediate,identifying,relative,202505,3.580884902162334,1.7909936485808826,1.7898912535814513,1.9993844785545138,4616,79680,532
full,Intermediate,distinctive,relative,202405,0.5961887387449081,0.29854389609000104,0.297644842654907,1.9969885385470316,674,13282,533
full,Intermediate,enhanced,relative,202601,8.848282099162144,4.432192301649365,4.41608979751278,1.9963669211440593,11518,197185,534
full,Intermediate,maximizing,relative,202507,0.2241216789975331,0.11240912696477152,0.11171255203276159,1.9938032173114535,315,5001,535
full,Intermediate,while,relative,202605,27.123793883414,13.753518545033442,13.370275338380559,1.972134897306604,36818,611884,536
full,Intermediate,adaptations,relative,202511,0.537530936908692,0.27269496667398674,0.26483597023470534,1.9711802658657904,705,12132,537
full,Intermediate,covering,relative,202608,0.8340752653163142,0.42313573587518977,0.4109395294411244,1.9711766097731276,997,18825,538
full,Intermediate,utility,relative,202511,2.549853902060659,1.2952336597116567,1.2546202423490023,1.9686439453930686,3282,57624,539
full,Intermediate,prevalent,relative,202504,2.592286876156119,1.3225660929028507,1.2697207832532684,1.9600433506248491,3260,58840,540
full,Intermediate,minimal,relative,202602,2.399010218194563,1.234859551527818,1.1641506666667447,1.942739330336321,2997,54938,541
full,Intermediate,reducing,relative,202507,5.4285073029822914,2.79827023459814,2.630237068384152,1.9399510582872208,7676,124493,542
full,Intermediate,elucidate,relative,202601,1.9891357045332476,1.0277983882405803,0.9613373162926672,1.935336469965006,2646,45726,543
full,Intermediate,classifying,relative,202507,0.2889753369295032,0.14940681202456235,0.13956852490494084,1.934151013690031,410,6647,544
full,Intermediate,discrepancies,relative,202507,0.4007379258111658,0.20856714439234453,0.1921707814188213,1.9213856860279042,575,9279,545
full,Intermediate,highlighted,relative,202502,1.8803050610832497,0.9799891074859173,0.9003159535973325,1.9186999597444712,2168,43599,546
full,Intermediate,making,relative,202507,4.760658055258508,2.485498188664368,2.2751598665941404,1.9153737777683688,6674,110578,547
full,Intermediate,scholar,relative,202606,0.6327183702632317,0.33086629652498234,0.30185207373824946,1.912308315801691,992,14720,548
full,Intermediate,lacked,relative,202608,0.299581190933954,0.15848765331505776,0.14109353761889626,1.8902493958845883,370,7051,549
full,Intermediate,facilitators,relative,202602,0.38376713072940116,0.20440883835585524,0.1793582923735459,1.8774488119799455,519,9094,550
full,Intermediate,superiority,relative,202608,0.4449284537986069,0.23727069470908377,0.20765775908952316,1.8751934550709313,577,10556,551
full,Intermediate,delivering,relative,202608,0.6184626643241944,0.3301245446373924,0.28833811968680195,1.8734222413044492,660,14687,552
full,Intermediate,secure,relative,202605,0.3116613353083944,0.16669187873840144,0.144969456569993,1.8696851800290846,404,7416,553
full,Intermediate,fluctuations,relative,202605,0.6699863909752074,0.358603321654862,0.3113830693203455,1.868321765351734,883,15954,554
full,Intermediate,reliability,relative,202605,1.9475002360810463,1.043172881910627,0.9043273541704193,1.8669007504432968,2703,46410,555
full,Intermediate,security,relative,202512,0.6944242140958442,0.372943858148268,0.3214803559475761,1.8620073743640202,894,16592,556
full,Intermediate,compares,relative,202506,0.3807655685441279,0.204611134325198,0.17615443421892993,1.8609230128159082,456,9103,557
full,Intermediate,varying,relative,202501,2.3740142707630594,1.2766449078620532,1.0973693629010062,1.8595728977909192,2989,56797,558
full,Intermediate,technological,relative,202509,0.7658442331378764,0.4122791855204636,0.3535650476174128,1.8575864609101482,923,18342,559
full,Intermediate,stringent,relative,202607,0.23221381849095474,0.1253560690027056,0.10685774948824914,1.8524337938990636,328,5577,560
full,Intermediate,effectiveness,relative,202507,5.167530839992312,2.7909426250419482,2.3765882149503645,1.8515360343226848,7403,124167,561
full,Intermediate,reveal,relative,202603,3.7922135877509073,2.052225176992115,1.7399884107587922,1.8478545289601411,4798,91302,562
full,Intermediate,involving,relative,202607,3.915191436454006,2.1188255055657246,1.7963659308882816,1.8478121139138606,5608,94265,563
full,Intermediate,ensure,relative,202510,2.2265173230027804,1.2057738866023202,1.02074343640046,1.8465463116610972,2974,53644,564
full,Intermediate,theoretical,relative,202608,2.8568125364223835,1.5474967334820287,1.3093158029403549,1.8460863112739876,3097,68847,565
full,Intermediate,trends,relative,202512,2.1394526428232865,1.164033484927939,0.9754191578953473,1.837964861428133,2853,51787,566
full,Intermediate,deep,relative,202507,3.2195202367357867,1.7535688942524794,1.465951342483307,1.835981607160191,4454,78015,567
full,Intermediate,targeting,relative,202601,4.627067292410671,2.5302055978891085,2.0968616945215626,1.828731742697481,6015,112567,568
full,Intermediate,expertise,relative,202607,0.5473107416130226,0.30016226384474276,0.24714847776827986,1.8233829083062754,778,13354,569
full,Intermediate,reality,relative,202605,0.493195200628705,0.2712114628988069,0.22198373772989813,1.8184895113106767,662,12066,570
full,Intermediate,creating,relative,202501,0.9627527652295773,0.5323306046604047,0.43042216056917265,1.8085617411453478,1190,23683,571
full,Intermediate,perspectives,relative,202607,1.4378862876930885,0.7958548207241881,0.6420314669689003,1.806719329016169,1957,35407,572
full,Intermediate,concerns,relative,202510,2.3924534406962,1.3254207138035756,1.0670327268926245,1.805052098386593,3181,58967,573
full,Intermediate,societal,relative,202512,0.39629411971813017,0.21969342270619416,0.17660069701193604,1.8038506334716813,516,9774,574
full,Intermediate,global,relative,202603,6.145450284631258,3.412822912131397,2.7326273724998615,1.8006941593090937,8362,151834,575
full,Intermediate,accessing,relative,202506,0.34691709479629074,0.19276558145368536,0.15415151334260538,1.7996838034057572,415,8576,576
full,Intermediate,packaging,relative,202508,0.3012538432215218,0.16765840392526107,0.13359543929626072,1.7968311529186156,349,7459,577
full,Intermediate,challenging,relative,202608,3.837745301352729,2.1377514173642322,1.6999938839884967,1.7952252400255806,4152,95107,578
full,Intermediate,reduces,relative,202606,2.0596992500891735,1.1478498073805214,0.9118494427086522,1.7943978705624914,2806,51067,579
full,Intermediate,comfort,relative,202512,0.37154203172081995,0.20715107260694549,0.16439095911387447,1.7935800526883812,493,9216,580
full,Intermediate,decline,relative,202604,2.0648730622728015,1.155379712906056,0.9094933493667458,1.7871813389203042,2850,51402,581
full,Intermediate,linked,relative,202511,5.13096939571681,2.889797922060758,2.2411714736560517,1.7755460880315945,6691,128565,582
full,Intermediate,discusses,relative,202412,0.9917560016414997,0.5586066033450312,0.4331493982964684,1.7754104511165751,986,24852,583
full,Intermediate,simplicity,relative,202602,0.24356344385958972,0.1372690538639991,0.10629438999559063,1.7743507149171656,276,6107,584
full,Intermediate,demonstrated,relative,202604,15.00854277114926,8.47676304870815,6.531779722441112,1.770551174417521,20487,377125,585
full,Intermediate,often,relative,202603,8.789758269525272,4.969310577584213,3.820447691941059,1.7688083955095308,11757,221081,586
full,Intermediate,gradual,relative,202606,0.4528736032790779,0.2564888117966422,0.19638479148243573,1.7656661127119258,636,11411,587
full,Intermediate,outcomes,relative,202604,17.177053559726197,9.744506933919125,7.432546625807072,1.7627421968304549,24018,433526,588
full,Intermediate,advanced,relative,202510,4.725281032049943,2.684894582446509,2.040386449603434,1.7599503023110161,6141,119449,589
full,Intermediate,suitability,relative,202605,0.464110178122892,0.2650077198389634,0.1991024582839286,1.7513081445510972,632,11790,590
full,Intermediate,despite,relative,202607,8.208094492315139,4.689377910673742,3.5187165816413972,1.7503589279149927,11575,208627,591
full,Intermediate,smart,relative,202510,0.5106193699923519,0.2928571316184779,0.21776223837387407,1.7435784034706918,654,13029,592
full,Intermediate,flexibility,relative,202606,0.9234197316400624,0.5297681890487302,0.39365154259133217,1.7430637602046024,1255,23569,593
full,Intermediate,revealed,relative,202601,16.126550363102798,9.253736912293682,6.872813450809116,1.7427068130366354,21221,411692,594
full,Intermediate,typically,relative,202604,2.383661700335751,1.3683973686239403,1.0152643317118109,1.7419367758159021,3058,60879,595
full,Intermediate,productivity,relative,202606,0.8161568744347621,0.4698436274634311,0.346313246971331,1.737081928387515,1174,20903,596
full,Intermediate,facilitated,relative,202502,1.0361177669993316,0.597807066737665,0.43831070026166646,1.733197589405563,1175,26596,597
full,Intermediate,applications,relative,202507,7.053662431094544,4.072307772188665,2.9813546589058793,1.7321044542032606,9433,181174,598
full,Intermediate,existing,relative,202607,4.53713562082007,2.6201823495867655,1.9169532712333046,1.731610634479555,6409,116570,599
full,Intermediate,conducted,relative,202510,15.119098973643535,8.732644972596766,6.386454001046769,1.7313310023581177,21066,388509,600
full,Intermediate,themes,relative,202607,1.3969947732297179,0.8071159630175992,0.5898788102121186,1.730847656644918,2087,35908,601
full,Intermediate,viable,relative,202512,1.1618279010942507,0.6713978449185614,0.4904300561756894,1.7304611712526083,1500,29870,602
full,Intermediate,face,relative,202511,2.1863357218656505,1.2639676937832427,0.9223680280824079,1.7297401924266147,2841,56233,603
full,Intermediate,leading,relative,202503,6.416635829165589,3.7147159303805166,2.701919898785072,1.727355725019948,7816,165265,604
full,Intermediate,threat,relative,202601,1.1339329147939916,0.6567201484762505,0.47721276631774107,1.7266607662715847,1484,29217,605
full,Intermediate,holding,relative,202403,0.2770889343350367,0.16048813567855805,0.11660079865647861,1.7265384332834333,306,7140,606
full,Intermediate,discomfort,relative,202509,0.41557843965544483,0.24210332064338214,0.17347511901206267,1.716533414539949,525,10771,607
full,Intermediate,employ,relative,202510,0.5069283957721862,0.29568927518927596,0.21123912058291025,1.7143956115678944,648,13155,608
full,Intermediate,stems,relative,202602,0.2762035045089665,0.16113997824644014,0.11506352626252636,1.714059462553442,332,7169,609
full,Intermediate,assessing,relative,202507,2.7158449150932484,1.5858430583374372,1.130001856755811,1.7125559183267982,3914,70553,610
full,Intermediate,computing,relative,202507,0.3823381920731552,0.22337970481421698,0.15895848725893824,1.7116066671819745,511,9938,611
full,Intermediate,designing,relative,202602,1.0140703828188589,0.5937611473508106,0.42030923546804816,1.7078759486762405,1205,26416,612
full,Intermediate,inadequate,relative,202509,0.9164462922622737,0.538646734369883,0.3777995578923907,1.701386518818027,1171,23964,613
full,Intermediate,raises,relative,202608,0.37063492171819973,0.21861451086969957,0.15202041084850015,1.6953811539944328,396,9726,614
full,Intermediate,practices,relative,202506,2.605614355547279,1.54266410754773,1.062950247999549,1.6890354438136568,3118,68632,615
full,Intermediate,showing,relative,202511,2.8311701072066806,1.6835070568701174,1.1476630503365632,1.6817096760320296,3680,74898,616
full,Intermediate,efficiency,relative,202511,5.4962264021848295,3.2718226214995214,2.224403780685308,1.6798668626069444,6932,145561,617
full,Intermediate,serve,relative,202511,2.882635962233105,1.7194483074233404,1.1631876548097644,1.6764888771520243,3749,76497,618
full,Intermediate,need,relative,202509,9.920186712014829,5.9304412052614035,3.9897455067534255,1.6727569448313186,12488,263841,619
full,Intermediate,convenience,relative,202512,0.5100061940868037,0.3071976681118841,0.20280852597491966,1.6601890151752554,706,13667,620
full,Intermediate,triggering,relative,202508,0.4423331207956554,0.26646874628421646,0.17586437451143894,1.659981243443317,522,11855,621
full,Intermediate,excessive,relative,202608,1.2334370503822294,0.7447413724702608,0.4886956779119685,1.6561951517356894,1381,33133,622
full,Intermediate,efficacy,relative,202601,8.229508729781934,4.969692692192972,3.2598160375889624,1.6559391575076459,10996,221098,623
full,Intermediate,variations,relative,202504,2.195487474813178,1.3269491722386093,0.8685383025745688,1.6545377326769153,2739,59035,624
full,Intermediate,biases,relative,202412,0.3802872088545252,0.22987565316311098,0.15041155569141426,1.6543170345434015,431,10227,625
full,Intermediate,influenced,relative,202507,2.3960770608422557,1.453226811768321,0.9428502490739349,1.6487977247864374,3434,64653,626
full,Intermediate,functionalities,relative,202410,0.2673022743405586,0.16311798328001337,0.10418429106054522,1.6387051198499631,299,7257,627
full,Intermediate,selecting,relative,202501,0.5800530637058291,0.3544899702782266,0.22556309342760245,1.6363031745314711,735,15771,628
full,Intermediate,influences,relative,202601,1.6499189060279151,1.0086027484829487,0.6413161575449663,1.6358461331873004,2177,44872,629
full,Intermediate,custom,relative,202601,0.37718734985063224,0.230662359710555,0.14652499014007728,1.6352358066740629,492,10262,630
full,Intermediate,accurate,relative,202507,3.618510314000482,2.213657360527606,1.4048529534728766,1.6346298115161066,5018,98484,631
full,Intermediate,incorporate,relative,202601,0.6083522070846069,0.3724943115497288,0.23585789553487807,1.6331852278592194,806,16572,632
full,Intermediate,widespread,relative,202603,1.723396922044038,1.0561423012784878,0.66725462076555,1.6317847698722234,2322,46987,633
full,Intermediate,importance,relative,202509,7.077015373604918,4.345699536090388,2.731315837514531,1.628510051104859,8732,193337,634
full,Intermediate,evidenced,relative,202601,0.8255607475334745,0.5084821576078906,0.31707858992558396,1.6235785959870297,1104,22622,635
full,Intermediate,functionality,relative,202504,0.8232268615855961,0.50744820043125,0.315778661154346,1.6222874785761079,992,22576,636
full,Intermediate,subsequently,relative,202405,2.7767764862469573,1.7190661928145823,1.0577102934323748,1.6152818884190918,3273,76480,637
full,Intermediate,potential,relative,202507,26.065686679354993,16.210088410081802,9.855598269273191,1.6079916419915106,36071,721175,638
full,Intermediate,altering,relative,202608,0.5645198918531126,0.35127571209867003,0.21324417975444257,1.6070564300629595,631,15628,639
full,Intermediate,spaces,relative,202605,0.38944045401855304,0.24241800326235968,0.14702245075619336,1.6064832181505786,522,10785,640
full,Intermediate,backgrounds,relative,202603,0.32573513388452674,0.203127630550018,0.12260750333450872,1.603598353422027,447,9037,641
full,Intermediate,precisely,relative,202602,0.566876968049985,0.35460235692786146,0.21227461112212354,1.598627186128116,664,15776,642
full,Intermediate,evaluating,relative,202608,2.279066218089196,1.4266586077946435,0.8524076102945523,1.5974853448732351,2783,63471,643
full,Intermediate,examining,relative,202503,1.220099188225173,0.7653530840132914,0.4547461042118818,1.5941651163503832,1541,34050,644
full,Intermediate,aimed,relative,202510,11.6577572563485,7.332127499507185,4.325629756841315,1.5899556107189972,16173,326201,645
full,Intermediate,introducing,relative,202408,0.6373871910706277,0.40099556589712515,0.23639162517350248,1.5895118182781813,708,17840,646
full,Intermediate,though,relative,202510,2.1416185143155775,1.3487297049378424,0.7928888093777352,1.587878213458846,2863,60004,647
full,Intermediate,awareness,relative,202511,1.7926297905077393,1.1290138049017213,0.663615985606018,1.5877837655526141,2328,50229,648
full,Intermediate,prompted,relative,202607,0.30265297869171365,0.19065271244055024,0.1120002662511634,1.5874569777552343,398,8482,649
full,Intermediate,cycles,relative,202608,1.702440310862124,1.0750457357470689,0.6273945751150553,1.5835980314633473,1861,47828,650
full,Intermediate,through,relative,202608,20.48548973473548,12.941749774720963,7.543739960014517,1.582899537645957,23146,575769,651
full,Intermediate,user,relative,202505,0.9652992104281352,0.6105741901361834,0.3547250202919518,1.5809695627861922,1231,27164,652
full,Intermediate,benefits,relative,202509,3.572316465700106,2.2629276677275216,1.3093887979725845,1.5786260058800285,4509,100676,653
full,Intermediate,engaging,relative,202511,0.4613607818541042,0.2926323583192082,0.16872842353489598,1.5765884009000954,606,13019,654
full,Intermediate,vision,relative,202607,0.9854331199032156,0.6254092278879829,0.3600238920152327,1.575661304568593,1356,27824,655
full,Intermediate,worsened,relative,202507,0.28386780842915854,0.18105489256173454,0.10281291586742398,1.567854943949486,398,8055,656
full,Intermediate,contributes,relative,202604,1.894717190424084,1.2141579306650796,0.6805592597590044,1.5605195523338666,2484,54017,657
full,Intermediate,tasks,relative,202507,1.4045839080822078,0.9021501139488242,0.5024337941333836,1.556929258628775,1976,40136,658
full,Intermediate,including,relative,202605,24.42447014445502,15.695335077424286,8.729135067030736,1.5561611156417088,33065,698274,659
full,Intermediate,strengths,relative,202601,0.5700304043514643,0.36635800047966627,0.20367240387179802,1.5559381905271161,752,16299,660
full,Intermediate,uncovered,relative,202404,0.41155077218173436,0.26512010648859824,0.14643066569313612,1.5523182214753428,444,11795,661
full,Intermediate,adopting,relative,202412,0.36411113561568437,0.23486562040689815,0.12924551520878624,1.550295590239525,411,10449,662
full,Intermediate,extensive,relative,202608,2.4803994252990744,1.6021615998644168,0.8782378254346576,1.5481580793778722,2723,71279,663
full,Intermediate,standards,relative,202607,1.104714687780477,0.716442414092207,0.38827227368827005,1.5419448458816383,1601,31874,664
full,Intermediate,suggesting,relative,202607,5.245649558239197,3.402236089735794,1.8434134685034034,1.5418240885942036,7593,151363,665
full,Intermediate,printed,relative,202402,0.44147597446622544,0.28730523112651657,0.15417074333970887,1.5366095936896425,488,12782,666
full,Intermediate,public,relative,202512,4.795522457368605,3.137902689794641,1.6576197675739646,1.5282572251093125,6348,139603,667
full,Intermediate,inconclusive,relative,202511,0.3020896032494339,0.1979353673368882,0.10415423591254572,1.5262032617711723,394,8806,668
full,Intermediate,unlike,relative,202608,0.8203185879887692,0.5391412356282763,0.28117735236049296,1.521528189237518,903,23986,669
full,Intermediate,significant,relative,202504,28.056171241420536,18.466430220140722,9.589741021279814,1.51930670448805,35143,821558,670
full,Intermediate,efficient,relative,202602,4.787091840186294,3.1511418371216253,1.6359500030646685,1.5191610176960515,5524,140192,671
full,Intermediate,encounter,relative,202406,0.35647265503101816,0.23641655617185903,0.12005609885915916,1.5078159533458664,389,10518,672
full,Intermediate,guidelines,relative,202603,3.4891355240162523,2.3147379132091848,1.1743976108070673,1.5073566230134738,4956,102981,673
full,Intermediate,optimal,relative,202508,4.17489350534194,2.7766470432083956,1.3982464621335444,1.5035737133221947,5102,123531,674
full,Intermediate,initially,relative,202410,1.606010384943896,1.0699658591835743,0.5360445257603217,1.5009921776096151,1887,47602,675
full,Intermediate,capability,relative,202604,1.2256859044116133,0.8174105801241514,0.40827532428746194,1.4994739904460883,1609,36366,676
full,Intermediate,policies,relative,202510,1.2032439377514335,0.8032273849402339,0.4000165528111995,1.4980115971033081,1635,35735,677
full,Intermediate,enhancement,relative,202605,1.6252340842882047,1.0867564246390196,0.5384776596491849,1.4954906614221741,2119,48349,678
full,Intermediate,relationships,relative,202605,3.090090383477288,2.0671501240636223,1.0229402594136654,1.494855331262908,4201,91966,679
full,Intermediate,approach,relative,202507,12.975628208846219,8.70151387064791,4.2741143381983075,1.4911920387342967,17917,387124,680
full,Intermediate,anomalies,relative,202607,0.4442918788056857,0.2982067361410965,0.14608514266458922,1.4898787483977862,580,13267,681
full,Intermediate,squared,relative,202507,0.34284342205344515,0.23025776777186946,0.11258565428157569,1.48895485859622,504,10244,682
full,Intermediate,library,relative,202504,1.442498345734739,0.9705486289165904,0.4719497168181484,1.4862710664430892,1732,43179,683
full,Intermediate,diversity,relative,202511,2.6853131977268063,1.807559440737059,0.8777537569897474,1.4856016002615275,3442,80417,684
full,Intermediate,diminished,relative,202508,0.6683299160081008,0.45078285168536136,0.21754706432273938,1.4825983586318485,829,20055,685
full,Intermediate,future,relative,202507,9.5041346279333,6.421660773485384,3.082473854447916,1.480011941330699,13292,285695,686
full,Intermediate,checklist,relative,202511,0.4688197220981175,0.3181666051162449,0.15065311698187261,1.4735038641997962,640,14155,687
full,Intermediate,specifically,relative,202503,3.9226148032103287,2.663675982995451,1.2589388202148781,1.4726321175142074,4888,118505,688
full,Intermediate,lowering,relative,202608,0.6302720507157233,0.42913718296569037,0.20113486775003298,1.4686959688741625,726,19092,689
full,Intermediate,experiences,relative,202602,2.034763019286293,1.38671639251442,0.648046626771873,1.4673245591312458,2578,61694,690
full,Intermediate,initiating,relative,202601,0.4633308240140459,0.31645832804179524,0.1468724959722506,1.4641132274226416,610,14079,691
full,Intermediate,modifications,relative,202506,1.2828499204376522,0.8763011845328098,0.4065487359048424,1.4639372205363266,1473,38986,692
full,Intermediate,targets,relative,202601,3.4930445956642617,2.391520472239711,1.1015241234245507,1.4605957323848244,4568,106397,693
full,Intermediate,financial,relative,202509,0.8516881779965454,0.5845903967406073,0.2670977812559381,1.4568973126228995,1090,26008,694
full,Intermediate,differentiating,relative,202508,0.4117086321558869,0.28267490116156097,0.12903373099432588,1.4564739581197466,508,12576,695
full,Intermediate,underlying,relative,202605,5.866315727544779,4.02993800527633,1.8363777222684494,1.4556838640852814,7786,179289,696
full,Intermediate,confirm,relative,202511,2.1573078280157336,1.4881116278149762,0.6691962002007575,1.4496948936440686,2821,66205,697
full,Intermediate,education,relative,202512,3.6786684018680655,2.5405226923255877,1.1381457095424776,1.447996671307282,4929,113026,698
full,Intermediate,growing,relative,202509,2.803979250907746,1.937995386303259,0.865983864604487,1.4468451631643757,3476,86220,699
full,Intermediate,complex,relative,202603,8.911649477681499,6.180703796668276,2.7309456810132233,1.4418502764176058,11612,274975,700
full,Intermediate,annually,relative,202508,0.40909747375403205,0.2839561089673982,0.12514136478663382,1.4407067178153283,511,12633,701
full,Intermediate,registration,relative,202512,2.138855250822101,1.4866730786996507,0.6521821721224502,1.4386856676606365,3084,66141,702
full,Intermediate,publication,relative,202508,0.7511371225758466,0.5241938112268419,0.22694331134900475,1.432937792260192,959,23321,703
full,Intermediate,transforming,relative,202601,0.5094140368441218,0.3578390924373451,0.15157494440677677,1.4235840846072916,655,15920,704
full,Intermediate,ongoing,relative,202509,1.6909702371557354,1.1955017468256954,0.49546849033003987,1.4144439701954525,2112,53187,705
full,Intermediate,comprises,relative,202507,0.4487108862734102,0.31803174113668303,0.13067914513672715,1.4108996940672163,614,14149,706
full,Intermediate,discussions,relative,202504,0.535394625644704,0.37988935309570143,0.15550527254900257,1.4093435925008084,686,16901,707
full,Intermediate,concern,relative,202508,1.8152766177783501,1.2908056257160432,0.5244709920623067,1.4063129115751793,2231,57427,708
full,Intermediate,storage,relative,202608,1.6323208004390817,1.1637862342987422,0.46853456614033945,1.4025950405081586,1763,51776,709
full,Intermediate,effective,relative,202506,12.102895843575096,8.687690312742824,3.415205530832273,1.393108571771137,14312,386509,710
full,Intermediate,ranging,relative,202501,1.8977163792337708,1.3622835348838045,0.5354328443499663,1.3930406781255238,2397,60607,711
full,Intermediate,weights,relative,202508,0.4913049595058929,0.35334362645195116,0.13796133305394176,1.3904452287402507,610,15720,712
full,Intermediate,meeting,relative,202506,0.7175448506189036,0.5174281349188242,0.2001167157000794,1.3867526757729831,869,23020,713
full,Intermediate,closely,relative,202607,1.846146997399113,1.3319391394823967,0.5142078579167162,1.386059574851552,2622,59257,714
full,Intermediate,satisfaction,relative,202511,1.3427775551447703,0.9694697170800961,0.3733078380646742,1.3850639493815484,1820,43131,715
full,Intermediate,identified,relative,202607,17.21680175146202,12.433380003762704,4.783421747699318,1.3847241656131892,25097,553152,716
full,Intermediate,facing,relative,202510,0.41454082238860923,0.2993755572972989,0.11516526509131034,1.3846849292941572,556,13319,717
full,Intermediate,continues,relative,202603,0.691218520681258,0.5018063906195809,0.18941213006167715,1.3774605776299695,910,22325,718
full,Intermediate,included,relative,202607,16.3333255901627,11.886866203918384,4.446459386244317,1.3740648973384244,25764,528838,719
full,Intermediate,curve,relative,202507,2.630408067933345,1.915248328417167,0.7151597395161777,1.3734031398984239,3898,85208,720
full,Intermediate,preferences,relative,202502,0.6172477101953331,0.4514122169233166,0.1658354932720165,1.3673704145676404,729,20083,721
full,Intermediate,link,relative,202605,1.3897800575341832,1.0169418378858543,0.37283821964832886,1.366626886374772,1844,45243,722
full,Intermediate,quality,relative,202512,10.26425503153114,7.529928002864512,2.734327028666629,1.3631279113992119,13584,335001,723
full,Intermediate,augmented,relative,202605,0.49429302182867124,0.36307631031032883,0.13121671151834238,1.36140256963113,667,16153,724
full,Intermediate,potentially,relative,202505,4.279694505285094,3.1499280613055696,1.129766443979524,1.358664205020372,5513,140138,725
full,Intermediate,resulting,relative,202405,5.0121596883404385,3.6902605954199736,1.321899092920465,1.35821293882635,5762,164177,726
full,Intermediate,focus,relative,202506,4.289427255055297,3.1609419529697833,1.1284853020855135,1.357009182349987,5082,140628,727
full,Intermediate,engaged,relative,202512,0.5006674868820096,0.3703140105468127,0.13035347633519687,1.3520079516913617,664,16475,728
full,Intermediate,square,relative,202512,1.2890325487342056,0.9539154047706335,0.335117143963572,1.3513069841283778,1773,42439,729
full,Intermediate,like,relative,202506,7.063127343158277,5.227395279805671,1.8357320633526055,1.3511752919172488,8260,232563,730
full,Intermediate,interacts,relative,202412,0.44295661713437456,0.3288882914914091,0.11406832564296553,1.3468299984949301,471,14632,731
full,Intermediate,initiative,relative,202608,0.43610493738092504,0.3241680522067455,0.11193688517417955,1.3453051107664036,516,14422,732
full,Intermediate,excellent,relative,202601,3.2496328161179227,2.4190552014002473,0.8305776147176754,1.3433479377555764,4055,107622,733
full,Intermediate,consumer,relative,202607,0.40001652810289196,0.29813930415131557,0.10187722395157642,1.341710141980711,557,13264,734
full,Intermediate,curves,relative,202512,1.1069589378179867,0.8268285813635513,0.2801303564544354,1.338801007570956,1531,36785,735
full,Intermediate,highest,relative,202512,5.050954306203805,3.7815635095833224,1.269390796620483,1.3356788252804863,6818,168239,736
full,Intermediate,adapt,relative,202501,0.5605523406075938,0.42021368298468376,0.14033865762291012,1.333969747548714,704,18695,737
full,Intermediate,sessions,relative,202602,1.0554060070721758,0.7925731305548507,0.26283287651732523,1.331619716067495,1398,35261,738
full,Intermediate,sharing,relative,202605,0.5669497054008484,0.42643990337445403,0.14050980202639438,1.3294949673201986,733,18972,739
full,Intermediate,perceptions,relative,202606,0.9800822705027464,0.7383128561111477,0.24176941439159874,1.327462013414002,1472,32847,740
full,Intermediate,minimize,relative,202503,0.7593116693494442,0.5749026675420837,0.1844090018073604,1.3207656047166652,948,25577,741
full,Intermediate,undergoing,relative,202604,2.8581236673966908,2.165286146524769,0.692837520871922,1.3199750397811898,4047,96332,742
full,Intermediate,along,relative,202507,4.242386308902285,3.2235413168163918,1.0188449920858933,1.316063885010823,5936,143413,743
full,Intermediate,inclusion,relative,202509,2.6515345727656556,2.015587129211156,0.6359474435544996,1.3155147372881824,3511,89672,744
full,Intermediate,assess,relative,202506,9.442857920112548,7.184721169846122,2.2581367502664262,1.3142970613450806,11680,319643,745
full,Intermediate,energy,relative,202608,5.53127864727922,4.212880993551929,1.3183976537272906,1.312944432977143,5964,187428,746
full,Intermediate,rise,relative,202511,1.2006061134664316,0.9151195333166853,0.28548658014974637,1.3119664369036599,1543,40713,747
full,Intermediate,significantly,relative,202508,23.622695584065486,18.069727824259648,5.5529677598058385,1.3073077698686009,29360,803909,748
full,Intermediate,adverse,relative,202605,4.802644671234646,3.678572383857951,1.1240722873766942,1.3055729696415022,6815,163657,749
full,Intermediate,approval,relative,202511,0.5815300748181597,0.4457928844415744,0.13573719037658524,1.3044848742855495,784,19833,750
full,Intermediate,emergence,relative,202408,0.9721307624969987,0.7480230626395983,0.22410769985740045,1.299599987019888,1093,33279,751
full,Intermediate,communities,relative,202512,1.5737764786483068,1.211325787094281,0.3624506915540256,1.2992181751727332,2074,53891,752
full,Intermediate,teams,relative,202511,0.4485232405385538,0.34655547281400667,0.10196776772454716,1.2942321669214336,593,15418,753
full,Intermediate,attitudes,relative,202512,0.8426105622407613,0.6525168877799075,0.19009367446085387,1.2913237619146067,1143,29030,754
full,Intermediate,focused,relative,202510,2.946514535005475,2.2912940580953562,0.6552204769101188,1.285960885114315,3964,101938,755
full,Intermediate,roles,relative,202509,3.420965593085886,2.6627319351385177,0.7582336579473683,1.2847577887737784,4168,118463,756
full,Intermediate,fewer,relative,202511,1.3225837909027944,1.0314172383588223,0.29116655254397206,1.2822975433368482,1765,45887,757
full,Intermediate,further,relative,202608,16.797926876007963,13.117207812130879,3.680719063877083,1.2806023291384565,19559,583575,758
full,Intermediate,improve,relative,202505,9.228401362682929,7.207310886422726,2.0210904762602024,1.280422269569025,11909,320648,759
full,Intermediate,strength,relative,202512,2.5398607715481245,1.9863216456462423,0.553539125901882,1.2786754738917374,3308,88370,760
full,Intermediate,facilitate,relative,202505,2.428579452002723,1.9026610236580643,0.5259184283446585,1.2764120470253422,3081,84648,761
full,Intermediate,extended,relative,202603,1.7030020650025477,1.336636901437133,0.36636516356541476,1.2740947546573824,2276,59466,762
full,Intermediate,adjusting,relative,202505,1.390694134704367,1.0917913465426607,0.29890278816170623,1.2737728130088517,1849,48573,763
full,Intermediate,novel,relative,202507,11.006562382465855,8.641679218382322,2.3648831640835324,1.2736601422386777,15028,384462,764
full,Intermediate,alternative,relative,202511,3.8096587381130913,3.003128619552535,0.8065301185605562,1.2685632953944972,4892,133607,765
full,Intermediate,implications,relative,202509,3.390384068742803,2.6735435308333897,0.716840537909413,1.2681237577178934,4219,118944,766
full,Intermediate,engage,relative,202604,0.5780729190909494,0.45676182144593513,0.12131109764501428,1.2655893990022835,773,20321,767
full,Intermediate,damage,relative,202504,3.4578702823441505,2.7339401163471555,0.723930165996995,1.2647937171953296,4247,121631,768
full,Intermediate,varied,relative,202608,1.9267620473846014,1.5273120912076104,0.39944995617699103,1.2615378732850568,2391,67949,769
full,Intermediate,search,relative,202506,2.963847184320662,2.358793479866044,0.605053704454618,1.2565098257304743,3664,104941,770
full,Intermediate,resources,relative,202503,2.155954802684144,1.7181895769474302,0.4377652257367137,1.2547828432962886,2705,76441,771
full,Intermediate,presenting,relative,202605,1.757434940540249,1.4037092539392084,0.3537256866010405,1.2519935560789284,2215,62450,772
full,Intermediate,items,relative,202512,1.257683012786641,1.0052761036537576,0.2524069091328834,1.2510821735595723,1740,44724,773
full,Intermediate,opening,relative,202608,0.5819011595854634,0.4662247773451891,0.1156763822402743,1.2481129014613233,606,20742,774
full,Intermediate,cost,relative,202511,3.733503436725532,2.9923844558474437,0.7411189808780881,1.2476683700952467,4840,133129,775
full,Intermediate,influence,relative,202507,5.685286723273722,4.568135193047673,1.1171515302260502,1.244553079761357,8040,203233,776
full,Intermediate,using,relative,202606,38.99968891571507,31.416541561594517,7.583147354120551,1.241374351764761,56573,1397699,777
full,Intermediate,contribute,relative,202607,3.9123603852627515,3.157772649450081,0.7545877358126708,1.2389620215198458,5610,140487,778
full,Intermediate,registered,relative,202512,1.4561961248225137,1.1757216964899626,0.28047442833255104,1.2385551182477013,2100,52307,779
full,Intermediate,promote,relative,202512,2.982875370566148,2.4127840263506237,0.5700913442155244,1.2362794754894815,3863,107343,780
full,Intermediate,likelihood,relative,202507,1.1851699265385522,0.962704040772078,0.22246588576647422,1.2310844001320063,1734,42830,781
full,Intermediate,experiments,relative,202502,4.106317811063111,3.343030802708159,0.7632870083549514,1.2283218592352243,4624,148729,782
full,Intermediate,role,relative,202506,15.103279174207987,12.321802538005231,2.781476636202755,1.2257361800453788,17621,548188,783
full,Intermediate,allowing,relative,202502,1.2795315444063964,1.0446339083558802,0.2348976360505163,1.2248612017775826,1453,46475,784
full,Intermediate,vector,relative,202507,1.0506153332315569,0.8582518886014541,0.1923634446301028,1.2241340184448233,1491,38183,785
full,Intermediate,underwent,relative,202509,5.984869367717384,4.900395084028126,1.0844742836892574,1.221303438823512,7689,218015,786
full,Intermediate,phases,relative,202605,1.1448363153506118,0.9399569828859856,0.2048793324646263,1.2179667114505364,1553,41818,787
full,Intermediate,behaviors,relative,202511,1.8530771511095567,1.530953418655779,0.3221237324537777,1.210407272049212,2414,68111,788
full,Intermediate,prevention,relative,202510,3.165416305595646,2.6304320120334634,0.5349842935621827,1.203382672927787,4254,117026,789
full,Intermediate,following,relative,202607,8.219390843987766,6.841986843119701,1.3774040008680655,1.2013163767266204,11993,304395,790
full,Intermediate,include,relative,202509,3.7549551845277236,3.1326205172618034,0.6223346672659203,1.198662641656289,4682,139368,791
full,Intermediate,lowest,relative,202510,1.63397136823434,1.3659473396619004,0.2680240285724394,1.1962184198395092,2267,60770,792
full,Intermediate,natural,relative,202601,3.8938927080941856,3.2566279464688908,0.6372647616252947,1.1956823966693126,4980,144885,793
full,Intermediate,faster,relative,202601,0.9575676226470837,0.801047083937318,0.15652053870976562,1.1953949297717104,1283,35638,794
full,Intermediate,recommendations,relative,202506,1.8657755175433652,1.560825790128721,0.30494972741464416,1.1953771710739705,2240,69440,795
full,Intermediate,designed,relative,202502,3.860601187224952,3.247749401147738,0.6128517860772141,1.1887004538775792,4370,144490,796
full,Intermediate,indicate,relative,202605,4.861173776376731,4.10386594340613,0.7573078329706009,1.184535226884641,6552,182578,797
full,Intermediate,indicator,relative,202507,0.8993680035765432,0.7627906684016169,0.1365773351749264,1.1790495621310053,1298,33936,798
full,Intermediate,rating,relative,202510,0.7474880060001294,0.6344675918485514,0.1130204141515781,1.1781342587133374,1053,28227,799
full,Intermediate,viability,relative,202608,1.5226442809717764,1.2938850199160385,0.22875926105573788,1.1768003010581127,1740,57564,800
full,Intermediate,middle,relative,202603,1.8509090414128373,1.5786278354308803,0.2722812059819571,1.1724796686532764,2588,70232,801
full,Intermediate,reduce,relative,202510,5.43891450882565,4.642063131177473,0.7968513776481765,1.1716588842353923,7313,206522,802
full,Intermediate,extracted,relative,202511,2.3991091459166762,2.04788705231621,0.35122209360046625,1.1715046214112372,3272,91109,803
full,Intermediate,processes,relative,202501,5.294552324297682,4.520752981561622,0.7737993427360603,1.1711660305024594,6437,201125,804
full,Intermediate,power,relative,202507,2.392596790901048,2.0440883835585524,0.34850840734249566,1.170495762387621,3304,90940,805
full,Intermediate,option,relative,202509,1.5256325374508242,1.3039548637233203,0.2216776737275038,1.1700041005211823,1912,58012,806
full,Intermediate,surveys,relative,202604,0.9320142330064021,0.7988443056044752,0.13316992740192696,1.166703231740707,1295,35540,807
full,Intermediate,success,relative,202602,1.8318722106558685,1.571682340483447,0.2601898701724215,1.1655486375779902,2300,69923,808
full,Intermediate,structures,relative,202501,3.7103622476498317,3.183554146876314,0.5268081007735175,1.1654779772759383,4401,141634,809
full,Intermediate,stages,relative,202507,2.24066829558541,1.9325109178010786,0.3081573777843311,1.159459579216748,3178,85976,810
full,Intermediate,study,relative,202505,53.67232095317499,46.56163160240661,7.110689350768384,1.1527156395954317,69508,2071493,811
full,Intermediate,effects,relative,202511,17.01642344470471,14.880801595530787,2.1356218491739214,1.1435152424729136,22222,662036,812
full,Intermediate,reduction,relative,202601,5.8398841321682236,5.113435217075938,0.7264489150922857,1.142066709414126,7796,227493,813
full,Intermediate,over,relative,202509,11.780464306182253,10.39302285697203,1.3874414492102236,1.1334973922701879,14799,462378,814
full,Intermediate,experience,relative,202607,3.5974674413691186,3.177957291724499,0.41951014964461963,1.132006226369699,5274,141385,815
full,Intermediate,differences,relative,202606,9.247824481617528,8.183501325150985,1.0643231564665427,1.1300571863042872,14046,364078,816
full,Intermediate,observed,relative,202606,13.63852519799309,12.145445407398235,1.4930797905948547,1.1229333087846547,20402,540342,817
full,Intermediate,indicated,relative,202412,5.742083941460598,5.130877625099265,0.6112063163613333,1.1191231522208656,6610,228269,818
full,Intermediate,prevalence,relative,202509,4.276383527445768,3.8257539402197427,0.4506295872260251,1.1177884396820728,5540,170205,819
full,Intermediate,formation,relative,202608,5.200882063732277,4.705516633561306,0.49536543017097145,1.1052733352673458,5537,209345,820
full,Intermediate,initial,relative,202509,3.83658243805597,3.4786590114874887,0.35792342656848153,1.102891207613773,4810,154763,821
full,Intermediate,data,relative,202512,25.239483228956473,22.917683297568153,2.321799931388319,1.1013104117567891,33651,1019591,822
full,Intermediate,increasing,relative,202509,6.411189768647896,5.876180930817702,0.5350088378301942,1.0910470327801403,8049,261427,823
full,Intermediate,cases,relative,202509,8.147300256783641,7.476566821617886,0.6707334351657546,1.0897114211868453,10207,332627,824
full,Intermediate,duration,relative,202510,3.097376282600239,2.863859083325035,0.2335171992752041,1.081539346902531,4287,127411,825
full,Intermediate,suggests,relative,202607,3.6494640774502396,3.4384695455780685,0.21099453187217107,1.0613629200652697,5222,152975,826
full,Intermediate,studies,relative,202506,18.171079269714284,17.46641381168988,0.704665458024406,1.040344026290777,21733,777068,827
full,Latest,across,absolute,202608,21.90322893824868,6.019563818421835,15.883665119826846,3.6386737642381384,26146,267806,1
full,Latest,remains,absolute,202608,19.384115070179266,5.260998888046489,14.123116182132778,3.6844932840077003,22470,234058,2
full,Latest,remain,absolute,202608,12.74413971783804,2.8995306059191353,9.844609111918906,4.395242351235061,14852,128998,3
full,Latest,limited,absolute,202608,15.408322536168736,5.854962331366642,9.553360204802095,2.6316689440719574,18326,260483,4
full,Latest,framework,absolute,202608,11.732941580723724,2.270614914562545,9.462326666161179,5.167296975579051,13313,101018,5
full,Latest,associated,absolute,202608,30.548458473517726,22.377980128691703,8.170478344826021,1.365112413981918,36418,995580,6
full,Latest,support,absolute,202608,14.14041893732685,6.0002557920145705,8.140163145312279,2.356636021441886,16870,266947,7
full,Latest,whereas,absolute,202608,12.213967276383354,5.051847333076043,7.16211994330731,2.4177229577811357,14826,224753,8
full,Latest,yet,absolute,202608,10.260313139111437,3.3883900545007823,6.871923084610655,3.0280791095708453,11528,150747,9
full,Latest,based,absolute,202606,29.75667800673386,23.165316041373572,6.591361965360287,1.2845358100700213,42263,1030608,10
full,Latest,evidence,absolute,202608,15.923184272731342,9.416158098345962,6.507026174385381,1.691048950795378,19038,418918,11
full,Latest,within,absolute,202608,16.684089722929965,10.20524724276213,6.478842480167835,1.6348540438119052,19617,454024,12
full,Latest,performance,absolute,202608,13.60418199175249,7.317269984425458,6.286912007327032,1.8591881973343194,15871,325540,13
full,Latest,strategy,absolute,202608,10.229096764377644,4.3142087968627045,5.9148879675149395,2.371024965647525,11088,191936,14
full,Latest,provides,absolute,202608,11.118572620493527,5.425667807091463,5.692904813402065,2.0492542145616284,12353,241384,15
full,Latest,under,absolute,202608,14.698386308015197,9.132314376028196,5.5660719319870005,1.609491931924466,16778,406290,16
full,Latest,validation,absolute,202608,7.0934363354489856,1.6127933769198732,5.4806429585291125,4.39823007519791,8771,71752,17
full,Latest,driven,absolute,202608,6.767131192591151,1.7666507002699747,5.000480492321176,3.8304862367852435,7632,78597,18
full,Latest,structural,absolute,202608,8.477992431106161,3.4941683691370984,4.983824061969063,2.426326248611724,9309,155453,19
full,Latest,assessed,absolute,202607,12.966621313110227,8.212204875467725,4.754416437642502,1.578945180951993,20289,365355,20
full,Latest,among,absolute,202608,18.634699127034548,13.94423868946377,4.690460437570779,1.3363726440737764,22672,620369,21
full,Latest,distinct,absolute,202608,7.289797400199493,2.643019316792566,4.646778083406927,2.7581324714062325,8292,117586,22
full,Latest,reduced,absolute,202608,12.744597765087809,8.10139163892777,4.643206126160039,1.5731368551359868,15037,360425,23
full,Latest,evaluated,absolute,202608,13.856014992097451,9.278214724584153,4.577800267513298,1.4933923608583517,17095,412781,24
full,Latest,integrated,absolute,202608,6.31611196187583,1.7565359018028395,4.55957606007299,3.5957773225091616,7386,78147,25
full,Latest,specific,absolute,202608,15.782122154533793,11.344510710110553,4.43761144442324,1.3911681656281847,18519,504709,26
full,Latest,rather,absolute,202608,6.270740583996187,1.837858881478613,4.432881702517574,3.4119815439535746,7655,81765,27
full,Latest,integrating,absolute,202605,4.959098817435859,0.5306223275859551,4.428476489849904,9.345816336069158,6634,23607,28
full,Latest,high,absolute,202601,27.64301442833715,23.338953415059407,4.304061013277741,1.1844153393142538,36258,1038333,29
full,Latest,early,absolute,202604,11.406833111548515,7.135967841234528,4.270865270313987,1.5984983908749122,15331,317474,30
full,Latest,supporting,absolute,202608,5.30329024083104,1.2194176258679903,4.08387261496305,4.34903525119716,6239,54251,31
full,Latest,consistent,absolute,202608,6.865783151098598,2.8363243541644985,4.029458796934099,2.4206622000116993,8212,126186,32
full,Latest,assessment,absolute,202608,9.357370612855373,5.48916626413515,3.868204348720223,1.7046979746257842,11465,244209,33
full,Latest,robust,absolute,202605,5.701917433382605,1.8468498134494002,3.8550676199332043,3.0873747241704583,7621,82165,34
full,Latest,single,absolute,202608,12.047007274021917,8.192312438482357,3.85469483553956,1.4705258575628313,14100,364470,35
full,Latest,derived,absolute,202608,8.254397301893482,4.445341539656641,3.809055762236841,1.8568645914507287,9552,197770,36
full,Latest,conventional,absolute,202608,6.500915506805853,2.7195995798537487,3.781315926952104,2.3903943635538623,7474,120993,37
full,Latest,although,absolute,202608,11.59437909097883,7.963358355846252,3.6310207351325783,1.4559660099268152,13882,354284,38
full,Latest,confirmed,absolute,202601,8.53818604368212,4.913589276695257,3.6245967669868637,1.7376678356447135,11173,218602,39
full,Latest,associations,absolute,202608,6.395807569848265,2.793190358034645,3.60261721181362,2.2897857825731958,8018,124267,40
full,Latest,review,absolute,202608,14.229145933132168,10.64724145844605,3.5819044746861177,1.3364161965017456,15803,473688,41
full,Latest,demonstrate,absolute,202605,8.570144538404765,4.99351866191556,3.576625876489206,1.7162536316860744,10889,222158,42
full,Latest,enabling,absolute,202605,4.246132787946007,0.7007307604732556,3.5454020274727522,6.059578125381964,5354,31175,43
full,Latest,via,absolute,202601,10.671112058006448,7.131090260640377,3.540021797366072,1.4964208372042362,13814,317257,44
full,Latest,conditions,absolute,202608,11.352400167184419,7.825302595434809,3.52709757174961,1.4507298636358519,12767,348142,45
full,Latest,design,absolute,202608,11.02693808124849,7.5517759675535245,3.4751621136949655,1.4601781261290223,12901,335973,46
full,Latest,remained,absolute,202608,5.5071502763217755,2.0437287462797213,3.4634215300420537,2.694658127379504,6805,90924,47
full,Latest,improved,absolute,202606,9.956514402958442,6.493363455952411,3.46315094700603,1.5333369940706751,14323,288885,48
full,Latest,stability,absolute,202608,6.493463342513419,3.071774385149498,3.4216889573639206,2.1139128491682477,7050,136661,49
full,Latest,integration,absolute,202605,4.479136111207834,1.081406820116401,3.3977292910914323,4.14195289680687,5982,48111,50
full,Latest,practical,absolute,202608,4.9161409021592855,1.5340777675156279,3.3820631346436576,3.2046230029920593,5359,68250,51
full,Latest,responses,absolute,202608,7.580757729384289,4.267253654645266,3.313504074739023,1.776495690883525,8752,189847,52
full,Latest,approaches,absolute,202605,7.04256248739914,3.762210528516202,3.280351958882938,1.871921423327868,9387,167378,53
full,Latest,substantial,absolute,202608,4.937567749612933,1.6617040468409574,3.275863702771976,2.9713881716781487,5995,73928,54
full,Latest,systematically,absolute,202605,4.399584641370699,1.223373635935137,3.1762110054355612,3.5962722361657655,5986,54427,55
full,Latest,characterized,absolute,202608,8.045615951634474,4.872635581568319,3.172980370066156,1.6511835980651959,9256,216780,56
full,Latest,toward,absolute,202608,5.202695585488253,2.143640477805098,3.059055107683155,2.4270373877318097,5882,95369,57
full,Latest,achieved,absolute,202608,6.6399547012174,3.5905511598639404,3.0494035413534597,1.8492856404444085,7755,159741,58
full,Latest,patterns,absolute,202606,6.428030385196405,3.3977631010803275,3.0302672841160776,1.8918418365166765,9421,151164,59
full,Latest,structured,absolute,202608,4.36409261616815,1.3401883195655941,3.0239042966025558,3.2563278999347776,5340,59624,60
full,Latest,overall,absolute,202608,11.854668630123907,8.840513678916286,3.0141549512076207,1.3409479426965958,14443,393308,61
full,Latest,standardized,absolute,202608,4.338801426903522,1.3378731545831164,3.000928272320406,3.2430588894322345,5435,59521,62
full,Latest,beyond,absolute,202608,4.2396364351946465,1.2541001459453032,2.985536289249343,3.380620318801522,4872,55794,63
full,Latest,emerging,absolute,202608,4.887101672629711,1.9327356911003482,2.9543659815293632,2.528592861990032,5383,85986,64
full,Latest,exploratory,absolute,202608,3.511755837336328,0.5863436284749111,2.9254122088614167,5.9892453278130775,4566,26086,65
full,Latest,dependent,absolute,202608,7.948077285061207,5.038563231089204,2.909514053972004,1.5774491497932526,8995,224162,66
full,Latest,primary,absolute,202608,11.278561527992164,8.380447689971088,2.8981138380210743,1.3458184986333435,13870,372840,67
full,Latest,evaluation,absolute,202608,7.397165049952043,4.524012194401032,2.87315285555101,1.635089547085407,8764,201270,68
full,Latest,strong,absolute,202602,6.169841882343387,3.421364297503645,2.748477584839742,1.8033279551216261,7721,152214,69
full,Latest,burden,absolute,202608,4.683855878612207,1.9601130789513965,2.7237427996608106,2.389584523928555,5746,87204,70
full,Latest,enables,absolute,202608,3.774450002660533,1.0527931791193696,2.721656823541163,3.58517710555244,3899,46838,71
full,Latest,identify,absolute,202607,10.498605065860161,7.869560458061012,2.6290446077991496,1.334077693641218,15430,350111,72
full,Latest,stable,absolute,202608,5.4188148930191495,2.842033595965949,2.576781297053201,1.9066681339413956,6115,126440,73
full,Latest,dynamics,absolute,202607,5.115869559928223,2.5411745348934702,2.5746950250347522,2.013190943668372,6847,113055,74
full,Latest,monitoring,absolute,202608,5.428075834625467,2.862083374260805,2.5659924603646624,1.8965470689781654,6302,127332,75
full,Latest,persistent,absolute,202608,3.664848552439109,1.105345176488623,2.5595033759504857,3.3155693175242527,4195,49176,76
full,Latest,poorly,absolute,202608,4.18000756258798,1.6274261187023302,2.552581443885649,2.5684776190768126,4792,72403,77
full,Latest,systematic,absolute,202606,5.598589780080627,3.0520168121436924,2.5465729679369344,1.8343902162676027,8320,135782,78
full,Latest,defined,absolute,202608,6.520770434669506,3.9822411111713003,2.5385293234982065,1.6374624872353716,7956,177167,79
full,Latest,establish,absolute,202608,4.1233454621451,1.593058281243994,2.5302871809011056,2.588320534591644,4647,70874,80
full,Latest,settings,absolute,202607,4.330815663660744,1.8188205830304702,2.5119950806302738,2.38111208112944,6563,80918,81
full,Latest,unclear,absolute,202608,5.495862447991031,2.9846297770226395,2.5112326709683916,1.8413883324160587,6382,132784,82
full,Latest,combined,absolute,202608,6.732125528573745,4.229941286966497,2.502184241607247,1.5915411283170997,7967,188187,83
full,Latest,increasingly,absolute,202608,3.951332603622552,1.5247946302557898,2.426537973366762,2.591386751512695,4591,67837,84
full,Latest,central,absolute,202607,5.9850537043411745,3.5737156397486403,2.4113380645925346,1.674742567028119,8335,158992,85
full,Latest,related,absolute,202607,17.380166632704512,15.00714666705028,2.373019965654233,1.158125992788785,25586,667657,86
full,Latest,prospective,absolute,202608,5.531113469902108,3.18692574636536,2.344187723536748,1.7355639604124,7102,141784,87
full,Latest,collectively,absolute,202608,3.152009522431483,0.837078243810249,2.3149312786212337,3.7654897206311673,3526,37241,88
full,Latest,validated,absolute,202607,4.760107930782937,2.4510629192162514,2.3090450115666847,1.9420586446246848,7125,109046,89
full,Latest,favorable,absolute,202608,3.3832796717376796,1.0855876034828174,2.297692068254862,3.1165422863003704,4001,48297,90
full,Latest,established,absolute,202608,6.418658722007012,4.121443215409019,2.297215506597993,1.557381331376663,7544,183360,91
full,Latest,consistently,absolute,202607,3.1891573485607068,0.8928669766889857,2.296290371871721,3.5718168907837127,4817,39723,92
full,Latest,long,absolute,202603,10.025399953048316,7.731437265659788,2.293962687388529,1.2967058528143882,13587,343966,93
full,Latest,dual,absolute,202608,3.772088579465587,1.5075320408718775,2.2645565385937094,2.5021614646969685,4162,67069,94
full,Latest,guided,absolute,202608,3.2960729416795633,1.0341145179500584,2.261958423729505,3.1873384276757095,3788,46007,95
full,Latest,independently,absolute,202608,4.097828667412374,1.8427814167326195,2.2550472506797545,2.2237193354587386,5235,81984,96
full,Latest,showed,absolute,202606,20.438981913172675,18.224147080857925,2.214834832314752,1.1215329761380792,30056,810779,97
full,Latest,supported,absolute,202608,3.6741064839956072,1.5273345685375372,2.14677191545807,2.4055675551910416,4350,67950,98
full,Latest,understood,absolute,202608,4.225992655022018,2.111632759989094,2.1143598950329237,2.001291481689195,4861,93945,99
full,Latest,baseline,absolute,202608,6.019618581832463,3.9334203505699246,2.086198231262538,1.5303776472708448,7660,174995,100
full,Latest,interpreted,absolute,202608,2.3896548656407477,0.36943739467966097,2.0202174709610867,6.468362163805363,3160,16436,101
full,Latest,rapid,absolute,202608,4.895368374539713,2.881953333916245,2.013415040623468,1.6986286061361955,5362,128216,102
full,Latest,markedly,absolute,202608,2.891904081249614,0.8801223306203945,2.0117817506292197,3.285797872224334,3365,39156,103
full,Latest,predominantly,absolute,202608,2.888258190568215,0.8778745976276978,2.010383592940517,3.290057826451781,3463,39056,104
full,Latest,alongside,absolute,202608,2.3206732310817944,0.3153794162053008,2.0052938148764934,7.358353500062028,2773,14031,105
full,Latest,core,absolute,202608,3.806042845539489,1.8035584760100583,2.0024843695294305,2.110296337027812,4362,80239,106
full,Latest,integrates,absolute,202608,2.181138522646251,0.17952643412670063,2.0016120885195505,12.149400355754375,2422,7987,107
full,Latest,dynamic,absolute,202606,4.240383843332127,2.2419338415757326,1.9984500017563949,1.8913956177903064,5809,99742,108
full,Latest,decision,absolute,202605,3.9705212960258516,2.021094075043263,1.9494272209825887,1.9645405649615095,5543,89917,109
full,Latest,multiple,absolute,202605,9.587345806386436,7.6410109673635915,1.9463348390228439,1.25472216272638,12908,339943,110
full,Latest,substantially,absolute,202608,2.8318244011907834,0.9015657033707227,1.9302586978200607,3.1410072395204462,3430,40110,111
full,Latest,context,absolute,202607,4.897522725071038,2.981999929421184,1.9155227956498537,1.6423617843685405,7019,132667,112
full,Latest,represents,absolute,202606,3.5230706081634713,1.6107704172264456,1.9123001909370256,2.187195996701863,4892,71662,113
full,Latest,independent,absolute,202608,6.5058637123520935,4.604166352920604,1.9016973594314894,1.413038368656069,8069,204836,114
full,Latest,direct,absolute,202608,5.459552026347982,3.5690403551238323,1.8905116712241494,1.5296974769450473,6258,158784,115
full,Latest,approximately,absolute,202608,3.8731012820930646,1.9851753018199672,1.8879259802730974,1.951012224735159,4617,88319,116
full,Latest,sustained,absolute,202608,2.9289584951914573,1.0431504045807,1.8858080906107577,2.807800756563737,3434,46409,117
full,Latest,features,absolute,202605,6.543821302790239,4.665934055559913,1.8778872472303267,1.402467592741188,8634,207584,118
full,Latest,advances,absolute,202608,3.373059861841314,1.5015530711113039,1.8715067907300103,2.246380715231665,3549,66803,119
full,Latest,broader,absolute,202608,2.292597431802359,0.45399710986491804,1.838600321937441,5.0498062256046,2706,20198,120
full,Latest,supports,absolute,202608,2.8105867571960195,0.9923291616158234,1.8182575955801958,2.8323129722596296,3234,44148,121
full,Latest,evaluate,absolute,202606,10.208677347039629,8.39600200228055,1.8126753447590793,1.2158974407422383,15632,373532,122
full,Latest,real,absolute,202605,5.259501770944436,3.4473256135692942,1.8121761573751414,1.525675947245044,7145,153369,123
full,Latest,linking,absolute,202608,2.324724070605109,0.5249130857845049,1.799810984820604,4.428779037068033,2593,23353,124
full,Latest,routine,absolute,202608,3.247995365876719,1.4526199238602928,1.7953754420164267,2.235956778869776,4022,64626,125
full,Latest,complementary,absolute,202608,2.495277579870457,0.7150488196367351,1.7802287602337221,3.4896604418396615,2977,31812,126
full,Latest,adjusted,absolute,202608,4.498018033932662,2.7245445924376823,1.7734734414949795,1.6509247257018582,5827,121213,127
full,Latest,frequently,absolute,202607,4.276407917168926,2.5217990764964227,1.7546088406725038,1.695776621153423,6295,112193,128
full,Latest,comparable,absolute,202608,3.583085194429309,1.8337904847618312,1.749294709667478,1.953922884977055,4390,81584,129
full,Latest,resource,absolute,202606,2.9787409596233463,1.2495822026299825,1.729158756993364,2.3837895204925466,4239,55593,130
full,Latest,candidate,absolute,202608,3.2029023428199537,1.4740632966106209,1.7288390462093326,2.1728390837656217,3786,65580,131
full,Latest,achieves,absolute,202605,1.9956333671690578,0.26963804980391903,1.7259953173651386,7.401156359869402,2493,11996,132
full,Latest,implementation,absolute,202608,3.8416372582968825,2.146427666716042,1.6952095915808405,1.7897818397833323,4589,95493,133
full,Latest,optimization,absolute,202606,2.666762558005969,0.9770895319253384,1.6896730260806305,2.7292919132509366,3636,43470,134
full,Latest,frameworks,absolute,202608,2.073345794701235,0.3885656024475115,1.6847801922537233,5.33589638825868,2305,17287,135
full,Latest,narrative,absolute,202608,2.1006513671826585,0.4278784524897801,1.6727729146928785,4.909458176636816,2523,19036,136
full,Latest,establishes,absolute,202608,1.8285761725525314,0.15967895180118713,1.6688972207513444,11.451579259045067,1937,7104,137
full,Latest,selection,absolute,202608,4.0956073174117344,2.4436903550002054,1.6519169624115286,1.675992749667087,4938,108718,138
full,Latest,provide,absolute,202608,11.66304431350682,10.012773866597497,1.6502704469093243,1.164816510279395,13310,445461,139
full,Latest,represent,absolute,202608,3.6170879293516136,1.9747233434039262,1.6423645859476876,1.8316935085786064,4239,87854,140
full,Latest,relevant,absolute,202608,5.6010207938816,3.9862195985683746,1.614801195313225,1.405095894840608,6668,177344,141
full,Latest,major,absolute,202608,8.455470567481637,6.846774514394147,1.6086960530874896,1.2349567741285312,9897,304608,142
full,Latest,recognition,absolute,202608,3.049021943437676,1.4571153898456863,1.5919065535919898,2.092505483564056,3312,64826,143
full,Latest,barriers,absolute,202607,2.8187282583865643,1.2278466245906037,1.5908816337959608,2.295668043495581,4082,54626,144
full,Latest,together,absolute,202608,5.0694594164453415,3.481198949769236,1.5882604666761058,1.4562394995498287,5709,154876,145
full,Latest,pronounced,absolute,202606,2.1806537412678297,0.6092705050004192,1.5713832362674103,3.579122447863005,3151,27106,146
full,Latest,rare,absolute,202607,4.812618775759558,3.2593252260601266,1.5532935496994318,1.4765690570796624,5825,145005,147
full,Latest,largely,absolute,202608,3.4562386456247256,1.9046615060215644,1.5515771396031612,1.8146209364224923,4015,84737,148
full,Latest,progressive,absolute,202608,2.7364582918973572,1.189342958425706,1.5471153334716512,2.3008151454644477,3089,52913,149
full,Latest,informed,absolute,202608,2.2893018017934845,0.7476634253607668,1.5416383764327177,3.061941676080835,2811,33263,150
full,Latest,requires,absolute,202608,3.6179981126451897,2.077804378449006,1.5401937341961838,1.7412602216893363,4179,92440,151
full,Latest,gaps,absolute,202607,2.2497341754004387,0.7320416810615235,1.5176924943389154,3.0732323494724105,3240,32568,152
full,Latest,access,absolute,202606,3.8240777161776136,2.3153223237872864,1.5087553923903274,1.6516394615512462,5415,103007,153
full,Latest,low,absolute,202608,14.609829322976687,13.102148001079811,1.5076813218968754,1.115071309053494,17079,582905,154
full,Latest,moderate,absolute,202608,4.389949616549077,2.886246503932297,1.5037031126167801,1.5209891499454729,5382,128407,155
full,Latest,capacity,absolute,202607,4.572727380100559,3.0825859808443696,1.490141399256189,1.4834062726931676,6426,137142,156
full,Latest,variability,absolute,202606,3.0013115724816637,1.520434028249958,1.4808775442317057,1.9739834262563944,4378,67643,157
full,Latest,comparative,absolute,202608,2.665662265706009,1.187657158681183,1.4780051070248257,2.2444711811159843,3268,52838,158
full,Latest,marked,absolute,202607,2.2612087913947128,0.7859198408964679,1.475288950498245,2.8771493907259558,3228,34965,159
full,Latest,generation,absolute,202608,4.241693510682021,2.7742644462361374,1.4674290644458834,1.52894347056091,4588,123425,160
full,Latest,adaptive,absolute,202608,2.530089480918086,1.0668864649835792,1.463203015934507,2.3714702210202168,2870,47465,161
full,Latest,constrained,absolute,202608,1.7152968302101512,0.25538742263022074,1.4599094075799304,6.7164499040101715,1945,11362,162
full,Latest,contrast,absolute,202606,4.978998050104413,3.523343943382303,1.4556541067221096,1.4131456168099008,7246,156751,163
full,Latest,followed,absolute,202607,6.527247184524559,5.0919693669956825,1.4352778175288767,1.2818708664729666,9715,226538,164
full,Latest,integrity,absolute,202605,2.21604290341596,0.7822785134482989,1.433764389967661,2.832805535777277,2932,34803,165
full,Latest,enable,absolute,202605,2.6925184466322216,1.2590676358591635,1.4334508107730581,2.1385018325841556,3421,56015,166
full,Latest,incompletely,absolute,202608,1.5953399840013518,0.17073779812525583,1.424602185876096,9.34380085440124,1906,7596,167
full,Latest,alone,absolute,202608,3.665249180486284,2.248721995213678,1.416527185272606,1.6299254368870995,4497,100044,168
full,Latest,relevance,absolute,202606,3.041197624903138,1.6263921615256896,1.4148054633774485,1.869904256086825,4601,72357,169
full,Latest,engagement,absolute,202605,2.1523351901414576,0.745325783048362,1.4070094070930954,2.887777719614724,2968,33159,170
full,Latest,preserving,absolute,202608,1.6762160442321106,0.2908341719250506,1.38538187230706,5.7634769433630355,1886,12939,171
full,Latest,broad,absolute,202608,2.9714893733223455,1.5877086767213757,1.38378069660097,1.8715583134926757,3125,70636,172
full,Latest,synthesis,absolute,202608,4.250750323959853,2.8728050606359687,1.3779452633238833,1.4796515023608459,4449,127809,173
full,Latest,temporal,absolute,202608,3.0013834609412995,1.6313596514395494,1.37002380950175,1.839804888083881,3589,72578,174
full,Latest,barrier,absolute,202608,2.55110354964198,1.182667191437396,1.3684363582045838,2.1570764523715305,2872,52616,175
full,Latest,lower,absolute,202608,11.847230222694373,10.48410099783611,1.363129224858263,1.1300187040490748,14499,466430,176
full,Latest,interpretation,absolute,202608,2.4486967452996535,1.093746874246307,1.3549498710533463,2.238814851002004,2986,48660,177
full,Latest,selective,absolute,202608,3.2692392855939034,1.9199685677018303,1.349270717892073,1.7027566703902488,3480,85418,178
full,Latest,translation,absolute,202608,2.1413102488355276,0.7925281758949967,1.3487820729405309,2.701872708080518,2397,35259,179
full,Latest,guide,absolute,202602,2.7640533008481407,1.4156896707902826,1.348363630057858,1.9524429385044244,3453,62983,180
full,Latest,continuous,absolute,202608,3.2645898245992564,1.9180355173281107,1.346554307271146,1.7020486821573264,3831,85332,181
full,Latest,robustness,absolute,202606,1.7480365735590069,0.4045245066956594,1.3435120668633476,4.3212130405590665,2514,17997,182
full,Latest,mixed,absolute,202607,3.652927643579909,2.3140860706413022,1.3388415729386067,1.5785617008478745,5516,102952,183
full,Latest,critically,absolute,202608,2.1668411619516545,0.8296832022642765,1.337157959687378,2.6116488269717397,2477,36912,184
full,Latest,selected,absolute,202608,5.436300690241098,4.1008539811959155,1.335446709045183,1.3256508803212086,6698,182444,185
full,Latest,strongest,absolute,202608,1.8116312312637488,0.477126282359769,1.3345049489039797,3.796963819104224,2227,21227,186
full,Latest,adjustment,absolute,202608,2.2836302880702797,0.9541851327297571,1.3294451553405227,2.3932780020761926,2945,42451,187
full,Latest,external,absolute,202608,2.94926592130709,1.6299885343140048,1.3192773869930854,1.8093783233563143,3553,72517,188
full,Latest,greater,absolute,202608,6.367166342351668,5.0545446126672795,1.3126217296843892,1.2596913926518338,7885,224873,189
full,Latest,coordinated,absolute,202608,1.699055728349538,0.3876889865803598,1.3113667417691783,4.382522555866723,1928,17248,190
full,Latest,synergistic,absolute,202602,2.000601585412305,0.6937403108659683,1.3068612745463364,2.8837903089630665,2417,30864,191
full,Latest,capture,absolute,202605,2.241409436811449,0.9381138418319742,1.3032955949794751,2.3892723216132956,3029,41736,192
full,Latest,enabled,absolute,202606,2.083694793484384,0.7823234681081528,1.3013713253762311,2.663469624045999,2755,34805,193
full,Latest,optimized,absolute,202608,2.4673106688882327,1.1774524508943391,1.2898582179938933,2.0954652283531074,2691,52384,194
full,Latest,generating,absolute,202608,1.9254399649631067,0.6359061409638773,1.2895338239992293,3.0278681725649212,2304,28291,195
full,Latest,constraints,absolute,202606,1.7437156000680933,0.45478381641236204,1.2889317836557315,3.8341636996313646,2445,20233,196
full,Latest,assisted,absolute,202608,2.4756778474319137,1.2012334659570727,1.274444381474841,2.0609464501219485,2807,53442,197
full,Latest,contexts,absolute,202607,1.7830696744613743,0.5095385921144582,1.2735310823469161,3.4993810126571168,2529,22669,198
full,Latest,prediction,absolute,202607,3.1911835965560043,1.9248236709660551,1.266359925589949,1.6579095761817872,4725,85634,199
full,Latest,domains,absolute,202608,2.66318818712859,1.3984945133961517,1.264693673732438,1.9043250878841225,3189,62218,200
full,Latest,association,absolute,202608,7.891352883705313,6.628879278082109,1.2624736056232044,1.190450535099874,9692,294914,201
full,Latest,comparisons,absolute,202608,2.194530960058694,0.9370574073254068,1.2574735527332874,2.3419386506131223,2839,41689,202
full,Latest,accompanied,absolute,202608,2.353368193643514,1.0961519485484925,1.2572162450950213,2.146936103849295,2741,48767,203
full,Latest,reflecting,absolute,202605,1.7043201196474476,0.44887227864156926,1.2554478410058783,3.796893238328872,2399,19970,204
full,Latest,balance,absolute,202606,2.4877561553336576,1.2344774369190596,1.2532787184145981,2.0152301540176074,3552,54921,205
full,Latest,reporting,absolute,202608,2.9207449659199725,1.6776854284190321,1.2430595375009406,1.7409371962372817,3702,74639,206
full,Latest,require,absolute,202608,3.121313451541887,1.8817346294960564,1.2395788220458308,1.6587426317268763,3724,83717,207
full,Latest,meaningful,absolute,202608,1.7891810343812864,0.5519308363567216,1.237250198024565,3.2416761603530166,2192,24555,208
full,Latest,without,absolute,202608,10.630064877665745,9.400176716767886,1.2298881608978602,1.1308367063678713,12368,418207,209
full,Latest,shift,absolute,202607,2.3527267313451095,1.1382519875017056,1.2144747438434036,2.0669647469792656,3292,50640,210
full,Latest,reliable,absolute,202604,2.9515308081840717,1.7394531310583428,1.2120776771257291,1.6968153700055486,3970,77387,211
full,Latest,preliminary,absolute,202608,2.1079094507615688,0.8968679414159865,1.2110415093455824,2.3503008117712123,2587,39901,212
full,Latest,identifies,absolute,202608,1.6554454553784612,0.44621995371018675,1.2092255016682745,3.7099314847171727,1890,19852,213
full,Latest,summarizes,absolute,202608,1.7117179479056852,0.5044362382210362,1.207281709684649,3.3933286671518563,1715,22442,214
full,Latest,inform,absolute,202602,2.378937366696441,1.172687256949822,1.2062501097466187,2.028620463467894,3084,52172,215
full,Latest,delivery,absolute,202608,3.8890860828492344,2.687951499316577,1.2011345835326575,1.446858726371384,4442,119585,216
full,Latest,work,absolute,202303,8.393748471710726,7.195892402819826,1.1978560688909,1.1664638660274438,9807,320140,217
full,Latest,bias,absolute,202608,2.6206569592738824,1.4251526266895365,1.195504332584346,1.8388605614553462,3288,63404,218
full,Latest,intrinsic,absolute,202608,2.1453222763677458,0.9517800584275714,1.193542217940174,2.254010532550993,2294,42344,219
full,Latest,guidance,absolute,202608,2.100725893533444,0.9125795950349377,1.1881462984985063,2.3019645683103604,2438,40600,220
full,Latest,multidisciplinary,absolute,202607,1.8276110120191142,0.6525168877799076,1.175094124239207,2.800863925893614,2476,29030,221
full,Latest,yielded,absolute,202608,2.0641388040649864,0.8909114489853397,1.1732273550796466,2.316884361982144,2519,39636,222
full,Latest,centered,absolute,202607,1.6429137928620372,0.4741592748094091,1.168754518052628,3.4648985692042302,2371,21095,223
full,Latest,practice,absolute,202608,5.0672213686651775,3.9029186138590264,1.1643027548061513,1.298315919443409,6033,173638,224
full,Latest,descriptive,absolute,202607,2.4097326637080356,1.2475367656066283,1.162195898101407,1.931592503036395,3812,55502,225
full,Latest,requiring,absolute,202607,2.295023160818075,1.1338014761761657,1.161221684641909,2.024184311841099,3270,50442,226
full,Latest,insufficient,absolute,202608,1.9368398364955919,0.7875606859811365,1.1492791505144553,2.4592896407502782,2312,35038,227
full,Latest,adaptation,absolute,202607,2.0285034186649833,0.8794030560627317,1.1491003626022516,2.3066822484641003,2848,39124,228
full,Latest,developed,absolute,202508,9.702218599002567,8.555119020833564,1.147099578169003,1.1340834154820718,11601,380611,229
full,Latest,proposes,absolute,202606,1.5574134845322865,0.41299846007812663,1.1444150244541598,3.7709910207356985,2075,18374,230
full,Latest,limiting,absolute,202608,2.009168991142199,0.8705694654014327,1.1385995257407662,2.3078790044809816,2284,38731,231
full,Latest,discussion,absolute,202608,3.096313787758009,1.9598658283222,1.136447959435809,1.5798600817529935,3700,87193,232
full,Latest,shared,absolute,202608,2.136970488673087,1.0055907862727351,1.1313797024003522,2.1250895670930507,2523,44738,233
full,Latest,higher,absolute,202606,17.51165731600016,16.382646871931144,1.1290104440690145,1.0689150204417444,26199,728852,234
full,Latest,improves,absolute,202605,2.1971974435278923,1.0710897256799226,1.1261077178479697,2.051366370948169,2977,47652,235
full,Latest,case,absolute,202607,8.69304211710254,7.570027559454225,1.123014557648315,1.1483501280316715,10934,336785,236
full,Latest,preserved,absolute,202608,1.6366883746251917,0.5196533905815942,1.1170349840435974,3.1495770147740516,1904,23119,237
full,Latest,structure,absolute,202608,7.1899407600192795,6.082702638186691,1.1072381218325884,1.1820306182454887,7746,270615,238
full,Latest,alterations,absolute,202608,2.7764699089677958,1.6760221060044365,1.1004478029633593,1.6565831077173432,3307,74565,239
full,Latest,examined,absolute,202608,6.693914367344285,5.60425019336123,1.089664173983055,1.1944353189787755,8071,249329,240
full,Latest,reference,absolute,202608,3.3600043458357236,2.272075941007798,1.0879284048279259,1.4788257228521007,4058,101083,241
full,Latest,feature,absolute,202605,2.432414462122623,1.3486173182882077,1.0837971438344152,1.8036357898844666,3282,59999,242
full,Latest,free,absolute,202608,6.268584401828573,5.185587446141507,1.0829969556870656,1.2088474964380174,7071,230703,243
full,Latest,transition,absolute,202608,3.168233054418778,2.0860535585322033,1.0821794958865747,1.5187687974071105,3471,92807,244
full,Latest,responsive,absolute,202608,1.801255259756428,0.7293893561301409,1.0718659036262872,2.4695387238897957,1992,32450,245
full,Latest,yielding,absolute,202606,1.3864666028195747,0.32778690232498764,1.058679700494587,4.229780363356155,1938,14583,246
full,Latest,follow,absolute,202608,7.112977592373546,6.055932138243671,1.0570454541298742,1.1745471101722809,8719,269424,247
full,Latest,local,absolute,202607,4.361647057295725,3.31410247909215,1.0475445782035755,1.316086960138461,6095,147442,248
full,Latest,index,absolute,202606,6.365424791304966,5.31815873805077,1.0472660532541958,1.1969226765950283,9735,236601,249
full,Latest,promotes,absolute,202608,2.0686746190414067,1.0249437673398551,1.0437308517015516,2.0183298683892255,2214,45599,250
full,Latest,transfer,absolute,202608,3.256453199046102,2.216511981428331,1.0399412176177707,1.469179154604717,3502,98611,251
full,Latest,recognized,absolute,202607,2.3244830870891513,1.2869395249686049,1.0375435621205464,1.8062100370612655,3255,57255,252
full,Latest,complete,absolute,202608,4.329000400761342,3.3030885874279354,1.0259118133334064,1.310591673877045,4934,146952,253
full,Latest,confirming,absolute,202602,1.4114042389505588,0.39101563140955115,1.0203886075410076,3.6095852072784504,1755,17396,254
full,Latest,severe,absolute,202607,6.269038566973921,5.248748743236291,1.02028982373763,1.1943872480183795,8816,233513,255
full,Latest,integrate,absolute,202608,1.4315774511744064,0.41704437946498096,1.0145330717094252,3.4326741269381267,1632,18554,256
full,Latest,retention,absolute,202608,1.8929395602159287,0.8901696970977495,1.0027698631181792,2.126492921953582,2135,39603,257
full,Latest,synthesizes,absolute,202606,1.039146435508687,0.03737979966854929,1.0017666358401376,27.799679097344296,1388,1663,258
full,Latest,occurred,absolute,202608,3.707091767646093,2.70750677635304,0.9995849912930531,1.3691902085059506,4579,120455,259
full,Latest,modest,absolute,202608,1.340060047213246,0.34484719573955697,0.995212851473689,3.8859531519151904,1703,15342,260
full,Latest,feasibility,absolute,202608,2.3279553447753365,1.3361648775086667,0.99179046726667,1.7422665300976203,2845,59445,261
full,Latest,reflect,absolute,202608,1.9097877153553489,0.9186934287750732,0.9910942865802757,2.078808507318635,2322,40872,262
full,Latest,stronger,absolute,202607,1.9273499816573485,0.9429464677662727,0.9844035138910758,2.0439654291542233,2822,41951,263
full,Latest,rational,absolute,202608,1.3918682482792415,0.41223423086060973,0.9796340174186319,3.3764014341397064,1460,18340,264
full,Latest,limits,absolute,202608,2.025239891238326,1.0466568680493071,0.9785830231890185,1.934960685838559,2286,46565,265
full,Latest,operational,absolute,202608,1.3423842043133924,0.3655038619424414,0.976880342370951,3.672694994737942,1556,16261,266
full,Latest,score,absolute,202608,5.856295306850002,4.8833347906135565,0.9729605162364451,1.199241001888015,7516,217256,267
full,Latest,insufficiently,absolute,202607,1.0413185281614372,0.06999440539258117,0.9713241227688562,14.87716800108439,1595,3114,268
full,Latest,propose,absolute,202608,3.2597590592092516,2.2921706739625085,0.9675883852467433,1.4221275475853024,3455,101977,269
full,Latest,restricted,absolute,202608,1.7888071825137193,0.829188701005883,0.9596184815078364,2.157298067790516,2186,36890,270
full,Latest,near,absolute,202608,2.661129169646766,1.703174720556215,0.9579544490905506,1.5624522472818914,2940,75773,271
full,Latest,prolonged,absolute,202608,2.147371461714991,1.1907590302111046,0.9566124315038862,1.8033635750251604,2513,52976,272
full,Latest,active,absolute,202608,5.302589368948249,4.351745937840743,0.9508434311075058,1.2184969997534592,5935,193606,273
full,Latest,year,absolute,202607,9.049970808975786,8.101616412227038,0.948354396748749,1.117057430084876,12151,360435,274
full,Latest,uncertain,absolute,202608,1.4117448348777941,0.46660689195394744,0.9451379429238467,3.025555042631322,1723,20759,275
full,Latest,shifts,absolute,202607,1.4314565096712408,0.4864993289393151,0.9449571807319257,2.942360707448782,2006,21644,276
full,Latest,shaped,absolute,202607,1.6610385363219726,0.7173864619491397,0.9436520743728329,2.315402679622542,2337,31916,277
full,Latest,criteria,absolute,202607,4.557074149608166,3.617276705147106,0.9397974444610602,1.2598080050452876,7112,160930,278
full,Latest,trajectories,absolute,202608,1.3441584385722554,0.40506396261390676,0.9390944759583486,3.3183856443271447,1605,18021,279
full,Latest,resolution,absolute,202605,3.144079684955166,2.206779297569953,0.9373003873852127,1.4247368046353086,4026,98178,280
full,Latest,disruption,absolute,202607,1.6339598380896165,0.6986628461199745,0.9352969919696421,2.3386957631478698,2254,31083,281
full,Latest,directly,absolute,202608,3.4988493285688733,2.5657647338335736,0.9330845947352996,1.3636672460382424,3965,114149,282
full,Latest,oriented,absolute,202608,1.3420895393551244,0.41099797771462654,0.9310915616404979,3.265440737246144,1589,18285,283
full,Latest,reductions,absolute,202608,1.6129763472428358,0.6824791685725571,0.9304971786702788,2.3634074438000288,2023,30363,284
full,Latest,characterization,absolute,202608,2.616044677167361,1.6899355732292307,0.92610910393813,1.548014444224323,2930,75184,285
full,Latest,coordination,absolute,202608,1.5711401800014169,0.6477966484952441,0.9233435315061729,2.4253601553064406,1701,28820,286
full,Latest,composition,absolute,202608,3.3931017217685815,2.4708429695519847,0.9222587522165968,1.3732567239527251,3954,109926,287
full,Latest,median,absolute,202608,5.310801061650626,4.391463379821697,0.9193376818289294,1.2093465440365931,6722,195373,288
full,Latest,states,absolute,202608,3.9608578334945475,3.048465394015231,0.9123924394793161,1.299295652583274,4414,135624,289
full,Latest,technical,absolute,202608,1.846030727877029,0.9364280420874517,0.9096026857895774,1.9713535316199244,2148,41661,290
full,Latest,strongly,absolute,202607,3.034921995216433,2.1369647108167884,0.8979572843996447,1.4202022054245476,4373,95072,291
full,Latest,vulnerability,absolute,202607,1.2592257628192731,0.3651217473336829,0.8941040154855902,3.4487832401516005,1823,16244,292
full,Latest,qualitative,absolute,202608,2.656016164593943,1.7649424231955253,0.8910737413984179,1.5048741135617782,3305,78521,293
full,Latest,prior,absolute,202606,3.961681663242062,3.0735276168838017,0.8881540463582607,1.2889689493855094,5853,136739,294
full,Latest,establishing,absolute,202603,1.4250803343396778,0.5382421424311975,0.8868381919084802,2.6476565508280374,1859,23946,295
full,Latest,full,absolute,202608,3.360990515628907,2.4778334191592712,0.8831570964696355,1.3564231112716572,3971,110237,296
full,Latest,internal,absolute,202608,2.7877335742680964,1.905965191157329,0.8817683831107676,1.4626361421508152,3269,84795,297
full,Latest,emphasis,absolute,202608,1.4439862796173275,0.56595669023115,0.8780295893861777,2.5514077393935737,1633,25179,298
full,Latest,dominant,absolute,202607,2.1045277208657476,1.2272397366825754,0.8772879841831723,1.714846462317641,3043,54599,299
full,Latest,delayed,absolute,202608,2.0084512156010863,1.1359592998491548,0.8724919157519315,1.768066176198206,2336,50538,300
full,Latest,target,absolute,202608,6.648741501008545,5.776988473849986,0.8717530271585588,1.1509009462464086,7478,257014,301
full,Latest,retained,absolute,202608,1.361248879665161,0.49232095739039994,0.868927922274761,2.7649622857426315,1624,21903,302
full,Latest,alignment,absolute,202608,1.3273056806809398,0.46130224209118287,0.8660034385897568,2.8773016030964342,1534,20523,303
full,Latest,rely,absolute,202608,1.3551685180101758,0.490163133717411,0.8650053842927647,2.764729586520593,1532,21807,304
full,Latest,principles,absolute,202608,1.6488349668252862,0.7977653937679806,0.8510695730573056,2.0668168608286708,1747,35492,305
full,Latest,widely,absolute,202605,3.909489175678231,3.060917834794772,0.8485713408834593,1.2772277423579892,5292,136178,306
full,Latest,thematic,absolute,202607,1.3694410494181577,0.5230699447304935,0.8463711046876641,2.618083992808549,2111,23271,307
full,Latest,paradigm,absolute,202608,1.4599731736791723,0.6214307404909093,0.8385424331882632,2.3493739182034075,1586,27647,308
full,Latest,resolved,absolute,202607,1.6070830599775567,0.7725233522599944,0.8345597077175624,2.080303534224671,2151,34369,309
full,Latest,strengthening,absolute,202607,1.1002194844025124,0.2671205888520985,0.8330988955504138,4.118811990983184,1647,11884,310
full,Latest,current,absolute,202608,9.484110980627483,8.652266040777922,0.8318449398495589,1.0961418587834786,10667,384933,311
full,Latest,characterize,absolute,202608,2.4217165731954244,1.592518825325747,0.8291977478696776,1.5206831685019904,2968,70850,312
full,Latest,inconsistent,absolute,202608,1.282323165871007,0.45505354437148543,0.8272696214995215,2.8179610547636464,1589,20245,313
full,Latest,estimates,absolute,202608,2.0571186874028955,1.2423894570533525,0.814729230349543,1.655776033613392,2595,55273,314
full,Latest,state,absolute,202608,5.75691092950973,4.942585032301047,0.8143258972086829,1.164757083972629,6345,219892,315
full,Latest,determinants,absolute,202605,1.5405545675325543,0.7279957616746691,0.8125588058578853,2.1161587039857057,2163,32388,316
full,Latest,consistency,absolute,202607,1.4172879699422256,0.6078769105449472,0.8094110593972784,2.331537759300087,2115,27044,317
full,Latest,operating,absolute,202607,2.4126973140273367,1.6034428076702543,0.8092545063570822,1.5046980799601455,3720,71336,318
full,Latest,reproducible,absolute,202608,1.1656937361069921,0.36372815287821086,0.8019655832287812,3.2048488050285946,1342,16182,319
full,Latest,correction,absolute,202608,1.4539728636661087,0.6529889117083737,0.800983951957735,2.2266425012672437,1801,29051,320
full,Latest,representing,absolute,202605,1.6367646941529048,0.8361791506131703,0.8005855435397345,1.9574330368709445,2249,37201,321
full,Latest,involvement,absolute,202607,2.610117275138302,1.8100094696990987,0.8001078054392035,1.4420461985606163,3644,80526,322
full,Latest,relative,absolute,202608,4.848905139927269,4.061631040473354,0.7872740994539149,1.1938320077842826,5880,180699,323
full,Latest,selectivity,absolute,202608,1.6760002148457298,0.8937660698860647,0.7822341449596651,1.8752112787850435,1679,39763,324
full,Latest,rich,absolute,202608,2.198343643974118,1.4165662866574342,0.7817773573166837,1.551881944869227,2441,63022,325
full,Latest,representative,absolute,202608,1.8207962987875095,1.0396664184420197,0.7811298803454898,1.751327412802313,2103,46254,326
full,Latest,accessible,absolute,202608,1.372234017206383,0.5911088224194282,0.7811251947869547,2.321457513677064,1585,26298,327
full,Latest,value,absolute,202301,6.289162361170436,5.511643594062119,0.7775187671083171,1.141068404340579,7103,245209,328
full,Latest,confirmation,absolute,202608,1.088953528693435,0.3150197789264692,0.7739337497669659,3.4567782772383153,1340,14015,329
full,Latest,unified,absolute,202608,0.9666729236438871,0.19350733334127534,0.7731655903026118,4.99553638072741,1077,8609,330
full,Latest,differ,absolute,202608,2.348308124060104,1.5777062649038749,0.770601859156229,1.488431767242288,2924,70191,331
full,Latest,spanning,absolute,202607,1.012430728088224,0.24226066195287085,0.7701700661353533,4.179096680108888,1412,10778,332
full,Latest,perceived,absolute,202608,2.312621736105731,1.5447769765608652,0.7678447595448659,1.497058650663164,2869,68726,333
full,Latest,durable,absolute,202608,0.9917652234551304,0.22468338994998124,0.7670818335051492,4.414056702971751,1092,9996,334
full,Latest,conceptual,absolute,202608,1.1012335896502135,0.3387558393293485,0.762477750320865,3.2508180282010177,1247,15071,335
full,Latest,contemporary,absolute,202608,1.1602286970804074,0.3999391313905578,0.7602895656898496,2.9010131942987942,1363,17793,336
full,Latest,interpretable,absolute,202607,0.8219852224809621,0.06208238525828813,0.7599028372226739,13.240232620914405,1207,2762,337
full,Latest,governing,absolute,202608,0.9566595881522819,0.19959868975148393,0.7570608984007979,4.792915170652665,1016,8880,338
full,Latest,protocol,absolute,202608,2.7759974352381955,2.0200825951965498,0.7559148400416456,1.3741999667929898,3156,89872,339
full,Latest,partial,absolute,202608,2.304375282332213,1.5524192687360348,0.7519560135961784,1.4843768875713672,2688,69066,340
full,Latest,synthesized,absolute,202608,2.659054337662644,1.9072014443033112,0.7518528933593328,1.3942178712191464,2875,84850,341
full,Latest,strengthen,absolute,202608,1.0315403999423356,0.28384372231776334,0.7476966776245721,3.63418430226026,1222,12628,342
full,Latest,uncertainty,absolute,202608,1.331730292447843,0.58627619648513,0.745454095962713,2.271506672847872,1579,26083,343
full,Latest,clarify,absolute,202605,1.4598494935325934,0.717184165979797,0.7426653275527965,2.0355294536350894,2027,31907,344
full,Latest,instability,absolute,202607,1.3544259333906898,0.6170027064952964,0.7374232268953933,2.1951701655963722,1861,27450,345
full,Latest,characteristic,absolute,202607,2.589009043661886,1.851952167342822,0.737056876319064,1.3979891539945073,3917,82392,346
full,Latest,structurally,absolute,202608,1.0740653370957607,0.3406214577132868,0.733443879382474,3.153252130110487,1092,15154,347
full,Latest,larger,absolute,202607,3.331541383879551,2.6047853785867914,0.7267560052927592,1.2790080178072314,5106,115885,348
full,Latest,driver,absolute,202605,1.108420728756217,0.38305865661540417,0.7253620721408129,2.893605743177567,1481,17042,349
full,Latest,preservation,absolute,202607,1.159178105965595,0.43385742225035395,0.7253206837152409,2.6717950333847247,1610,19302,350
full,Latest,equitable,absolute,202608,0.8151789963604248,0.09319100987721309,0.7219879864832117,8.747399533865885,967,4146,351
full,Latest,drives,absolute,202608,0.9599319156654632,0.24070972618791003,0.7192221894775532,3.987923258722385,1003,10709,352
full,Latest,improvement,absolute,202606,4.3679548189531365,3.649733969561649,0.7182208493914877,1.1967871782933674,6370,162374,353
full,Latest,altered,absolute,202608,2.460738898115826,1.7427123438977534,0.7180265542180726,1.4120166800518168,2853,77532,354
full,Latest,eligible,absolute,202608,2.0232846898229297,1.3091021722765963,0.7141825175463332,1.545551395965017,2685,58241,355
full,Latest,processing,absolute,202608,2.8220704382712998,2.110531370822673,0.7115390674486272,1.3371374040136979,3168,93896,356
full,Latest,electronic,absolute,202608,2.942760361889144,2.2321786803874284,0.7105816815017155,1.3183354844059272,3294,99308,357
full,Latest,discovery,absolute,202608,1.96262276070303,1.2531785754182976,0.7094441852847325,1.566115794828305,2124,55753,358
full,Latest,predefined,absolute,202608,0.8896373194754253,0.18116727921136938,0.7084700402640559,4.910584976205764,1166,8060,359
full,Latest,conversion,absolute,202608,1.9029954770400255,1.1973224105497797,0.7056730664902459,1.5893759778255707,2030,53268,360
full,Latest,declined,absolute,202608,1.20407842323875,0.5022784145480472,0.7018000086907028,2.3972330650963496,1474,22346,361
full,Latest,dominated,absolute,202607,1.1396558564310664,0.44152219175545027,0.6981336646756161,2.5811972256703632,1635,19643,362
full,Latest,interpretability,absolute,202605,0.7435912749083309,0.046505595618898665,0.6970856792894322,15.989286128100995,1027,2069,363
full,Latest,repeated,absolute,202608,1.8920319052158259,1.1975471838490495,0.6944847213667763,1.5799226374819113,2287,53278,364
full,Latest,aligned,absolute,202605,0.9696067252407623,0.2814161706856507,0.6881905545551116,3.4454549035984097,1330,12520,365
full,Latest,integrative,absolute,202605,0.9614750254313986,0.27532481427544214,0.6861502111559565,3.4921480941035483,1306,12249,366
full,Latest,world,absolute,202605,3.4204771094654065,2.7352887561427734,0.6851883533226331,1.2504994588903535,4723,121691,367
full,Latest,identification,absolute,202604,3.61031726396502,2.925941468583324,0.6843757953816958,1.233899345810583,4812,130173,368
full,Latest,expansion,absolute,202607,1.6600315279837508,0.9814726112610972,0.6785589167226537,1.6913681634485664,2270,43665,369
full,Latest,multifunctional,absolute,202608,0.9777831612703329,0.30193797290897334,0.6758451883613595,3.2383577058891824,1023,13433,370
full,Latest,supportive,absolute,202607,1.115497102955318,0.4400836426401242,0.6754134603151939,2.5347388425147837,1633,19579,371
full,Latest,perspective,absolute,202608,1.9916800673847848,1.3246789619159856,0.6670011054687992,1.5035190598211539,2203,58934,372
full,Latest,restored,absolute,202608,1.1433213312315427,0.47744096497874644,0.6658803662527962,2.394686286046775,1329,21241,373
full,Latest,drive,absolute,202607,1.30703316098471,0.6472796699069236,0.6597534910777864,2.0192711462305875,1713,28797,374
full,Latest,actionable,absolute,202605,0.759619338966195,0.10355305897354578,0.6560662799926493,7.335556732903965,1034,4607,375
full,Latest,fundamental,absolute,202607,1.9073147206099854,1.251537730333629,0.6557769902763565,1.5239770039546012,2443,55680,376
full,Latest,presentation,absolute,202604,2.4842413186914754,1.8309358638611068,0.6533054548303684,1.3568150407260402,3178,81457,377
full,Latest,construct,absolute,202608,1.6122414416884556,0.9596021692421569,0.6526392724462987,1.6801144196680158,1866,42692,378
full,Latest,grounded,absolute,202606,0.8150296322425126,0.1654106709325642,0.6496189613099483,4.927309874553315,1159,7359,379
full,Latest,combines,absolute,202605,0.9612889953202653,0.31306425122282294,0.6482247440974424,3.070580532799542,1243,13928,380
full,Latest,maintained,absolute,202608,1.7559611516541704,1.1092112772360618,0.6467498744181087,1.5830718526678553,2058,49348,381
full,Latest,fragmented,absolute,202608,0.765896261316189,0.12020876044942971,0.6456875008667593,6.371384734795529,917,5348,382
full,Latest,incorporation,absolute,202608,1.2283173602807278,0.5830394609756466,0.6452778993050812,2.1067482434641494,1340,25939,383
full,Latest,feasible,absolute,202607,1.9019918030488536,1.257808905383253,0.6441828976656004,1.5121468729538996,2789,55959,384
full,Latest,sequential,absolute,202608,1.266170829224065,0.6221050603887185,0.6440657688353464,2.0353006426806846,1462,27677,385
full,Latest,next,absolute,202601,2.396782841471497,1.7528046650349622,0.6439781764365348,1.3673987120656652,3071,77981,386
full,Latest,frequent,absolute,202606,2.4784690534924665,1.8357684897954043,0.6427005636970622,1.3500989189375894,3677,81672,387
full,Latest,uncommon,absolute,202607,1.1495986266546485,0.5076280190706659,0.6419706075839825,2.2646477015970525,1451,22584,388
full,Latest,absolute,absolute,202608,1.6106697676807133,0.9706834928961523,0.639986274784561,1.6593150903134082,2026,43185,389
full,Latest,reflects,absolute,202607,1.022380722916388,0.3830137019555502,0.6393670209608376,2.6693058699895755,1501,17040,390
full,Latest,organization,absolute,202608,1.940692676098444,1.3014823574313537,0.6392103186670904,1.4911402102512215,2207,57902,391
full,Latest,drivers,absolute,202605,1.0834091720449037,0.44464654061529896,0.6387626314296048,2.436562692123252,1473,19782,392
full,Latest,severity,absolute,202606,3.3216768048853123,2.683748238620234,0.6379285662650787,1.2377005998867652,4987,119398,393
full,Latest,definitive,absolute,202607,1.0988986155074727,0.4631678604751215,0.6357307550323512,2.3725709602998215,1604,20606,394
full,Latest,indirect,absolute,202608,1.4185283260698114,0.7829977880059619,0.6355305380638495,1.8116632611215122,1708,34835,395
full,Latest,empirical,absolute,202606,1.4184575508149726,0.7836721079037708,0.6347854429112016,1.8100140817939492,2008,34865,396
full,Latest,fully,absolute,202608,2.834746828855154,2.2002383945612056,0.634508434293948,1.2883816753050017,3317,97887,397
full,Latest,governed,absolute,202607,0.7797617948366291,0.14572052991653944,0.6340412649200897,5.3510771288248336,1020,6483,398
full,Latest,balanced,absolute,202608,0.9931446072613093,0.35956984684172166,0.6335747604195876,2.7620352929607015,1194,15997,399
full,Latest,theory,absolute,202608,2.5723840185395863,1.9389394341601918,0.6334445843793945,1.3266964265202832,2765,86262,400
full,Latest,reliance,absolute,202605,0.767824599834068,0.1353809581501337,0.6324436416839343,5.671584913607805,1048,6023,401
full,Latest,prioritize,absolute,202608,0.7660075241287928,0.13531352616035283,0.6306939979684401,5.660982651660694,939,6020,402
full,Latest,whether,absolute,202608,7.935930634953115,7.307717119206497,0.6282135157466173,1.0859657681734172,9722,325115,403
full,Latest,trajectory,absolute,202607,1.0083639598785257,0.3845421603905841,0.6238217994879417,2.622245526613567,1454,17108,404
full,Latest,safe,absolute,202602,2.9381936101219264,2.3156594837361912,0.6225341263857351,1.2688366449203965,3669,103022,405
full,Latest,transformation,absolute,202608,1.5447112241198342,0.9229865987911247,0.6217246253287095,1.6736009235052915,1616,41063,406
full,Latest,opportunities,absolute,202601,1.7317643716118318,1.111279191589343,0.6204851800224889,1.5583521987261146,2217,49440,407
full,Latest,below,absolute,202608,1.8604801105045052,1.2402316333803638,0.6202484771241416,1.500106964239896,2191,55177,408
full,Latest,persistence,absolute,202608,1.0622889930840627,0.44988375848828266,0.61240523459578,2.36125215245291,1228,20015,409
full,Latest,transient,absolute,202608,1.551764136069503,0.9404290068144521,0.611335129255051,1.6500598395256307,1729,41839,410
full,Latest,versatile,absolute,202608,1.0251589371890788,0.4140998492445481,0.6110590879445307,2.47563223956565,1009,18423,411
full,Latest,component,absolute,202608,3.0682671761284817,2.45737904892573,0.6108881272027512,1.2485933651423484,3573,109327,412
full,Latest,uniform,absolute,202608,1.150530808769967,0.5447605681100185,0.6057702406599487,2.1119935548228024,1316,24236,413
full,Latest,multidimensional,absolute,202608,0.8356589258299132,0.2300554718025268,0.6056034540273864,3.632423603239568,994,10235,414
full,Latest,failure,absolute,202608,3.6287539683897307,3.0244596056532287,0.6042943627365019,1.1998024247396042,4253,134556,415
full,Latest,stabilization,absolute,202608,1.0281963479117677,0.42502383158905505,0.6031725163227127,2.41914987229682,1126,18909,416
full,Latest,examine,absolute,202607,4.339728824229161,3.737777670885587,0.6019511533435745,1.1610452002087526,6453,166291,417
full,Latest,designs,absolute,202606,1.0863686206097494,0.4849708705042811,0.6013977501054684,2.240069840648624,1595,21576,418
full,Latest,directed,absolute,202608,1.464117288708164,0.8653547248583761,0.5987625638497878,1.6919273063977103,1654,38499,419
full,Latest,yield,absolute,202602,2.324377060974763,1.7283043754145664,0.5960726855601968,1.3448887210143279,2799,76891,420
full,Latest,identity,absolute,202608,1.2536686259892458,0.657799060312745,0.5958695656765007,1.9058534765817385,1407,29265,421
full,Latest,differed,absolute,202608,1.4970850354227132,0.9023748872480938,0.5947101481746195,1.6590499764330358,1899,40146,422
full,Latest,simultaneously,absolute,202608,1.9920288659658618,1.398044966797612,0.5939838991682498,1.4248675209130364,2183,62198,423
full,Latest,report,absolute,202608,7.837600381686037,7.245185187349669,0.5924151943363681,1.0817667428806022,7614,322333,424
full,Latest,trained,absolute,202507,1.51204156850463,0.9222898015633881,0.5897517669412418,1.6394430101488102,2157,41032,425
full,Latest,governance,absolute,202608,0.7113466800253754,0.1238276105676717,0.5875190694577036,5.74465320589082,811,5509,426
full,Latest,semi,absolute,202608,1.6752098659871422,1.0877004724959525,0.5875093934911898,1.5401389521722177,2026,48391,427
full,Latest,highly,absolute,202608,6.601751302889444,6.015855058983886,0.585896243905558,1.0973920146281781,7371,267641,428
full,Latest,protective,absolute,202606,2.4412493150163526,1.8560655187194575,0.5851837962968953,1.3152818639185901,3541,82575,429
full,Latest,jointly,absolute,202608,0.7363835947485105,0.1519692276362368,0.5844143671122736,4.8456099053893,867,6761,430
full,Latest,drawing,absolute,202608,0.8301217044470667,0.24958827150906274,0.580533432938004,3.325964394993313,876,11104,431
full,Latest,modification,absolute,202608,1.8924491574331441,1.3127434997247653,0.5797056577083789,1.441598574153993,2000,58403,432
full,Latest,broadly,absolute,202608,0.9866549014110625,0.4097842018985701,0.5768706995124924,2.4077426529373125,1142,18231,433
full,Latest,define,absolute,202608,1.5152556934607881,0.9389455030392722,0.5763101904215161,1.6137844939414034,1746,41773,434
full,Latest,considerations,absolute,202607,1.0822528124493138,0.5075156324210308,0.5747371800282829,2.1324521715451032,1416,22579,435
full,Latest,progressively,absolute,202608,0.8333779942107633,0.2599053659455414,0.5734726282652218,3.2064670584191894,984,11563,436
full,Latest,limit,absolute,202608,2.3204500085422177,1.748061948420372,0.5723880601218457,1.3274415192431146,2592,77770,437
full,Latest,cumulative,absolute,202608,1.4683959297566347,0.897205101364891,0.5711908283917436,1.6366335050066125,1844,39916,438
full,Latest,social,absolute,202511,4.108924156181487,3.5382913677837378,0.5706327883977492,1.1612735439464879,5388,157416,439
full,Latest,priorities,absolute,202608,0.7682278193039878,0.20054273760841662,0.5676850816955711,3.830743653275759,916,8922,440
full,Latest,domain,absolute,202608,2.666029793096418,2.0983711353321826,0.5676586577642355,1.2705234780473533,3049,93355,441
full,Latest,representation,absolute,202608,1.055607943208013,0.4883649473232534,0.5672429958847596,2.161514557901503,1238,21727,442
full,Latest,delivers,absolute,202608,0.6798241561589704,0.11306096953265363,0.5667631866263168,6.012898695005684,689,5030,443
full,Latest,yields,absolute,202608,1.367943260439263,0.8012269025767339,0.5667163578625292,1.7073106956843034,1326,35646,444
full,Latest,expert,absolute,202608,1.3349392960682664,0.7731527174979496,0.561786578570317,1.7266178671509447,1612,34397,445
full,Latest,subsequent,absolute,202608,3.0359773567150077,2.475181094227889,0.5607962624871187,1.226567770655203,3465,110119,446
full,Latest,partially,absolute,202608,1.6691505472009587,1.1093461412156236,0.5598044059853351,1.5046255493996674,1960,49354,447
full,Latest,policy,absolute,202606,1.8157338400499774,1.2561006283088032,0.5596332117411742,1.4455321485625374,2628,55883,448
full,Latest,disrupted,absolute,202608,0.910342063314541,0.3509610294796926,0.5593810338348484,2.59385512022273,1031,15614,449
full,Latest,incomplete,absolute,202608,1.040386754795377,0.48218368159333697,0.5582030732020399,2.157656500024022,1249,21452,450
full,Latest,short,absolute,202607,4.382408117338514,3.8246075963934674,0.5578005209450467,1.1458451636897449,6405,170154,451
full,Latest,rigorous,absolute,202608,0.834153169060755,0.2786065044447796,0.5555466646159753,2.9940190044130355,973,12395,452
full,Latest,aware,absolute,202608,1.101034422161344,0.5491661247757044,0.5518682973856396,2.0049205012618705,1281,24432,453
full,Latest,synthetic,absolute,202608,1.9368124164587743,1.385053070099824,0.5517593463589503,1.3983669350079009,1977,61620,454
full,Latest,minimally,absolute,202512,1.1458477822986886,0.5960088803435076,0.5498389019551809,1.9225347475330958,1462,26516,455
full,Latest,demands,absolute,202607,1.0150796904463022,0.465505502787526,0.5495741876587762,2.1805965436881682,1435,20710,456
full,Latest,searched,absolute,202608,2.005556632167996,1.4560814326690457,0.5494751994989503,1.377365707144376,2601,64780,457
full,Latest,contribution,absolute,202608,1.9661194536326,1.4174429025245865,0.5486765511080136,1.3870889967636608,2386,63061,458
full,Latest,variants,absolute,202606,1.97566547667909,1.4294457967055874,0.5462196799735025,1.3821198965587664,2661,63595,459
full,Latest,expanded,absolute,202608,1.2198928234476236,0.6758483562441011,0.5440444672035225,1.8049800849216329,1401,30068,460
full,Latest,restoring,absolute,202605,0.746310385859573,0.20404920107702373,0.5422611847825493,3.657502121646919,995,9078,461
full,Latest,shape,absolute,202608,1.8298165852335846,1.2880409141350264,0.5417756710985582,1.4206199237563686,2043,57304,462
full,Latest,accounting,absolute,202607,1.1454929453372924,0.605157153623784,0.5403357917135085,1.892885077005016,1707,26923,463
full,Latest,durability,absolute,202608,0.7359938478076975,0.19986841771060757,0.53612543009709,3.6823919268393563,822,8892,464
full,Latest,equity,absolute,202606,0.688616437207716,0.15320548078222013,0.5354109564254959,4.494724560060463,992,6816,465
full,Latest,contextual,absolute,202607,0.8010003559694676,0.2660191996856771,0.5349811562837905,3.011062197450084,1217,11835,466
full,Latest,intermediate,absolute,202608,1.6739458921252233,1.139420808657908,0.5345250834673153,1.4691199944794036,1860,50692,467
full,Latest,basis,absolute,202608,3.13446794352465,2.5999752299824213,0.5344927135422287,1.205576079102047,3577,115671,468
full,Latest,fine,absolute,202606,1.3349739079059668,0.8027328836818406,0.5322410242241261,1.6630362789959872,1856,35713,469
full,Latest,warrant,absolute,202608,0.7478853027922131,0.2182099189310142,0.529675383861199,3.4273662098222615,928,9708,470
full,Latest,concurrently,absolute,202603,0.7600608799120878,0.2303926317514313,0.5296682481606565,3.2989808490581902,1026,10250,471
full,Latest,principal,absolute,202608,1.304497305451448,0.7761871570380903,0.5283101484133577,1.680647887075812,1586,34532,472
full,Latest,documented,absolute,202608,1.6802671888260814,1.1527498653046004,0.5275173235214808,1.4576164694515845,2031,51285,473
full,Latest,additive,absolute,202607,1.0486409143062063,0.5251828137436284,0.5234581005625779,1.9967159755880883,1548,23365,474
full,Latest,selectively,absolute,202608,1.1266645275699771,0.6059888148310818,0.5206757127388955,1.8592167049882478,1202,26960,475
full,Latest,representations,absolute,202608,0.7755840975128161,0.2559943105382489,0.5195897869745673,3.0296927141938714,878,11389,476
full,Latest,additional,absolute,202608,4.417691158592154,3.900401152907208,0.5172900056849463,1.1326248212441887,5390,173526,477
full,Latest,fail,absolute,202605,0.8539808703774339,0.33671040230599425,0.5172704680714396,2.5362473642894963,1131,14980,478
full,Latest,certainty,absolute,202608,0.6512102370874862,0.13441443296327407,0.5167958041242121,4.844793990727289,875,5980,479
full,Latest,completed,absolute,202608,3.4170920079772062,2.9009017230446803,0.5161902849325263,1.177941321083691,4273,129059,480
full,Latest,accelerated,absolute,202608,1.141179030084017,0.6259936384660841,0.5151853916179329,1.8229882221811833,1283,27850,481
full,Latest,restoration,absolute,202608,0.9660383087667362,0.45116496629411995,0.5148733424726163,2.1412086064700424,1136,20072,482
full,Latest,links,absolute,202608,0.9477320926671511,0.4330032837131291,0.5147288089540221,2.188741121175971,1060,19264,483
full,Latest,overlap,absolute,202608,0.9727551078454151,0.461257287431329,0.5114978204140861,2.1089208438581837,1154,20521,484
full,Latest,synthesize,absolute,202607,0.9139819460315316,0.40461441601536724,0.5093675300161643,2.258896148665199,1288,18001,485
full,Latest,overcome,absolute,202602,1.6297178073519405,1.1230348351411477,0.5066829722107927,1.4511729791063077,1955,49963,486
full,Latest,reproducibility,absolute,202608,0.9318163429788546,0.4253385142080327,0.5064778287708219,2.1907640899011183,1087,18923,487
full,Latest,relies,absolute,202608,0.978756090911477,0.4729230216634258,0.5058330692480512,2.069588592809185,1098,21040,488
full,Latest,availability,absolute,202608,1.8293204063847868,1.3248363032254744,0.5044841031593126,1.3807897639361821,2139,58941,489
full,Latest,mild,absolute,202608,2.331909988703544,1.8319922983676735,0.49991769033587014,1.2728819825177773,2552,81504,490
full,Latest,gains,absolute,202604,0.7724010886001966,0.2743133344287286,0.498087754171468,2.8157620926768328,1071,12204,491
full,Latest,extending,absolute,202607,0.8233058627972951,0.3255166920023637,0.49778917079493135,2.5292277877759854,1094,14482,492
full,Latest,transitions,absolute,202608,0.9347388810487306,0.4370492030999834,0.4976896779487472,2.1387497664305113,1027,19444,493
full,Latest,coverage,absolute,202608,1.3237770289742985,0.8288964957168324,0.49488053325746595,1.5970353787410956,1565,36877,494
full,Latest,parameters,absolute,202512,5.680969364212298,5.186981040596979,0.49398832361531864,1.095236192256925,7568,230765,495
full,Latest,generally,absolute,202608,2.4307751032724085,1.937208679755816,0.49356642351659274,1.2547822692900625,2935,86185,496
full,Latest,potent,absolute,202602,1.7194910730128052,1.2273071686723562,0.4921839043404489,1.4010274826903117,2022,54602,497
full,Latest,determinant,absolute,202607,0.8221531311262116,0.3314731844330105,0.49067994669320103,2.4803005785596683,1213,14747,498
full,Latest,excluded,absolute,202608,1.4648840787391895,0.9758083241195011,0.4890757546196884,1.5012006380054146,1876,43413,499
full,Latest,warranted,absolute,202511,1.2440630260893673,0.755597922824987,0.4884651032643803,1.6464616808872825,1694,33616,500
full,Latest,cautiously,absolute,202607,0.5316167718098483,0.04434777194590965,0.4872689998639387,11.987451646009497,901,1973,501
full,Latest,formal,absolute,202608,0.8838332572317021,0.39766892106793394,0.48616433616376814,2.222535406735284,1087,17692,502
full,Latest,disrupts,absolute,202605,0.5989791989715211,0.11303849220272663,0.48594070676879453,5.298895865465844,759,5029,503
full,Latest,explicit,absolute,202608,0.7586818316268309,0.27318946793238014,0.4854923636944508,2.7771269418578752,878,12154,504
full,Latest,flexible,absolute,202608,1.236926364879856,0.7536648724512676,0.48326149242858846,1.641215359894376,1340,33530,505
full,Latest,measurable,absolute,202608,0.6511484163771133,0.16889465707124438,0.4822537593058689,3.8553523697463157,779,7514,506
full,Latest,prespecified,absolute,202608,0.5686549451675917,0.08777397336481359,0.4808809718027782,6.478628269499664,778,3905,507
full,Latest,building,absolute,202608,1.298788345770985,0.8224230246978653,0.4763653210731196,1.5792217712388616,1409,36589,508
full,Latest,overlapping,absolute,202608,0.8525831958691988,0.37631545763731344,0.47626773823188534,2.265607693136284,1009,16742,509
full,Latest,interconnected,absolute,202608,0.633954037559407,0.15790324273695658,0.4760507948224505,4.014825956522506,732,7025,510
full,Latest,preserve,absolute,202607,0.7561574496393416,0.28307949310024644,0.4730779565390952,2.671184130499926,1045,12594,511
full,Latest,compatibility,absolute,202608,0.6790717620985196,0.20694877663760278,0.47212298546091674,3.2813519032667315,714,9207,512
full,Latest,bridge,absolute,202608,0.8005070619718283,0.3311585018140329,0.46934856015779547,2.417292799631535,904,14733,513
full,Latest,fidelity,absolute,202605,0.6880491666391608,0.22050260658356505,0.46754656005559575,3.120367497235944,904,9810,514
full,Latest,outlines,absolute,202605,0.6292425532562471,0.1622863220727155,0.4669562311835317,3.877360366662958,747,7220,515
full,Latest,concurrent,absolute,202608,1.0982421110637508,0.6317703122573152,0.4664717988064356,1.7383566301805666,1284,28107,516
full,Latest,components,absolute,202605,3.397274212284477,2.930976390486965,0.4662978217975122,1.159092998261934,4579,130397,517
full,Latest,incorporated,absolute,202608,1.2078405862078128,0.741661978270266,0.46617860793754673,1.6285593998289993,1431,32996,518
full,Latest,compact,absolute,202608,0.7349629825700894,0.26936832184479537,0.465594660725294,2.7284685056380176,777,11984,519
full,Latest,intensive,absolute,202607,1.9902328080213891,1.5252216995244023,0.4650111084969868,1.3048809944429636,2935,67856,520
full,Latest,compromise,absolute,202608,0.7193433388210826,0.25545485462000167,0.4638884842010809,2.815931370304674,824,11365,521
full,Latest,variable,absolute,202607,2.354088881037387,1.8966146219077094,0.45747425912967754,1.24120570085531,3468,84379,522
full,Latest,fixed,absolute,202608,1.4641779206106555,1.0067596074289376,0.4574183131817181,1.4543471051146688,1729,44790,523
full,Latest,standardization,absolute,202608,0.6727919526607501,0.21542273002007,0.45736922264068014,3.1231242524782274,796,9584,524
full,Latest,relational,absolute,202607,0.580928645239865,0.12596295691073378,0.45496568832913126,4.611900668952635,801,5604,525
full,Latest,unresolved,absolute,202608,0.5791192139324276,0.1253111143428517,0.4538080995895759,4.621451313152919,645,5575,526
full,Latest,decisions,absolute,202605,1.404128550862143,0.950588759941442,0.453539790920701,1.4771146157341897,1940,42291,527
full,Latest,initiation,absolute,202607,1.6068358678405674,1.153626481171752,0.4532093866688153,1.3928562615938611,2273,51324,528
full,Latest,categories,absolute,202608,1.543454997881176,1.0910720719849978,0.45238292589617823,1.414622404433058,1916,48541,529
full,Latest,crucially,absolute,202604,0.5296934738456097,0.07885047338380692,0.4508430004618028,6.7176955459393595,689,3508,530
full,Latest,dynamically,absolute,202605,0.6503968397970848,0.2012620121660796,0.4491348276310052,3.231592652767395,828,8954,531
full,Latest,convergence,absolute,202606,0.6473415604457055,0.20373451845804613,0.4436070419876593,3.177377919780485,886,9064,532
full,Latest,generate,absolute,202608,1.8662187900387845,1.42268012039757,0.44353866964121424,1.3117627520635256,2092,63294,533
full,Latest,loading,absolute,202608,1.2914536343385106,0.8488788420219079,0.4425747923166027,1.5213639101458258,1455,37766,534
full,Latest,differential,absolute,202604,2.3100373852221363,1.8710129431208917,0.4390244421012445,1.234645326060087,3025,83240,535
full,Latest,limitation,absolute,202606,0.9606347301152294,0.5231148993903474,0.43751983072488193,1.8363742482479082,1354,23273,536
full,Latest,foundational,absolute,202607,0.5073863962223107,0.06988201874294633,0.4375043774793644,7.260614466343314,698,3109,537
full,Latest,candidates,absolute,202608,1.3415458450731177,0.9054767587780155,0.43606908629510216,1.48159058978344,1517,40284,538
full,Latest,guideline,absolute,202608,0.8959655135982174,0.46109994612184024,0.43486556747637717,1.9431047891761606,1082,20514,539
full,Latest,competitive,absolute,202608,0.9410844397839199,0.5085271122677446,0.43255732751617526,1.8506081919353585,1042,22624,540
full,Latest,descriptively,absolute,202608,0.48076888608469137,0.04900057924079222,0.43176830684389916,9.811493936064714,642,2180,541
full,Latest,detectable,absolute,202608,0.8914201198160618,0.46083021816271647,0.4305899016533454,1.934378616424209,1062,20502,542
full,Latest,space,absolute,202608,1.9648857682145522,1.5362805458484707,0.42860522236608156,1.2789889018150442,2133,68348,543
full,Latest,fundamentally,absolute,202608,0.541323035861066,0.11279124157352997,0.42853179428753607,4.799335731295865,578,5018,544
full,Latest,careful,absolute,202607,0.8641741906474611,0.4361276325729777,0.4280465580744835,1.9814708495978135,1164,19403,545
full,Latest,extreme,absolute,202606,0.9898914855061401,0.5637314345683802,0.42616005093776,1.7559629014905804,1391,25080,546
full,Latest,positioning,absolute,202602,0.7351864208656919,0.3100747663425361,0.4251116545231557,2.37099725829847,890,13795,547
full,Latest,captures,absolute,202606,0.5515873889710705,0.12764875665525643,0.42393863231581413,4.321134051158475,763,5679,548
full,Latest,prioritized,absolute,202608,0.5517752468289538,0.12852537252240825,0.4232498743065456,4.293123108690095,670,5718,549
full,Latest,earlier,absolute,202608,1.454291992132786,1.0326984461646598,0.42159354596812604,1.4082445824663365,1739,45944,550
full,Latest,alleviated,absolute,202605,0.778360025756706,0.3572097271993899,0.4211502985573161,2.179000084514035,1058,15892,551
full,Latest,virtual,absolute,202605,0.9819642681448033,0.5612364509464866,0.42072781719831676,1.7496444974106515,1334,24969,552
full,Latest,protection,absolute,202608,1.7915804952185188,1.3711396028750302,0.4204408923434886,1.3066360941379713,2039,61001,553
full,Latest,confined,absolute,202608,0.7062557435492643,0.28591163667104447,0.42034410687821994,2.470188872941351,765,12720,554
full,Latest,explicitly,absolute,202608,0.6274439058641024,0.20798273381424337,0.41946117204985894,3.016807666469537,758,9253,555
full,Latest,parallel,absolute,202608,1.462307488267514,1.0455779562128127,0.4167295320547012,1.3985638082540848,1737,46517,556
full,Latest,contributors,absolute,202608,0.6050567621265786,0.19213621621573024,0.41292054591084826,3.149103141737848,732,8548,557
full,Latest,outputs,absolute,202607,0.5908532178538503,0.17959386611648157,0.41125935173736866,3.289940968644401,866,7990,558
full,Latest,severely,absolute,202608,0.9372020720577834,0.5261493389304882,0.4110527331272951,1.7812472671026218,1047,23408,559
full,Latest,generated,absolute,202608,3.0526337680532944,2.642817020823223,0.4098167472300712,1.1550681503868987,3496,117577,560
full,Latest,vulnerable,absolute,202512,1.1486562188209217,0.7390770853286647,0.4095791334922571,1.5541764744473425,1538,32881,561
full,Latest,synergistically,absolute,202604,0.593716116678996,0.1842691507412911,0.4094469659377049,3.2220049546576432,761,8198,562
full,Latest,versus,absolute,202607,3.3952721491017996,2.9875743072430723,0.40769784185872743,1.1364645026134765,5215,132915,563
full,Latest,refinement,absolute,202607,0.571954212365393,0.16507351098365963,0.4068807013817333,3.464845504025233,833,7344,564
full,Latest,concentrated,absolute,202608,0.690684292668958,0.2859790686608254,0.4047052240081327,2.4151568011717597,855,12723,565
full,Latest,arising,absolute,202608,0.8213922900657531,0.417111811454762,0.40428047861099115,1.9692376660372695,862,18557,566
full,Latest,triggers,absolute,202608,0.7663472925466592,0.3623120810928118,0.40403521145384746,2.115157988205057,812,16119,567
full,Latest,system,absolute,202605,11.03747112461979,10.633507809860669,0.4039633147591204,1.0379896570334501,14636,473077,568
full,Latest,contributor,absolute,202607,0.6510990939357005,0.2485992689922761,0.4024998249434244,2.6190708306384036,934,11060,569
full,Latest,promoted,absolute,202608,1.855262299474792,1.4527772651697815,0.4024850343050106,1.277045245650904,2048,64633,570
full,Latest,universal,absolute,202608,1.0068381277277236,0.6043704470763399,0.4024676806513836,1.6659287901953728,1168,26888,571
full,Latest,screened,absolute,202608,1.6486484829302124,1.2466826270694036,0.40196585586080874,1.322428376824113,2092,55464,572
full,Latest,maintains,absolute,202608,0.5974815824613942,0.19606974895294982,0.40141183350844434,3.0472910056347846,627,8723,573
full,Latest,predominant,absolute,202608,1.0444316253523802,0.6430988865405075,0.40133273881187276,1.6240606961252975,1245,28611,574
full,Latest,bridging,absolute,202607,0.5812553484126065,0.18294298827559993,0.3983123601370065,3.177248572855697,781,8139,575
full,Latest,standard,absolute,202607,5.368091816823878,4.970816558689319,0.39727525813455855,1.0799215286752224,7958,221148,576
full,Latest,absence,absolute,202608,2.531488148947245,2.1345821138445293,0.3969060351027159,1.18594086052181,2963,94966,577
full,Latest,modern,absolute,202605,1.1718878010820226,0.7758724744191128,0.39601532666290973,1.5104129089763134,1509,34518,578
full,Latest,requirements,absolute,202608,1.2623959241281302,0.8665460233445055,0.3958499007836248,1.4568134757064717,1468,38552,579
full,Latest,readiness,absolute,202608,0.5274066461793891,0.13293092918809413,0.394475716991295,3.9675239569951484,649,5914,580
full,Latest,continued,absolute,202608,1.28006872223171,0.8872925988670977,0.3927761233646123,1.4426680937788865,1539,39475,581
full,Latest,weak,absolute,202607,1.2460435851807403,0.8551050624116784,0.39093852276906194,1.4571818598132098,1749,38043,582
full,Latest,variant,absolute,202607,1.4106408968341793,1.0198189361165062,0.390821960717673,1.3832268129928358,1857,45371,583
full,Latest,exceeded,absolute,202608,0.6699927100113952,0.2820904905834598,0.38790221942793535,2.375098531771208,830,12550,584
full,Latest,outline,absolute,202604,0.6990197012079882,0.31133349681844635,0.38768620438954177,2.245244113952892,844,13851,585
full,Latest,refined,absolute,202605,0.6085249168202326,0.22167142773976742,0.38685348908046524,2.745166226540546,834,9862,586
full,Latest,suggest,absolute,202607,8.510769019764513,8.124116219483936,0.38665280028057775,1.0475932138136177,12204,361436,587
full,Latest,progress,absolute,202601,1.7214480976816902,1.335805240229835,0.3856428574518553,1.288696919159789,2176,59429,588
full,Latest,observations,absolute,202608,1.6205203277710911,1.235264143466503,0.3852561843045881,1.311881621710033,1900,54956,589
full,Latest,threatening,absolute,202510,1.0690107184079878,0.6847943335550346,0.3842163848529531,1.5610682887201124,1340,30466,590
full,Latest,reversible,absolute,202608,0.9462738233537413,0.5628548187012284,0.3834190046525129,1.6812040901368515,976,25041,591
full,Latest,modifiable,absolute,202608,0.622048552080024,0.24043999822878637,0.38160855385123765,2.587125921903081,776,10697,592
full,Latest,error,absolute,202605,1.5793652008686518,1.201008692657803,0.37835650821084893,1.3150322812181776,2143,53432,593
full,Latest,applicable,absolute,202507,1.0461319337019692,0.6685432240178363,0.37758870968413294,1.564793264098746,1505,29743,594
full,Latest,final,absolute,202608,2.3602722520658164,1.983556934065225,0.37671531800059116,1.1899190850189147,2940,88247,595
full,Latest,continuity,absolute,202608,0.5533846936064934,0.17802045302159375,0.37536424058489976,3.1085455868341616,657,7920,596
full,Latest,expand,absolute,202604,0.8923444196423377,0.5184396147655378,0.37390480487679983,1.721211871600315,1154,23065,597
full,Latest,managed,absolute,202606,1.0989421837436566,0.7251636181038709,0.3737785656397857,1.5154403176170463,1529,32262,598
full,Latest,responsiveness,absolute,202607,0.6882071180497914,0.3154693255250086,0.37273779252478284,2.1815341853109405,971,14035,599
full,Latest,confidence,absolute,202608,4.425151048813725,4.054191044267529,0.3709600045461968,1.0915003759062416,5599,180368,600
full,Latest,cannot,absolute,202608,1.5317889402435452,1.1608417040783092,0.3709472361652361,1.319550232268544,1840,51645,601
full,Latest,adapted,absolute,202607,1.1380663144434988,0.7671512704074489,0.37091504403605,1.4834966170870705,1669,34130,602
full,Latest,atypical,absolute,202607,0.855165731691955,0.48436398259625296,0.37080174909570207,1.7655436044359807,1073,21549,603
full,Latest,persisted,absolute,202607,0.6508942375697633,0.28024734952944835,0.3706468880403149,2.322570538713935,957,12468,604
full,Latest,proof,absolute,202608,0.8492378410734457,0.47966622064151654,0.36957162043192915,1.7704766450671794,985,21340,605
full,Latest,shifted,absolute,202608,0.6652423037717045,0.2979819628418269,0.36726034092987764,2.2324918509407388,786,13257,606
full,Latest,demand,absolute,202602,1.279220318161052,0.9128268456641341,0.3663934724969179,1.401383322847331,1566,40611,607
full,Latest,powerful,absolute,202601,1.2285771234091798,0.8629496505561906,0.36562747285298935,1.423695023941819,1513,38392,608
full,Latest,transparency,absolute,202606,0.5512550901046043,0.18631458776464527,0.3649405023399589,2.9587328438337632,779,8289,609
full,Latest,extends,absolute,202607,0.5879881443270718,0.22389668340253724,0.36409146092453454,2.626158348535897,780,9961,610
full,Latest,output,absolute,202608,1.164356106731797,0.8005525826789246,0.3638035240528723,1.454440510122971,1327,35616,611
full,Latest,variation,absolute,202606,2.715174600166924,2.351803030258757,0.36337156990816666,1.1545076544391504,3936,104630,612
full,Latest,acceptable,absolute,202606,1.2760820549023482,0.9128043683342071,0.3632776865681411,1.3979797853411822,1971,40610,613
full,Latest,cornerstone,absolute,202602,0.4766740367700131,0.11369033477060875,0.36298370199940433,4.192740198467979,579,5058,614
full,Latest,boundaries,absolute,202608,0.6285882771983866,0.2656370850769185,0.3629511921214681,2.366342323837694,709,11818,615
full,Latest,generalization,absolute,202605,0.478671325266876,0.11692707028009225,0.36174425498678375,4.0937596753279255,648,5202,616
full,Latest,construction,absolute,202608,0.994110912031668,0.6328717014237364,0.3612392106079316,1.5707937482356562,1016,28156,617
full,Latest,shifting,absolute,202608,0.5857617721588362,0.22468338994998124,0.3610783822088549,2.6070541853994538,661,9996,618
full,Latest,binary,absolute,202606,0.9537940322241272,0.5942781259391309,0.3595159062849963,1.604962374674076,1431,26439,619
full,Latest,transformed,absolute,202608,0.7724865996255419,0.4137851666255706,0.35870143299997137,1.8668784237124578,872,18409,620
full,Latest,expands,absolute,202607,0.5159938958696146,0.15792572006688357,0.3580681758027311,3.267320203771017,637,7026,621
full,Latest,status,absolute,202607,5.173964262674055,4.816307392771336,0.35765686990271855,1.0742595604341028,7953,214274,622
full,Latest,generates,absolute,202608,0.6751250127667423,0.31913313030310453,0.3559918824636378,2.1154964767384876,698,14198,623
full,Latest,subset,absolute,202608,1.245983675014786,0.8912486089342442,0.35473506608054167,1.3980203307186467,1500,39651,624
full,Latest,traditionally,absolute,202608,0.7571483451425672,0.4028611842810637,0.3542871608615035,1.879427392573836,840,17923,625
full,Latest,passive,absolute,202608,0.8123311471669259,0.4589870771087051,0.3533440700582207,1.76983446306166,921,20420,626
full,Latest,unrecognized,absolute,202608,0.4558322756857124,0.10272139776624793,0.35311087791946444,4.4375591220341555,493,4570,627
full,Latest,poorer,absolute,202605,0.9406953755859124,0.58775970026031,0.35293567532560244,1.6004761387507387,1356,26149,628
full,Latest,baselines,absolute,202606,0.37940950406727114,0.026590681303604223,0.3528188227636669,14.268513835177446,546,1183,629
full,Latest,apparent,absolute,202608,1.1394329617228827,0.7873583900117939,0.35207457171108886,1.4471592303802276,1335,35029,630
full,Latest,translate,absolute,202608,0.5836961309586641,0.23180870353683036,0.3518874274218338,2.518007831685772,693,10313,631
full,Latest,agreement,absolute,202608,1.7106206701456814,1.3599234152414728,0.35069725490420867,1.2578801504362196,2110,60502,632
full,Latest,complement,absolute,202608,0.8135459403739886,0.46292060984592465,0.350625330528064,1.7574200047925361,963,20595,633
full,Latest,depends,absolute,202607,1.2547332244971712,0.9060386920261898,0.3486945324709815,1.3848561165651656,1721,40309,634
full,Latest,publicly,absolute,202605,0.6994710250580013,0.35197250932640617,0.3474985157315951,1.987288798197981,977,15659,635
full,Latest,strengthened,absolute,202607,0.5037711869318382,0.15671194425082724,0.34705924268101096,3.2146317202568873,736,6972,636
full,Latest,captured,absolute,202607,0.8396164142025762,0.4927030719991585,0.3469133422034177,1.7041022512723651,1229,21920,637
full,Latest,segmentation,absolute,202603,0.6606161577398456,0.3144128910184411,0.3462032667214045,2.1011102808157407,905,13988,638
full,Latest,competence,absolute,202608,0.6199508642251723,0.27548215558493094,0.3444687086402414,2.250421131302793,724,12256,639
full,Latest,capable,absolute,202603,1.4424805409313366,1.0983322495514087,0.34414829137992803,1.3133371450401172,1895,48864,640
full,Latest,boundary,absolute,202608,0.6877214497990409,0.34442012647094455,0.3433013233280963,1.996751632506753,765,15323,641
full,Latest,preserves,absolute,202608,0.41823895742419126,0.07509675928600314,0.34314219813818814,5.569334301515518,456,3341,642
full,Latest,convergent,absolute,202608,0.5524723536337255,0.20980339753832786,0.3426689560953976,2.633286019749977,651,9334,643
full,Latest,organizational,absolute,202608,0.6074838613162886,0.26534487978786797,0.3421389815284207,2.289412412261154,726,11805,644
full,Latest,absent,absolute,202608,0.8371698112206181,0.49522053295097895,0.3419492782696391,1.6904989908879406,986,22032,645
full,Latest,divergence,absolute,202607,0.5962527164189567,0.2543759427835072,0.3418767736354495,2.343982335335901,832,11317,646
full,Latest,exerts,absolute,202605,0.6716040667508139,0.32980986201841483,0.341794204732399,2.0363371266118024,923,14673,647
full,Latest,benefit,absolute,202608,2.780049090081129,2.438475614457149,0.34157347562398,1.1400766419802892,3444,108486,648
full,Latest,accelerate,absolute,202601,0.7323910929195294,0.39213949790589964,0.3402515950136298,1.8676799884496176,935,17446,649
full,Latest,sites,absolute,202608,3.202605079343943,2.862780171488541,0.3398249078554023,1.1187045066330419,3559,127363,650
full,Latest,sustaining,absolute,202607,0.5105243678399115,0.17204148326102003,0.3384828845788915,2.967449234702004,714,7654,651
full,Latest,producing,absolute,202608,1.3860531598232535,1.0480279851748524,0.3380251746484011,1.3225344928093739,1551,46626,652
full,Latest,divergent,absolute,202608,0.6017599064020275,0.2644682639207162,0.33729164248131127,2.2753577214936707,666,11766,653
full,Latest,concept,absolute,202608,1.6402859435982564,1.3032805438255115,0.3370053997727451,1.2585823914654133,1878,57982,654
full,Latest,raising,absolute,202608,0.5829739805508256,0.24675612793826468,0.33621785261256093,2.3625511772363295,642,10978,655
full,Latest,distress,absolute,202608,1.113197494177142,0.7773110235344388,0.33588647064270327,1.4321133503490342,1333,34582,656
full,Latest,reinforcing,absolute,202603,0.4523120382047353,0.11665734232096862,0.3356546958837667,3.877270210393215,609,5190,657
full,Latest,interpreting,absolute,202608,0.5159563368125589,0.18065030062304913,0.3353060361895099,2.8561056086431345,602,8037,658
full,Latest,govern,absolute,202608,0.4460225084310279,0.11137516978813095,0.334647338642897,4.004685328691276,479,4955,659
full,Latest,community,absolute,202607,3.512484488426885,3.17869904361209,0.33378544481479505,1.1050069353012737,5141,141418,660
full,Latest,explanations,absolute,202607,0.48316795372237165,0.15062058784061866,0.332547365881753,3.207848014998074,747,6701,661
full,Latest,rose,absolute,202608,0.48357306026036473,0.15149720370777045,0.3320758565525943,3.1919603030637442,590,6740,662
full,Latest,reasoning,absolute,202608,0.46417981316775914,0.13306579316765593,0.3311140200001032,3.4883481480692553,526,5920,663
full,Latest,generalized,absolute,202608,1.151619412994124,0.8212542035416631,0.33036520945246073,1.4022691245022054,1406,36537,664
full,Latest,subtle,absolute,202604,0.5897925943206856,0.259568205996637,0.33022438832404866,2.2722066135030694,772,11548,665
full,Latest,triggered,absolute,202608,1.0770592006876039,0.7473936974016432,0.32966550328596067,1.4410868119868572,1162,33251,666
full,Latest,assigned,absolute,202608,1.6945579824517782,1.3652505424341643,0.32930744001761386,1.2412065989224785,2149,60739,667
full,Latest,exceptionally,absolute,202608,0.43334736949938213,0.10427233353120875,0.32907503596817334,4.155918975091136,441,4639,668
full,Latest,profound,absolute,202606,0.7245497964546491,0.3960730306431192,0.32847676581152996,1.829333835929625,974,17621,669
full,Latest,sustain,absolute,202608,0.5605492184925722,0.23243806877478548,0.32811114971778677,2.4116067623832356,640,10341,670
full,Latest,scarce,absolute,202608,0.878012098844465,0.5511216524793506,0.32689044636511433,1.5931366421451971,1039,24519,671
full,Latest,excluding,absolute,202608,0.6767535384688048,0.34992707230305203,0.3268264661657528,1.933984512872176,862,15568,672
full,Latest,arises,absolute,202604,0.5371764400936561,0.21072496806533356,0.3264514720283225,2.5491826859696514,672,9375,673
full,Latest,transparent,absolute,202608,0.5535017800911568,0.22845958137771202,0.3250421987134448,2.4227558185710443,648,10164,674
full,Latest,response,absolute,202608,9.528032370207187,9.20305053330837,0.3249818368988175,1.0353124038298627,11018,409437,675
full,Latest,definitions,absolute,202608,0.60857986008878,0.2853721807527972,0.32320767933598277,2.1325829955932547,769,12696,676
full,Latest,standardised,absolute,202608,0.5518679011822404,0.22969583452369527,0.3221720666585451,2.4026030002965073,696,10219,677
full,Latest,implicated,absolute,202602,1.3202471804915308,0.9988251099647174,0.32142207052681343,1.3218001503167731,1623,44437,678
full,Latest,delays,absolute,202512,0.6161124764701483,0.29483513665205113,0.32127733981809714,2.089684708092481,798,13117,679
full,Latest,longer,absolute,202608,2.5915449077846446,2.2715364850895505,0.32000842269509433,1.1408775182770083,3242,101059,680
full,Latest,organized,absolute,202607,0.6668848233124473,0.34745456601108554,0.31943025730136176,1.9193439619129091,922,15458,681
full,Latest,text,absolute,202606,1.0257262458591423,0.7067546848936832,0.3189715609654591,1.451318636838526,1556,31443,682
full,Latest,extend,absolute,202608,0.8743702611012557,0.5558418917640142,0.3185283693372415,1.57305570892896,989,24729,683
full,Latest,governs,absolute,202608,0.369035893690199,0.05084372029480367,0.3181921733953953,7.258239396142599,375,2262,684
full,Latest,accounted,absolute,202608,0.8990937975905527,0.5821853224384216,0.3169084751521311,1.544342948779254,1142,25901,685
full,Latest,deterioration,absolute,202607,0.7699047052627943,0.45314297132769316,0.3167617339351012,1.6990326541025238,1107,20160,686
full,Latest,international,absolute,202603,2.2946379240686055,1.9779600789134095,0.31667784515519576,1.160103254120863,3270,87998,687
full,Latest,device,absolute,202608,2.0093455148448616,1.6930374447591525,0.316308070085709,1.1868287503414943,2242,75322,688
full,Latest,escalation,absolute,202608,0.4621128839610607,0.14583291656617425,0.31627996739488645,3.1687831172969023,556,6488,689
full,Latest,alleviates,absolute,202604,0.40325459981903494,0.08750424540568995,0.315750354413345,4.608400403311327,527,3893,690
full,Latest,modestly,absolute,202608,0.3929616920404698,0.07741192426848093,0.3155497677719889,5.076242397457988,489,3444,691
full,Latest,stabilizing,absolute,202608,0.5323196933453016,0.21823239626094112,0.31408729708436045,2.4392331407515013,563,9709,692
full,Latest,resilient,absolute,202602,0.42117263600542676,0.1089251408260913,0.3122474951793354,3.866624663610639,518,4846,693
full,Latest,vulnerabilities,absolute,202607,0.3953850080717452,0.08345832601883556,0.31192668205290963,4.7375142413293965,544,3713,694
full,Latest,accelerates,absolute,202606,0.43413086607704804,0.12236658412241874,0.3117642819546293,3.547789367420211,549,5444,695
full,Latest,compatible,absolute,202608,0.7206961849338086,0.40913235933068803,0.3115638256031205,1.7615233029057324,784,18202,696
full,Latest,reflexive,absolute,202608,0.340735573353938,0.030389350061261967,0.31034622329267597,11.212335001145082,414,1352,697
full,Latest,nearly,absolute,202603,1.3668558158729818,1.0566817571967355,0.31017405867624637,1.2935359265585367,1869,47011,698
full,Latest,initiated,absolute,202607,1.0675207076880264,0.7585424530454198,0.3089782546426067,1.4073315256148304,1501,33747,699
full,Latest,individual,absolute,202608,4.549053110663967,4.2406180186818085,0.30843509198215796,1.0727335238928297,5471,188662,700
full,Latest,synergy,absolute,202604,0.47370500343815425,0.16653453742891267,0.3071704660092416,2.844485058484407,610,7409,701
full,Latest,translating,absolute,202608,0.4048034872416973,0.09811354513121927,0.306689942110478,4.125867500764588,452,4365,702
full,Latest,characterised,absolute,202607,0.688935378024651,0.3824068140475221,0.3065285639771289,1.8015771495615565,980,17013,703
full,Latest,consensus,absolute,202608,1.2994711717292278,0.9933406414625368,0.3061305302666909,1.3081828302282712,1579,44193,704
full,Latest,directional,absolute,202607,0.4964251580713004,0.19123712301865142,0.30518803505264896,2.5958618820200714,693,8508,705
full,Latest,dependence,absolute,202608,1.0384271886859455,0.7334352755169956,0.30499191316895,1.4158402565979151,1199,32630,706
full,Latest,layer,absolute,202608,1.9620252387184494,1.658489788661401,0.3035354500570485,1.183019185365041,2168,73785,707
full,Latest,retaining,absolute,202608,0.4529152166075855,0.14967653998368596,0.3032386766238996,3.0259599577659344,487,6659,708
full,Latest,plausible,absolute,202608,0.5298010939343453,0.226976077602532,0.30282501633181325,2.3341715106298726,613,10098,709
full,Latest,exclusion,absolute,202608,0.9305497489344943,0.6283537581084158,0.30219599082607845,1.4809328931775685,1143,27955,710
full,Latest,combine,absolute,202608,0.6855007356090279,0.3847444563599268,0.30075627924910103,1.7817039967113777,758,17117,711
full,Latest,documentation,absolute,202608,0.5518557479596337,0.2513864579032203,0.3004692900564133,2.1952485132357014,682,11184,712
full,Latest,historical,absolute,202607,0.8011714235035121,0.5008398654327214,0.30033155807079076,1.5996558556921319,1110,22282,713
full,Latest,academic,absolute,202607,1.318824973278291,1.020111141405557,0.29871383187273415,1.2928247910920296,1985,45384,714
full,Latest,bottlenecks,absolute,202608,0.3506347374805569,0.05363090920574782,0.2970038282748091,6.537922676928589,385,2386,715
full,Latest,inspired,absolute,202608,0.6135301737908703,0.31686291998048066,0.29666725381038966,1.93626371248698,653,14097,716
full,Latest,caution,absolute,202605,0.5931442840041468,0.29694800566518625,0.29619627833896056,1.9974684883821943,882,13211,717
full,Latest,intensified,absolute,202605,0.40498824321979826,0.1095994607239004,0.29538878249589784,3.6951663862656425,557,4876,718
full,Latest,develops,absolute,202608,0.5518599830840732,0.25723056368423214,0.29462941939984105,2.1453904045458554,621,11444,719
full,Latest,reinforcement,absolute,202606,0.47682841601284065,0.18220123638800997,0.29462717962483065,2.6170427021548965,666,8106,720
full,Latest,derivatives,absolute,202608,1.2129922545005418,0.9196374766320058,0.2933547778685359,1.3189895859212817,1132,40914,721
full,Latest,reached,absolute,202608,1.3916375279592934,1.0985120681908247,0.29312545976846877,1.2668386340545412,1699,48872,722
full,Latest,generalizable,absolute,202605,0.36635052178464333,0.0735907781808962,0.2927597436037471,4.978212363566854,470,3274,723
full,Latest,clear,absolute,202606,2.2411703560492535,1.9486271633587162,0.29254319269053747,1.1501278429200898,3238,86693,724
full,Latest,national,absolute,202512,3.6502799747327646,3.35777593114025,0.2925040435925147,1.087112436800744,4946,149385,725
full,Latest,against,absolute,202608,6.201484795791117,5.9095597657592505,0.2919250300318671,1.0493987778452327,7068,262912,726
full,Latest,inputs,absolute,202608,0.6306538067468787,0.33918290859796085,0.29147089814891775,1.8593325039688335,733,15090,727
full,Latest,leaving,absolute,202608,0.5238872392056726,0.2329325700331788,0.2909546691724938,2.2490939722643786,619,10363,728
full,Latest,poor,absolute,202511,4.195956218058667,3.9062677360181453,0.28968848204052183,1.074159914685166,5473,173787,729
full,Latest,comparatively,absolute,202608,0.4936715680175177,0.20485838495439465,0.28881318306312304,2.4098187053823463,595,9114,730
full,Latest,deficits,absolute,202602,1.0854846847798103,0.7977204391081268,0.28776424567168357,1.3607331987048144,1365,35490,731
full,Latest,warrants,absolute,202608,0.5074942913690937,0.21994067333539077,0.28755361803370294,2.3074144662420317,619,9785,732
full,Latest,disproportionately,absolute,202608,0.45086129489490145,0.1641744177865809,0.2866868771083205,2.7462335543714254,528,7304,733
full,Latest,merely,absolute,202608,0.3854490756879439,0.0992598889574947,0.28618918673044924,3.883230978154749,444,4416,734
full,Latest,prioritization,absolute,202608,0.37904444074828914,0.0937754204553143,0.28526902029297485,4.042044694738648,455,4172,735
full,Latest,rapidly,absolute,202608,1.8731117223753202,1.5880233593403532,0.28508836303496704,1.1795240361913752,2056,70650,736
full,Latest,source,absolute,202608,3.025432178574793,2.7419645231310827,0.2834676554437105,1.1033812265083631,3423,121988,737
full,Latest,confirms,absolute,202602,0.6249127831721901,0.34210496148846675,0.2828078216837233,1.8266697461891603,760,15220,738
full,Latest,incremental,absolute,202608,0.5912148648234589,0.3084114439279404,0.28280342089551846,1.9169679869648248,766,13721,739
full,Latest,rigid,absolute,202608,0.5496421304146363,0.2679522500593964,0.2816898803552399,2.0512689491982186,587,11921,740
full,Latest,reshaping,absolute,202607,0.30693585872463,0.025893884075868182,0.2810419746487618,11.853604419689166,412,1152,741
full,Latest,joint,absolute,202608,1.6214586119906431,1.3407727301436954,0.28068588184694787,1.2093463534396809,1918,59650,742
full,Latest,inequities,absolute,202604,0.3685639449563693,0.09035886630641503,0.27820507864995425,4.078890761052001,509,4020,743
full,Latest,restore,absolute,202607,0.641152195666776,0.3644249501059469,0.27672724556082906,1.759353182268058,875,16213,744
full,Latest,declining,absolute,202607,0.45310593651971914,0.17766081574276227,0.2754451207769569,2.5503988295076727,675,7904,745
full,Latest,base,absolute,202608,1.4700498361481291,1.1955916561454032,0.27445818000272576,1.2295584605262142,1691,53191,746
full,Latest,cautious,absolute,202607,0.3302911347245039,0.05626075680720317,0.2740303779173007,5.870719724876081,505,2503,747
full,Latest,visible,absolute,202608,1.0887017423517462,0.8154100977606512,0.27329164459109506,1.3351585237190855,1153,36277,748
full,Latest,memory,absolute,202608,1.7002964889753236,1.429310932726026,0.2709855562492975,1.1895917466554777,1915,63589,749
full,Latest,pragmatic,absolute,202608,0.42854492091080365,0.15779085608732174,0.2707540648234819,2.7159046571979184,535,7020,750
full,Latest,corrected,absolute,202608,0.8905439854799913,0.6201720100149992,0.27037197546499203,1.435962879812091,1134,27591,751
full,Latest,unavailable,absolute,202608,0.3790282690421339,0.10941964208448465,0.26960862695764926,3.4639874689909886,462,4868,752
full,Latest,predominated,absolute,202608,0.324854369813007,0.05590111952837167,0.26895325028463535,5.811231913667358,409,2487,753
full,Latest,stabilized,absolute,202607,0.6384185074625597,0.3718874236417006,0.2665310838208591,1.7166982986702226,837,16545,754
full,Latest,panel,absolute,202608,1.1873806528131663,0.92094116176777,0.26643949104539644,1.2893121755291719,1428,40972,755
full,Latest,illustrates,absolute,202607,0.531745641061643,0.2656146077469916,0.2661310333146514,2.001944266439411,659,11817,756
full,Latest,served,absolute,202605,0.7249050970406635,0.45909946375834004,0.2658056332823235,1.5789717790265985,1033,20425,757
full,Latest,roadmap,absolute,202608,0.31883083608593155,0.05401302381450629,0.26481781227142526,5.902851082377341,345,2403,758
full,Latest,handling,absolute,202608,0.5813659401513855,0.3167730106607728,0.26459292949061275,1.835276114397136,666,14093,759
full,Latest,false,absolute,202608,0.8110016306784463,0.547233074401985,0.26376855627646134,1.4820040465659117,1006,24346,760
full,Latest,shapes,absolute,202607,0.5694979530630916,0.3060962789454626,0.26340167411762905,1.8605190335050088,767,13618,761
full,Latest,operates,absolute,202608,0.3515822671680077,0.08865058923196537,0.2629316779360424,3.965932660053152,379,3944,762
full,Latest,estimated,absolute,202608,3.346352713472981,3.0855080337348757,0.2608446797381054,1.0845386487042668,4204,137272,763
full,Latest,favourable,absolute,202608,0.4801125013869438,0.21942369474707046,0.26068880663987326,2.18806133011464,584,9762,764
full,Latest,receiving,absolute,202603,2.1563304421732545,1.896996736516468,0.2593337056567866,1.1367075128094377,3097,84396,765
full,Latest,acts,absolute,202607,0.8892667402624679,0.6301519445025733,0.25911479575989455,1.4111941540772892,1167,28035,766
full,Latest,weaker,absolute,202607,0.49382154885151397,0.2354050763251454,0.25841647252636857,2.0977523363576043,729,10473,767
full,Latest,relying,absolute,202607,0.4214088002839821,0.16343266589899094,0.2579761343849911,2.578485751094781,582,7271,768
full,Latest,errors,absolute,202605,0.9665945038030178,0.7087551672571836,0.25783933654583424,1.363791826088053,1306,31532,769
full,Latest,estimation,absolute,202606,1.1454363250920254,0.8896077638495753,0.25582856124245,1.287574559978445,1646,39578,770
full,Latest,paradigms,absolute,202608,0.4271830438350974,0.17150202734277273,0.2556810164923247,2.4908337846135633,483,7630,771
full,Latest,root,absolute,202507,1.350452790730435,1.0949606500623634,0.25549214066807135,1.233334540975075,1916,48714,772
full,Latest,analysed,absolute,202608,2.1938243768888084,1.938894479500338,0.2549298973884704,1.1314820894503588,2747,86260,773
full,Latest,lacking,absolute,202602,1.4066598780701545,1.15245766001555,0.25420221805460447,1.2205740192235561,1765,51272,774
full,Latest,argues,absolute,202608,0.33609421882899865,0.08255923282175678,0.2535349860072419,4.070946487046667,340,3673,775
full,Latest,centred,absolute,202607,0.4171000625260315,0.16392716715738426,0.25317289536864723,2.5444230493264084,621,7293,776
full,Latest,indicates,absolute,202605,1.7957150052292938,1.5430462221564885,0.2526687830728054,1.16374673645206,2421,68649,777
full,Latest,category,absolute,202608,0.8598783368127189,0.6074273639464077,0.2524509728663112,1.4156068492307576,1076,27024,778
full,Latest,accordance,absolute,202607,0.6331370355606256,0.3814852435205163,0.25165179204010935,1.6596632407527854,1039,16972,779
full,Latest,stabilizes,absolute,202608,0.3384822016535086,0.08694231215751573,0.2515398894959929,3.8931815045391396,337,3868,780
full,Latest,emerge,absolute,202608,0.5120385475872051,0.2617709843294799,0.25026756325772515,1.9560554004821409,570,11646,781
full,Latest,clarity,absolute,202512,0.3873873508063791,0.1371341898844373,0.25025316092194183,2.8248779617455693,506,6101,782
full,Latest,code,absolute,202507,0.717734439289698,0.4674835078210994,0.2502509314685987,1.5353149946080384,1009,20798,783
full,Latest,reflected,absolute,202608,0.7992118045210569,0.5492335567654852,0.2499782477555717,1.4551401579097412,983,24435,784
full,Latest,dependencies,absolute,202605,0.3183868318138567,0.06954485879404179,0.2488419730198149,4.578150525213724,416,3094,785
full,Latest,verification,absolute,202608,0.4691159585138915,0.2205475612434189,0.2485683972704726,2.1270512168399227,576,9812,786
full,Latest,iterative,absolute,202608,0.48849581436018785,0.24120422744630335,0.2472915869138845,2.0252373664094936,593,10731,787
full,Latest,bottleneck,absolute,202607,0.34624976084376285,0.09982182220566892,0.24642793863809392,3.468678022430442,456,4441,788
full,Latest,mimic,absolute,202607,0.7644445284739745,0.5186194334049535,0.24582509506902092,1.4739990043471305,995,23073,789
full,Latest,soft,absolute,202608,1.256301868035673,1.011592233363236,0.24470963467243706,1.2419054106997758,1378,45005,790
full,Latest,equation,absolute,202607,0.9317863590470385,0.6876939091156138,0.24409244993142476,1.3549434518699341,1306,30595,791
full,Latest,narratively,absolute,202608,0.2718450640427639,0.027826934449587507,0.24401812959317634,9.769134452637976,378,1238,792
full,Latest,oversight,absolute,202606,0.2861275410573999,0.0424371989021173,0.2436903421552826,6.742375756641286,409,1888,793
full,Latest,multifactorial,absolute,202602,0.49661313197655477,0.2535892362360632,0.24302389574049152,1.9583367943671846,624,11282,794
full,Latest,scope,absolute,202601,0.7804422705568119,0.5387815983494448,0.24166067220736698,1.4485317853239483,913,23970,795
full,Latest,leadership,absolute,202607,0.48836051554846616,0.2467336506083377,0.24162686494012844,1.9793024354172277,659,10977,796
full,Latest,distinguish,absolute,202608,0.8699911768900529,0.6292303739755676,0.24076080291448534,1.3826274332456714,1014,27994,797
full,Latest,preparedness,absolute,202607,0.37300145961845205,0.13266120122897046,0.2403402583894816,2.8116846234089143,541,5902,798
full,Latest,coherent,absolute,202607,0.44709971117772296,0.2075556645456309,0.23954404663209206,2.1541195329767957,603,9234,799
full,Latest,constraint,absolute,202607,0.3843568742465911,0.14554071127712367,0.23881616296946745,2.640889074086894,535,6475,800
full,Latest,usability,absolute,202605,0.39581424589394815,0.15747617346834417,0.23833807242560398,2.513486562292642,551,7006,801
full,Latest,peak,absolute,202606,1.6704660326742016,1.434503195939156,0.23596283673504548,1.164490980154675,2418,63820,802
full,Latest,arise,absolute,202608,0.6559680487842899,0.42014625099490277,0.2358217977893872,1.5612850221344667,705,18692,803
full,Latest,reliably,absolute,202604,0.5689101591956027,0.3330915521877522,0.2358186070078505,1.7079693419391426,776,14819,804
full,Latest,leave,absolute,202608,0.4343622324072433,0.19858720990477033,0.23577502250247298,2.1872618715753926,540,8835,805
full,Latest,curated,absolute,202605,0.3031759897866533,0.0678815363794461,0.23529445340720714,4.466251148058165,414,3020,806
full,Latest,argue,absolute,202608,0.6145417082036824,0.37946228382708913,0.23507942437659327,1.6195066924851818,604,16882,807
full,Latest,reshape,absolute,202607,0.25478119067287297,0.02072409819266533,0.23405709248020767,12.293957898879531,336,922,808
full,Latest,uniformly,absolute,202608,0.4136836743310928,0.18011084470480185,0.23357282962629097,2.2968282393495643,487,8013,809
full,Latest,uniquely,absolute,202601,0.4444608213062361,0.2120061758711707,0.23245464543506542,2.096452235317525,566,9432,810
full,Latest,closed,absolute,202608,0.8368857176843494,0.6049099029945871,0.23197581468976217,1.3834882079816735,953,26912,811
full,Latest,immediate,absolute,202607,1.0312087453558376,0.8004401960292898,0.23076854932654772,1.2883020498861897,1504,35611,812
full,Latest,appraisal,absolute,202608,0.4385991056629378,0.20865705371205237,0.22994205195088543,2.102009483313257,570,9283,813
full,Latest,defining,absolute,202608,0.6248597482388139,0.39503907346647854,0.22982067477233534,1.5817669446104476,699,17575,814
full,Latest,persists,absolute,202607,0.36008226054861014,0.13043594556620056,0.22964631498240956,2.760606050621655,494,5803,815
full,Latest,rationale,absolute,202608,0.7946053318967012,0.5649901650442904,0.22961516685241082,1.4064055997052816,946,25136,816
full,Latest,uptake,absolute,202604,1.807982427133327,1.5784255394615376,0.2295568876717894,1.145434093615908,2409,70223,817
full,Latest,exchange,absolute,202608,1.1268252582598461,0.8985312638305822,0.228293994429264,1.2540746255795376,1215,39975,818
full,Latest,historically,absolute,202607,0.47095169844800205,0.24273268588133726,0.2282190125666648,1.9402071737393964,644,10799,819
full,Latest,extension,absolute,202608,0.9633893511312667,0.7361325551082318,0.2272567960230349,1.308717220079503,1130,32750,820
full,Latest,bridges,absolute,202606,0.32593521884250026,0.09916997963778679,0.22676523920471345,3.2866319024463024,431,4412,821
full,Latest,reshaped,absolute,202608,0.23949732573700935,0.015172197700704014,0.22432512803630533,15.785275835543343,265,675,822
full,Latest,unnecessary,absolute,202604,0.521979817729163,0.2982966454608044,0.22368317226835865,1.749868212305291,675,13271,823
full,Latest,reorganization,absolute,202608,0.3450573702377601,0.12211933349322208,0.22293803674453802,2.825575282532242,383,5433,824
full,Latest,resolve,absolute,202608,0.5157485395187893,0.29314933690752853,0.22259920261126073,1.7593372202696735,558,13042,825
full,Latest,classes,absolute,202608,1.0061581506963262,0.7839643131928216,0.2221938375035046,1.2834234081377816,1177,34878,826
full,Latest,path,absolute,202512,0.7596552344980011,0.5375228678735345,0.22213236662446662,1.4132519375468295,957,23914,827
full,Latest,resolving,absolute,202606,0.36766191053043806,0.1456081432669046,0.22205376726353343,2.5250092630911545,488,6478,828
full,Latest,expectations,absolute,202607,0.6066779787192734,0.38465454704021895,0.22202343167905444,1.5772021503123943,876,17113,829
full,Latest,uneven,absolute,202608,0.28984384691643383,0.06828612831813154,0.2215577185983023,4.244549428342295,341,3038,830
full,Latest,mismatch,absolute,202606,0.4597371465194309,0.23868676649448287,0.22105038002494798,1.9261107487082132,633,10619,831
full,Latest,pressures,absolute,202607,0.5902162211342276,0.3691901440504643,0.22102607708376323,1.59867816258267,829,16425,832
full,Latest,retains,absolute,202608,0.2979583942670853,0.07702980965972245,0.22092858460736284,3.86809204882253,318,3427,833
full,Latest,identifier,absolute,202608,0.5595662836091414,0.33983475116584294,0.2197315324432984,1.6465834694347286,791,15119,834
full,Latest,restores,absolute,202608,0.30053836060048844,0.08136793433562745,0.21917042626486094,3.6935724503073177,314,3620,835
full,Latest,input,absolute,202608,1.0795834791745669,0.8608817362029092,0.2187017429716576,1.2540438875335946,1260,38300,836
full,Latest,operator,absolute,202606,0.5097790124902521,0.29155344648271375,0.21822556600753842,1.7484924930238375,775,12971,837
full,Latest,irreversible,absolute,202607,0.5042744138839228,0.2868556845279772,0.21741872935594564,1.7579376706921792,672,12762,838
full,Latest,preferentially,absolute,202608,0.5107895103516484,0.29407090743453423,0.21671860291711423,1.736960363769952,557,13083,839
full,Latest,dedicated,absolute,202607,0.6106365994807412,0.3941399802693999,0.21649661921134136,1.5492886539025121,866,17535,840
full,Latest,externally,absolute,202608,0.33477388823729215,0.1185004833749801,0.21627340486231206,2.825084579426918,425,5272,841
full,Latest,temporally,absolute,202607,0.377147918912755,0.1610500689267322,0.2160978499860228,2.341805386524447,525,7165,842
full,Latest,transferable,absolute,202608,0.2605549008620152,0.04446015859554451,0.21609474226647074,5.860413212473927,306,1978,843
full,Latest,entropy,absolute,202607,0.4778207694805181,0.2617709843294799,0.21604978515103818,1.8253389339710224,630,11646,844
full,Latest,greatest,absolute,202608,0.919173381524441,0.7033156534148572,0.21585772810958367,1.306914437438602,1142,31290,845
full,Latest,converge,absolute,202608,0.2886899790015669,0.0732311409020647,0.21545883809950217,3.9421750835159726,330,3258,846
full,Latest,layered,absolute,202608,0.4790477634444859,0.2644233092608622,0.21462445418362366,1.811669949913113,507,11764,847
full,Latest,labels,absolute,202608,0.3653044636066189,0.15086783846981533,0.21443662513680353,2.4213541289630567,433,6712,848
full,Latest,underrecognized,absolute,202607,0.23247864391731293,0.018094250591209976,0.21438439332610296,12.848205165802721,303,805,849
full,Latest,subjective,absolute,202608,0.9510439577194959,0.7366944883564059,0.21434946936308993,1.2909611416278028,1168,32775,850
full,Latest,modifying,absolute,202608,0.6788510765949163,0.46480870555979,0.2140423710351263,1.4604956156691287,784,20679,851
full,Latest,closure,absolute,202608,0.6771057035754701,0.4641568629919079,0.21294884058356217,1.4587863663394216,752,20650,852
full,Latest,updated,absolute,202604,0.6947180089043787,0.48216120426341,0.21255680464096874,1.4408417822949657,915,21451,853
full,Latest,relied,absolute,202607,0.368131153357473,0.15574541906396755,0.21238573429350543,2.363672431394433,542,6929,854
full,Latest,editing,absolute,202607,0.4829789861268269,0.27085182561997534,0.21212716050685154,1.7831852712134983,602,12050,855
full,Latest,inherently,absolute,202608,0.33049349696140123,0.1186353473545419,0.21185814960685928,2.7857928040090862,366,5278,856
full,Latest,operate,absolute,202608,0.42741048647727664,0.21566998064926662,0.21174050582801002,1.9817801494235447,477,9595,857
full,Latest,adequately,absolute,202608,0.5703503094623379,0.3588280949541317,0.2115222145082062,1.5894806384523616,724,15964,858
full,Latest,alters,absolute,202608,0.48038856638845434,0.26887382058640213,0.2115147458020522,1.7866691719586076,519,11962,859
full,Latest,accountability,absolute,202608,0.280460665392174,0.06970220010353058,0.21075846528864345,4.02369889294166,318,3101,860
full,Latest,shorter,absolute,202510,1.420818365715551,1.2100895339482982,0.21072883176725293,1.1741431735878947,1960,53836,861
full,Latest,coexistence,absolute,202606,0.3686777922649135,0.15835278933549596,0.21032500292941758,2.328205229677452,490,7045,862
full,Latest,mid,absolute,202604,0.8900727516286785,0.6804337315492028,0.20963902007947569,1.3080961603743133,1216,30272,863
full,Latest,interactive,absolute,202601,0.5614094669150971,0.3518376453468443,0.20957182156825277,1.5956492272498448,749,15653,864
full,Latest,internally,absolute,202608,0.3020946352818612,0.09260659929911191,0.2094880359827493,3.2621285909238464,390,4120,865
full,Latest,declines,absolute,202512,0.4301694386974821,0.2217613370594752,0.20840810163800688,1.93978555685797,571,9866,866
full,Latest,volatile,absolute,202607,0.5763371835143998,0.3683809601730934,0.20795622334130637,1.5645140379774045,739,16389,867
full,Latest,annotated,absolute,202608,0.4676725704898122,0.26053473118349657,0.20713783930631563,1.7950488534307039,565,11591,868
full,Latest,late,absolute,202607,1.8758624679962355,1.668806883097879,0.20705558489835657,1.124074023780385,2562,74244,869
full,Latest,intensity,absolute,202605,2.153046769606254,1.9463119983762378,0.20673477123001638,1.1062187210490868,2986,86590,870
full,Latest,suspicion,absolute,202510,0.5179576159703391,0.3115357927877891,0.20642182318255003,1.6625942442612356,640,13860,871
full,Latest,realistic,absolute,202608,0.5213072856979423,0.3149073922768344,0.20639989342110784,1.6554304487068443,603,14010,872
full,Latest,distributed,absolute,202606,1.4374977267807239,1.2313306107292838,0.20616711605144014,1.1674344114042068,2064,54781,873
full,Latest,she,absolute,202607,0.7950793126099521,0.5893780680150518,0.2057012445949003,1.349014080703198,937,26221,874
full,Latest,intended,absolute,202608,0.7063219391930938,0.5009072974225021,0.20541464177059174,1.41008514515078,846,22285,875
full,Latest,unexplained,absolute,202608,0.34642292503598987,0.14135992791070748,0.2050629971252824,2.4506444659112594,368,6289,876
full,Latest,motivation,absolute,202608,0.6404003267107742,0.43626249655253946,0.20413783015823467,1.4679243156846744,757,19409,877
full,Latest,inductive,absolute,202608,0.37254716760826917,0.168422633142778,0.2041245344654912,2.2119780498411243,469,7493,878
full,Latest,delineate,absolute,202602,0.39471228905958367,0.19092244039967388,0.20378984865990976,2.0673959972086022,493,8494,879
full,Latest,cooperative,absolute,202608,0.44225508685853354,0.23884410780397164,0.2034109790545619,1.851647465473626,466,10626,880
full,Latest,strain,absolute,202605,2.0774496268106954,1.8749914305179658,0.2024581962927298,1.1079781981919783,2732,83417,881
full,Latest,losses,absolute,202601,0.6942318672813401,0.49232095739039994,0.2019109098909402,1.410120485142844,910,21903,882
full,Latest,simplified,absolute,202606,0.4679240953418635,0.266086631675458,0.20183746366640556,1.7585404136822018,673,11838,883
full,Latest,intrinsically,absolute,202608,0.3617752162615702,0.16019593038950744,0.2015792858720628,2.2583296303591114,364,7127,884
full,Latest,person,absolute,202608,1.1729233034512379,0.9716050634231582,0.20131824002807952,1.207201719718087,1427,43226,885
full,Latest,landscapes,absolute,202607,0.3232978577726955,0.1222991521326378,0.2009987056400577,2.643500401556892,425,5441,886
full,Latest,clarifies,absolute,202605,0.23392012000716136,0.03299672033279036,0.200923399674371,7.089193036397141,300,1468,887
full,Latest,open,absolute,202608,2.934379333822992,2.7340749803267173,0.20030435349627507,1.0732622020016214,3470,121637,888
full,Latest,comparator,absolute,202608,0.2953173951194964,0.09514653758085939,0.200170857538637,3.1038165195294014,392,4233,889
full,Latest,transformations,absolute,202605,0.4049997167926401,0.2049482942741025,0.20005142251853758,1.9761067942872668,475,9118,890
full,Latest,acceptance,absolute,202605,0.6074658964893555,0.4076938102153621,0.1997720862739934,1.4900051981865137,857,18138,891
full,Latest,profoundly,absolute,202604,0.31545551244291375,0.11607293174286741,0.19938258070004633,2.7177353729785345,404,5164,892
full,Latest,underrepresented,absolute,202607,0.28291816589827795,0.08361566732832432,0.19930249856995363,3.3835544813315277,408,3720,893
full,Latest,left,absolute,202607,2.837335766745902,2.6383215548378294,0.19901421190807247,1.0754321290151856,3856,117377,894
full,Latest,viewed,absolute,202608,0.4661647511932603,0.2672104981718064,0.19895425302145384,1.7445600168505866,537,11888,895
full,Latest,favored,absolute,202608,0.40688288115621873,0.2079602564843163,0.19892262467190244,1.9565415432486954,490,9252,896
full,Latest,exclusively,absolute,202608,0.6625987980469198,0.4636848390634416,0.19891395898347816,1.4289852551255458,797,20629,897
full,Latest,delivered,absolute,202608,1.1010844912809008,0.9023748872480938,0.19870960403280696,1.2202073737211339,1336,40146,898
full,Latest,synthesised,absolute,202608,0.3030903468918583,0.10478931211952906,0.19830103477232924,2.892378437851897,384,4662,899
full,Latest,priority,absolute,202608,0.6614103500593655,0.46354997508387985,0.1978603749754857,1.426837203345082,799,20623,900
full,Latest,recognised,absolute,202608,0.38661346371732913,0.18896691269602758,0.19764655102130152,2.0459320534025767,450,8407,901
full,Latest,pattern,absolute,202607,2.7187880876658443,2.521574303197153,0.1972137844686913,1.0782105782957259,3985,112183,902
full,Latest,positioned,absolute,202608,0.3868333980178456,0.1904953711310615,0.1963380268867841,2.0306708542104306,452,8475,903
full,Latest,execution,absolute,202607,0.3645732225843943,0.169883659588031,0.1946895629963633,2.1460170063941804,452,7558,904
full,Latest,competency,absolute,202607,0.34304841146940185,0.14841780950777572,0.1946306019616261,2.3113695897218403,507,6603,905
full,Latest,sluggish,absolute,202608,0.22824574044632648,0.0341205868291388,0.19412515361718768,6.689384962494426,229,1518,906
full,Latest,onset,absolute,202601,2.514235413026706,2.3203797230208543,0.19385569000585184,1.0835448129815042,3333,103232,907
full,Latest,commercial,absolute,202608,1.3614418021333188,1.1678321536855967,0.19360964844772222,1.1657855093616867,1547,51956,908
full,Latest,retain,absolute,202608,0.40132787941304787,0.20836484842300182,0.19296303099004605,1.9260824580080393,442,9270,909
full,Latest,nationwide,absolute,202608,0.6323229269180928,0.439589141381731,0.1927337855363617,1.4384407333869862,778,19557,910
full,Latest,demanding,absolute,202608,0.37940919488546626,0.187258635621578,0.1921505592638883,2.0261238880977226,436,8331,911
full,Latest,reshapes,absolute,202608,0.19621666283226682,0.004428033995612875,0.19178862883665393,44.31236594539941,213,197,912
full,Latest,comparability,absolute,202608,0.25586752382681344,0.06408286762178836,0.19178465620502508,3.9927602075631485,312,2851,913
full,Latest,technically,absolute,202607,0.3483972995354993,0.1568018535705351,0.1915954459649642,2.2218952876011615,504,6976,914
full,Latest,testable,absolute,202608,0.22043106297411816,0.02892832361600899,0.19150273935810916,7.6199044887665455,260,1287,915
full,Latest,coordinate,absolute,202608,0.4343846738226049,0.24333957378936544,0.1910451000332395,1.785096715089211,468,10826,916
full,Latest,remaining,absolute,202607,1.2223074196726125,1.0313273290391145,0.19098009063349808,1.1851789293816481,1820,45883,917
full,Latest,nominal,absolute,202608,0.3024352450882259,0.11146507910783882,0.19097016598038705,2.713273497932296,382,4959,918
full,Latest,creates,absolute,202608,0.4080188048162711,0.21724339374415447,0.19077541107211665,1.8781643841229578,449,9665,919
full,Latest,negligible,absolute,202608,0.5360901617979246,0.3454540836475852,0.19063607815033934,1.5518420165639628,609,15369,920
full,Latest,distinguishes,absolute,202608,0.2436982636027076,0.05345109056633206,0.19024717303637553,4.5592757981295335,284,2378,921
full,Latest,confinement,absolute,202608,0.3425534916262722,0.15235134224499527,0.19020214938127694,2.248444198643252,343,6778,922
full,Latest,scales,absolute,202608,1.0884052311291368,0.8983064905313125,0.19009874059782422,1.2116190215717892,1251,39965,923
full,Latest,clusters,absolute,202602,1.0555741933242886,0.8656244528174996,0.18994974050678906,1.2194366620403645,1322,38511,924
full,Latest,strengthens,absolute,202605,0.23880705013683357,0.04906801123057313,0.18973903890626043,4.866858145415082,308,2183,925
full,Latest,remote,absolute,202304,0.6844230359676762,0.49472603169258567,0.18969700427509048,1.3834384934750412,704,22010,926
full,Latest,product,absolute,202608,1.783861136004038,1.594654171668809,0.18920696433522913,1.1186507819041565,1959,70945,927
full,Latest,locally,absolute,202607,0.7343648446398948,0.5453674560180466,0.18899738862184828,1.3465505441079972,1037,24263,928
full,Latest,depend,absolute,202608,0.7532602202711681,0.5645181411158242,0.1887420791553439,1.3343419199643027,872,25115,929
full,Latest,completeness,absolute,202606,0.28084205051357475,0.0923143940100613,0.18852765650351344,3.0422346755909584,399,4107,930
full,Latest,unchanged,absolute,202608,0.5808308866423519,0.3926789538241468,0.18815193281820516,1.4791495214751569,703,17470,931
full,Latest,completion,absolute,202608,0.7305384087850179,0.5424004484676868,0.18813796031733107,1.3468617344414664,913,24131,932
full,Latest,workload,absolute,202606,0.3573094720821549,0.16923181702014894,0.18807765506200597,2.111361080757132,544,7529,933
full,Latest,simultaneous,absolute,202608,1.0760984486336076,0.8887761026422775,0.1873223459913302,1.2107643819792546,1187,39541,934
full,Latest,reinforce,absolute,202604,0.33809221915463294,0.15133986239828168,0.18675235675635124,2.233993171375261,457,6733,935
full,Latest,load,absolute,202606,1.1851486291665356,0.9984205180260317,0.18672811114050397,1.1870235114054772,1751,44419,936
full,Latest,clearer,absolute,202605,0.24603026775247944,0.05949749231668669,0.18653277543579272,4.135136762452721,345,2647,937
full,Latest,ranked,absolute,202608,0.403632689329472,0.21728834840400846,0.18634434092546356,1.8575901206584253,522,9667,938
full,Latest,compromises,absolute,202605,0.24747622799728078,0.061318156040771184,0.18615807195650957,4.035937216258278,314,2728,939
full,Latest,harmonized,absolute,202605,0.22619065947064865,0.04016698857949344,0.18602367089115524,5.631257594106181,308,1787,940
full,Latest,strict,absolute,202607,0.4452617967370719,0.259500774006856,0.18576102273021589,1.7158399563205469,640,11545,941
full,Latest,pending,absolute,202608,0.22573298673376577,0.04009955658971252,0.18563343014405323,5.629313786269576,283,1784,942
full,Latest,applied,absolute,202301,5.587776882672519,5.402268906637488,0.1855079760350313,1.0343389007916854,6217,240343,943
full,Latest,drift,absolute,202608,0.311261145877836,0.12612029822022255,0.18514084765761343,2.467970265455076,339,5611,944
full,Latest,vary,absolute,202607,1.033318747192432,0.8488338873620539,0.1844848598303783,1.2173391785802843,1511,37764,945
full,Latest,actively,absolute,202608,0.56509140265811,0.38119303823146566,0.18389836442664426,1.4824284443384264,639,16959,946
full,Latest,contrasting,absolute,202607,0.3840963291116801,0.20085742022739414,0.18323890888428598,1.9122834928221126,549,8936,947
full,Latest,preferential,absolute,202608,0.35543304786707747,0.17278323514861002,0.18264981271846745,2.0571037899676505,401,7687,948
full,Latest,modelling,absolute,202606,0.73449223557104,0.5518634043669406,0.18262883120409942,1.330931222760818,1062,24552,949
full,Latest,thematically,absolute,202603,0.28842241822910997,0.10582326929616961,0.18259914893294035,2.7255103735445614,429,4708,950
full,Latest,proceeds,absolute,202608,0.299651742604636,0.11753395818812046,0.18211778441651552,2.549490778869411,230,5229,951
full,Latest,exposures,absolute,202608,0.7128991353970898,0.5311617835042023,0.18173735189288753,1.3421506545405477,893,23631,952
full,Latest,attribution,absolute,202608,0.23330779888046604,0.0516304268422476,0.18167737203821843,4.518804378536678,283,2297,953
full,Latest,clarifying,absolute,202604,0.2611901908394676,0.07954727061154294,0.18164292022792466,3.283458864540436,351,3539,954
full,Latest,competencies,absolute,202605,0.30185967466935715,0.12043353374869943,0.1814261409206577,2.50644206205248,416,5358,955
full,Latest,required,absolute,202608,4.896865931755986,4.715721341348149,0.18114459040783695,1.0384129123193804,5855,209799,956
full,Latest,stabilize,absolute,202608,0.3997144803828828,0.219064057468239,0.18065042291464384,1.824646566864742,419,9746,957
full,Latest,symmetry,absolute,202608,0.4831234105355637,0.3025673381469285,0.1805560723886352,1.5967467390712082,474,13461,958
full,Latest,restricts,absolute,202607,0.2588916817252353,0.07840092678526754,0.18049075493996777,3.302150782404834,341,3488,959
full,Latest,constrain,absolute,202608,0.24968734490214742,0.07024165602177783,0.17944568888036957,3.5546904649391236,282,3125,960
full,Latest,pristine,absolute,202608,0.3473153262020965,0.1679506092143117,0.17936471698778478,2.0679610977707634,362,7472,961
full,Latest,overt,absolute,202608,0.3189231500276661,0.13980899214574657,0.17911415788191948,2.2811347477220814,376,6220,962
full,Latest,undergoes,absolute,202605,0.3752195614622899,0.1961596582726577,0.17905990318963222,1.9128273609691082,454,8727,963
full,Latest,landmark,absolute,202608,0.2805140118118958,0.1023842378173434,0.1781297739945524,2.7398163798644606,350,4555,964
full,Latest,assumptions,absolute,202607,0.43844880769369937,0.26039986720393477,0.17804894048976463,1.6837520402816635,614,11585,965
full,Latest,informative,absolute,202608,0.4109306850268229,0.2330899113426676,0.17784077368415532,1.762970703707163,499,10370,966
full,Latest,foundations,absolute,202602,0.24589483116259914,0.06810630967871578,0.17778852148388335,3.610455952210326,289,3030,967
full,Latest,converts,absolute,202608,0.25565652504076986,0.07797385751665514,0.17768266752411474,3.2787466618047194,257,3469,968
full,Latest,acceptability,absolute,202606,0.513195955044684,0.33619342371767397,0.17700253132700997,1.5264901656007759,817,14957,969
full,Latest,produces,absolute,202608,0.6614480527022639,0.4846786652152307,0.1767693874870333,1.364714604073888,722,21563,970
full,Latest,directionally,absolute,202608,0.19404899329742292,0.017599749332816658,0.17644924396460626,11.025668015373228,257,783,971
full,Latest,judgment,absolute,202608,0.2921311869404938,0.11609540907279436,0.1760357778676994,2.5163026623845317,335,5165,972
full,Latest,attributable,absolute,202607,0.5195810593085943,0.34401553453225914,0.1755655247763352,1.5103418513208797,802,15305,973
full,Latest,numerical,absolute,202606,0.901198003719257,0.7258604153316068,0.17533758838765012,1.2415582730290475,1200,32293,974
full,Latest,compliance,absolute,202509,0.7189029662576364,0.5440862482122095,0.1748167180454269,1.3213033202361757,914,24206,975
full,Latest,texture,absolute,202608,0.4093776490590239,0.2345958924477745,0.17478175661124937,1.7450333200107462,465,10437,976
full,Latest,interpretive,absolute,202608,0.22159515331522475,0.04765193944517409,0.17394321387005066,4.650286135156805,268,2120,977
full,Latest,narrow,absolute,202605,0.6117728455080778,0.4380157282868431,0.17375711722123463,1.3966915021541109,793,19487,978
full,Latest,rationally,absolute,202608,0.2764450066445981,0.10330580834434909,0.17313919830024901,2.6759870628292686,286,4596,979
full,Latest,coordinating,absolute,202607,0.2802042400362009,0.10717190909178774,0.1730323309444132,2.6145306397054013,369,4768,980
full,Latest,task,absolute,202607,1.8687998722361487,1.6961617936190003,0.17263807861714853,1.1017816102606586,2689,75461,981
full,Latest,lens,absolute,202606,0.5068194963536632,0.33466496528264006,0.17215453107102308,1.5144085844947366,688,14889,982
full,Latest,signature,absolute,202607,0.6411840986361699,0.4695289448444535,0.17165515379171642,1.3655901423682892,938,20889,983
full,Latest,magnitude,absolute,202608,1.2564333113371902,1.0848683289251542,0.17156498241203602,1.1581435994006903,1495,48265,984
full,Latest,warning,absolute,202606,0.3246738140202948,0.1534752087413437,0.17119860527895114,2.1154805175569247,465,6828,985
full,Latest,deviations,absolute,202607,0.4539572549130634,0.2828771971309037,0.17108005778215968,1.604785608445459,655,12585,986
full,Latest,annotations,absolute,202606,0.2678479691034482,0.09788877183194958,0.16995919727149866,2.7362481323524612,370,4355,987
full,Latest,computed,absolute,202607,2.2210081107139694,2.05107883316584,0.16992927754812953,1.0828487305316508,3122,91251,988
full,Latest,registry,absolute,202603,1.1366952652344968,0.9667949148187867,0.16990035041571008,1.1757356682493056,1674,43012,989
full,Latest,augmentation,absolute,202606,0.4055188919865179,0.23565232695434202,0.1698665650321759,1.7208355089363823,583,10484,990
full,Latest,paradox,absolute,202608,0.2263620184644357,0.056845167385304374,0.16951685107913134,3.9820802519609586,254,2529,991
full,Latest,heavily,absolute,202607,0.43740560081313345,0.26846922864771666,0.16893637216541676,1.6292578595183949,610,11944,992
full,Latest,complemented,absolute,202602,0.29577608956598633,0.12686205010781249,0.16891403945817385,2.3314780843808203,379,5644,993
full,Latest,branch,absolute,202607,0.4810181013917031,0.31245736331479484,0.16856073807690825,1.539467965448734,658,13901,994
full,Latest,count,absolute,202608,1.0963516177613852,0.9285384992830856,0.16781311847829955,1.1807282289402823,1372,41310,995
full,Latest,triple,absolute,202604,0.6862479082127484,0.5191139346633469,0.16713397354940154,1.3219600985240176,905,23095,996
full,Latest,categorical,absolute,202608,0.3776476671335864,0.211084605344165,0.1665630617894214,1.7890819963769835,496,9391,997
full,Latest,service,absolute,202608,1.57356062178456,1.4071033307581804,0.16645729102637946,1.1182978445063365,1942,62601,998
full,Latest,reinforced,absolute,202605,0.37639212926861826,0.21032037612664806,0.1660717531419702,1.7896132376730214,504,9357,999
full,Latest,persistently,absolute,202605,0.2679153975845933,0.10197964587865793,0.16593575170593539,2.627145792439568,369,4537,1000
full,Latest,peaked,absolute,202608,0.29438550783347556,0.12872766849175094,0.16565783934172465,2.286886038430349,365,5727,1001
full,Latest,discrete,absolute,202606,0.568395439673528,0.4029735709306986,0.16542186874282946,1.4105030222224622,766,17928,1002
full,Latest,overcomes,absolute,202605,0.23940888946604486,0.07498437263636828,0.16442451682967657,3.192783790124408,295,3336,1003
full,Latest,interpret,absolute,202608,0.4323636859450569,0.2680646367090312,0.16429904923602576,1.6129083315617008,511,11926,1004
full,Latest,reassessment,absolute,202608,0.19532957294344103,0.031176056608705875,0.16415351633473516,6.265371384041415,224,1387,1005
full,Latest,auxiliary,absolute,202608,0.2883235578674044,0.12434458915599202,0.16397896871141238,2.3187463147728806,328,5532,1006
full,Latest,derive,absolute,202607,0.5374644603243861,0.37352826872636935,0.16393619159801673,1.4388856355022204,744,16618,1007
full,Latest,interrelated,absolute,202608,0.23116186030553834,0.06725217114149097,0.16390968916404738,3.4372401125786687,278,2992,1008
full,Latest,experimentally,absolute,202608,0.9464469126331804,0.7827505373767653,0.16369637525641517,1.209129687480013,1036,34824,1009
full,Latest,symmetric,absolute,202608,0.370897136113205,0.20771300585511968,0.16318413025808534,1.7856230744256172,374,9241,1010
full,Latest,conflict,absolute,202608,0.43424291402010046,0.27123394022873376,0.16300897379136667,1.6009903246396815,496,12067,1011
full,Latest,plus,absolute,202608,1.2325671687183426,1.0696961312244502,0.1628710374938924,1.1522591628965309,1544,47590,1012
full,Latest,precursor,absolute,202608,0.7923410617879262,0.6296124885843261,0.16272857320360012,1.2584582995955065,828,28011,1013
full,Latest,harm,absolute,202512,0.5435203443156711,0.380990742262123,0.1625296020535482,1.426597247714033,714,16950,1014
full,Latest,frontier,absolute,202608,0.23312878930608588,0.071567818487469,0.1615609708186169,3.257452780217201,257,3184,1015
full,Latest,navigation,absolute,202603,0.3581108958485429,0.1966991141909049,0.16141178165763798,1.8206024837558799,478,8751,1016
full,Latest,delineates,absolute,202603,0.18633030205113627,0.02492735888900852,0.16140294316212778,7.474931575414387,242,1109,1017
full,Latest,projected,absolute,202607,0.35006646173506306,0.189416459294567,0.16065000244049607,1.8481311657856756,512,8427,1018
full,Latest,produced,absolute,202608,2.801206723806524,2.6408390157896497,0.16036770801687444,1.0607260446615758,3312,117489,1019
full,Latest,routes,absolute,202607,0.4925352224544038,0.332507141609651,0.16002808084475276,1.481277124064357,649,14793,1020
full,Latest,robustly,absolute,202607,0.29532636149170155,0.13533600349027983,0.15999035800142175,2.182171439050309,408,6021,1021
full,Latest,pressure,absolute,202606,3.27676868623371,3.1168639089829977,0.1599047772507127,1.0513030988583931,4727,138667,1022
full,Latest,impose,absolute,202608,0.24000044998860887,0.08013168118964416,0.1598687687989647,2.9950756857404532,277,3565,1023
full,Latest,restrict,absolute,202608,0.2922841986488698,0.13275111054867839,0.1595330881001914,2.201745789099763,325,5906,1024
full,Latest,decomposition,absolute,202606,0.5603342772234682,0.40106299788690614,0.1592712793365621,1.3971228464747931,755,17843,1025
full,Latest,shortages,absolute,202604,0.22917660748170074,0.07008431471228906,0.15909229276941167,3.270012818453304,313,3118,1026
full,Latest,wise,absolute,202608,0.33816540947189655,0.17995350339531307,0.15821190607658345,1.8791821392275496,416,8006,1027
full,Latest,exert,absolute,202604,0.6468266657786308,0.48870210727215807,0.15812455850647278,1.3235602141948883,854,21742,1028
full,Latest,moderated,absolute,202607,0.3616758003561382,0.2041615877266586,0.15751421262947962,1.7715173769140513,520,9083,1029
full,Latest,compression,absolute,202607,0.6495392085692935,0.4924558213699618,0.15708338719933168,1.3189796533673654,869,21909,1030
full,Latest,readily,absolute,202608,0.7649805974547379,0.608011774524509,0.15696882293022885,1.2581674064667334,765,27050,1031
full,Latest,regarded,absolute,202608,0.5922834643848612,0.43540835801531474,0.1568751063695465,1.3602942007926009,710,19371,1032
full,Latest,identical,absolute,202608,0.6945364726288039,0.5378825051523659,0.15665396747643803,1.2912419831019837,816,23930,1033
full,Latest,equivalence,absolute,202608,0.24189824396014786,0.08579596833124033,0.15610227562890752,2.819459336669868,304,3817,1034
full,Latest,regime,absolute,202607,0.4680548258710339,0.31207524870603637,0.15597957716499758,1.4998139961811734,588,13884,1035
full,Latest,interoperability,absolute,202605,0.18585057643736946,0.03009714477221137,0.1557534316651581,6.175023506182052,208,1339,1036
full,Latest,multisystem,absolute,202608,0.24218035497782595,0.08658267487868423,0.1555976800991417,2.7970994811278147,272,3852,1037
full,Latest,legal,absolute,202512,0.4499604059541606,0.29461036335278157,0.15535004260137905,1.5273067818573474,579,13107,1038
full,Latest,exceedingly,absolute,202605,0.22273679942696958,0.06747694444076066,0.15525985498620892,3.300931914937473,262,3002,1039
full,Latest,uneventful,absolute,202604,0.2679610865795962,0.11378024409031662,0.15418084248927957,2.3550756875410968,316,5062,1040
full,Latest,diversification,absolute,202607,0.30332656077344167,0.14927194804500052,0.15405461272844115,2.032039942843104,392,6641,1041
full,Latest,assemblies,absolute,202607,0.34329251138148364,0.1893265499748591,0.15396596140662455,1.8132296364512526,413,8423,1042
full,Latest,unmet,absolute,202604,0.43011600852233867,0.2765161127615715,0.15359989576076713,1.555482623514276,586,12302,1043
full,Latest,inconsistently,absolute,202608,0.18485044985620872,0.03198524048607675,0.15286520937013195,5.779242145660106,233,1423,1044
full,Latest,norms,absolute,202604,0.3609356054584176,0.2081400751237321,0.15279553033468551,1.7340995252541052,495,9260,1045
full,Latest,dissemination,absolute,202605,0.639846164974312,0.48726355815683203,0.15258260681747993,1.3131418392843761,905,21678,1046
full,Latest,meaningfully,absolute,202607,0.20141238073491322,0.048843237931303435,0.15256914280360978,4.123649235093581,300,2173,1047
full,Latest,defines,absolute,202608,0.2740485038538681,0.12178217354431757,0.1522663303095505,2.2503170692231036,308,5418,1048
full,Latest,varies,absolute,202606,0.65544436234531,0.5032674170648339,0.15217694528047607,1.3023779011325738,960,22390,1049
full,Latest,perception,absolute,202606,1.1372167198656378,0.9851813706990471,0.15203534916659078,1.1543221925306122,1597,43830,1050
full,Latest,independence,absolute,202607,0.37073439185662393,0.21879432950911532,0.1519400623475086,1.694442413971147,554,9734,1051
full,Latest,recurring,absolute,202607,0.22308869956865238,0.07145543183783416,0.15163326773081823,3.1220677537145827,319,3179,1052
full,Latest,coexist,absolute,202608,0.23781636754534358,0.0864028562392685,0.15141351130607508,2.752413263825189,270,3844,1053
full,Latest,documents,absolute,202608,0.3720867057939295,0.2209746305120313,0.15111207528189818,1.683843547703865,444,9831,1054
full,Latest,right,absolute,202607,2.2990489372030445,2.1480460344707835,0.1510029027322609,1.0702977963735603,3039,95565,1055
full,Latest,moral,absolute,202606,0.2765971883288167,0.12650241282898103,0.15009477549983566,2.186497333475759,352,5628,1056
full,Latest,ordinal,absolute,202608,0.248676364987538,0.09858556905968563,0.15009079592785238,2.5224418478224178,322,4386,1057
full,Latest,purposive,absolute,202606,0.25967438918780894,0.10968937004360826,0.14998501914420068,2.3673614780044083,406,4880,1058
full,Latest,trigger,absolute,202608,0.7327595878725234,0.5828821196661578,0.1498774682063657,1.2571316963577595,796,25932,1059
full,Latest,squares,absolute,202607,0.39114802045824876,0.24160881938498888,0.14953920107325988,1.6189310533196155,582,10749,1060
full,Latest,disturbance,absolute,202608,0.48766570222202704,0.33846363404029783,0.1492020681817292,1.4408215630160286,564,15058,1061
full,Latest,explanatory,absolute,202607,0.3091605890868298,0.16006106640994558,0.14909952267688426,1.9315164894316847,476,7121,1062
full,Latest,homogeneous,absolute,202608,0.5493946432908553,0.4005909739584399,0.1488036693324154,1.3714603648255272,611,17822,1063
full,Latest,penalized,absolute,202608,0.18407944301657234,0.03587381856344238,0.14820562445312996,5.131303284344549,244,1596,1064
full,Latest,ordered,absolute,202608,0.4674065012829761,0.3192455169527394,0.14816098433023672,1.4640973058743696,494,14203,1065
full,Latest,lowers,absolute,202608,0.224177785482272,0.07604080714293582,0.14813697833933617,2.9481247491347555,240,3383,1066
full,Latest,stacking,absolute,202608,0.3004145834014849,0.15237381957492224,0.14804076382656267,1.9715629905422893,310,6779,1067
full,Latest,node,absolute,202607,0.9892035055786914,0.8415512324657158,0.1476522731129755,1.1754525065341055,1418,37440,1068
full,Latest,dominance,absolute,202606,0.32788150982738906,0.18029066334421762,0.14759084648317142,1.8186272308587912,472,8021,1069
full,Latest,standing,absolute,202608,0.5572303779508297,0.4096942925788623,0.1475360853719674,1.360112620664756,619,18227,1070
full,Latest,investment,absolute,202603,0.3532668618615665,0.2057799554814004,0.14748690638016607,1.7167214417708279,484,9155,1071
full,Latest,grading,absolute,202608,0.46780958870917283,0.3214482952855824,0.14636129342359047,1.4553183064590827,606,14301,1072
full,Latest,potency,absolute,202608,0.5213907009088652,0.37512415915118413,0.14626654175768106,1.3899150139746987,561,16689,1073
full,Latest,career,absolute,202608,0.3586002655172599,0.21283783707846862,0.14576242843879123,1.6848520471717245,404,9469,1074
full,Latest,fails,absolute,202604,0.2920046196677382,0.1466645777734721,0.1453400418942661,1.9909689449264854,383,6525,1075
full,Latest,worsening,absolute,202508,0.5144339436783978,0.3693250080300261,0.14510893564837163,1.3929030866942385,631,16431,1076
full,Latest,niches,absolute,202607,0.25883899869827803,0.11411740403922115,0.14472159465905687,2.2681816229303404,350,5077,1077
full,Latest,contrastive,absolute,202608,0.15196822616696146,0.007552382855461555,0.1444158433114999,20.121891206437535,165,336,1078
full,Latest,rarely,absolute,202608,1.0576412115471288,0.9132988695926008,0.14434234195452797,1.1580450242086857,1145,40632,1079
full,Latest,rule,absolute,202608,0.4957482020767629,0.35143305340815895,0.14431514866860398,1.4106476248293995,587,15635,1080
full,Latest,restricting,absolute,202608,0.2629575390933372,0.11874773400417675,0.14420980508916045,2.214421532322361,296,5283,1081
full,Latest,importantly,absolute,202605,1.4715786238661182,1.328455153343716,0.14312347052240199,1.1077367724173155,1978,59102,1082
full,Latest,administrative,absolute,202608,0.45917953360745034,0.31634594139216043,0.1428335922152899,1.4515107467056934,568,14074,1083
full,Latest,finite,absolute,202607,0.5833909918630559,0.4407130078780794,0.14267798398497647,1.3237435279524299,764,19607,1084
full,Latest,missed,absolute,202607,0.42062489882317466,0.2785615497849257,0.14206334903824896,1.5099890819387474,616,12393,1085
full,Latest,visibility,absolute,202608,0.2403791689947849,0.09912502497793287,0.14125414401685205,2.4250099210395955,278,4410,1086
full,Latest,probabilistic,absolute,202607,0.3207225959963236,0.17950395679677372,0.14121863919954988,1.786716024089827,459,7986,1087
full,Latest,coherence,absolute,202607,0.6379841307886274,0.49683890070572073,0.1411452300829066,1.284086511507897,898,22104,1088
full,Latest,controllable,absolute,202608,0.3279750438407616,0.187258635621578,0.1407164082191836,1.751454840798641,344,8331,1089
full,Latest,shot,absolute,202605,0.23781461389105782,0.09721445193414054,0.1406001619569173,2.4462886860913344,310,4325,1090
full,Latest,anomaly,absolute,202607,0.2965621082275307,0.15619496566250693,0.1403671425650238,1.8986662404236345,374,6949,1091
full,Latest,sustains,absolute,202608,0.16902474155362707,0.0287035503167393,0.14032119123688777,5.8886353670004175,176,1277,1092
full,Latest,fragmentation,absolute,202606,0.43602707449379996,0.29573422984912995,0.14029284464467,1.474388252980526,604,13157,1093
full,Latest,rigor,absolute,202605,0.18339366319552658,0.0435161107386118,0.13987755245691477,4.214385432951883,259,1936,1094
full,Latest,deployed,absolute,202608,0.35338092561434564,0.2137594076054743,0.13962151800887135,1.6531713367514764,410,9510,1095
full,Latest,reproduced,absolute,202608,0.25816469724478897,0.11859039269468793,0.139574304550101,2.176944450377497,321,5276,1096
full,Latest,coordinates,absolute,202608,0.2943539520546035,0.15491375785666972,0.1394401941979338,1.9001149809234343,324,6892,1097
full,Latest,outlining,absolute,202512,0.18782003453073015,0.04859598730210678,0.13922404722862336,3.8649288749523483,230,2162,1098
full,Latest,claims,absolute,202608,0.48392247478937667,0.34471233175999516,0.13921014302938148,1.40384439488607,586,15336,1099
full,Latest,retrieval,absolute,202607,0.39522102185137403,0.2561741291776647,0.13904689267370934,1.5427827279829496,554,11397,1100
full,Latest,reconstructed,absolute,202608,0.4750192124909223,0.336103514397966,0.1389156980929563,1.4133122450141122,561,14953,1101
full,Latest,adopts,absolute,202605,0.21939171840120908,0.08105325171664989,0.13833846668455918,2.7067602317568937,279,3606,1102
full,Latest,resamples,absolute,202608,0.14049537438911797,0.0022252556627699216,0.13827011872634806,63.13673378735915,188,99,1103
full,Latest,disproportionate,absolute,202608,0.22069211991840681,0.08336841669912767,0.13732370321927917,2.6471909705910974,261,3709,1104
full,Latest,suggestive,absolute,202606,0.4537404990263054,0.31648080537172224,0.13725969365458315,1.4337062195394912,618,14080,1105
full,Latest,manageable,absolute,202605,0.20219640769863714,0.06520673411813681,0.13698967358050035,3.1008516287951555,281,2901,1106
full,Latest,hierarchy,absolute,202608,0.2649567270437764,0.12807582592386885,0.13688090111990756,2.0687489237920094,310,5698,1107
full,Latest,positions,absolute,202608,0.7153688636811624,0.5790384962486461,0.13633036743251623,1.2354426662747728,796,25761,1108
full,Latest,propagation,absolute,202608,0.5148349443705562,0.3786755772796453,0.1361593670909109,1.3595673321978186,562,16847,1109
full,Latest,preclude,absolute,202608,0.19420852396710825,0.05814885252106857,0.13605967144603967,3.3398513564260335,240,2587,1110
full,Latest,metadata,absolute,202607,0.1747763817067269,0.03875091679409439,0.1360254649126325,4.5102515286389995,239,1724,1111
full,Latest,distortion,absolute,202608,0.2891069378004014,0.15325043544207403,0.13585650235832739,1.886499943484198,313,6818,1112
full,Latest,optimisation,absolute,202606,0.20990926541423627,0.07415271142907044,0.1357565539851658,2.830769925588244,298,3299,1113
full,Latest,monotonic,absolute,202608,0.17514621452371895,0.03956010067146527,0.1355861138522537,4.427345015581622,214,1760,1114
full,Latest,stakeholder,absolute,202605,0.2709263111998925,0.1354483901399146,0.1354779210599779,2.0002180234112252,392,6026,1115
full,Latest,criterion,absolute,202608,0.5433760310058944,0.40814335681390146,0.13523267419199292,1.3313362129612074,676,18158,1116
full,Latest,underutilized,absolute,202605,0.19613515684162247,0.06143054269040603,0.13470461415121646,3.19279544428075,256,2733,1117
full,Latest,whose,absolute,202608,1.3935356272047925,1.2592249771686521,0.13431065003614034,1.1066613611319367,1547,56022,1118
full,Latest,adaptively,absolute,202606,0.17989554691402646,0.0456964117415278,0.13419913517249865,3.936754332737722,247,2033,1119
full,Latest,cyclic,absolute,202608,0.6870157692396008,0.5528748842136544,0.13414088502594648,1.2426243058892665,708,24597,1120
full,Latest,subsets,absolute,202608,0.48055171457585777,0.3465779501439336,0.13397376443192413,1.3865617081995116,574,15419,1121
full,Latest,margins,absolute,202607,0.36303426924237725,0.22965087986384133,0.13338338937853594,1.5808093984121383,505,10217,1122
full,Latest,overload,absolute,202603,0.31213827128457644,0.1789195462186725,0.13321872506590393,1.7445733452905487,414,7960,1123
full,Latest,specified,absolute,202608,0.4220118096411292,0.28905846286082015,0.13295334678030904,1.4599531370383203,532,12860,1124
full,Latest,maintain,absolute,202605,1.30120039394584,1.1691583161512877,0.13204207779455232,1.112937722779253,1711,52015,1125
full,Latest,encounters,absolute,202608,0.31492616275295804,0.18294298827559996,0.13198317447735808,1.7214442910407042,385,8139,1126
full,Latest,throughput,absolute,202512,0.9731977390651408,0.8413714138263003,0.13182632523884052,1.1566802996542689,1224,37432,1127
full,Latest,suffer,absolute,202608,0.5871867133369004,0.45545813631017107,0.1317285770267294,1.2892221403572008,625,20263,1128
full,Latest,distinction,absolute,202608,0.2895854644455872,0.1578807654070296,0.13170469903855758,1.8342035757111517,323,7024,1129
full,Latest,attainment,absolute,202607,0.28650953552222397,0.15491375785666972,0.13159577766555428,1.8494776673567634,447,6892,1130
full,Latest,progressed,absolute,202604,0.3741392966011353,0.24257534457184843,0.13156395202928692,1.542363249082468,487,10792,1131
full,Latest,lagged,absolute,202608,0.21187677053482024,0.08080600108745323,0.13107076944736698,2.6220425176777917,251,3595,1132
full,Latest,redundancy,absolute,202608,0.23894224620991744,0.10789118364945072,0.13105106256046672,2.2146596054248953,284,4800,1133
full,Latest,decoding,absolute,202607,0.20257609426044287,0.07186002377651962,0.13071607048392325,2.8190373954014043,261,3197,1134
full,Latest,updates,absolute,202608,0.2484623842174442,0.11805093677644067,0.13041144744100355,2.104704892668244,270,5252,1135
full,Latest,points,absolute,202604,2.4957733098577313,2.3653793375346464,0.13039397232308472,1.0551260300003253,3571,105234,1136
full,Latest,unifying,absolute,202607,0.1761402146204346,0.04598861703057838,0.1301515975898562,3.8300828768848794,227,2046,1137
full,Latest,collective,absolute,202607,0.4200086712998526,0.28986764673819104,0.13014102456166157,1.4489670579870033,540,12896,1138
full,Latest,inaccessible,absolute,202608,0.19390892590045355,0.0644874595604738,0.12942146633997975,3.0069245590084592,203,2869,1139
full,Latest,immersive,absolute,202605,0.1642353922844363,0.03551418128461088,0.1287212109998254,4.624501715758355,226,1580,1140
full,Latest,hallmark,absolute,202602,0.4010035086139628,0.27249267070464406,0.12851083790931875,1.4716120898848402,484,12123,1141
full,Latest,everyday,absolute,202608,0.37741416904051556,0.2491387249105234,0.12827544412999217,1.5148755745461147,442,11084,1142
full,Latest,ambiguity,absolute,202608,0.19704298744022838,0.0688930162261597,0.12814997121406865,2.8601300717242832,223,3065,1143
full,Latest,predictable,absolute,202607,0.27072359813921226,0.1430007729953762,0.12772282514383607,1.8931617813560062,368,6362,1144
full,Latest,imposes,absolute,202604,0.18915153502703602,0.061497974680186925,0.1276535603468491,3.075736006115594,256,2736,1145
full,Latest,maturity,absolute,202608,0.2765966946515467,0.14906965207565778,0.1275270425758889,1.8554862830911063,328,6632,1146
full,Latest,dependency,absolute,202606,0.3387596039747218,0.21128690131350775,0.12747270266121408,1.6033156900345182,482,9400,1147
full,Latest,priors,absolute,202607,0.15514798061486312,0.02771454779995266,0.12743343281491046,5.598070072611041,212,1233,1148
full,Latest,mentorship,absolute,202607,0.17413181499081495,0.04673036891816836,0.1274014460726466,3.726309443346038,240,2079,1149
full,Latest,compressive,absolute,202605,0.31974716309271095,0.19251833082448866,0.1272288322682223,1.6608660677834972,417,8565,1150
full,Latest,repurposing,absolute,202603,0.2153613289989858,0.0886955438918193,0.1266657851071665,2.428096379471543,281,3946,1151
full,Latest,narratives,absolute,202605,0.22250793618709078,0.09591076679837632,0.12659716938871446,2.3199474221163,296,4267,1152
full,Latest,affording,absolute,202608,0.18456602673921282,0.05810389786121463,0.1264621288779982,3.176482706548572,148,2585,1153
full,Latest,guides,absolute,202603,0.22851495324320437,0.10213698718814672,0.12637796605505763,2.237337907982899,298,4544,1154
full,Latest,multilevel,absolute,202607,0.4148739769769472,0.28849652961264594,0.1263774473643013,1.4380553469186745,609,12835,1155
full,Latest,slope,absolute,202608,0.43873387085293475,0.3123674539950869,0.12636641685784783,1.4045441202073357,547,13897,1156
full,Latest,coexisting,absolute,202608,0.25463629364780216,0.12834555388299246,0.1262907397648097,1.9839899859713408,283,5710,1157
full,Latest,framing,absolute,202607,0.17729587153891194,0.05111344825392729,0.12618242328498466,3.4686736582145863,250,2274,1158
full,Latest,optimism,absolute,202608,0.1777156284929836,0.05178776815173637,0.12592786034124723,3.431613966685781,237,2304,1159
full,Latest,plausibility,absolute,202608,0.15785974347493037,0.032344877764908256,0.1255148657100221,4.880517546620511,197,1439,1160
full,Latest,reflective,absolute,202607,0.2640672884538505,0.1386401709895442,0.1254271174643063,1.9046953460102527,374,6168,1161
full,Latest,uncharacterized,absolute,202607,0.21555744891528103,0.09020152499692623,0.1253559239183548,2.3897317581119224,289,4013,1162
full,Latest,sharply,absolute,202607,0.21642724161800728,0.09114557285385892,0.12528166876414837,2.3745228083104224,312,4055,1163
full,Latest,orientation,absolute,202608,0.71572375245156,0.5907941398004507,0.12492961265110929,1.2114604804531508,803,26284,1164
full,Latest,avoidance,absolute,202607,0.4627582107589307,0.3378567461322696,0.12490146462666106,1.3696876444129449,648,15031,1165
full,Latest,ordering,absolute,202608,0.26217827072538386,0.13760621381290364,0.1245720569124802,1.9052792999729988,296,6122,1166
full,Latest,combinations,absolute,202606,0.8810762020076116,0.7565644480118464,0.1245117539957652,1.1645752114350152,1278,33659,1167
full,Latest,emotion,absolute,202608,0.4308579502176119,0.3064559162242941,0.12440203399331785,1.4059377789994056,494,13634,1168
full,Latest,inequalities,absolute,202603,0.2862398996178643,0.1620165941135919,0.1242233055042724,1.7667319892996753,399,7208,1169
full,Latest,discordance,absolute,202608,0.19295381535645242,0.06898292554586757,0.12397088981058484,2.7971242713989435,235,3069,1170
full,Latest,explainability,absolute,202607,0.13011250872325908,0.00615878839998948,0.12395372032326961,21.126315806446822,199,274,1171
full,Latest,agnostic,absolute,202606,0.15186803887515193,0.02798427575907629,0.12388376311607564,5.426906173403318,208,1245,1172
full,Latest,consolidated,absolute,202607,0.22139710382729347,0.09761904387282597,0.12377805995446751,2.2679704189248198,342,4343,1173
full,Latest,codes,absolute,202605,0.4947535497890992,0.3711681490840376,0.12358540070506155,1.3329633779462045,698,16513,1174
full,Latest,cycle,absolute,202608,2.3736297793560355,2.250250453648711,0.12337932570732416,1.0548291526871012,2694,100112,1175
full,Latest,epistemic,absolute,202608,0.14503364628509513,0.02178053269923287,0.12325311358586226,6.658865891292152,153,969,1176
full,Latest,marginal,absolute,202606,0.4141122596218464,0.2909915132345395,0.12312074638730691,1.4231076879828843,618,12946,1177
full,Latest,destructive,absolute,202606,0.3080624222017748,0.185055857288735,0.12300656491303981,1.664699657256013,417,8233,1178
full,Latest,tuned,absolute,202608,0.39831443611854894,0.2753472916053692,0.12296714451317976,1.4465892647653773,436,12250,1179
full,Latest,trace,absolute,202607,0.5219934419544061,0.39906251552340605,0.12293092643100006,1.3080492946569167,691,17754,1180
full,Latest,lifelong,absolute,202608,0.25377844064370986,0.13088549216473996,0.12289294847896988,1.9389348387389627,287,5823,1181
full,Latest,nodes,absolute,202607,0.7424132404188183,0.6196550314266788,0.12275820899213954,1.1981073383839134,1056,27568,1182
full,Latest,constituents,absolute,202608,0.42805472708959774,0.3053994817177265,0.12265524537187125,1.4016223101689431,495,13587,1183
full,Latest,linguistic,absolute,202606,0.24267014460821423,0.1202312377793567,0.12243890682885755,2.018361859116449,340,5349,1184
full,Latest,projections,absolute,202606,0.29744304202924354,0.17500849081137992,0.12243455121786362,1.69959206350634,413,7786,1185
full,Latest,remodel,absolute,202608,0.1501437248587475,0.028074185078784158,0.12206953977996332,5.348106256242218,165,1249,1186
full,Latest,responsibility,absolute,202607,0.3222221132781421,0.20029548697921987,0.1219266262989222,1.6087337669848336,459,8911,1187
full,Latest,operationally,absolute,202607,0.14970405223105715,0.028568686337177483,0.12113536589387969,5.240144767743197,202,1271,1188
full,Latest,compliant,absolute,202606,0.23430682567599875,0.11364538011075481,0.12066144556524395,2.0617364775202613,336,5056,1189
full,Latest,engages,absolute,202608,0.1658659270855615,0.04549411577218507,0.12037181131337642,3.645876489085898,173,2024,1190
full,Latest,applies,absolute,202608,0.24963609739599774,0.12940198838956002,0.12023410900643772,1.9291519435116968,292,5757,1191
full,Latest,trait,absolute,202607,0.7004590235630944,0.5803646587143373,0.12009436484875713,1.2069291488472063,1021,25820,1192
full,Latest,isolate,absolute,202608,0.6127336481567218,0.4928154586487933,0.11991818950792855,1.2433328488451265,705,21925,1193
full,Latest,evolve,absolute,202603,0.33902782461869013,0.2191314894580199,0.1198963351606702,1.5471433405450352,429,9749,1194
full,Latest,transforms,absolute,202608,0.179899216747219,0.060419062843692424,0.11948015390352658,2.977524117059356,189,2688,1195
full,Latest,uncontrolled,absolute,202608,0.3789315414748523,0.259568205996637,0.11936333547821529,1.4598534516964754,443,11548,1196
full,Latest,organisational,absolute,202607,0.2027778040192795,0.083862917957521,0.11891488606175847,2.4179674277729317,319,3731,1197
full,Latest,blueprint,absolute,202608,0.15166334083300176,0.03288433368315551,0.11877900714984622,4.6120241417781545,161,1463,1198
full,Latest,seeking,absolute,202606,0.6795434728586328,0.5608543363377283,0.11868913652090451,1.2116220359388177,1014,24952,1199
full,Latest,reinforces,absolute,202512,0.18291900073983855,0.06437507291083895,0.1185439278289996,2.8414569874458366,232,2864,1200
full,Latest,drove,absolute,202607,0.17066185678463947,0.05214740543056786,0.1185144513540716,3.272681648790154,230,2320,1201
full,Latest,experiential,absolute,202607,0.18565826460297696,0.06743198978090671,0.11822627482207025,2.753266887217762,271,3000,1202
full,Latest,summaries,absolute,202608,0.1675910677680184,0.04962994447874735,0.11796112328927107,3.3768135251447773,204,2208,1203
full,Latest,constrains,absolute,202607,0.14634683219841782,0.028411345027688707,0.1179354871707291,5.150999787436789,195,1264,1204
full,Latest,upper,absolute,202607,1.5787559776713227,1.4608915812734171,0.11786439639790564,1.0806797697438757,2214,64994,1205
full,Latest,unseen,absolute,202605,0.15136364453574347,0.03394076818972306,0.11742287634602039,4.459641092671996,194,1510,1206
full,Latest,opportunistic,absolute,202604,0.3356103002920725,0.218344782910576,0.11726551738149653,1.537065808572688,441,9714,1207
full,Latest,adopt,absolute,202508,0.40125703368654825,0.2840010636272522,0.11725597005929606,1.4128715877388158,494,12635,1208
full,Latest,footprint,absolute,202606,0.21569042490084483,0.09845070508012381,0.11723971982072101,2.190846929184568,296,4380,1209
full,Latest,explaining,absolute,202606,0.4107533611019249,0.2936438381659219,0.11710952293600302,1.3988148488572436,586,13064,1210
full,Latest,resolves,absolute,202608,0.15661755174363895,0.03951514601161135,0.1171024057320276,3.9634815393980216,165,1758,1211
full,Latest,coping,absolute,202608,0.46362680448124965,0.3466004274738606,0.11702637700738905,1.3376406020624851,550,15420,1212
full,Latest,approaching,absolute,202608,0.23995275718926534,0.1230633813501548,0.11688937583911053,1.9498306852671534,265,5475,1213
full,Latest,restructuring,absolute,202605,0.15576276630261848,0.03920046339263378,0.11656230290998468,3.973492985082623,209,1744,1214
full,Latest,responsibilities,absolute,202608,0.2261724796462889,0.1097792793633161,0.11639320028297277,2.060247443397472,268,4884,1215
full,Latest,intermittent,absolute,202606,0.43734273147946556,0.32126847664616665,0.11607425483329895,1.361299857505593,617,14293,1216
full,Latest,compensation,absolute,202608,0.31609661631435787,0.20022805498943905,0.11586856132491884,1.5786829489555312,353,8908,1217
full,Latest,descriptor,absolute,202608,0.16106490323730413,0.04535925179262326,0.11570565144468088,3.550872134612635,186,2018,1218
full,Latest,routinely,absolute,202608,0.597549878888705,0.48184652164443253,0.11570335724427253,1.240124919547833,750,21437,1219
full,Latest,replacement,absolute,202608,1.0974432409952275,0.9817872938800752,0.1156559471151522,1.1178014299391408,1260,43679,1220
full,Latest,reframing,absolute,202607,0.12855053432697378,0.013486397956181343,0.11506413637079242,9.531865717195007,171,600,1221
full,Latest,tractable,absolute,202607,0.16089624570322977,0.04592118504079747,0.1149750606624323,3.5037476833467105,216,2043,1222
full,Latest,read,absolute,202607,0.4418803605701144,0.3269327637877627,0.11494759678235171,1.3515939958130752,612,14545,1223
full,Latest,interpersonal,absolute,202607,0.3661126947884297,0.2512740712535854,0.11483862353484434,1.4570253626326186,535,11179,1224
full,Latest,prioritizes,absolute,202608,0.12866509105233723,0.013890989894866786,0.11477410115747044,9.262485397090638,149,618,1225
full,Latest,agency,absolute,202607,0.3984390910280838,0.28377629032798246,0.11466280070010129,1.404060538558653,576,12625,1226
full,Latest,weakened,absolute,202608,0.2504480875424158,0.13578555008881915,0.11466253745359663,1.8444384353018,290,6041,1227
full,Latest,timepoints,absolute,202603,0.18457515855051818,0.06994945073272725,0.11462570781779094,2.6386934653106717,267,3112,1228
full,Latest,evaluable,absolute,202608,0.19476990983869955,0.08046884113854867,0.11430106870015085,2.4204388566171957,243,3580,1229
full,Latest,panels,absolute,202604,0.2509675389667453,0.13708923522458338,0.1138783037421619,1.8306874245494427,345,6099,1230
full,Latest,investigational,absolute,202608,0.1912245661956045,0.07745687892833486,0.11376768726726964,2.468787392950993,222,3446,1231
full,Latest,purely,absolute,202607,0.2232078081037601,0.1094421194144116,0.11376568868934847,2.039505533135422,311,4869,1232
full,Latest,multilayer,absolute,202604,0.2388625259271661,0.12519872769321683,0.11366379823394927,1.9078670392918657,313,5570,1233
full,Latest,modes,absolute,202604,0.7957715771042014,0.6821195312937254,0.11365204581047601,1.1666160263655265,1000,30347,1234
full,Latest,portable,absolute,202608,0.33507469400701295,0.2214916091003516,0.11358308490666139,1.512809877394498,373,9854,1235
full,Latest,universally,absolute,202608,0.23361177160418356,0.12002894181001396,0.1135828297941696,1.9462953524488495,275,5340,1236
full,Latest,largest,absolute,202608,1.1400691185508587,1.026517180434743,0.11355193811611562,1.1106186435847327,1414,45669,1237
full,Latest,contrasts,absolute,202608,0.2055082917125905,0.09208962071079162,0.11341867100179888,2.2316118811911645,239,4097,1238
full,Latest,similarity,absolute,202605,0.7807366251499397,0.6675542215010497,0.11318240364889004,1.1695478809112918,1058,29699,1239
full,Latest,profiled,absolute,202602,0.20803437100217265,0.09503415093122454,0.1130002200709481,2.189048557425693,263,4228,1240
full,Latest,intention,absolute,202608,0.4997832368919318,0.3869472346927697,0.11283600219916214,1.2916056559720661,633,17215,1241
full,Latest,terminology,absolute,202605,0.2615823550471506,0.14886735610631507,0.1127149989408355,1.7571505391708506,357,6623,1242
full,Latest,confers,absolute,202608,0.2896195649385497,0.17691906385517225,0.11270050108337741,1.6370172813916493,325,7871,1243
full,Latest,tiered,absolute,202607,0.14438701321944264,0.03194028582622282,0.11244672739321984,4.520529778756758,217,1421,1244
full,Latest,overhead,absolute,202607,0.15239725329857148,0.040279375229128285,0.11211787806944319,3.7835058868630225,207,1792,1245
full,Latest,decentralized,absolute,202608,0.14699975245456035,0.03492977070650969,0.11206998174805065,4.2084373725122886,167,1554,1246
full,Latest,synthesises,absolute,202608,0.11741114614601147,0.005394559182472538,0.11201658696353893,21.764734091247348,135,240,1247
full,Latest,modifies,absolute,202608,0.20448264140158603,0.09251668997940402,0.11196595142218199,2.2102243546230174,242,4116,1248
full,Latest,weakens,absolute,202608,0.14577604770403338,0.033850858870015176,0.11192518883401821,4.306420946771328,151,1506,1249
full,Latest,safeguards,absolute,202608,0.12862845828877031,0.017060293414569404,0.1115681648742009,7.539639276011646,140,759,1250
full,Latest,prioritise,absolute,202607,0.1401192748114941,0.02868107298681233,0.11143820182468178,4.885426527658902,216,1276,1251
full,Latest,connect,absolute,202608,0.24959254565842184,0.13834796570049362,0.1112445799579282,1.8040926326214226,275,6155,1252
full,Latest,classifications,absolute,202606,0.25666699888092404,0.14567557525668548,0.11099142362423856,1.7619082569515703,373,6481,1253
full,Latest,weakly,absolute,202608,0.3436953787863414,0.23291009270325178,0.1107852860830896,1.4756568717021634,386,10362,1254
full,Latest,accumulating,absolute,202607,0.39577644585898336,0.28555199939221304,0.11022444646677032,1.386004814189286,539,12704,1255
full,Latest,inefficient,absolute,202602,0.23652873560731116,0.1263675488494192,0.11016118675789197,1.8717521844881324,283,5622,1256
full,Latest,illumination,absolute,202606,0.31893537981403036,0.2088818270113221,0.11005355280270827,1.5268699262992516,400,9293,1257
full,Latest,framed,absolute,202608,0.16382678719892052,0.05381072784516356,0.11001605935375698,3.044500488272899,185,2394,1258
full,Latest,adequacy,absolute,202607,0.22202414689783803,0.11222930832535576,0.10979483857248228,1.9783080748763426,343,4993,1259
full,Latest,scheduling,absolute,202607,0.17756888688719283,0.06783658171959216,0.10973230516760067,2.6175977973239837,263,3018,1260
full,Latest,session,absolute,202607,0.6469498849932648,0.5372306625844837,0.10971922240878111,1.2042311246363882,1010,23901,1261
full,Latest,ecologically,absolute,202607,0.20871119674675748,0.09928236628742168,0.1094288304593358,2.1021980493750543,305,4417,1262
full,Latest,weakening,absolute,202608,0.1717685555296388,0.06237459054733873,0.10939396498230004,2.7538225745830958,186,2775,1263
full,Latest,automation,absolute,202602,0.18829670406177657,0.07921011066263843,0.10908659339913813,2.3771801666045613,222,3524,1264
full,Latest,synthesise,absolute,202608,0.1644456100885763,0.0554515729298323,0.10899403715874398,2.965571604193512,210,2467,1265
full,Latest,balances,absolute,202608,0.14551572352156888,0.03742475432840324,0.10809096919316565,3.8882212090068635,160,1665,1266
full,Latest,programming,absolute,202607,0.3430634804924336,0.23497800705653288,0.10808547343590072,1.4599812330942812,470,10454,1267
full,Latest,rankings,absolute,202608,0.14374758551586375,0.03580638657366147,0.10794119894220228,4.014579500228093,189,1593,1268
full,Latest,shielding,absolute,202608,0.19056257688767755,0.08291887010058831,0.10764370678708925,2.298181061277215,203,3689,1269
full,Latest,moderation,absolute,202607,0.1771959429285503,0.06972467743345756,0.1074712654950927,2.5413662630086598,263,3102,1270
full,Latest,individualised,absolute,202608,0.1580524697131372,0.05073133364516881,0.10732113606796838,3.1154802832231208,190,2257,1271
full,Latest,infrastructures,absolute,202605,0.14240349763208826,0.035221975995560276,0.10718152163652798,4.043029773515211,179,1567,1272
full,Latest,favoring,absolute,202604,0.23925656703171727,0.1321442226406502,0.10711234439106707,1.8105715274616718,332,5879,1273
full,Latest,misalignment,absolute,202605,0.14881606660109234,0.041875265653943075,0.10694080094714926,3.5537939706677286,194,1863,1274
full,Latest,alter,absolute,202608,0.8921788663519084,0.7852679983285857,0.10691086802332266,1.136145708536294,1038,34936,1275
full,Latest,organize,absolute,202608,0.1889378997799343,0.0821995955429253,0.106738304237009,2.2985259055352576,206,3657,1276
full,Latest,suspected,absolute,202607,1.040123452280603,0.9337532398261424,0.10637021245446052,1.1139168336104148,1442,41542,1277
full,Latest,ethically,absolute,202605,0.14547169272888888,0.03915550873277983,0.10631618399610905,3.715229285403315,195,1742,1278
full,Latest,intersecting,absolute,202608,0.13480608566772156,0.02861364099703142,0.10619244467069014,4.7112524296263905,164,1273,1279
full,Latest,converging,absolute,202608,0.15520950894749674,0.0490904885605001,0.10611902038699665,3.1617022665442294,171,2184,1280
full,Latest,validity,absolute,202608,1.0833456099323033,0.9772468732348272,0.10609873669747624,1.108569021404258,1318,43477,1281
full,Latest,converged,absolute,202608,0.14434669566840555,0.0385261434948247,0.10582055217358086,3.7467206051339126,177,1714,1282
full,Latest,methodologically,absolute,202607,0.1348562282501374,0.02919805157513261,0.1056581766750048,4.618672170748261,215,1299,1283
full,Latest,learners,absolute,202608,0.22392098571315389,0.1182981874056374,0.10562279830751647,1.8928522120575038,257,5263,1284
full,Latest,learner,absolute,202608,0.15843343534248377,0.05282172532837694,0.10561171001410682,2.999399098714597,191,2350,1285
full,Latest,orchestrates,absolute,202607,0.12859748380582847,0.023039263175143133,0.10555822063068533,5.581666515471346,157,1025,1286
full,Latest,implicating,absolute,202512,0.18759330790313428,0.08208720889329046,0.10550609900984381,2.2852928054478845,237,3652,1287
full,Latest,ranges,absolute,202608,0.6654667584489112,0.5600676297902842,0.10539912865862701,1.1881900025146845,786,24917,1288
full,Latest,advocacy,absolute,202607,0.21303029169707022,0.107733842339962,0.10529644935710822,1.9773757908386633,291,4793,1289
full,Latest,skill,absolute,202606,0.3591099791847346,0.25390391885504077,0.1052060603296938,1.4143538264557398,516,11296,1290
full,Latest,genuine,absolute,202608,0.15823494868262022,0.05304649862764662,0.10518845005497361,2.9829480319395065,174,2360,1291
full,Latest,threatens,absolute,202608,0.1684876630052461,0.06349845704368717,0.10498920596155892,2.653413497737842,176,2825,1292
full,Latest,aggregate,absolute,202608,0.37682052345080425,0.2720431241061047,0.10477739934469954,1.385149963591189,447,12103,1293
full,Latest,deliberate,absolute,202608,0.16111092093895354,0.05641809811669196,0.10469282282226157,2.8556602635863575,182,2510,1294
full,Latest,linearity,absolute,202608,0.30638207934266615,0.20171155876461902,0.1046705205780471,1.518911862161499,343,8974,1295
full,Latest,dissect,absolute,202603,0.19766772450355943,0.09321348720714005,0.10445423729641937,2.120591455443567,259,4147,1296
full,Latest,decoupled,absolute,202608,0.13320227343084773,0.028973278275862924,0.10422899515498481,4.597418081674794,144,1289,1297
full,Latest,elevates,absolute,202603,0.13796081602653146,0.034008200179503956,0.10395261584702749,4.056692659368595,179,1513,1298
full,Latest,reprogram,absolute,202608,0.1330676489824593,0.029130619585351708,0.10393702939710757,4.567964941239086,136,1296,1299
full,Latest,bounded,absolute,202608,0.15477067094448083,0.051158402913781244,0.10361226803069959,3.0253225693014767,180,2276,1300
full,Latest,conferred,absolute,202603,0.2792465605664663,0.17579519735882385,0.10345136320764245,1.5884766180300307,384,7821,1301
full,Latest,irregular,absolute,202605,0.33029766178611325,0.2268636909528972,0.10343397083321602,1.4559300362202587,437,10093,1302
full,Latest,packing,absolute,202608,0.25467625688054873,0.15133986239828165,0.10333639448226707,1.6828101522275494,260,6733,1303
full,Latest,failures,absolute,202608,0.33030725438605113,0.22702103226238593,0.10328622212366517,1.454963230033635,395,10100,1304
full,Latest,processed,absolute,202607,0.6771167946795003,0.5740260516749319,0.10309074300456833,1.179592446551447,975,25538,1305
full,Latest,participatory,absolute,202601,0.20850837819199167,0.10548610934726509,0.10302226884472657,1.976642986287157,287,4693,1306
full,Latest,illustrative,absolute,202608,0.16070968280751438,0.05772178325245615,0.10298789955505822,2.7842120210427823,185,2568,1307
full,Latest,credible,absolute,202608,0.19183894100333587,0.08901022651079687,0.102828714492539,2.1552460714170403,242,3960,1308
full,Latest,proxy,absolute,202606,0.31399623375944596,0.21148919728285046,0.10250703647659552,1.4846915955688285,472,9409,1309
full,Latest,recordings,absolute,202507,0.4815949052911046,0.3791251238781846,0.10246978141292,1.2702795857070244,676,16867,1310
full,Latest,repeat,absolute,202607,0.7149316069976464,0.6125521951697567,0.1023794118278896,1.1671358173804556,979,27252,1311
full,Latest,weakness,absolute,202607,0.39682825022813323,0.2947002726724894,0.1021279775556438,1.3465486361091432,535,13111,1312
full,Latest,authority,absolute,202607,0.22358871797706456,0.12198446951366027,0.1016042484634043,1.832927739641695,316,5427,1313
full,Latest,anchor,absolute,202607,0.21366593194075387,0.11252151361440636,0.10114441832634749,1.8988895996631685,282,5006,1314
full,Latest,incidentally,absolute,202604,0.19923295737044508,0.09813602246114624,0.10109693490929884,2.0301715147394006,217,4366,1315
full,Latest,connecting,absolute,202608,0.2751021225650999,0.17401948829459327,0.10108263427050668,1.5808696213345164,304,7742,1316
full,Latest,characterizes,absolute,202608,0.193912812467092,0.09292128191808947,0.10099153054900253,2.0868503798519162,220,4134,1317
full,Latest,discordant,absolute,202608,0.20155203435054753,0.10060852875311281,0.1009435055974347,2.003329507433151,253,4476,1318
full,Latest,truth,absolute,202605,0.20901733375138712,0.10818338893850135,0.10083394481288578,1.9320649482538075,279,4813,1319
full,Latest,nested,absolute,202608,0.333874060521125,0.23306743401274063,0.10080662650838434,1.4325212869631274,423,10369,1320
full,Latest,instructional,absolute,202605,0.14762869417434002,0.046865232897730175,0.10076346127660986,3.150068505932681,206,2085,1321
full,Latest,principle,absolute,202607,0.6153032434869858,0.5145510366881724,0.10075220679881344,1.1958060515187947,802,22892,1322
full,Latest,characterise,absolute,202608,0.23863945987118465,0.13801080575158914,0.10062865411959554,1.7291360525835988,302,6140,1323
full,Latest,inferential,absolute,202607,0.1675011573907127,0.06711730716192917,0.10038385022878354,2.4956477617106203,258,2986,1324
full,Latest,tunability,absolute,202510,0.16040627632779808,0.06010438022471487,0.10030189610308322,2.6687951148997815,194,2674,1325
full,Latest,observable,absolute,202608,0.2120051926639448,0.11180223905674336,0.10020295360720143,1.8962517607214027,239,4974,1326
full,Latest,undermine,absolute,202607,0.14724687603617737,0.04706752886707289,0.10017934716910447,3.128417394761234,207,2094,1327
full,Latest,conceptualized,absolute,202607,0.1512881699818724,0.051338221553196985,0.0999499484286754,2.946891524575051,215,2284,1328
full,Latest,undefined,absolute,202604,0.17686472768553285,0.07709724164950335,0.0997674860360295,2.294047412092754,243,3430,1329
full,Latest,centralized,absolute,202606,0.1684043481164271,0.0687581522465979,0.09964619586982922,2.4492273659776775,249,3059,1330
full,Latest,reframes,absolute,202608,0.10057396711940275,0.0011238664963484455,0.0994501006230543,89.48924756292462,114,50,1331
full,Latest,imprecise,absolute,202608,0.13218039322896988,0.0331091069824252,0.09907128624654468,3.992266940305372,167,1473,1332
full,Latest,dominate,absolute,202608,0.18258284734248575,0.08426750989620643,0.09831533744627934,2.1667051461159326,205,3749,1333
full,Latest,deductive,absolute,202607,0.14488001031885994,0.04709000619699986,0.09779000412186009,3.0766615258608816,236,2095,1334
full,Latest,narrowing,absolute,202608,0.1926763580837697,0.09539378821005605,0.09728256987371367,2.019799839162468,214,4244,1335
full,Latest,intergroup,absolute,202604,0.16696188205799467,0.06972467743345755,0.09723720462453712,2.3945880885191104,244,3102,1336
full,Latest,fairness,absolute,202602,0.1270909181060053,0.029894848802868648,0.09719606930313666,4.251264789598466,156,1330,1337
full,Latest,transferability,absolute,202608,0.13713458419669744,0.04014451124956647,0.09699007294713097,3.416023260170552,164,1786,1338
full,Latest,reversibility,absolute,202608,0.17041579252087585,0.07361325551082318,0.09680253701005267,2.315015024648924,180,3275,1339
full,Latest,fluctuating,absolute,202607,0.18812125537312405,0.09168502877210619,0.09643622660101787,2.0518208686035466,259,4079,1340
full,Latest,harmonization,absolute,202605,0.1413953354346321,0.04637073163933685,0.09502460379529523,3.049236672269469,189,2063,1341
full,Latest,translates,absolute,202608,0.15598736657078197,0.061340633370698144,0.09464673320008382,2.5429696108305215,181,2729,1342
full,Latest,authentic,absolute,202607,0.1650717305439566,0.07127561319841841,0.09379611734553821,2.3159636674668347,231,3171,1343
full,Latest,orchestrate,absolute,202607,0.1432084484557808,0.04974233112838221,0.09346611732739858,2.87900557145518,173,2213,1344
full,Latest,translatable,absolute,202606,0.11849976033429074,0.025219564178059116,0.09328019615623163,4.69872355833115,155,1122,1345
full,Latest,specialization,absolute,202606,0.16294074501720773,0.06981458675316542,0.09312615826404232,2.3339068895916646,225,3106,1346
full,Latest,intensifying,absolute,202605,0.11517369668070061,0.022409897937188002,0.09276379874351261,5.139411924298689,156,997,1347
full,Latest,reform,absolute,202607,0.17509915363484838,0.0825592328217568,0.09253992081309159,2.1208912395404984,247,3673,1348
full,Latest,invariance,absolute,202608,0.1583480855562014,0.0667351925531707,0.09161289300303067,2.3727823281552514,178,2969,1349
full,Latest,organizes,absolute,202608,0.10688757059560618,0.01564422162917036,0.09124334896643581,6.832399407862045,111,696,1350
full,Latest,contextualize,absolute,202603,0.11600779444837236,0.024792494909446707,0.09121529953892565,4.679149672999219,164,1103,1351
full,Latest,trustworthy,absolute,202605,0.11857328381194589,0.02789436643936841,0.09067891737257748,4.2507968076521285,156,1241,1352
full,Latest,interoperable,absolute,202605,0.10211639519670392,0.012272622140125025,0.08984377305657888,8.32066644200158,117,546,1353
full,Latest,refines,absolute,202602,0.09943017392249963,0.009710206528450567,0.08971996739404907,10.239758920798716,119,432,1354
full,Latest,frontiers,absolute,202607,0.11489761057556039,0.02548929213718274,0.08940831843837764,4.507681498457638,151,1134,1355
full,Latest,loadings,absolute,202608,0.17296094739420115,0.08361566732832433,0.08934528006587682,2.0685231957194654,188,3720,1356
full,Latest,realities,absolute,202607,0.1192735244424348,0.03110862461892497,0.08816489982350983,3.8340982895744804,169,1384,1357
full,Latest,longstanding,absolute,202608,0.14458507180886715,0.05644057544661893,0.08814449636224822,2.561722141646387,150,2511,1358
full,Latest,anchors,absolute,202608,0.13352240580656827,0.04540420645247719,0.08811819935409108,2.9407496846425665,148,2020,1359
full,Latest,unstructured,absolute,202605,0.15208581873136026,0.06408286762178836,0.0880029511095719,2.37326799463716,186,2851,1360
full,Latest,reproduces,absolute,202607,0.13113727692554608,0.043403724088976955,0.08773355283656913,3.021336986123972,165,1931,1361
full,Latest,operationalized,absolute,202607,0.1296207289770427,0.042100038953212765,0.08752069002382992,3.07887432410917,197,1873,1362
full,Latest,embodied,absolute,202608,0.1392471810397691,0.05178776815173637,0.08745941288803272,2.688804441847729,158,2304,1363
full,Latest,correlational,absolute,202607,0.1706511987891151,0.0835707126684704,0.0870804861206447,2.0419976489383043,255,3718,1364
full,Latest,underdeveloped,absolute,202606,0.12092259624865531,0.03418801881891972,0.08673457742973559,3.5369875303138802,167,1521,1365
full,Latest,constraining,absolute,202608,0.12099618591452867,0.03427792813862759,0.08671825777590107,3.529857038768303,137,1525,1366
full,Latest,unremarkable,absolute,202605,0.14553193778591447,0.059002991058293396,0.08652894672762108,2.4665179709640954,178,2625,1367
full,Latest,paradoxically,absolute,202605,0.145742636402552,0.05922776435756307,0.08651487204498892,2.4607148012997966,195,2635,1368
full,Latest,enrolling,absolute,202607,0.16333905930835244,0.0775692655779697,0.08576979373038274,2.105718780386933,268,3451,1369
full,Latest,unreported,absolute,202602,0.16432964923827173,0.07869313207431815,0.08563651716395358,2.0882336857945627,178,3501,1370
full,Latest,reconstructs,absolute,202608,0.09859845932703228,0.012991896697788032,0.08560656262924424,7.589227471599232,108,578,1371
full,Latest,toolkit,absolute,202605,0.15666414429084294,0.07118570387871055,0.0854784404121324,2.2007809961080733,204,3167,1372
full,Latest,dissecting,absolute,202606,0.1440556409083919,0.058598399119607944,0.08545724178878396,2.458354546757381,185,2607,1373
full,Latest,recalibration,absolute,202608,0.09812981091635609,0.012699691408737434,0.08543011950761864,7.726944518418961,117,565,1374
full,Latest,credibility,absolute,202608,0.14525019926333488,0.05992456158529911,0.08532563767803576,2.4238842207728077,171,2666,1375
full,Latest,legacy,absolute,202606,0.15202949777581193,0.06682510187287857,0.08520439590293337,2.275035780192565,206,2973,1376
full,Latest,clearest,absolute,202608,0.08963062424664074,0.004697761954736502,0.08493286229190423,19.079430824771993,108,209,1377
full,Latest,learns,absolute,202608,0.12148789268464887,0.037020162389717795,0.08446773029493107,3.281668281346914,136,1647,1378
full,Latest,preliminarily,absolute,202606,0.14197106162314144,0.05778921524223707,0.08418184638090435,2.4567051313646737,212,2571,1379
full,Latest,purposively,absolute,202608,0.13759226453316098,0.05441761575319171,0.08317464877996927,2.528450808230989,183,2421,1380
full,Latest,checks,absolute,202606,0.138134235871131,0.05502450366121987,0.08310973220991111,2.510413119246092,206,2448,1381
full,Latest,misclassification,absolute,202605,0.12845258150300368,0.0456964117415278,0.08275616976147586,2.810999301861355,182,2033,1382
full,Latest,comparators,absolute,202608,0.12242746826950526,0.039672487321100125,0.08275498094840514,3.085953932724335,163,1765,1383
full,Latest,unlabelled,absolute,202608,0.08801346111428049,0.00555190049196132,0.08246156062231917,15.852852773877432,71,247,1384
full,Latest,separates,absolute,202608,0.11846409629851846,0.03632336516198176,0.08214073113653671,3.2613744836205374,135,1616,1385
full,Latest,complements,absolute,202607,0.135951968032911,0.05383320517509054,0.08211876285782047,2.5254295669509585,196,2395,1386
full,Latest,remodels,absolute,202608,0.09231141737383253,0.010204707786843884,0.08210670958698864,9.045963814156666,97,454,1387
full,Latest,underappreciated,absolute,202606,0.11862590654211944,0.036638047780959325,0.0819878587611601,3.2377791319920965,162,1630,1388
full,Latest,realism,absolute,202605,0.10471478041920518,0.0230617405050701,0.08165303991413507,4.540627815848667,141,1026,1389
full,Latest,precludes,absolute,202608,0.12076071712810953,0.03926789538241469,0.08149282174569485,3.0753040353211727,149,1747,1390
full,Latest,scholarship,absolute,202608,0.12619361955816513,0.04535925179262326,0.08083436776554187,2.7820921768089635,135,2018,1391
full,Latest,destabilization,absolute,202608,0.14520561301789983,0.06446498223054685,0.080740630787353,2.252472706788305,160,2868,1392
full,Latest,unreliable,absolute,202606,0.14748573811116641,0.06704987517214825,0.08043586293901817,2.199642247394225,210,2983,1393
full,Latest,regionally,absolute,202604,0.1284432102899665,0.048910669921084345,0.07953254036888216,2.6260775102284457,177,2176,1394
full,Latest,replicable,absolute,202607,0.10422722640510476,0.02494983621893549,0.07927739018616928,4.177471366565617,148,1110,1395
full,Latest,learnable,absolute,202608,0.08376586171324885,0.004495465985393782,0.07927039572785506,18.63341019271695,100,200,1396
full,Latest,reprograms,absolute,202607,0.08826477393269574,0.009350569249619065,0.07891420468307668,9.439508074472748,110,416,1397
full,Latest,reconfiguration,absolute,202608,0.10080090758628968,0.022275033957626186,0.07852587362866348,4.5252863711922195,106,991,1398
full,Latest,refinements,absolute,202605,0.11422365427082497,0.036345842491908725,0.07787781177891624,3.142688308745445,160,1617,1399
full,Latest,underpins,absolute,202602,0.11048521282459735,0.03319901630213308,0.07728619652246427,3.3279664619911804,128,1477,1400
full,Latest,summarises,absolute,202608,0.1266078509250294,0.04938269384955069,0.0772251570754787,2.56381013378397,123,2197,1401
full,Latest,onward,absolute,202607,0.11777296790261729,0.04057158051817888,0.07720138738443842,2.9028439710364955,184,1805,1402
full,Latest,recapitulated,absolute,202607,0.13910633046089496,0.062104862588215105,0.07700146787267985,2.239862140638429,192,2763,1403
full,Latest,remodeled,absolute,202608,0.0992056163170225,0.02254476191674982,0.07666085440027268,4.4003842969535585,111,1003,1404
full,Latest,threaten,absolute,202605,0.14891507692626618,0.07251186634440171,0.07640321058186447,2.053664930081657,186,3226,1405
full,Latest,reconfigurable,absolute,202606,0.10270653012702893,0.026545726643750277,0.07616080348327865,3.8690419556177176,125,1181,1406
full,Latest,masking,absolute,202605,0.14554945379247713,0.06945494947433392,0.0760945043181432,2.0955951288433785,199,3090,1407
full,Latest,redefine,absolute,202602,0.0917320220018122,0.01564422162917036,0.07608780037264183,5.863636055293912,102,696,1408
full,Latest,symbolic,absolute,202607,0.11828921584886831,0.0422124256028476,0.07607679024602071,2.802236880718095,160,1878,1409
full,Latest,offline,absolute,202606,0.14677696680699107,0.07096093057944085,0.07581603622755022,2.0684194190868745,211,3157,1410
full,Latest,complementing,absolute,202605,0.12034708695555976,0.045359251792623255,0.0749878351629365,2.653198238493249,163,2018,1411
full,Latest,cutoffs,absolute,202608,0.13896142449039056,0.06406039029186139,0.07490103419852918,2.169225380258806,179,2850,1412
full,Latest,decouples,absolute,202608,0.07987026477844796,0.005417036512399507,0.07445322826604846,14.744272924065816,82,241,1413
full,Latest,spillover,absolute,202606,0.11711483358820157,0.04281931351087577,0.07429552007732579,2.7350936758585656,154,1905,1414
full,Latest,interindividual,absolute,202607,0.13436843935299767,0.06039658551376545,0.0739718538392322,2.2247688045605276,194,2687,1415
full,Latest,enriches,absolute,202601,0.10416463561389686,0.030254486081700158,0.07391014953219671,3.4429484385425497,128,1346,1416
full,Latest,standardisation,absolute,202608,0.1056714674940597,0.03182789917658797,0.07384356831747173,3.320089299886614,126,1416,1417
full,Latest,textual,absolute,202607,0.10298259309363358,0.029265483564913517,0.07371710952872007,3.5189096693109065,150,1302,1418
full,Latest,timelines,absolute,202604,0.09420579746100884,0.020611711543030486,0.07359408591797835,4.570498537413453,123,917,1419
full,Latest,centrality,absolute,202606,0.14118983156401854,0.06779162705973822,0.07339820450428032,2.082703096056414,217,3016,1420
full,Latest,dialogue,absolute,202607,0.14651000094368036,0.07318618624221075,0.07332381470146959,2.0018805250871163,203,3256,1421
full,Latest,accommodates,absolute,202608,0.0921760764384719,0.01980252766565961,0.07237354877281228,4.654763169366418,88,881,1422
full,Latest,derives,absolute,202608,0.11511494697984986,0.04281931351087577,0.0722956334689741,2.6883884289880444,139,1905,1423
full,Latest,enlarging,absolute,202607,0.10502484840088377,0.032996720332790365,0.07202812806809342,3.182887491291543,128,1468,1424
full,Latest,implicates,absolute,202601,0.12239999343715857,0.05095610694443852,0.07144388649272004,2.4020672060096935,157,2267,1425
full,Latest,intensify,absolute,202606,0.10695237243947772,0.035514181284610875,0.07143819115486684,3.0115398573420777,152,1580,1426
full,Latest,manifold,absolute,202608,0.13270883459082827,0.06129567871084421,0.07141315587998405,2.165060202969086,136,2727,1427
full,Latest,motivating,absolute,202608,0.130069061820485,0.05893555906851248,0.07113350275197251,2.2069708657430387,146,2622,1428
full,Latest,reusable,absolute,202605,0.12366953166467923,0.0528442026583039,0.07082532900637532,2.3402667737147866,158,2351,1429
full,Latest,trusted,absolute,202606,0.11312192410563346,0.042392244242263365,0.07072967986337009,2.6684580193292864,164,1886,1430
full,Latest,moderates,absolute,202607,0.10766247509750516,0.03699768505979083,0.07066479003771434,2.9099786898427604,149,1646,1431
full,Latest,paradoxical,absolute,202512,0.13838152137425097,0.06781410438966518,0.07056741698458581,2.0406008841331866,171,3017,1432
full,Latest,dignity,absolute,202608,0.10130460173239841,0.030928805979509217,0.0703757957528892,3.2754126298801896,115,1376,1433
full,Latest,connects,absolute,202607,0.12399698826371008,0.053630909205747805,0.07036607905796227,2.3120433738688306,167,2386,1434
full,Latest,digitally,absolute,202604,0.13146566779484511,0.06127320138091724,0.07019246641392789,2.1455655136666065,174,2726,1435
full,Latest,permissive,absolute,202606,0.1301613851814481,0.06019428954442275,0.06996709563702536,2.162354372259687,177,2678,1436
full,Latest,routing,absolute,202606,0.09923450387988643,0.029400347544475326,0.0698341563354111,3.3752833611837274,132,1308,1437
full,Latest,tunes,absolute,202604,0.08906480398488595,0.01930802640726629,0.06975677757761965,4.612838314296469,105,859,1438
full,Latest,provisional,absolute,202608,0.11431740445266689,0.044729886554668134,0.06958751789799876,2.555727574067286,139,1990,1439
full,Latest,interchangeable,absolute,202608,0.09691467049674622,0.0273998651809751,0.06951480531577112,3.5370491736593737,122,1219,1440
full,Latest,anticipatory,absolute,202608,0.11731469474115418,0.048011576724005585,0.06930311801714858,2.443466820836511,131,2136,1441
full,Latest,unmeasured,absolute,202608,0.10204532683955557,0.0328169016933746,0.06922842514618098,3.1095356835638595,128,1460,1442
full,Latest,charted,absolute,202608,0.08127093681654658,0.012047848840855335,0.06922308797569124,6.745680319373658,112,536,1443
full,Latest,decouple,absolute,202608,0.08333529457397089,0.014228149843771324,0.06910714473019956,5.857071754867179,90,633,1444
full,Latest,structuring,absolute,202608,0.13694519519426007,0.06826365098820458,0.06868154420605549,2.006121753111669,157,3037,1445
full,Latest,scenes,absolute,202607,0.13420962419427213,0.06579114469623801,0.06841847949803412,2.039934474676291,179,2927,1446
full,Latest,iterations,absolute,202606,0.12437907375758168,0.056035983507933484,0.0683430902496482,2.21962863808703,183,2493,1447
full,Latest,informational,absolute,202607,0.1195892825480593,0.051562994852466675,0.06802628769559262,2.3192850394014375,171,2294,1448
full,Latest,undermining,absolute,202602,0.0892768776359515,0.02128603144083956,0.06799084619511193,4.194153235377832,113,947,1449
full,Latest,neutrality,absolute,202601,0.09315136921772614,0.02548929213718274,0.06766207708054339,3.6545294673695827,120,1134,1450
full,Latest,coinciding,absolute,202608,0.11024853054188181,0.04268444953131396,0.06756408101056785,2.5828734293738944,125,1899,1451
full,Latest,rebound,absolute,202607,0.12782373947247527,0.06032915352398455,0.06749458594849073,2.1187723017140874,183,2684,1452
full,Latest,asynchronous,absolute,202606,0.12150955105918096,0.054057978474360224,0.06745157258482072,2.2477635029732586,168,2405,1453
full,Latest,representational,absolute,202605,0.092551077549985,0.025219564178059116,0.06733151337192589,3.669812725411961,118,1122,1454
full,Latest,lifecycle,absolute,202606,0.09781206071502442,0.030704032680239527,0.0671080280347849,3.185642151103305,141,1366,1455
full,Latest,stakes,absolute,202607,0.08594140460333737,0.01888095713865388,0.06706044746468347,4.551750420925141,125,840,1456
full,Latest,intersect,absolute,202607,0.08750636304758616,0.020544279553249584,0.06696208349433656,4.259402858142322,123,914,1457
full,Latest,unevenly,absolute,202608,0.0911531705113526,0.024230561661272482,0.06692260885008013,3.7619091041146606,111,1078,1458
full,Latest,traceability,absolute,202608,0.08895968689982654,0.02211769264813741,0.06684199425168914,4.022105213010006,103,984,1459
full,Latest,proxies,absolute,202607,0.12196049777522455,0.05626075680720317,0.06569974096802138,2.167772079447209,177,2503,1460
full,Latest,undermines,absolute,202608,0.08371871390070976,0.01831902389047966,0.06539969001023009,4.570042290529361,93,815,1461
full,Latest,dictates,absolute,202608,0.10271242392043195,0.03733484500869536,0.06537757891173658,2.7511142445217067,107,1661,1462
full,Latest,reverses,absolute,202608,0.12093643270796946,0.05569882355902896,0.0652376091489405,2.171256500234739,130,2478,1463
full,Latest,principled,absolute,202606,0.07942138281382373,0.014228149843771316,0.06519323297005242,5.581989484640702,104,633,1464
full,Latest,imbalanced,absolute,202606,0.11498173953810695,0.05014692306706763,0.06483481647103932,2.2928972009773716,163,2231,1465
full,Latest,emotionally,absolute,202608,0.12301712517861901,0.05832867116048431,0.06468845401813471,2.1090335632737496,144,2595,1466
full,Latest,denser,absolute,202606,0.09853083242030566,0.03389581352986911,0.06463501889043655,2.906873214105923,135,1508,1467
full,Latest,embed,absolute,202606,0.09282771336414929,0.02823152638827295,0.06459618697587634,3.288086945334591,130,1256,1468
full,Latest,phased,absolute,202608,0.11189242024441189,0.047314779496269554,0.06457764074814233,2.3648513516423306,127,2105,1469
full,Latest,reparative,absolute,202608,0.09834746149088827,0.03387333619994215,0.06447412529094612,2.903388698130544,112,1507,1470
full,Latest,unequal,absolute,202608,0.12199613516780605,0.05796903388165281,0.06402710128615323,2.104505233205513,150,2579,1471
full,Latest,optional,absolute,202608,0.11466162815225445,0.05093362961451155,0.0637279985377429,2.251196881511584,134,2266,1472
full,Latest,redefining,absolute,202604,0.0731983930907719,0.009710206528450569,0.06348818656232133,7.538294152271957,93,432,1473
full,Latest,multidomain,absolute,202608,0.08635236531543482,0.022881921865654346,0.06347044344978048,3.7738248483860657,101,1018,1474
full,Latest,likeness,absolute,202606,0.08726107513022768,0.023848447052514012,0.06341262807771367,3.6589835362478644,120,1061,1475
full,Latest,grounding,absolute,202607,0.07654097350237025,0.013531352616035284,0.06300962088633497,5.656564844202318,109,602,1476
full,Latest,weaken,absolute,202608,0.11365142003718315,0.050843720294803676,0.06280769974237947,2.2353088912102788,121,2262,1477
full,Latest,imposing,absolute,202602,0.10691291834250742,0.04443768126561753,0.0624752370768899,2.4059067732057486,130,1977,1478
full,Latest,nominally,absolute,202608,0.08878638742904277,0.026568203973677245,0.06221818345536552,3.341828733210905,116,1182,1479
full,Latest,smoothing,absolute,202608,0.10452575502696998,0.042392244242263365,0.06213351078470661,2.465681090852982,124,1886,1480
full,Latest,emulation,absolute,202608,0.06916347560889834,0.007125313586849144,0.06203816202204919,9.706727257106284,79,317,1481
full,Latest,turnaround,absolute,202608,0.10512403224765482,0.04313399612985333,0.06199003611780148,2.437150314827839,126,1919,1482
full,Latest,attains,absolute,202606,0.07582635388185735,0.013958421884647696,0.06186793199720965,5.432301338108693,105,621,1483
full,Latest,exposes,absolute,202607,0.10491681408683444,0.043089041469999395,0.061827772616835044,2.434883917292113,139,1917,1484
full,Latest,reviewer,absolute,202608,0.1099698857680591,0.048595987302106784,0.06137389846595233,2.2629416927864656,153,2162,1485
full,Latest,liability,absolute,202606,0.11402309733067405,0.052754293338596034,0.061268803992078014,2.161399387891196,165,2347,1486
full,Latest,contextually,absolute,202607,0.08245549237576946,0.02133098610069349,0.06112450627507597,3.865526515583298,129,949,1487
full,Latest,conceptually,absolute,202608,0.11757890972211309,0.0565304847663268,0.06104842495578629,2.0799204218420333,144,2515,1488
full,Latest,anonymized,absolute,202608,0.09467116474534616,0.03364856290067246,0.0610226018446737,2.8135277285037983,122,1497,1489
full,Latest,counterfactual,absolute,202606,0.08249549950740703,0.02164566871967106,0.060849830787735974,3.8111781426478695,118,963,1490
full,Latest,precluded,absolute,202608,0.10579589301946832,0.04495465985393781,0.0608412331655305,2.3533910247171206,134,2000,1491
full,Latest,evidentiary,absolute,202608,0.0675881337259048,0.006833108297798548,0.060755025428106256,9.89127213857857,79,304,1492
full,Latest,extrapolation,absolute,202608,0.12131276584372933,0.06059888148310817,0.06071388436062115,2.001897772280583,145,2696,1493
full,Latest,tensions,absolute,202607,0.1103027792552898,0.04978728578823613,0.06051549346705367,2.215480870446495,152,2215,1494
full,Latest,replaces,absolute,202608,0.08487321958779992,0.024904881559081556,0.059968338028718364,3.407894929612742,92,1108,1495
full,Latest,multilingual,absolute,202608,0.06977469325970215,0.010227185116770853,0.0595475081429313,6.822472895819931,85,455,1496
full,Latest,distributional,absolute,202607,0.09627585187710512,0.036817866420375066,0.05945798545673006,2.614922080977129,135,1638,1497
full,Latest,trustworthiness,absolute,202605,0.08562787108425063,0.026343430674407555,0.05928444040984308,3.250444945556672,120,1172,1498
full,Latest,dominates,absolute,202608,0.11423032706134181,0.055046980991146854,0.05918334607019495,2.0751424511312138,124,2449,1499
full,Latest,underpowered,absolute,202608,0.08501350966997759,0.025871406745941215,0.05914210292403638,3.2860025937056854,112,1151,1500
full,Latest,recursive,absolute,202606,0.10565525915391194,0.04691018755758412,0.05874507159632782,2.2522881415516816,155,2087,1501
full,Latest,prohibitive,absolute,202608,0.08976055908594607,0.031041192629144065,0.058719366456802015,2.8916594848121706,91,1381,1502
full,Latest,iteratively,absolute,202607,0.11662989426100734,0.05796903388165281,0.05866086037935453,2.0119344148311,177,2579,1503
full,Latest,extremes,absolute,202605,0.11510721385821221,0.056552962096253774,0.058554251761958435,2.035387884056337,151,2516,1504
full,Latest,scalar,absolute,202608,0.10711624037411706,0.0485735099721798,0.05854273040193725,2.20523986089264,115,2161,1505
full,Latest,steering,absolute,202607,0.11582962262007164,0.057474532623259494,0.058355089996812146,2.015320827040467,157,2557,1506
full,Latest,complementarity,absolute,202607,0.10770732617275888,0.04965242180867432,0.058054904364084566,2.1692260367034573,147,2209,1507
full,Latest,consequential,absolute,202608,0.09133792235341338,0.03344626693132974,0.05789165542208364,2.7308854091532546,105,1488,1508
full,Latest,recovers,absolute,202608,0.08976067709229071,0.03189533116636889,0.057865345925921824,2.8142262146171495,104,1419,1509
full,Latest,disconnect,absolute,202606,0.07771591754664735,0.01995986897514839,0.05775604857149895,3.893608602511859,110,888,1510
full,Latest,extractable,absolute,202608,0.09773585946212916,0.04003212459993162,0.05770373486219754,2.4414357328987757,126,1781,1511
full,Latest,ceiling,absolute,202607,0.1131611486481245,0.05569882355902896,0.05746232508909555,2.0316613784166853,174,2478,1512
full,Latest,contextualized,absolute,202608,0.07985553948425385,0.022926876525508285,0.05692866295874557,3.483053585402579,103,1020,1513
full,Latest,obscured,absolute,202608,0.08649015856971358,0.02969255283352593,0.056797605736187654,2.9128569394025745,94,1321,1514
full,Latest,conversational,absolute,202607,0.07823919823970263,0.02160071405981712,0.05663848417988551,3.6220653642764358,112,961,1515
full,Latest,tabular,absolute,202606,0.07230062618205665,0.015891472258367016,0.05640915392368963,4.549649334345951,106,707,1516
full,Latest,deliberately,absolute,202608,0.08493669727758271,0.028568686337177483,0.056368010940405236,2.973069754595312,99,1271,1517
full,Latest,authorship,absolute,202605,0.08253083670896826,0.026208566694845746,0.05632227001412251,3.1490022964590056,113,1166,1518
full,Latest,omission,absolute,202608,0.10215022403934472,0.0458312757210896,0.056318948318255124,2.228832220621333,120,2039,1519
full,Latest,tiers,absolute,202608,0.07054063685183641,0.014228149843771321,0.05631248700806509,4.957822178314848,90,633,1520
full,Latest,conceptualizes,absolute,202608,0.06111180930331099,0.005214740543056787,0.055897068760254194,11.719050794325492,71,232,1521
full,Latest,exhausted,absolute,202607,0.10438468850429208,0.04873085128166859,0.055653837222623494,2.1420657706334625,147,2168,1522
full,Latest,parsimonious,absolute,202608,0.0902514970013496,0.03472747473716697,0.055524022264182626,2.5988499792862343,120,1545,1523
full,Latest,authenticity,absolute,202607,0.0891370767590308,0.0337609495503073,0.055376127208723515,2.6402419939702044,123,1502,1524
full,Latest,submission,absolute,202608,0.10619877247611693,0.05100106160429246,0.055197710871824485,2.0822855277031884,132,2269,1525
full,Latest,predominating,absolute,202608,0.06648334020008885,0.01148591559268111,0.05499742460740774,5.788249065877901,84,511,1526
full,Latest,coexists,absolute,202608,0.06968706334294329,0.014992379061288265,0.05469468428165503,4.648165781965977,78,667,1527
full,Latest,exclusions,absolute,202606,0.08296670603274635,0.02845629968754264,0.0545104063452037,2.91558308507226,131,1266,1528
full,Latest,reanalysis,absolute,202608,0.08212754079946925,0.027669593140098724,0.05445794765937052,2.9681513704822122,91,1231,1529
full,Latest,splits,absolute,202608,0.07429104478914152,0.019914914315294453,0.05437613047384707,3.7304225171627654,89,886,1530
full,Latest,deduplication,absolute,202608,0.0573905616313313,0.003101871529921709,0.05428869010140959,18.501914433825643,77,138,1531
full,Latest,mismatches,absolute,202608,0.09462845510362157,0.04048167119847101,0.05414678390515057,2.3375629587939466,102,1801,1532
full,Latest,privileged,absolute,202608,0.09966187715797477,0.04562897975174689,0.05403289740622788,2.1841793899448136,92,2030,1533
full,Latest,bounds,absolute,202608,0.10267132397104022,0.04875332861159557,0.05391799535944466,2.1059346488727892,110,2169,1534
full,Latest,momentary,absolute,202608,0.09947552956380784,0.04601109436050535,0.053464435203302484,2.1619900797055345,121,2047,1535
full,Latest,semantics,absolute,202608,0.07548601546865472,0.02209521531821044,0.053390800150444284,3.4163964632850012,88,983,1536
full,Latest,synergizes,absolute,202603,0.06682695086044722,0.01357630727588922,0.053250643584558,4.922321622693988,85,604,1537
full,Latest,prioritised,absolute,202606,0.08684501713684098,0.03360360824081852,0.05324140889602246,2.584395595689328,130,1495,1538
full,Latest,contested,absolute,202608,0.07002723670374905,0.016813042785372746,0.053214193918376305,4.165054332977274,82,748,1539
full,Latest,retraining,absolute,202605,0.07155752445504154,0.018408933210187536,0.05314859124485401,3.887108700869287,96,819,1540
full,Latest,steeper,absolute,202605,0.09565276149652104,0.042549585551752145,0.05310317594476889,2.2480303922157043,133,1893,1541
full,Latest,enforces,absolute,202604,0.06359772249311259,0.010586822395602356,0.053010900097510236,6.007253179153204,79,471,1542
full,Latest,umbrella,absolute,202606,0.10455453141182364,0.05156299485246669,0.05299153655935695,2.027704785398475,159,2294,1543
full,Latest,lever,absolute,202608,0.07863708991545472,0.02582645208608727,0.05281063782936746,3.044827437130499,89,1149,1544
full,Latest,materially,absolute,202608,0.060862393751812086,0.008159270763489712,0.05270312298832237,7.459293301572125,82,363,1545
full,Latest,depleting,absolute,202601,0.10139469335252113,0.04942764850940462,0.05196704484311651,2.05137602961688,130,2199,1546
full,Latest,mere,absolute,202606,0.10072170928768703,0.049225352540061905,0.051496356747625135,2.0461348490234776,134,2190,1547
full,Latest,avoidable,absolute,202608,0.10180221658332256,0.05037169636633732,0.05143052021698523,2.0210202142676996,121,2241,1548
full,Latest,disagreements,absolute,202608,0.09072957368899658,0.03935780470212255,0.05137176898687402,2.3052498577011225,123,1751,1549
full,Latest,enablers,absolute,202510,0.09483508293760919,0.043920702677297245,0.050914380260311934,2.159234191547435,136,1954,1550
full,Latest,nominate,absolute,202607,0.05785552973260961,0.006990449607287327,0.05086508012532227,8.276367470312211,82,311,1551
full,Latest,vicious,absolute,202608,0.08304295611331292,0.03221001378534644,0.050832942327966466,2.5781720140427975,87,1433,1552
full,Latest,elaborates,absolute,202607,0.067332035597049,0.016565792156176085,0.05076624344087291,4.064522539113601,84,737,1553
full,Latest,forecasts,absolute,202512,0.08585594546256195,0.035132066675852405,0.050723878786709545,2.443805718995005,114,1563,1554
full,Latest,legitimacy,absolute,202606,0.07201092073451443,0.02142089542040137,0.050590025314113066,3.3617138462816483,102,953,1555
full,Latest,unity,absolute,202607,0.09492012759486257,0.04443768126561753,0.05048244632924505,2.1360279135064704,128,1977,1556
full,Latest,unproven,absolute,202607,0.06797548106425784,0.017689658652524535,0.05028582241173331,3.8426677642282767,95,787,1557
full,Latest,obscuring,absolute,202607,0.06019850615498047,0.010047366477355102,0.05015113967762537,5.99147112735031,81,447,1558
full,Latest,autonomously,absolute,202607,0.0898745596053595,0.04025689789920132,0.049617661706158195,2.2325257110072205,115,1791,1559
full,Latest,checklists,absolute,202605,0.0924751116922642,0.04297665482036455,0.04949845687189965,2.151752203115742,135,1912,1560
full,Latest,auditable,absolute,202608,0.05038391440106718,0.0013036851357641967,0.04908022926530299,38.64730295596493,60,58,1561
full,Latest,redesign,absolute,202608,0.0831552567665941,0.03414306415906577,0.049012192607528336,2.4354948454301066,98,1519,1562
full,Latest,reprogrammed,absolute,202604,0.08696546740187129,0.038009164906504425,0.048956302495366866,2.2880131046233294,110,1691,1563
full,Latest,sentiment,absolute,202303,0.07647403292249758,0.027579683820390853,0.04889434910210673,2.7728393632256587,91,1227,1564
full,Latest,decode,absolute,202608,0.07612948621728036,0.027309955861267225,0.048819530356013136,2.787609273483016,81,1215,1565
full,Latest,commitments,absolute,202607,0.07836669124859891,0.029557688853964113,0.0488090023946348,2.651313221266581,105,1315,1566
full,Latest,partitioned,absolute,202608,0.0971052234093064,0.04841616866269103,0.04868905474661537,2.0056362593625594,118,2154,1567
full,Latest,demonstrations,absolute,202608,0.08392968146779861,0.03549170395468391,0.048437977513114704,2.364769005595243,92,1579,1568
full,Latest,traceable,absolute,202608,0.06495140019935237,0.0167006561357379,0.04825074406361447,3.8891525980444697,77,743,1569
full,Latest,diverge,absolute,202608,0.07910383968041723,0.030928805979509224,0.048175033700908004,2.557610524403194,91,1376,1570
full,Latest,traditions,absolute,202608,0.07488332902898748,0.026770499943019974,0.04811282908596751,2.7972331181103787,86,1191,1571
full,Latest,horizons,absolute,202606,0.08365756866963855,0.035671522594099656,0.04798604607553889,2.345220012657272,115,1587,1572
full,Latest,mistrust,absolute,202604,0.07015674553928032,0.02231998861748013,0.047836756921800186,3.1432249694041663,96,993,1573
full,Latest,infrastructural,absolute,202606,0.059694846685722655,0.012092803500709274,0.047602043185013376,4.936394334218811,87,538,1574
full,Latest,embeds,absolute,202605,0.05552027593607078,0.008136793433562745,0.047383482502508026,6.823360625951258,70,362,1575
full,Latest,compactness,absolute,202606,0.07364641035919987,0.02629847601455362,0.04734793434464625,2.800406012821573,101,1170,1576
full,Latest,negotiation,absolute,202608,0.07221308677482068,0.025017268208716394,0.047195818566104275,2.8865296631252706,78,1113,1577
full,Latest,curation,absolute,202605,0.07740143350345682,0.030209531421846212,0.047191902081610615,2.562152733275548,98,1344,1578
full,Latest,disorganization,absolute,202608,0.07986915969877686,0.033154061642279145,0.04671509805649771,2.4090309223810182,91,1475,1579
full,Latest,pruning,absolute,202606,0.07387439838361616,0.027175091881705415,0.04669930650191074,2.7184599303360315,99,1209,1580
full,Latest,panoramic,absolute,202607,0.08715316206646266,0.04070644449774069,0.04644671756872197,2.1410163216613003,128,1811,1581
full,Latest,synergized,absolute,202605,0.06511498763460304,0.01874609315909207,0.046368894475510965,3.4735231006265175,85,834,1582
full,Latest,generalisability,absolute,202608,0.06319514507718518,0.01688047477515365,0.04631467030203153,3.743682918812333,81,751,1583
full,Latest,disengagement,absolute,202607,0.07748876118430778,0.03128844325834072,0.046200317925967065,2.476593691303296,107,1392,1584
full,Latest,voting,absolute,202607,0.08169430969148257,0.03558161327439178,0.046112696417090794,2.2959698050082027,119,1583,1585
full,Latest,deployments,absolute,202603,0.061317507600087334,0.015329539010192796,0.04598796858989453,3.9999576999227817,84,682,1586
full,Latest,arguing,absolute,202608,0.07853259504732163,0.032637083053958856,0.04589551199336278,2.406238171391842,79,1452,1587
full,Latest,perpetuating,absolute,202603,0.06240328159286202,0.01688047477515365,0.045522806817708365,3.6967728943686664,82,751,1588
full,Latest,abolishes,absolute,202605,0.07569459316170334,0.03023200875177318,0.04546258440993016,2.50378973435775,87,1345,1589
full,Latest,adjudicated,absolute,202608,0.08366123217844267,0.038256415535701076,0.04540481664274159,2.186854962937382,112,1702,1590
full,Latest,redirect,absolute,202608,0.06277726493492482,0.017419930693400903,0.04535733424152392,3.6037608897437456,66,775,1591
full,Latest,firmness,absolute,202606,0.08116851993010099,0.03591877322329632,0.04524974670680468,2.259779848980378,108,1598,1592
full,Latest,separable,absolute,202608,0.07568754282976295,0.03045678205104287,0.04523076077872008,2.4850800949002863,85,1355,1593
full,Latest,recoverable,absolute,202608,0.06264697200054557,0.017532317343035748,0.04511465465750982,3.573228271813733,65,780,1594
full,Latest,pillars,absolute,202605,0.08825077867205586,0.04320142811963424,0.045049350552421624,2.0427745681848775,112,1922,1595
full,Latest,hierarchies,absolute,202608,0.07124024052277446,0.026320953344480588,0.04491928717829387,2.7065980320090985,78,1171,1596
full,Latest,thoughtful,absolute,202603,0.0694446359288899,0.024635153599957927,0.04480948232893198,2.8189244141351124,82,1096,1597
full,Latest,reconcile,absolute,202608,0.08123138611518965,0.03661557045103235,0.044615815664157295,2.218492983028191,87,1629,1598
full,Latest,redefines,absolute,202605,0.046858065629243766,0.0026073702715283934,0.04425069535771537,17.971389081527118,56,116,1599
full,Latest,generalizes,absolute,202605,0.06363971562415707,0.01960023169631689,0.044039483927840184,3.2468858843192,77,872,1600
full,Latest,subjectivity,absolute,202511,0.07000463568976743,0.02625352135469968,0.04375111433506775,2.6664855637446063,89,1168,1601
full,Latest,upgrading,absolute,202607,0.0803335782369628,0.036862821080229,0.0434707571567338,2.1792574708843673,104,1640,1602
full,Latest,interruptions,absolute,202608,0.0831655838015745,0.0399871699400777,0.04317841386149681,2.079806696152824,97,1779,1603
full,Latest,evaluative,absolute,202608,0.07936994405258961,0.036278410502127816,0.043091533550461796,2.1878010352171953,96,1614,1604
full,Latest,precluding,absolute,202606,0.0740095268534228,0.03110862461892497,0.04290090223449782,2.379067791007353,106,1384,1605
full,Latest,interpretative,absolute,202608,0.0825574792252228,0.039672487321100125,0.04288499190412268,2.0809756281984857,97,1765,1606
full,Latest,endowing,absolute,202605,0.061568950051203934,0.0187236158291651,0.04284533422203884,3.288304492730523,74,833,1607
full,Latest,cooperatively,absolute,202608,0.08222706879975285,0.039762396640808,0.042464672158944845,2.0679605795029845,84,1769,1608
full,Latest,granularity,absolute,202608,0.06434169921960962,0.021915396678794684,0.04242630254081495,2.935913055220515,76,975,1609
full,Latest,unifies,absolute,202603,0.0505724759530114,0.00840652139268637,0.04216595456032503,6.015862399042866,62,374,1610
full,Latest,curiosity,absolute,202405,0.0660974222764001,0.02393835637222189,0.04215906590417821,2.7611512356420453,66,1065,1611
full,Latest,debriefing,absolute,202608,0.07540195161251345,0.03335635761162186,0.04204559400089159,2.2604971589056917,92,1484,1612
full,Latest,intersected,absolute,202607,0.05233824942893284,0.010451958416040541,0.0418862910128923,5.007506473486321,85,465,1613
full,Latest,sectoral,absolute,202603,0.07283257855277891,0.03097376063936316,0.04185881791341575,2.3514283396449853,100,1378,1614
full,Latest,piecewise,absolute,202607,0.07221753471129255,0.030411827391188934,0.04180570732010361,2.3746529198115787,111,1353,1615
full,Latest,plateaued,absolute,202608,0.06443693628857618,0.022747057886092534,0.04168987840248364,2.832759146754213,75,1012,1616
full,Latest,normalised,absolute,202608,0.07943761064611109,0.0378068689371617,0.04163074170894938,2.1011422759748575,93,1682,1617
full,Latest,sparsity,absolute,202507,0.08001363558418308,0.03841375684518987,0.04159987873899321,2.0829422101733925,112,1709,1618
full,Latest,readable,absolute,202608,0.055130112665684815,0.01380108057515891,0.0413290320905259,3.994622911260702,64,614,1619
full,Latest,volatility,absolute,202602,0.07701695804065353,0.03594125055322329,0.04107570748743025,2.1428569361158885,92,1599,1620
full,Latest,adjudication,absolute,202607,0.05662745979386233,0.015576789639389452,0.041050670154472876,3.635374239802721,92,693,1621
full,Latest,provenance,absolute,202608,0.06042005072981157,0.019397935726974173,0.041022115002837395,3.1147670339887408,74,863,1622
full,Latest,backdrop,absolute,202605,0.06417224848079331,0.023151649824777975,0.04102059865601534,2.7718218341447605,86,1030,1623
full,Latest,controllability,absolute,202608,0.07085226060790027,0.030074667442284396,0.04077759316561587,2.3558784396825407,76,1338,1624
full,Latest,ascertainment,absolute,202608,0.07011458519759824,0.02937787021454836,0.040736714983049885,2.3866462982356174,90,1307,1625
full,Latest,timeliness,absolute,202604,0.07789414007903217,0.037199981029133536,0.040694159049898634,2.0939295645884495,111,1655,1626
full,Latest,redefined,absolute,202601,0.057985838008636825,0.017397453363473935,0.04058838464516289,3.3330072394606014,73,774,1627
full,Latest,flags,absolute,202608,0.05765286602173596,0.01708277074449637,0.040570095277239586,3.3749130562037326,66,760,1628
full,Latest,pitfall,absolute,202606,0.05779348204195695,0.01733002137369303,0.04046346066826392,3.3348765587610556,68,771,1629
full,Latest,modularity,absolute,202608,0.0745268744681558,0.034457746778043336,0.040069127690112456,2.162848167299341,80,1533,1630
full,Latest,assembles,absolute,202608,0.07350057333131652,0.03398572284957699,0.03951485048173953,2.1626897169918915,69,1512,1631
full,Latest,unfolds,absolute,202608,0.05643585156149165,0.017060293414569407,0.03937555814692224,3.308023501711624,59,759,1632
full,Latest,resourced,absolute,202604,0.0684260898043959,0.029063187595570795,0.039362902208825115,2.3543903977973835,98,1293,1633
full,Latest,deferred,absolute,202607,0.0709390079526599,0.03160312587731829,0.039335882075341604,2.244683270510692,96,1406,1634
full,Latest,prioritisation,absolute,202608,0.06333215560495993,0.024028265691929764,0.03930388991303017,2.6357356130880034,82,1069,1635
full,Latest,liabilities,absolute,202608,0.04962810955247388,0.010451958416040543,0.039176151136433336,4.748211538644279,51,465,1636
full,Latest,prioritising,absolute,202607,0.05525718075779173,0.016161200217490644,0.039095980540301084,3.419126055872324,85,719,1637
full,Latest,occupies,absolute,202608,0.07531414406763325,0.03627841050212782,0.03903573356550542,2.0760045168796983,79,1614,1638
full,Latest,anticipating,absolute,202606,0.07175065524626403,0.03272699237366674,0.039023662872597294,2.192399913412058,102,1456,1639
full,Latest,separability,absolute,202607,0.04861978806492072,0.009755161188304504,0.03886462687661621,4.984006632633722,68,434,1640
full,Latest,linguistically,absolute,202508,0.06030291253974737,0.02144337275032834,0.03885953978941903,2.812193456779042,77,954,1641
full,Latest,reframe,absolute,202607,0.04592763890523111,0.007147790916776112,0.038779847988455,6.425431219236891,61,318,1642
full,Latest,decomposes,absolute,202604,0.054208779603496494,0.015441925659827644,0.038766853943668855,3.5104934965799823,69,687,1643
full,Latest,redirecting,absolute,202605,0.049782632546532174,0.01112627831384961,0.038656354232682565,4.474329253885772,66,495,1644
full,Latest,centering,absolute,202608,0.05501879884824357,0.0164084508466873,0.03861034800155627,3.3530769822399966,62,730,1645
full,Latest,cascading,absolute,202605,0.06612055714733228,0.027512251830609947,0.03860830531672233,2.4033131695082477,85,1224,1646
full,Latest,representativeness,absolute,202603,0.06414092278054935,0.025871406745941215,0.03826951603460814,2.4792205313927114,89,1151,1647
full,Latest,harmonised,absolute,202607,0.04767548865336544,0.009418001239399973,0.038257487413965466,5.062166317616972,75,419,1648
full,Latest,enforcing,absolute,202605,0.0603222598698082,0.022207601967845284,0.03811465790196292,2.7162887716174713,76,988,1649
full,Latest,interdependent,absolute,202607,0.07574004527513153,0.03762705029774595,0.038112994977385586,2.0129147694489555,107,1674,1650
full,Latest,reorientation,absolute,202608,0.06611276927729702,0.02802923041893023,0.038083538858366794,2.358707973396449,70,1247,1651
full,Latest,existential,absolute,202606,0.06552414347405387,0.027444819840829034,0.03807932363322483,2.38748674081566,88,1221,1652
full,Latest,respectful,absolute,202606,0.06178858603104381,0.023781015062733103,0.038007570968310714,2.59823165109011,92,1058,1653
full,Latest,rebalancing,absolute,202607,0.045102444238525434,0.007282654896337927,0.03781978934218751,6.193132158604019,64,324,1654
full,Latest,misaligned,absolute,202608,0.04986671200245097,0.012047848840855333,0.037818863161595634,4.139055250539705,60,536,1655
full,Latest,actionability,absolute,202608,0.04518594720647187,0.007417518875899738,0.03776842833057214,6.091787289316586,56,330,1656
full,Latest,inequitable,absolute,202512,0.054438340046146075,0.016768088125518808,0.037670251920627264,3.2465442475399526,70,746,1657
full,Latest,narrows,absolute,202607,0.046192291487409415,0.008586340032102123,0.03760595145530729,5.379741696078689,60,382,1658
full,Latest,redirected,absolute,202607,0.0538199639650847,0.01625110953719852,0.03756885442788618,3.3117716573069482,71,723,1659
full,Latest,multiplicative,absolute,202607,0.07157342219025854,0.03409810949921184,0.037475312691046696,2.099043707743179,107,1517,1660
full,Latest,normalisation,absolute,202608,0.05957390397292525,0.02227503395762619,0.03729887001529906,2.6744697263426276,70,991,1661
full,Latest,unaddressed,absolute,202608,0.05508288885591606,0.01798186394157513,0.037101024914340926,3.06324689336355,63,800,1662
full,Latest,conceptualize,absolute,202606,0.06621876548138496,0.0291306195853517,0.03708814589603326,2.273167080685197,89,1296,1663
full,Latest,dichotomy,absolute,202608,0.06262399701344053,0.025579201456890615,0.03704479555654991,2.448238938146001,67,1138,1664
full,Latest,detectability,absolute,202608,0.0723049685860139,0.03533436264519513,0.036970605940818774,2.046307423514434,90,1572,1665
full,Latest,semantically,absolute,202605,0.05812117324596087,0.021533282070036214,0.036587891175924654,2.699132118221638,74,958,1666
full,Latest,faithfully,absolute,202603,0.0657536959870355,0.02946777953425624,0.03628591645277926,2.2313759986766883,81,1311,1667
full,Latest,stratifies,absolute,202606,0.044784028617862424,0.008541385372248186,0.036242643245614235,5.243180897020547,69,380,1668
full,Latest,shortens,absolute,202605,0.06564647396155619,0.02944530220432928,0.036201171757226924,2.229437942460796,87,1310,1669
full,Latest,operationalize,absolute,202605,0.052752770327640114,0.01663322414595699,0.03611954618168312,3.1715300572356346,68,740,1670
full,Latest,monotonically,absolute,202608,0.06445478782678228,0.028613640997031415,0.03584114682975087,2.252589519574572,77,1273,1671
full,Latest,wonder,absolute,202607,0.047153515416650076,0.011396006272973236,0.03575750914367684,4.137722837910272,76,507,1672
full,Latest,directs,absolute,202607,0.06938656177932914,0.03389581352986911,0.03549074824946004,2.0470540327402222,81,1508,1673
full,Latest,destabilizes,absolute,202606,0.05258636203056328,0.01724011205398516,0.03534624997657812,3.0502331925625517,68,767,1674
full,Latest,obligations,absolute,202608,0.06411641854330002,0.02897327827586292,0.0351431402674371,2.212950082238853,71,1289,1675
full,Latest,idealized,absolute,202608,0.05935259080356828,0.02429799365105339,0.03505459715251489,2.44269513178489,68,1081,1676
full,Latest,observables,absolute,202605,0.057220517384016734,0.02225255662769922,0.03496796075631751,2.5714131792295087,66,990,1677
full,Latest,discontinuations,absolute,202608,0.051863759958314534,0.016925429435007588,0.03493833052330695,3.064250756972967,65,753,1678
full,Latest,verifiable,absolute,202608,0.042346406596953746,0.007552382855461552,0.034794023741492194,5.607025942326359,49,336,1679
full,Latest,misinterpretation,absolute,202605,0.063858151051452,0.029108142255424733,0.03475000879602726,2.1938243427249664,83,1295,1680
full,Latest,reassurance,absolute,202607,0.06688786980727228,0.03216505912549251,0.03472281068177977,2.079519566443455,99,1431,1681
full,Latest,contemporaneous,absolute,202608,0.06660775663673114,0.03198524048607676,0.03462251615065438,2.082452894663263,89,1423,1682
full,Latest,compounding,absolute,202608,0.06539436906083244,0.03081641932987437,0.034577949730958076,2.1220625394799573,74,1371,1683
full,Latest,selects,absolute,202605,0.06776437287257783,0.03337883494154882,0.03438553793102901,2.0301599199385802,87,1485,1684
full,Latest,duality,absolute,202602,0.04830269938513278,0.014138240524063444,0.03416445886106933,3.4164576067949217,54,629,1685
full,Latest,protections,absolute,202607,0.056911443003056686,0.022747057886092537,0.034164385116964145,2.501925448470948,81,1012,1686
full,Latest,approvals,absolute,202608,0.0667462380064174,0.032704515043739765,0.03404172296267762,2.0408875629909033,82,1455,1687
full,Latest,obscures,absolute,202607,0.04101847541803024,0.007102836256922174,0.03391563916110807,5.774943126142754,56,316,1688
full,Latest,plausibly,absolute,202607,0.054274664041488625,0.020679143532811396,0.03359552050867723,2.624608894240303,77,920,1689
full,Latest,partitions,absolute,202607,0.05334652451024641,0.01980252766565961,0.033543996844586796,2.6939250085107487,78,881,1690
full,Latest,differentiable,absolute,202607,0.04294925315068078,0.009552865218961787,0.033396387931719,4.495955105221148,52,425,1691
full,Latest,annualized,absolute,202608,0.06351595788715471,0.03011962210213834,0.03339633578501637,2.108789999813623,79,1340,1692
full,Latest,flagged,absolute,202606,0.0454232492543754,0.012070326170782304,0.0333529230835931,3.763216387998521,63,537,1693
full,Latest,recapitulating,absolute,202603,0.06114907219041285,0.02780445711966054,0.033344615070752315,2.1992543111792795,79,1237,1694
full,Latest,hardship,absolute,202512,0.061265015179455845,0.028074185078784165,0.03319083010067168,2.182254445054371,84,1249,1695
full,Latest,generational,absolute,202602,0.059965487513668356,0.026837931932800877,0.033127555580867475,2.2343557493109043,73,1194,1696
full,Latest,disconnection,absolute,202608,0.062147600464199454,0.029130619585351708,0.033016980878847746,2.1334115562530047,71,1296,1697
full,Latest,entrenched,absolute,202607,0.045297474305808064,0.012295099470051992,0.033002374835756076,3.684189332192244,60,547,1698
full,Latest,bounding,absolute,202607,0.04966216184746616,0.016790565455445775,0.03287159639202039,2.9577420712391174,73,747,1699
full,Latest,restrains,absolute,202608,0.04924850588170555,0.0164084508466873,0.032840055035018245,3.001411062010666,53,730,1700
full,Latest,stabilisation,absolute,202606,0.06432628501195516,0.03149073922768344,0.03283554578427172,2.042704826548056,96,1401,1701
full,Latest,penalties,absolute,202606,0.05429698858560477,0.02155575939996318,0.03274122918564159,2.5189086395952964,74,959,1702
full,Latest,handles,absolute,202604,0.05334670621692278,0.020679143532811396,0.03266756268411138,2.5797348005384304,62,920,1703
full,Latest,situating,absolute,202604,0.03725278736343012,0.004810148604371347,0.03244263875905878,7.744622968524443,51,214,1704
full,Latest,trainable,absolute,202606,0.040547303654874675,0.008249180083197588,0.032298123571677086,4.915313188211734,58,367,1705
full,Latest,distort,absolute,202605,0.04966175138884552,0.017532317343035748,0.03212943404580978,2.8325834182195173,66,780,1706
full,Latest,transcend,absolute,202606,0.04095271475094034,0.008856067991225746,0.03209664675971459,4.62425478118672,56,394,1707
full,Latest,critic,absolute,202606,0.03829705319625144,0.006226220389770388,0.032070832806481056,6.150931190802864,52,277,1708
full,Latest,modernization,absolute,202511,0.04341660856791051,0.011463438262754143,0.03195317030515637,3.7873984726707532,56,510,1709
full,Latest,rollout,absolute,202607,0.04892569863790718,0.017015338754715465,0.03191035988319171,2.8753878687456864,77,757,1710
full,Latest,harmonize,absolute,202604,0.05092614643959323,0.01915068509777751,0.03177546134181572,2.6592336608105653,70,852,1711
full,Latest,openly,absolute,202607,0.055499886182603306,0.023781015062733103,0.03171887111987021,2.3337896232014255,79,1058,1712
full,Latest,overreliance,absolute,202606,0.037360351889183914,0.005731719131377072,0.03162863275780684,6.518175617619266,52,255,1713
full,Latest,distrust,absolute,202608,0.05192147326713224,0.020319506253979894,0.03160196701315235,2.5552527024106504,60,904,1714
full,Latest,missingness,absolute,202607,0.04215108070785274,0.01063177705545629,0.031519303652396455,3.9646317344681865,65,473,1715
full,Latest,converges,absolute,202608,0.05408832261167152,0.022881921865654346,0.031206400746017174,2.3638015604300193,59,1018,1716
full,Latest,offsets,absolute,202607,0.05475008916219834,0.023601196423317355,0.031148892738880992,2.3198014278677292,80,1050,1717
full,Latest,mappings,absolute,202608,0.05298612854639861,0.021892919348867716,0.03109320919753089,2.420240430344389,59,974,1718
full,Latest,avid,absolute,202607,0.057039483184299675,0.025983793395576056,0.031055689788723615,2.1951946090369967,65,1156,1719
full,Latest,multisectoral,absolute,202508,0.04375204405518489,0.012699691408737434,0.03105235264644746,3.4451265504832134,54,565,1720
full,Latest,destabilize,absolute,202605,0.05469844549273959,0.024140652341564612,0.030557793151174982,2.265823007548207,69,1074,1721
full,Latest,ambiguities,absolute,202602,0.04716545447812344,0.01679056545544577,0.030374889022677667,2.8090450320615035,56,747,1722
full,Latest,rubric,absolute,202608,0.04534089613714179,0.014969901731361293,0.030370994405780494,3.028803859290177,60,666,1723
full,Latest,charting,absolute,202608,0.046617089733884336,0.0164084508466873,0.030208638887197034,2.8410414955959022,62,730,1724
full,Latest,disclosures,absolute,202605,0.05684948649161491,0.026703067953239054,0.030146418538375856,2.128949624483846,94,1188,1725
full,Latest,reappraisal,absolute,202603,0.05818418781131842,0.028074185078784168,0.030110002732534252,2.072515645531188,81,1249,1726
full,Latest,orchestration,absolute,202605,0.043589960568338186,0.013733648585378,0.029856311982960185,3.173953396095174,54,611,1727
full,Latest,reorganize,absolute,202607,0.04178615969619775,0.012092803500709274,0.029693356195488473,3.455456767634311,54,538,1728
full,Latest,confounder,absolute,202608,0.05615996709107089,0.026882886592654816,0.029277080498416073,2.089060149753986,70,1196,1729
full,Latest,talent,absolute,202512,0.045836385121081194,0.016565792156176085,0.02927059296490511,2.7669298690308874,61,737,1730
full,Latest,disentangling,absolute,202608,0.051646893531417576,0.022432375267114966,0.02921451826430261,2.3023372655115133,55,998,1731
full,Latest,assigns,absolute,202608,0.043862560064082,0.014767605762018573,0.02909495430206343,2.9701876371113567,50,657,1732
full,Latest,bidirectionally,absolute,202608,0.04154111278417439,0.012474918109467745,0.029066194674706645,3.3299707797397944,44,555,1733
full,Latest,factual,absolute,202608,0.04298178331278352,0.014048331204355568,0.02893345210842795,3.059565060614272,52,625,1734
full,Latest,untested,absolute,202608,0.05683425129343792,0.02791684376929538,0.02891740752414254,2.0358408623523423,70,1242,1735
full,Latest,proportionate,absolute,202608,0.051937803750573726,0.02317412715470494,0.028763676595868783,2.2411978411894156,59,1031,1736
full,Latest,levers,absolute,202511,0.03819706168744602,0.00948543322918088,0.02871162845826514,4.0269179872498615,50,422,1737
full,Latest,heuristics,absolute,202606,0.04887499520953635,0.02034198358390686,0.028533011625629493,2.402666141575436,61,905,1738
full,Latest,stagnation,absolute,202606,0.04943168187459711,0.020926394162008054,0.02850528771258905,2.3621691100677302,72,931,1739
full,Latest,negotiated,absolute,202605,0.04277875869325978,0.014542832462748883,0.0282359262305109,2.9415699316372206,58,647,1740
full,Latest,perturbs,absolute,202604,0.0459546168281631,0.01789195462186725,0.02806266220629585,2.568451452028507,59,796,1741
full,Latest,relieves,absolute,202608,0.05061231446912484,0.022612193906530718,0.028000120562594117,2.238275272109147,54,1006,1742
full,Latest,evenness,absolute,202603,0.0542483904095027,0.026410862664188475,0.027837527745314224,2.054018117441511,79,1175,1743
full,Latest,steepest,absolute,202605,0.03772758411214937,0.00991250249779329,0.02781508161435608,3.806060489825677,55,441,1744
full,Latest,vigor,absolute,202605,0.054356248088649646,0.02659068130360422,0.027765566785045426,2.044184106004157,75,1183,1745
full,Latest,handcrafted,absolute,202607,0.03654371332728451,0.008788636001444841,0.02775507732583967,4.158064268593757,54,391,1746
full,Latest,humanistic,absolute,202608,0.042910734074486916,0.015217152360557951,0.027693581713928963,2.8198925171906177,50,677,1747
full,Latest,faithful,absolute,202608,0.05195015094064283,0.02429799365105339,0.02765215728958944,2.1380428230703172,49,1081,1748
full,Latest,finalized,absolute,202511,0.04726601786229355,0.01971261834595173,0.027553399516341816,2.3977544247439004,63,877,1749
full,Latest,reintegration,absolute,202607,0.04388003086530783,0.016341018856906395,0.027539012008401437,2.68526896942918,64,727,1750
full,Latest,discontinuities,absolute,202604,0.0421339323842858,0.014857515081726448,0.027276417302559353,2.835866708027586,56,661,1751
full,Latest,sourcing,absolute,202608,0.040460212914369,0.013216669997057718,0.02724354291731128,3.06130159286539,46,588,1752
full,Latest,dampening,absolute,202603,0.050915456010498315,0.02387092438244098,0.027044531628057335,2.132948653130115,64,1062,1753
full,Latest,humility,absolute,202603,0.03812388255812167,0.011171232973703545,0.026952649584418127,3.4126835102144186,50,497,1754
full,Latest,layouts,absolute,202607,0.037232955322463554,0.011013891664214766,0.026219063658248786,3.380544902528608,46,490,1755
full,Latest,disaggregated,absolute,202607,0.04968284086554098,0.02393835637222189,0.025744484493319092,2.075449128294917,75,1065,1756
full,Latest,tighter,absolute,202605,0.046439441041473586,0.021061258141569866,0.02537818289990372,2.2049699371859117,63,937,1757
full,Latest,reset,absolute,202605,0.04598668826049593,0.020634188872957454,0.025352499387538474,2.2286646954542855,56,918,1758
full,Latest,unsupported,absolute,202608,0.040257699044832986,0.01501485639121523,0.025242842653617755,2.681191081413648,49,668,1759
full,Latest,smoothness,absolute,202605,0.050436459827322554,0.02519708684813215,0.025239372979190405,2.0016782150775256,69,1121,1760
full,Latest,misclassified,absolute,202602,0.04377733976102084,0.018678661169311165,0.025098678591709674,2.343708650432962,57,831,1761
full,Latest,authoritative,absolute,202606,0.043428465797192076,0.0183639785503336,0.025064487246858475,2.364872387438241,64,817,1762
full,Latest,undermined,absolute,202608,0.04787756940912781,0.02283696720580041,0.025040602203327402,2.0964942051047517,56,1016,1763
full,Latest,standardise,absolute,202605,0.0398903060992145,0.014969901731361293,0.024920404367853203,2.6647005982441447,56,666,1764
full,Latest,supervisory,absolute,202606,0.040198338630431873,0.015441925659827641,0.02475641297060423,2.6031946737710534,60,687,1765
full,Latest,harmonisation,absolute,202608,0.038309775113505015,0.01357630727588922,0.024733467837615798,2.821811140172194,47,604,1766
full,Latest,sharper,absolute,202512,0.038687580153819165,0.014295581833552229,0.02439199832026694,2.706261319355192,51,636,1767
full,Latest,implementable,absolute,202607,0.039290242586112974,0.015037333721142198,0.024252908864970772,2.612846353929863,57,669,1768
full,Latest,blur,absolute,202608,0.0439131563205562,0.019712618345951734,0.024200537974604468,2.22766735244861,54,877,1769
full,Latest,surges,absolute,202512,0.03959047966560704,0.015509357649608545,0.024081122015998494,2.5526833902502917,52,690,1770
full,Latest,computes,absolute,202602,0.041676311358875784,0.01759974933281665,0.024076562026059137,2.368005962514805,46,783,1771
full,Latest,conceptualizing,absolute,202606,0.041046319324809975,0.017195157394131213,0.023851161930678766,2.387085990781293,58,765,1772
full,Latest,rigour,absolute,202603,0.04034982031832663,0.016520837496322154,0.023828982822004477,2.4423592525081887,60,735,1773
full,Latest,unify,absolute,202512,0.0399157904414468,0.01652083749632215,0.023394952945124656,2.4160875894053686,50,735,1774
full,Latest,narrowly,absolute,202608,0.041849785015107895,0.018566274519676313,0.02328351049543158,2.2540755266090673,48,826,1775
full,Latest,broadest,absolute,202607,0.03458373327953663,0.011328574283192328,0.0232551589963443,3.0527877926216083,51,504,1776
full,Latest,flourishing,absolute,202311,0.041476247160723796,0.01822911457077179,0.023247132589952008,2.2752749180273417,45,811,1777
full,Latest,extensible,absolute,202608,0.036502339468171045,0.013261624656911658,0.02324071481125939,2.7524787054764706,42,590,1778
full,Latest,circumvents,absolute,202607,0.038770106366436186,0.015644221629170365,0.023125884737265817,2.478238117909623,45,696,1779
full,Latest,speculative,absolute,202607,0.04057715573345489,0.017577272002889683,0.022999883730565204,2.308501326416525,60,782,1780
full,Latest,unconstrained,absolute,202608,0.04484216924997709,0.022027783328429532,0.02281438592154756,2.0357095664774776,50,980,1781
full,Latest,paralleling,absolute,202511,0.034705878032447304,0.012047848840855335,0.02265802919159197,2.8806701089041358,44,536,1782
full,Latest,tactical,absolute,202606,0.04256369608323406,0.019914914315294456,0.0226487817679396,2.1372773896669774,62,886,1783
full,Latest,injustice,absolute,202608,0.03661685551291231,0.014115763194136474,0.022501092318775832,2.594040081950548,37,628,1784
full,Latest,sharpness,absolute,202605,0.040116627080167305,0.017622226662743625,0.022494400417423677,2.2764788949730543,54,784,1785
full,Latest,depletes,absolute,202605,0.036332024286080594,0.014160717853990411,0.022171306432090185,2.565690854142852,45,630,1786
full,Latest,staggered,absolute,202606,0.04288226709115763,0.02081400751237321,0.022068259578784423,2.0602599987371777,59,926,1787
full,Latest,valuing,absolute,202604,0.03944560260284395,0.017419930693400903,0.022025671909443045,2.2643949219491963,57,775,1788
full,Latest,displacing,absolute,202607,0.03835184365699407,0.016363496186833363,0.021988347470160704,2.3437438563925777,48,728,1789
full,Latest,auditing,absolute,202607,0.03563294789872134,0.013666216595597101,0.021966731303124237,2.6073747367798448,53,608,1790
full,Latest,predominates,absolute,202608,0.03690920807165369,0.015014856391215234,0.021894351680438455,2.458179226625718,41,668,1791
full,Latest,infeasible,absolute,202608,0.03728032101447618,0.015531834979535513,0.02174848603494067,2.4002521958027567,43,691,1792
full,Latest,resists,absolute,202607,0.03440527850567131,0.01276712339851834,0.021638155107152966,2.6948340226478997,43,568,1793
full,Latest,multidirectional,absolute,202607,0.040886723704367973,0.019577754366389918,0.021308969337978052,2.088427658207838,57,871,1794
full,Latest,fueling,absolute,202510,0.034680506157143215,0.013508875286108316,0.021171630871034897,2.567238605926467,42,601,1795
full,Latest,interactivity,absolute,202601,0.03279596433359193,0.012564827429175621,0.020231136904416313,2.610140451068947,46,559,1796
full,Latest,drifts,absolute,202608,0.038236442087073615,0.018274069230625724,0.01996237285644789,2.092387940776361,38,813,1797
full,Latest,agendas,absolute,202604,0.0387104592200213,0.018768570489019035,0.019941888731002264,2.0625150563634937,50,835,1798
full,Latest,malicious,absolute,202410,0.031277181852481774,0.011485915592681114,0.01979126625980066,2.723089996622625,36,511,1799
full,Latest,nominated,absolute,202607,0.03698513815482008,0.017779567972232405,0.019205570182587676,2.080204547859788,58,791,1800
full,Latest,ideals,absolute,202602,0.03358740179518667,0.015037333721142201,0.01855006807404447,2.233600877525477,40,669,1801
full,Latest,marginalised,absolute,202602,0.03070045998082965,0.012429963449613805,0.018270496531215846,2.4698753222627943,40,553,1802
full,Latest,evaluator,absolute,202607,0.03493969269607177,0.01726258938391212,0.017677103312159655,2.0240122683236526,55,768,1803
full,Latest,operationalization,absolute,202607,0.033534939795782016,0.015936426918220958,0.01759851287756106,2.104294768699987,47,709,1804
full,Latest,likes,absolute,202603,0.031921042017172406,0.014385491153260101,0.017535550863912307,2.2189747765364496,48,640,1805
full,Latest,gratitude,absolute,202311,0.03227296683301548,0.015958904248147925,0.016314062584867558,2.0222545565282686,36,710,1806
full,Latest,accommodations,absolute,202605,0.029039967952171255,0.01276712339851834,0.016272844553652913,2.274589744745588,42,568,1807
full,Latest,reframes,relative,202608,0.10057396711940275,0.0011238664963484455,0.0994501006230543,89.48924756292462,114,50,1
full,Latest,resamples,relative,202608,0.14049537438911797,0.0022252556627699216,0.13827011872634806,63.13673378735915,188,99,2
full,Latest,reshapes,relative,202608,0.19621666283226682,0.004428033995612875,0.19178862883665393,44.31236594539941,213,197,3
full,Latest,auditable,relative,202608,0.05038391440106718,0.0013036851357641967,0.04908022926530299,38.64730295596493,60,58,4
full,Latest,synthesizes,relative,202606,1.039146435508687,0.03737979966854929,1.0017666358401376,27.799679097344296,1388,1663,5
full,Latest,synthesises,relative,202608,0.11741114614601147,0.005394559182472538,0.11201658696353893,21.764734091247348,135,240,6
full,Latest,explainability,relative,202607,0.13011250872325908,0.00615878839998948,0.12395372032326961,21.126315806446822,199,274,7
full,Latest,contrastive,relative,202608,0.15196822616696146,0.007552382855461555,0.1444158433114999,20.121891206437535,165,336,8
full,Latest,clearest,relative,202608,0.08963062424664074,0.004697761954736502,0.08493286229190423,19.079430824771993,108,209,9
full,Latest,learnable,relative,202608,0.08376586171324885,0.004495465985393782,0.07927039572785506,18.63341019271695,100,200,10
full,Latest,deduplication,relative,202608,0.0573905616313313,0.003101871529921709,0.05428869010140959,18.501914433825643,77,138,11
full,Latest,redefines,relative,202605,0.046858065629243766,0.0026073702715283934,0.04425069535771537,17.971389081527118,56,116,12
full,Latest,interpretability,relative,202605,0.7435912749083309,0.046505595618898665,0.6970856792894322,15.989286128100995,1027,2069,13
full,Latest,unlabelled,relative,202608,0.08801346111428049,0.00555190049196132,0.08246156062231917,15.852852773877432,71,247,14
full,Latest,reshaped,relative,202608,0.23949732573700935,0.015172197700704014,0.22432512803630533,15.785275835543343,265,675,15
full,Latest,insufficiently,relative,202607,1.0413185281614372,0.06999440539258117,0.9713241227688562,14.87716800108439,1595,3114,16
full,Latest,decouples,relative,202608,0.07987026477844796,0.005417036512399507,0.07445322826604846,14.744272924065816,82,241,17
full,Latest,baselines,relative,202606,0.37940950406727114,0.026590681303604223,0.3528188227636669,14.268513835177446,546,1183,18
full,Latest,interpretable,relative,202607,0.8219852224809621,0.06208238525828813,0.7599028372226739,13.240232620914405,1207,2762,19
full,Latest,underrecognized,relative,202607,0.23247864391731293,0.018094250591209976,0.21438439332610296,12.848205165802721,303,805,20
full,Latest,reshape,relative,202607,0.25478119067287297,0.02072409819266533,0.23405709248020767,12.293957898879531,336,922,21
full,Latest,integrates,relative,202608,2.181138522646251,0.17952643412670063,2.0016120885195505,12.149400355754375,2422,7987,22
full,Latest,cautiously,relative,202607,0.5316167718098483,0.04434777194590965,0.4872689998639387,11.987451646009497,901,1973,23
full,Latest,reshaping,relative,202607,0.30693585872463,0.025893884075868182,0.2810419746487618,11.853604419689166,412,1152,24
full,Latest,conceptualizes,relative,202608,0.06111180930331099,0.005214740543056787,0.055897068760254194,11.719050794325492,71,232,25
full,Latest,establishes,relative,202608,1.8285761725525314,0.15967895180118713,1.6688972207513444,11.451579259045067,1937,7104,26
full,Latest,reflexive,relative,202608,0.340735573353938,0.030389350061261967,0.31034622329267597,11.212335001145082,414,1352,27
full,Latest,directionally,relative,202608,0.19404899329742292,0.017599749332816658,0.17644924396460626,11.025668015373228,257,783,28
full,Latest,refines,relative,202602,0.09943017392249963,0.009710206528450567,0.08971996739404907,10.239758920798716,119,432,29
full,Latest,evidentiary,relative,202608,0.0675881337259048,0.006833108297798548,0.060755025428106256,9.89127213857857,79,304,30
full,Latest,descriptively,relative,202608,0.48076888608469137,0.04900057924079222,0.43176830684389916,9.811493936064714,642,2180,31
full,Latest,narratively,relative,202608,0.2718450640427639,0.027826934449587507,0.24401812959317634,9.769134452637976,378,1238,32
full,Latest,emulation,relative,202608,0.06916347560889834,0.007125313586849144,0.06203816202204919,9.706727257106284,79,317,33
full,Latest,reframing,relative,202607,0.12855053432697378,0.013486397956181343,0.11506413637079242,9.531865717195007,171,600,34
full,Latest,reprograms,relative,202607,0.08826477393269574,0.009350569249619065,0.07891420468307668,9.439508074472748,110,416,35
full,Latest,integrating,relative,202605,4.959098817435859,0.5306223275859551,4.428476489849904,9.345816336069158,6634,23607,36
full,Latest,incompletely,relative,202608,1.5953399840013518,0.17073779812525583,1.424602185876096,9.34380085440124,1906,7596,37
full,Latest,prioritizes,relative,202608,0.12866509105233723,0.013890989894866786,0.11477410115747044,9.262485397090638,149,618,38
full,Latest,remodels,relative,202608,0.09231141737383253,0.010204707786843884,0.08210670958698864,9.045963814156666,97,454,39
full,Latest,equitable,relative,202608,0.8151789963604248,0.09319100987721309,0.7219879864832117,8.747399533865885,967,4146,40
full,Latest,interoperable,relative,202605,0.10211639519670392,0.012272622140125025,0.08984377305657888,8.32066644200158,117,546,41
full,Latest,nominate,relative,202607,0.05785552973260961,0.006990449607287327,0.05086508012532227,8.276367470312211,82,311,42
full,Latest,situating,relative,202604,0.03725278736343012,0.004810148604371347,0.03244263875905878,7.744622968524443,51,214,43
full,Latest,recalibration,relative,202608,0.09812981091635609,0.012699691408737434,0.08543011950761864,7.726944518418961,117,565,44
full,Latest,testable,relative,202608,0.22043106297411816,0.02892832361600899,0.19150273935810916,7.6199044887665455,260,1287,45
full,Latest,reconstructs,relative,202608,0.09859845932703228,0.012991896697788032,0.08560656262924424,7.589227471599232,108,578,46
full,Latest,safeguards,relative,202608,0.12862845828877031,0.017060293414569404,0.1115681648742009,7.539639276011646,140,759,47
full,Latest,redefining,relative,202604,0.0731983930907719,0.009710206528450569,0.06348818656232133,7.538294152271957,93,432,48
full,Latest,delineates,relative,202603,0.18633030205113627,0.02492735888900852,0.16140294316212778,7.474931575414387,242,1109,49
full,Latest,materially,relative,202608,0.060862393751812086,0.008159270763489712,0.05270312298832237,7.459293301572125,82,363,50
full,Latest,achieves,relative,202605,1.9956333671690578,0.26963804980391903,1.7259953173651386,7.401156359869402,2493,11996,51
full,Latest,alongside,relative,202608,2.3206732310817944,0.3153794162053008,2.0052938148764934,7.358353500062028,2773,14031,52
full,Latest,actionable,relative,202605,0.759619338966195,0.10355305897354578,0.6560662799926493,7.335556732903965,1034,4607,53
full,Latest,foundational,relative,202607,0.5073863962223107,0.06988201874294633,0.4375043774793644,7.260614466343314,698,3109,54
full,Latest,governs,relative,202608,0.369035893690199,0.05084372029480367,0.3181921733953953,7.258239396142599,375,2262,55
full,Latest,clarifies,relative,202605,0.23392012000716136,0.03299672033279036,0.200923399674371,7.089193036397141,300,1468,56
full,Latest,organizes,relative,202608,0.10688757059560618,0.01564422162917036,0.09124334896643581,6.832399407862045,111,696,57
full,Latest,embeds,relative,202605,0.05552027593607078,0.008136793433562745,0.047383482502508026,6.823360625951258,70,362,58
full,Latest,multilingual,relative,202608,0.06977469325970215,0.010227185116770853,0.0595475081429313,6.822472895819931,85,455,59
full,Latest,charted,relative,202608,0.08127093681654658,0.012047848840855335,0.06922308797569124,6.745680319373658,112,536,60
full,Latest,oversight,relative,202606,0.2861275410573999,0.0424371989021173,0.2436903421552826,6.742375756641286,409,1888,61
full,Latest,crucially,relative,202604,0.5296934738456097,0.07885047338380692,0.4508430004618028,6.7176955459393595,689,3508,62
full,Latest,constrained,relative,202608,1.7152968302101512,0.25538742263022074,1.4599094075799304,6.7164499040101715,1945,11362,63
full,Latest,sluggish,relative,202608,0.22824574044632648,0.0341205868291388,0.19412515361718768,6.689384962494426,229,1518,64
full,Latest,epistemic,relative,202608,0.14503364628509513,0.02178053269923287,0.12325311358586226,6.658865891292152,153,969,65
full,Latest,bottlenecks,relative,202608,0.3506347374805569,0.05363090920574782,0.2970038282748091,6.537922676928589,385,2386,66
full,Latest,overreliance,relative,202606,0.037360351889183914,0.005731719131377072,0.03162863275780684,6.518175617619266,52,255,67
full,Latest,prespecified,relative,202608,0.5686549451675917,0.08777397336481359,0.4808809718027782,6.478628269499664,778,3905,68
full,Latest,interpreted,relative,202608,2.3896548656407477,0.36943739467966097,2.0202174709610867,6.468362163805363,3160,16436,69
full,Latest,reframe,relative,202607,0.04592763890523111,0.007147790916776112,0.038779847988455,6.425431219236891,61,318,70
full,Latest,fragmented,relative,202608,0.765896261316189,0.12020876044942971,0.6456875008667593,6.371384734795529,917,5348,71
full,Latest,reassessment,relative,202608,0.19532957294344103,0.031176056608705875,0.16415351633473516,6.265371384041415,224,1387,72
full,Latest,rebalancing,relative,202607,0.045102444238525434,0.007282654896337927,0.03781978934218751,6.193132158604019,64,324,73
full,Latest,interoperability,relative,202605,0.18585057643736946,0.03009714477221137,0.1557534316651581,6.175023506182052,208,1339,74
full,Latest,critic,relative,202606,0.03829705319625144,0.006226220389770388,0.032070832806481056,6.150931190802864,52,277,75
full,Latest,actionability,relative,202608,0.04518594720647187,0.007417518875899738,0.03776842833057214,6.091787289316586,56,330,76
full,Latest,enabling,relative,202605,4.246132787946007,0.7007307604732556,3.5454020274727522,6.059578125381964,5354,31175,77
full,Latest,unifies,relative,202603,0.0505724759530114,0.00840652139268637,0.04216595456032503,6.015862399042866,62,374,78
full,Latest,delivers,relative,202608,0.6798241561589704,0.11306096953265363,0.5667631866263168,6.012898695005684,689,5030,79
full,Latest,enforces,relative,202604,0.06359772249311259,0.010586822395602356,0.053010900097510236,6.007253179153204,79,471,80
full,Latest,obscuring,relative,202607,0.06019850615498047,0.010047366477355102,0.05015113967762537,5.99147112735031,81,447,81
full,Latest,exploratory,relative,202608,3.511755837336328,0.5863436284749111,2.9254122088614167,5.9892453278130775,4566,26086,82
full,Latest,roadmap,relative,202608,0.31883083608593155,0.05401302381450629,0.26481781227142526,5.902851082377341,345,2403,83
full,Latest,sustains,relative,202608,0.16902474155362707,0.0287035503167393,0.14032119123688777,5.8886353670004175,176,1277,84
full,Latest,cautious,relative,202607,0.3302911347245039,0.05626075680720317,0.2740303779173007,5.870719724876081,505,2503,85
full,Latest,redefine,relative,202602,0.0917320220018122,0.01564422162917036,0.07608780037264183,5.863636055293912,102,696,86
full,Latest,transferable,relative,202608,0.2605549008620152,0.04446015859554451,0.21609474226647074,5.860413212473927,306,1978,87
full,Latest,decouple,relative,202608,0.08333529457397089,0.014228149843771324,0.06910714473019956,5.857071754867179,90,633,88
full,Latest,predominated,relative,202608,0.324854369813007,0.05590111952837167,0.26895325028463535,5.811231913667358,409,2487,89
full,Latest,predominating,relative,202608,0.06648334020008885,0.01148591559268111,0.05499742460740774,5.788249065877901,84,511,90
full,Latest,inconsistently,relative,202608,0.18485044985620872,0.03198524048607675,0.15286520937013195,5.779242145660106,233,1423,91
full,Latest,obscures,relative,202607,0.04101847541803024,0.007102836256922174,0.03391563916110807,5.774943126142754,56,316,92
full,Latest,preserving,relative,202608,1.6762160442321106,0.2908341719250506,1.38538187230706,5.7634769433630355,1886,12939,93
full,Latest,governance,relative,202608,0.7113466800253754,0.1238276105676717,0.5875190694577036,5.74465320589082,811,5509,94
full,Latest,reliance,relative,202605,0.767824599834068,0.1353809581501337,0.6324436416839343,5.671584913607805,1048,6023,95
full,Latest,prioritize,relative,202608,0.7660075241287928,0.13531352616035283,0.6306939979684401,5.660982651660694,939,6020,96
full,Latest,grounding,relative,202607,0.07654097350237025,0.013531352616035284,0.06300962088633497,5.656564844202318,109,602,97
full,Latest,harmonized,relative,202605,0.22619065947064865,0.04016698857949344,0.18602367089115524,5.631257594106181,308,1787,98
full,Latest,pending,relative,202608,0.22573298673376577,0.04009955658971252,0.18563343014405323,5.629313786269576,283,1784,99
full,Latest,verifiable,relative,202608,0.042346406596953746,0.007552382855461552,0.034794023741492194,5.607025942326359,49,336,100
full,Latest,priors,relative,202607,0.15514798061486312,0.02771454779995266,0.12743343281491046,5.598070072611041,212,1233,101
full,Latest,principled,relative,202606,0.07942138281382373,0.014228149843771316,0.06519323297005242,5.581989484640702,104,633,102
full,Latest,orchestrates,relative,202607,0.12859748380582847,0.023039263175143133,0.10555822063068533,5.581666515471346,157,1025,103
full,Latest,preserves,relative,202608,0.41823895742419126,0.07509675928600314,0.34314219813818814,5.569334301515518,456,3341,104
full,Latest,attains,relative,202606,0.07582635388185735,0.013958421884647696,0.06186793199720965,5.432301338108693,105,621,105
full,Latest,agnostic,relative,202606,0.15186803887515193,0.02798427575907629,0.12388376311607564,5.426906173403318,208,1245,106
full,Latest,narrows,relative,202607,0.046192291487409415,0.008586340032102123,0.03760595145530729,5.379741696078689,60,382,107
full,Latest,governed,relative,202607,0.7797617948366291,0.14572052991653944,0.6340412649200897,5.3510771288248336,1020,6483,108
full,Latest,remodel,relative,202608,0.1501437248587475,0.028074185078784158,0.12206953977996332,5.348106256242218,165,1249,109
full,Latest,frameworks,relative,202608,2.073345794701235,0.3885656024475115,1.6847801922537233,5.33589638825868,2305,17287,110
full,Latest,disrupts,relative,202605,0.5989791989715211,0.11303849220272663,0.48594070676879453,5.298895865465844,759,5029,111
full,Latest,stratifies,relative,202606,0.044784028617862424,0.008541385372248186,0.036242643245614235,5.243180897020547,69,380,112
full,Latest,operationally,relative,202607,0.14970405223105715,0.028568686337177483,0.12113536589387969,5.240144767743197,202,1271,113
full,Latest,framework,relative,202608,11.732941580723724,2.270614914562545,9.462326666161179,5.167296975579051,13313,101018,114
full,Latest,constrains,relative,202607,0.14634683219841782,0.028411345027688707,0.1179354871707291,5.150999787436789,195,1264,115
full,Latest,intensifying,relative,202605,0.11517369668070061,0.022409897937188002,0.09276379874351261,5.139411924298689,156,997,116
full,Latest,penalized,relative,202608,0.18407944301657234,0.03587381856344238,0.14820562445312996,5.131303284344549,244,1596,117
full,Latest,modestly,relative,202608,0.3929616920404698,0.07741192426848093,0.3155497677719889,5.076242397457988,489,3444,118
full,Latest,harmonised,relative,202607,0.04767548865336544,0.009418001239399973,0.038257487413965466,5.062166317616972,75,419,119
full,Latest,broader,relative,202608,2.292597431802359,0.45399710986491804,1.838600321937441,5.0498062256046,2706,20198,120
full,Latest,intersected,relative,202607,0.05233824942893284,0.010451958416040541,0.0418862910128923,5.007506473486321,85,465,121
full,Latest,unified,relative,202608,0.9666729236438871,0.19350733334127534,0.7731655903026118,4.99553638072741,1077,8609,122
full,Latest,separability,relative,202607,0.04861978806492072,0.009755161188304504,0.03886462687661621,4.984006632633722,68,434,123
full,Latest,generalizable,relative,202605,0.36635052178464333,0.0735907781808962,0.2927597436037471,4.978212363566854,470,3274,124
full,Latest,tiers,relative,202608,0.07054063685183641,0.014228149843771321,0.05631248700806509,4.957822178314848,90,633,125
full,Latest,infrastructural,relative,202606,0.059694846685722655,0.012092803500709274,0.047602043185013376,4.936394334218811,87,538,126
full,Latest,grounded,relative,202606,0.8150296322425126,0.1654106709325642,0.6496189613099483,4.927309874553315,1159,7359,127
full,Latest,synergizes,relative,202603,0.06682695086044722,0.01357630727588922,0.053250643584558,4.922321622693988,85,604,128
full,Latest,trainable,relative,202606,0.040547303654874675,0.008249180083197588,0.032298123571677086,4.915313188211734,58,367,129
full,Latest,predefined,relative,202608,0.8896373194754253,0.18116727921136938,0.7084700402640559,4.910584976205764,1166,8060,130
full,Latest,narrative,relative,202608,2.1006513671826585,0.4278784524897801,1.6727729146928785,4.909458176636816,2523,19036,131
full,Latest,prioritise,relative,202607,0.1401192748114941,0.02868107298681233,0.11143820182468178,4.885426527658902,216,1276,132
full,Latest,plausibility,relative,202608,0.15785974347493037,0.032344877764908256,0.1255148657100221,4.880517546620511,197,1439,133
full,Latest,strengthens,relative,202605,0.23880705013683357,0.04906801123057313,0.18973903890626043,4.866858145415082,308,2183,134
full,Latest,jointly,relative,202608,0.7363835947485105,0.1519692276362368,0.5844143671122736,4.8456099053893,867,6761,135
full,Latest,certainty,relative,202608,0.6512102370874862,0.13441443296327407,0.5167958041242121,4.844793990727289,875,5980,136
full,Latest,fundamentally,relative,202608,0.541323035861066,0.11279124157352997,0.42853179428753607,4.799335731295865,578,5018,137
full,Latest,governing,relative,202608,0.9566595881522819,0.19959868975148393,0.7570608984007979,4.792915170652665,1016,8880,138
full,Latest,liabilities,relative,202608,0.04962810955247388,0.010451958416040543,0.039176151136433336,4.748211538644279,51,465,139
full,Latest,vulnerabilities,relative,202607,0.3953850080717452,0.08345832601883556,0.31192668205290963,4.7375142413293965,544,3713,140
full,Latest,intersecting,relative,202608,0.13480608566772156,0.02861364099703142,0.10619244467069014,4.7112524296263905,164,1273,141
full,Latest,translatable,relative,202606,0.11849976033429074,0.025219564178059116,0.09328019615623163,4.69872355833115,155,1122,142
full,Latest,contextualize,relative,202603,0.11600779444837236,0.024792494909446707,0.09121529953892565,4.679149672999219,164,1103,143
full,Latest,accommodates,relative,202608,0.0921760764384719,0.01980252766565961,0.07237354877281228,4.654763169366418,88,881,144
full,Latest,interpretive,relative,202608,0.22159515331522475,0.04765193944517409,0.17394321387005066,4.650286135156805,268,2120,145
full,Latest,coexists,relative,202608,0.06968706334294329,0.014992379061288265,0.05469468428165503,4.648165781965977,78,667,146
full,Latest,immersive,relative,202605,0.1642353922844363,0.03551418128461088,0.1287212109998254,4.624501715758355,226,1580,147
full,Latest,transcend,relative,202606,0.04095271475094034,0.008856067991225746,0.03209664675971459,4.62425478118672,56,394,148
full,Latest,unresolved,relative,202608,0.5791192139324276,0.1253111143428517,0.4538080995895759,4.621451313152919,645,5575,149
full,Latest,methodologically,relative,202607,0.1348562282501374,0.02919805157513261,0.1056581766750048,4.618672170748261,215,1299,150
full,Latest,tunes,relative,202604,0.08906480398488595,0.01930802640726629,0.06975677757761965,4.612838314296469,105,859,151
full,Latest,blueprint,relative,202608,0.15166334083300176,0.03288433368315551,0.11877900714984622,4.6120241417781545,161,1463,152
full,Latest,relational,relative,202607,0.580928645239865,0.12596295691073378,0.45496568832913126,4.611900668952635,801,5604,153
full,Latest,alleviates,relative,202604,0.40325459981903494,0.08750424540568995,0.315750354413345,4.608400403311327,527,3893,154
full,Latest,decoupled,relative,202608,0.13320227343084773,0.028973278275862924,0.10422899515498481,4.597418081674794,144,1289,155
full,Latest,dependencies,relative,202605,0.3183868318138567,0.06954485879404179,0.2488419730198149,4.578150525213724,416,3094,156
full,Latest,timelines,relative,202604,0.09420579746100884,0.020611711543030486,0.07359408591797835,4.570498537413453,123,917,157
full,Latest,undermines,relative,202608,0.08371871390070976,0.01831902389047966,0.06539969001023009,4.570042290529361,93,815,158
full,Latest,reprogram,relative,202608,0.1330676489824593,0.029130619585351708,0.10393702939710757,4.567964941239086,136,1296,159
full,Latest,distinguishes,relative,202608,0.2436982636027076,0.05345109056633206,0.19024717303637553,4.5592757981295335,284,2378,160
full,Latest,stakes,relative,202607,0.08594140460333737,0.01888095713865388,0.06706044746468347,4.551750420925141,125,840,161
full,Latest,tabular,relative,202606,0.07230062618205665,0.015891472258367016,0.05640915392368963,4.549649334345951,106,707,162
full,Latest,realism,relative,202605,0.10471478041920518,0.0230617405050701,0.08165303991413507,4.540627815848667,141,1026,163
full,Latest,reconfiguration,relative,202608,0.10080090758628968,0.022275033957626186,0.07852587362866348,4.5252863711922195,106,991,164
full,Latest,tiered,relative,202607,0.14438701321944264,0.03194028582622282,0.11244672739321984,4.520529778756758,217,1421,165
full,Latest,attribution,relative,202608,0.23330779888046604,0.0516304268422476,0.18167737203821843,4.518804378536678,283,2297,166
full,Latest,metadata,relative,202607,0.1747763817067269,0.03875091679409439,0.1360254649126325,4.5102515286389995,239,1724,167
full,Latest,frontiers,relative,202607,0.11489761057556039,0.02548929213718274,0.08940831843837764,4.507681498457638,151,1134,168
full,Latest,differentiable,relative,202607,0.04294925315068078,0.009552865218961787,0.033396387931719,4.495955105221148,52,425,169
full,Latest,equity,relative,202606,0.688616437207716,0.15320548078222013,0.5354109564254959,4.494724560060463,992,6816,170
full,Latest,redirecting,relative,202605,0.049782632546532174,0.01112627831384961,0.038656354232682565,4.474329253885772,66,495,171
full,Latest,curated,relative,202605,0.3031759897866533,0.0678815363794461,0.23529445340720714,4.466251148058165,414,3020,172
full,Latest,unseen,relative,202605,0.15136364453574347,0.03394076818972306,0.11742287634602039,4.459641092671996,194,1510,173
full,Latest,unrecognized,relative,202608,0.4558322756857124,0.10272139776624793,0.35311087791946444,4.4375591220341555,493,4570,174
full,Latest,linking,relative,202608,2.324724070605109,0.5249130857845049,1.799810984820604,4.428779037068033,2593,23353,175
full,Latest,monotonic,relative,202608,0.17514621452371895,0.03956010067146527,0.1355861138522537,4.427345015581622,214,1760,176
full,Latest,durable,relative,202608,0.9917652234551304,0.22468338994998124,0.7670818335051492,4.414056702971751,1092,9996,177
full,Latest,remodeled,relative,202608,0.0992056163170225,0.02254476191674982,0.07666085440027268,4.4003842969535585,111,1003,178
full,Latest,validation,relative,202608,7.0934363354489856,1.6127933769198732,5.4806429585291125,4.39823007519791,8771,71752,179
full,Latest,remain,relative,202608,12.74413971783804,2.8995306059191353,9.844609111918906,4.395242351235061,14852,128998,180
full,Latest,coordinated,relative,202608,1.699055728349538,0.3876889865803598,1.3113667417691783,4.382522555866723,1928,17248,181
full,Latest,supporting,relative,202608,5.30329024083104,1.2194176258679903,4.08387261496305,4.34903525119716,6239,54251,182
full,Latest,robustness,relative,202606,1.7480365735590069,0.4045245066956594,1.3435120668633476,4.3212130405590665,2514,17997,183
full,Latest,captures,relative,202606,0.5515873889710705,0.12764875665525643,0.42393863231581413,4.321134051158475,763,5679,184
full,Latest,weakens,relative,202608,0.14577604770403338,0.033850858870015176,0.11192518883401821,4.306420946771328,151,1506,185
full,Latest,prioritized,relative,202608,0.5517752468289538,0.12852537252240825,0.4232498743065456,4.293123108690095,670,5718,186
full,Latest,intersect,relative,202607,0.08750636304758616,0.020544279553249584,0.06696208349433656,4.259402858142322,123,914,187
full,Latest,fairness,relative,202602,0.1270909181060053,0.029894848802868648,0.09719606930313666,4.251264789598466,156,1330,188
full,Latest,trustworthy,relative,202605,0.11857328381194589,0.02789436643936841,0.09067891737257748,4.2507968076521285,156,1241,189
full,Latest,uneven,relative,202608,0.28984384691643383,0.06828612831813154,0.2215577185983023,4.244549428342295,341,3038,190
full,Latest,yielding,relative,202606,1.3864666028195747,0.32778690232498764,1.058679700494587,4.229780363356155,1938,14583,191
full,Latest,rigor,relative,202605,0.18339366319552658,0.0435161107386118,0.13987755245691477,4.214385432951883,259,1936,192
full,Latest,decentralized,relative,202608,0.14699975245456035,0.03492977070650969,0.11206998174805065,4.2084373725122886,167,1554,193
full,Latest,undermining,relative,202602,0.0892768776359515,0.02128603144083956,0.06799084619511193,4.194153235377832,113,947,194
full,Latest,cornerstone,relative,202602,0.4766740367700131,0.11369033477060875,0.36298370199940433,4.192740198467979,579,5058,195
full,Latest,spanning,relative,202607,1.012430728088224,0.24226066195287085,0.7701700661353533,4.179096680108888,1412,10778,196
full,Latest,replicable,relative,202607,0.10422722640510476,0.02494983621893549,0.07927739018616928,4.177471366565617,148,1110,197
full,Latest,contested,relative,202608,0.07002723670374905,0.016813042785372746,0.053214193918376305,4.165054332977274,82,748,198
full,Latest,handcrafted,relative,202607,0.03654371332728451,0.008788636001444841,0.02775507732583967,4.158064268593757,54,391,199
full,Latest,exceptionally,relative,202608,0.43334736949938213,0.10427233353120875,0.32907503596817334,4.155918975091136,441,4639,200
full,Latest,integration,relative,202605,4.479136111207834,1.081406820116401,3.3977292910914323,4.14195289680687,5982,48111,201
full,Latest,misaligned,relative,202608,0.04986671200245097,0.012047848840855333,0.037818863161595634,4.139055250539705,60,536,202
full,Latest,wonder,relative,202607,0.047153515416650076,0.011396006272973236,0.03575750914367684,4.137722837910272,76,507,203
full,Latest,clearer,relative,202605,0.24603026775247944,0.05949749231668669,0.18653277543579272,4.135136762452721,345,2647,204
full,Latest,translating,relative,202608,0.4048034872416973,0.09811354513121927,0.306689942110478,4.125867500764588,452,4365,205
full,Latest,meaningfully,relative,202607,0.20141238073491322,0.048843237931303435,0.15256914280360978,4.123649235093581,300,2173,206
full,Latest,strengthening,relative,202607,1.1002194844025124,0.2671205888520985,0.8330988955504138,4.118811990983184,1647,11884,207
full,Latest,generalization,relative,202605,0.478671325266876,0.11692707028009225,0.36174425498678375,4.0937596753279255,648,5202,208
full,Latest,inequities,relative,202604,0.3685639449563693,0.09035886630641503,0.27820507864995425,4.078890761052001,509,4020,209
full,Latest,argues,relative,202608,0.33609421882899865,0.08255923282175678,0.2535349860072419,4.070946487046667,340,3673,210
full,Latest,elaborates,relative,202607,0.067332035597049,0.016565792156176085,0.05076624344087291,4.064522539113601,84,737,211
full,Latest,elevates,relative,202603,0.13796081602653146,0.034008200179503956,0.10395261584702749,4.056692659368595,179,1513,212
full,Latest,infrastructures,relative,202605,0.14240349763208826,0.035221975995560276,0.10718152163652798,4.043029773515211,179,1567,213
full,Latest,prioritization,relative,202608,0.37904444074828914,0.0937754204553143,0.28526902029297485,4.042044694738648,455,4172,214
full,Latest,compromises,relative,202605,0.24747622799728078,0.061318156040771184,0.18615807195650957,4.035937216258278,314,2728,215
full,Latest,levers,relative,202511,0.03819706168744602,0.00948543322918088,0.02871162845826514,4.0269179872498615,50,422,216
full,Latest,accountability,relative,202608,0.280460665392174,0.06970220010353058,0.21075846528864345,4.02369889294166,318,3101,217
full,Latest,traceability,relative,202608,0.08895968689982654,0.02211769264813741,0.06684199425168914,4.022105213010006,103,984,218
full,Latest,interconnected,relative,202608,0.633954037559407,0.15790324273695658,0.4760507948224505,4.014825956522506,732,7025,219
full,Latest,rankings,relative,202608,0.14374758551586375,0.03580638657366147,0.10794119894220228,4.014579500228093,189,1593,220
full,Latest,govern,relative,202608,0.4460225084310279,0.11137516978813095,0.334647338642897,4.004685328691276,479,4955,221
full,Latest,deployments,relative,202603,0.061317507600087334,0.015329539010192796,0.04598796858989453,3.9999576999227817,84,682,222
full,Latest,readable,relative,202608,0.055130112665684815,0.01380108057515891,0.0413290320905259,3.994622911260702,64,614,223
full,Latest,comparability,relative,202608,0.25586752382681344,0.06408286762178836,0.19178465620502508,3.9927602075631485,312,2851,224
full,Latest,imprecise,relative,202608,0.13218039322896988,0.0331091069824252,0.09907128624654468,3.992266940305372,167,1473,225
full,Latest,drives,relative,202608,0.9599319156654632,0.24070972618791003,0.7192221894775532,3.987923258722385,1003,10709,226
full,Latest,paradox,relative,202608,0.2263620184644357,0.056845167385304374,0.16951685107913134,3.9820802519609586,254,2529,227
full,Latest,restructuring,relative,202605,0.15576276630261848,0.03920046339263378,0.11656230290998468,3.973492985082623,209,1744,228
full,Latest,readiness,relative,202608,0.5274066461793891,0.13293092918809413,0.394475716991295,3.9675239569951484,649,5914,229
full,Latest,operates,relative,202608,0.3515822671680077,0.08865058923196537,0.2629316779360424,3.965932660053152,379,3944,230
full,Latest,missingness,relative,202607,0.04215108070785274,0.01063177705545629,0.031519303652396455,3.9646317344681865,65,473,231
full,Latest,resolves,relative,202608,0.15661755174363895,0.03951514601161135,0.1171024057320276,3.9634815393980216,165,1758,232
full,Latest,converge,relative,202608,0.2886899790015669,0.0732311409020647,0.21545883809950217,3.9421750835159726,330,3258,233
full,Latest,adaptively,relative,202606,0.17989554691402646,0.0456964117415278,0.13419913517249865,3.936754332737722,247,2033,234
full,Latest,disconnect,relative,202606,0.07771591754664735,0.01995986897514839,0.05775604857149895,3.893608602511859,110,888,235
full,Latest,stabilizes,relative,202608,0.3384822016535086,0.08694231215751573,0.2515398894959929,3.8931815045391396,337,3868,236
full,Latest,traceable,relative,202608,0.06495140019935237,0.0167006561357379,0.04825074406361447,3.8891525980444697,77,743,237
full,Latest,balances,relative,202608,0.14551572352156888,0.03742475432840324,0.10809096919316565,3.8882212090068635,160,1665,238
full,Latest,retraining,relative,202605,0.07155752445504154,0.018408933210187536,0.05314859124485401,3.887108700869287,96,819,239
full,Latest,modest,relative,202608,1.340060047213246,0.34484719573955697,0.995212851473689,3.8859531519151904,1703,15342,240
full,Latest,merely,relative,202608,0.3854490756879439,0.0992598889574947,0.28618918673044924,3.883230978154749,444,4416,241
full,Latest,outlines,relative,202605,0.6292425532562471,0.1622863220727155,0.4669562311835317,3.877360366662958,747,7220,242
full,Latest,reinforcing,relative,202603,0.4523120382047353,0.11665734232096862,0.3356546958837667,3.877270210393215,609,5190,243
full,Latest,reconfigurable,relative,202606,0.10270653012702893,0.026545726643750277,0.07616080348327865,3.8690419556177176,125,1181,244
full,Latest,retains,relative,202608,0.2979583942670853,0.07702980965972245,0.22092858460736284,3.86809204882253,318,3427,245
full,Latest,resilient,relative,202602,0.42117263600542676,0.1089251408260913,0.3122474951793354,3.866624663610639,518,4846,246
full,Latest,contextually,relative,202607,0.08245549237576946,0.02133098610069349,0.06112450627507597,3.865526515583298,129,949,247
full,Latest,outlining,relative,202512,0.18782003453073015,0.04859598730210678,0.13922404722862336,3.8649288749523483,230,2162,248
full,Latest,measurable,relative,202608,0.6511484163771133,0.16889465707124438,0.4822537593058689,3.8553523697463157,779,7514,249
full,Latest,unproven,relative,202607,0.06797548106425784,0.017689658652524535,0.05028582241173331,3.8426677642282767,95,787,250
full,Latest,constraints,relative,202606,1.7437156000680933,0.45478381641236204,1.2889317836557315,3.8341636996313646,2445,20233,251
full,Latest,realities,relative,202607,0.1192735244424348,0.03110862461892497,0.08816489982350983,3.8340982895744804,169,1384,252
full,Latest,priorities,relative,202608,0.7682278193039878,0.20054273760841662,0.5676850816955711,3.830743653275759,916,8922,253
full,Latest,driven,relative,202608,6.767131192591151,1.7666507002699747,5.000480492321176,3.8304862367852435,7632,78597,254
full,Latest,unifying,relative,202607,0.1761402146204346,0.04598861703057838,0.1301515975898562,3.8300828768848794,227,2046,255
full,Latest,counterfactual,relative,202606,0.08249549950740703,0.02164566871967106,0.060849830787735974,3.8111781426478695,118,963,256
full,Latest,steepest,relative,202605,0.03772758411214937,0.00991250249779329,0.02781508161435608,3.806060489825677,55,441,257
full,Latest,strongest,relative,202608,1.8116312312637488,0.477126282359769,1.3345049489039797,3.796963819104224,2227,21227,258
full,Latest,reflecting,relative,202605,1.7043201196474476,0.44887227864156926,1.2554478410058783,3.796893238328872,2399,19970,259
full,Latest,modernization,relative,202511,0.04341660856791051,0.011463438262754143,0.03195317030515637,3.7873984726707532,56,510,260
full,Latest,overhead,relative,202607,0.15239725329857148,0.040279375229128285,0.11211787806944319,3.7835058868630225,207,1792,261
full,Latest,multidomain,relative,202608,0.08635236531543482,0.022881921865654346,0.06347044344978048,3.7738248483860657,101,1018,262
full,Latest,proposes,relative,202606,1.5574134845322865,0.41299846007812663,1.1444150244541598,3.7709910207356985,2075,18374,263
full,Latest,collectively,relative,202608,3.152009522431483,0.837078243810249,2.3149312786212337,3.7654897206311673,3526,37241,264
full,Latest,flagged,relative,202606,0.0454232492543754,0.012070326170782304,0.0333529230835931,3.763216387998521,63,537,265
full,Latest,unevenly,relative,202608,0.0911531705113526,0.024230561661272482,0.06692260885008013,3.7619091041146606,111,1078,266
full,Latest,converged,relative,202608,0.14434669566840555,0.0385261434948247,0.10582055217358086,3.7467206051339126,177,1714,267
full,Latest,generalisability,relative,202608,0.06319514507718518,0.01688047477515365,0.04631467030203153,3.743682918812333,81,751,268
full,Latest,splits,relative,202608,0.07429104478914152,0.019914914315294453,0.05437613047384707,3.7304225171627654,89,886,269
full,Latest,mentorship,relative,202607,0.17413181499081495,0.04673036891816836,0.1274014460726466,3.726309443346038,240,2079,270
full,Latest,ethically,relative,202605,0.14547169272888888,0.03915550873277983,0.10631618399610905,3.715229285403315,195,1742,271
full,Latest,identifies,relative,202608,1.6554454553784612,0.44621995371018675,1.2092255016682745,3.7099314847171727,1890,19852,272
full,Latest,perpetuating,relative,202603,0.06240328159286202,0.01688047477515365,0.045522806817708365,3.6967728943686664,82,751,273
full,Latest,intensified,relative,202605,0.40498824321979826,0.1095994607239004,0.29538878249589784,3.6951663862656425,557,4876,274
full,Latest,restores,relative,202608,0.30053836060048844,0.08136793433562745,0.21917042626486094,3.6935724503073177,314,3620,275
full,Latest,remains,relative,202608,19.384115070179266,5.260998888046489,14.123116182132778,3.6844932840077003,22470,234058,276
full,Latest,entrenched,relative,202607,0.045297474305808064,0.012295099470051992,0.033002374835756076,3.684189332192244,60,547,277
full,Latest,durability,relative,202608,0.7359938478076975,0.19986841771060757,0.53612543009709,3.6823919268393563,822,8892,278
full,Latest,operational,relative,202608,1.3423842043133924,0.3655038619424414,0.976880342370951,3.672694994737942,1556,16261,279
full,Latest,representational,relative,202605,0.092551077549985,0.025219564178059116,0.06733151337192589,3.669812725411961,118,1122,280
full,Latest,likeness,relative,202606,0.08726107513022768,0.023848447052514012,0.06341262807771367,3.6589835362478644,120,1061,281
full,Latest,restoring,relative,202605,0.746310385859573,0.20404920107702373,0.5422611847825493,3.657502121646919,995,9078,282
full,Latest,neutrality,relative,202601,0.09315136921772614,0.02548929213718274,0.06766207708054339,3.6545294673695827,120,1134,283
full,Latest,engages,relative,202608,0.1658659270855615,0.04549411577218507,0.12037181131337642,3.645876489085898,173,2024,284
full,Latest,across,relative,202608,21.90322893824868,6.019563818421835,15.883665119826846,3.6386737642381384,26146,267806,285
full,Latest,adjudication,relative,202607,0.05662745979386233,0.015576789639389452,0.041050670154472876,3.635374239802721,92,693,286
full,Latest,strengthen,relative,202608,1.0315403999423356,0.28384372231776334,0.7476966776245721,3.63418430226026,1222,12628,287
full,Latest,multidimensional,relative,202608,0.8356589258299132,0.2300554718025268,0.6056034540273864,3.632423603239568,994,10235,288
full,Latest,conversational,relative,202607,0.07823919823970263,0.02160071405981712,0.05663848417988551,3.6220653642764358,112,961,289
full,Latest,foundations,relative,202602,0.24589483116259914,0.06810630967871578,0.17778852148388335,3.610455952210326,289,3030,290
full,Latest,confirming,relative,202602,1.4114042389505588,0.39101563140955115,1.0203886075410076,3.6095852072784504,1755,17396,291
full,Latest,redirect,relative,202608,0.06277726493492482,0.017419930693400903,0.04535733424152392,3.6037608897437456,66,775,292
full,Latest,systematically,relative,202605,4.399584641370699,1.223373635935137,3.1762110054355612,3.5962722361657655,5986,54427,293
full,Latest,integrated,relative,202608,6.31611196187583,1.7565359018028395,4.55957606007299,3.5957773225091616,7386,78147,294
full,Latest,enables,relative,202608,3.774450002660533,1.0527931791193696,2.721656823541163,3.58517710555244,3899,46838,295
full,Latest,pronounced,relative,202606,2.1806537412678297,0.6092705050004192,1.5713832362674103,3.579122447863005,3151,27106,296
full,Latest,recoverable,relative,202608,0.06264697200054557,0.017532317343035748,0.04511465465750982,3.573228271813733,65,780,297
full,Latest,consistently,relative,202607,3.1891573485607068,0.8928669766889857,2.296290371871721,3.5718168907837127,4817,39723,298
full,Latest,constrain,relative,202608,0.24968734490214742,0.07024165602177783,0.17944568888036957,3.5546904649391236,282,3125,299
full,Latest,misalignment,relative,202605,0.14881606660109234,0.041875265653943075,0.10694080094714926,3.5537939706677286,194,1863,300
full,Latest,descriptor,relative,202608,0.16106490323730413,0.04535925179262326,0.11570565144468088,3.550872134612635,186,2018,301
full,Latest,accelerates,relative,202606,0.43413086607704804,0.12236658412241874,0.3117642819546293,3.547789367420211,549,5444,302
full,Latest,interchangeable,relative,202608,0.09691467049674622,0.0273998651809751,0.06951480531577112,3.5370491736593737,122,1219,303
full,Latest,underdeveloped,relative,202606,0.12092259624865531,0.03418801881891972,0.08673457742973559,3.5369875303138802,167,1521,304
full,Latest,constraining,relative,202608,0.12099618591452867,0.03427792813862759,0.08671825777590107,3.529857038768303,137,1525,305
full,Latest,textual,relative,202607,0.10298259309363358,0.029265483564913517,0.07371710952872007,3.5189096693109065,150,1302,306
full,Latest,decomposes,relative,202604,0.054208779603496494,0.015441925659827644,0.038766853943668855,3.5104934965799823,69,687,307
full,Latest,tractable,relative,202607,0.16089624570322977,0.04592118504079747,0.1149750606624323,3.5037476833467105,216,2043,308
full,Latest,contexts,relative,202607,1.7830696744613743,0.5095385921144582,1.2735310823469161,3.4993810126571168,2529,22669,309
full,Latest,integrative,relative,202605,0.9614750254313986,0.27532481427544214,0.6861502111559565,3.4921480941035483,1306,12249,310
full,Latest,complementary,relative,202608,2.495277579870457,0.7150488196367351,1.7802287602337221,3.4896604418396615,2977,31812,311
full,Latest,reasoning,relative,202608,0.46417981316775914,0.13306579316765593,0.3311140200001032,3.4883481480692553,526,5920,312
full,Latest,contextualized,relative,202608,0.07985553948425385,0.022926876525508285,0.05692866295874557,3.483053585402579,103,1020,313
full,Latest,synergized,relative,202605,0.06511498763460304,0.01874609315909207,0.046368894475510965,3.4735231006265175,85,834,314
full,Latest,bottleneck,relative,202607,0.34624976084376285,0.09982182220566892,0.24642793863809392,3.468678022430442,456,4441,315
full,Latest,framing,relative,202607,0.17729587153891194,0.05111344825392729,0.12618242328498466,3.4686736582145863,250,2274,316
full,Latest,centered,relative,202607,1.6429137928620372,0.4741592748094091,1.168754518052628,3.4648985692042302,2371,21095,317
full,Latest,refinement,relative,202607,0.571954212365393,0.16507351098365963,0.4068807013817333,3.464845504025233,833,7344,318
full,Latest,unavailable,relative,202608,0.3790282690421339,0.10941964208448465,0.26960862695764926,3.4639874689909886,462,4868,319
full,Latest,confirmation,relative,202608,1.088953528693435,0.3150197789264692,0.7739337497669659,3.4567782772383153,1340,14015,320
full,Latest,reorganize,relative,202607,0.04178615969619775,0.012092803500709274,0.029693356195488473,3.455456767634311,54,538,321
full,Latest,vulnerability,relative,202607,1.2592257628192731,0.3651217473336829,0.8941040154855902,3.4487832401516005,1823,16244,322
full,Latest,aligned,relative,202605,0.9696067252407623,0.2814161706856507,0.6881905545551116,3.4454549035984097,1330,12520,323
full,Latest,multisectoral,relative,202508,0.04375204405518489,0.012699691408737434,0.03105235264644746,3.4451265504832134,54,565,324
full,Latest,enriches,relative,202601,0.10416463561389686,0.030254486081700158,0.07391014953219671,3.4429484385425497,128,1346,325
full,Latest,interrelated,relative,202608,0.23116186030553834,0.06725217114149097,0.16390968916404738,3.4372401125786687,278,2992,326
full,Latest,integrate,relative,202608,1.4315774511744064,0.41704437946498096,1.0145330717094252,3.4326741269381267,1632,18554,327
full,Latest,optimism,relative,202608,0.1777156284929836,0.05178776815173637,0.12592786034124723,3.431613966685781,237,2304,328
full,Latest,warrant,relative,202608,0.7478853027922131,0.2182099189310142,0.529675383861199,3.4273662098222615,928,9708,329
full,Latest,prioritising,relative,202607,0.05525718075779173,0.016161200217490644,0.039095980540301084,3.419126055872324,85,719,330
full,Latest,duality,relative,202602,0.04830269938513278,0.014138240524063444,0.03416445886106933,3.4164576067949217,54,629,331
full,Latest,semantics,relative,202608,0.07548601546865472,0.02209521531821044,0.053390800150444284,3.4163964632850012,88,983,332
full,Latest,transferability,relative,202608,0.13713458419669744,0.04014451124956647,0.09699007294713097,3.416023260170552,164,1786,333
full,Latest,humility,relative,202603,0.03812388255812167,0.011171232973703545,0.026952649584418127,3.4126835102144186,50,497,334
full,Latest,rather,relative,202608,6.270740583996187,1.837858881478613,4.432881702517574,3.4119815439535746,7655,81765,335
full,Latest,replaces,relative,202608,0.08487321958779992,0.024904881559081556,0.059968338028718364,3.407894929612742,92,1108,336
full,Latest,summarizes,relative,202608,1.7117179479056852,0.5044362382210362,1.207281709684649,3.3933286671518563,1715,22442,337
full,Latest,underrepresented,relative,202607,0.28291816589827795,0.08361566732832432,0.19930249856995363,3.3835544813315277,408,3720,338
full,Latest,beyond,relative,202608,4.2396364351946465,1.2541001459453032,2.985536289249343,3.380620318801522,4872,55794,339
full,Latest,layouts,relative,202607,0.037232955322463554,0.011013891664214766,0.026219063658248786,3.380544902528608,46,490,340
full,Latest,summaries,relative,202608,0.1675910677680184,0.04962994447874735,0.11796112328927107,3.3768135251447773,204,2208,341
full,Latest,rational,relative,202608,1.3918682482792415,0.41223423086060973,0.9796340174186319,3.3764014341397064,1460,18340,342
full,Latest,routing,relative,202606,0.09923450387988643,0.029400347544475326,0.0698341563354111,3.3752833611837274,132,1308,343
full,Latest,flags,relative,202608,0.05765286602173596,0.01708277074449637,0.040570095277239586,3.3749130562037326,66,760,344
full,Latest,legitimacy,relative,202606,0.07201092073451443,0.02142089542040137,0.050590025314113066,3.3617138462816483,102,953,345
full,Latest,centering,relative,202608,0.05501879884824357,0.0164084508466873,0.03861034800155627,3.3530769822399966,62,730,346
full,Latest,nominally,relative,202608,0.08878638742904277,0.026568203973677245,0.06221818345536552,3.341828733210905,116,1182,347
full,Latest,preclude,relative,202608,0.19420852396710825,0.05814885252106857,0.13605967144603967,3.3398513564260335,240,2587,348
full,Latest,pitfall,relative,202606,0.05779348204195695,0.01733002137369303,0.04046346066826392,3.3348765587610556,68,771,349
full,Latest,redefined,relative,202601,0.057985838008636825,0.017397453363473935,0.04058838464516289,3.3330072394606014,73,774,350
full,Latest,bidirectionally,relative,202608,0.04154111278417439,0.012474918109467745,0.029066194674706645,3.3299707797397944,44,555,351
full,Latest,underpins,relative,202602,0.11048521282459735,0.03319901630213308,0.07728619652246427,3.3279664619911804,128,1477,352
full,Latest,drawing,relative,202608,0.8301217044470667,0.24958827150906274,0.580533432938004,3.325964394993313,876,11104,353
full,Latest,standardisation,relative,202608,0.1056714674940597,0.03182789917658797,0.07384356831747173,3.320089299886614,126,1416,354
full,Latest,trajectories,relative,202608,1.3441584385722554,0.40506396261390676,0.9390944759583486,3.3183856443271447,1605,18021,355
full,Latest,persistent,relative,202608,3.664848552439109,1.105345176488623,2.5595033759504857,3.3155693175242527,4195,49176,356
full,Latest,redirected,relative,202607,0.0538199639650847,0.01625110953719852,0.03756885442788618,3.3117716573069482,71,723,357
full,Latest,unfolds,relative,202608,0.05643585156149165,0.017060293414569407,0.03937555814692224,3.308023501711624,59,759,358
full,Latest,restricts,relative,202607,0.2588916817252353,0.07840092678526754,0.18049075493996777,3.302150782404834,341,3488,359
full,Latest,exceedingly,relative,202605,0.22273679942696958,0.06747694444076066,0.15525985498620892,3.300931914937473,262,3002,360
full,Latest,concurrently,relative,202603,0.7600608799120878,0.2303926317514313,0.5296682481606565,3.2989808490581902,1026,10250,361
full,Latest,predominantly,relative,202608,2.888258190568215,0.8778745976276978,2.010383592940517,3.290057826451781,3463,39056,362
full,Latest,outputs,relative,202607,0.5908532178538503,0.17959386611648157,0.41125935173736866,3.289940968644401,866,7990,363
full,Latest,endowing,relative,202605,0.061568950051203934,0.0187236158291651,0.04284533422203884,3.288304492730523,74,833,364
full,Latest,embed,relative,202606,0.09282771336414929,0.02823152638827295,0.06459618697587634,3.288086945334591,130,1256,365
full,Latest,bridges,relative,202606,0.32593521884250026,0.09916997963778679,0.22676523920471345,3.2866319024463024,431,4412,366
full,Latest,underpowered,relative,202608,0.08501350966997759,0.025871406745941215,0.05914210292403638,3.2860025937056854,112,1151,367
full,Latest,markedly,relative,202608,2.891904081249614,0.8801223306203945,2.0117817506292197,3.285797872224334,3365,39156,368
full,Latest,clarifying,relative,202604,0.2611901908394676,0.07954727061154294,0.18164292022792466,3.283458864540436,351,3539,369
full,Latest,learns,relative,202608,0.12148789268464887,0.037020162389717795,0.08446773029493107,3.281668281346914,136,1647,370
full,Latest,compatibility,relative,202608,0.6790717620985196,0.20694877663760278,0.47212298546091674,3.2813519032667315,714,9207,371
full,Latest,converts,relative,202608,0.25565652504076986,0.07797385751665514,0.17768266752411474,3.2787466618047194,257,3469,372
full,Latest,dignity,relative,202608,0.10130460173239841,0.030928805979509217,0.0703757957528892,3.2754126298801896,115,1376,373
full,Latest,drove,relative,202607,0.17066185678463947,0.05214740543056786,0.1185144513540716,3.272681648790154,230,2320,374
full,Latest,shortages,relative,202604,0.22917660748170074,0.07008431471228906,0.15909229276941167,3.270012818453304,313,3118,375
full,Latest,expands,relative,202607,0.5159938958696146,0.15792572006688357,0.3580681758027311,3.267320203771017,637,7026,376
full,Latest,oriented,relative,202608,1.3420895393551244,0.41099797771462654,0.9310915616404979,3.265440737246144,1589,18285,377
full,Latest,internally,relative,202608,0.3020946352818612,0.09260659929911191,0.2094880359827493,3.2621285909238464,390,4120,378
full,Latest,separates,relative,202608,0.11846409629851846,0.03632336516198176,0.08214073113653671,3.2613744836205374,135,1616,379
full,Latest,frontier,relative,202608,0.23312878930608588,0.071567818487469,0.1615609708186169,3.257452780217201,257,3184,380
full,Latest,structured,relative,202608,4.36409261616815,1.3401883195655941,3.0239042966025558,3.2563278999347776,5340,59624,381
full,Latest,conceptual,relative,202608,1.1012335896502135,0.3387558393293485,0.762477750320865,3.2508180282010177,1247,15071,382
full,Latest,trustworthiness,relative,202605,0.08562787108425063,0.026343430674407555,0.05928444040984308,3.250444945556672,120,1172,383
full,Latest,generalizes,relative,202605,0.06363971562415707,0.01960023169631689,0.044039483927840184,3.2468858843192,77,872,384
full,Latest,inequitable,relative,202512,0.054438340046146075,0.016768088125518808,0.037670251920627264,3.2465442475399526,70,746,385
full,Latest,standardized,relative,202608,4.338801426903522,1.3378731545831164,3.000928272320406,3.2430588894322345,5435,59521,386
full,Latest,meaningful,relative,202608,1.7891810343812864,0.5519308363567216,1.237250198024565,3.2416761603530166,2192,24555,387
full,Latest,multifunctional,relative,202608,0.9777831612703329,0.30193797290897334,0.6758451883613595,3.2383577058891824,1023,13433,388
full,Latest,underappreciated,relative,202606,0.11862590654211944,0.036638047780959325,0.0819878587611601,3.2377791319920965,162,1630,389
full,Latest,dynamically,relative,202605,0.6503968397970848,0.2012620121660796,0.4491348276310052,3.231592652767395,828,8954,390
full,Latest,synergistically,relative,202604,0.593716116678996,0.1842691507412911,0.4094469659377049,3.2220049546576432,761,8198,391
full,Latest,strengthened,relative,202607,0.5037711869318382,0.15671194425082724,0.34705924268101096,3.2146317202568873,736,6972,392
full,Latest,explanations,relative,202607,0.48316795372237165,0.15062058784061866,0.332547365881753,3.207848014998074,747,6701,393
full,Latest,progressively,relative,202608,0.8333779942107633,0.2599053659455414,0.5734726282652218,3.2064670584191894,984,11563,394
full,Latest,reproducible,relative,202608,1.1656937361069921,0.36372815287821086,0.8019655832287812,3.2048488050285946,1342,16182,395
full,Latest,practical,relative,202608,4.9161409021592855,1.5340777675156279,3.3820631346436576,3.2046230029920593,5359,68250,396
full,Latest,underutilized,relative,202605,0.19613515684162247,0.06143054269040603,0.13470461415121646,3.19279544428075,256,2733,397
full,Latest,overcomes,relative,202605,0.23940888946604486,0.07498437263636828,0.16442451682967657,3.192783790124408,295,3336,398
full,Latest,rose,relative,202608,0.48357306026036473,0.15149720370777045,0.3320758565525943,3.1919603030637442,590,6740,399
full,Latest,guided,relative,202608,3.2960729416795633,1.0341145179500584,2.261958423729505,3.1873384276757095,3788,46007,400
full,Latest,lifecycle,relative,202606,0.09781206071502442,0.030704032680239527,0.0671080280347849,3.185642151103305,141,1366,401
full,Latest,enlarging,relative,202607,0.10502484840088377,0.032996720332790365,0.07202812806809342,3.182887491291543,128,1468,402
full,Latest,convergence,relative,202606,0.6473415604457055,0.20373451845804613,0.4436070419876593,3.177377919780485,886,9064,403
full,Latest,bridging,relative,202607,0.5812553484126065,0.18294298827559993,0.3983123601370065,3.177248572855697,781,8139,404
full,Latest,affording,relative,202608,0.18456602673921282,0.05810389786121463,0.1264621288779982,3.176482706548572,148,2585,405
full,Latest,orchestration,relative,202605,0.043589960568338186,0.013733648585378,0.029856311982960185,3.173953396095174,54,611,406
full,Latest,operationalize,relative,202605,0.052752770327640114,0.01663322414595699,0.03611954618168312,3.1715300572356346,68,740,407
full,Latest,escalation,relative,202608,0.4621128839610607,0.14583291656617425,0.31627996739488645,3.1687831172969023,556,6488,408
full,Latest,converging,relative,202608,0.15520950894749674,0.0490904885605001,0.10611902038699665,3.1617022665442294,171,2184,409
full,Latest,structurally,relative,202608,1.0740653370957607,0.3406214577132868,0.733443879382474,3.153252130110487,1092,15154,410
full,Latest,instructional,relative,202605,0.14762869417434002,0.046865232897730175,0.10076346127660986,3.150068505932681,206,2085,411
full,Latest,preserved,relative,202608,1.6366883746251917,0.5196533905815942,1.1170349840435974,3.1495770147740516,1904,23119,412
full,Latest,contributors,relative,202608,0.6050567621265786,0.19213621621573024,0.41292054591084826,3.149103141737848,732,8548,413
full,Latest,authorship,relative,202605,0.08253083670896826,0.026208566694845746,0.05632227001412251,3.1490022964590056,113,1166,414
full,Latest,mistrust,relative,202604,0.07015674553928032,0.02231998861748013,0.047836756921800186,3.1432249694041663,96,993,415
full,Latest,refinements,relative,202605,0.11422365427082497,0.036345842491908725,0.07787781177891624,3.142688308745445,160,1617,416
full,Latest,substantially,relative,202608,2.8318244011907834,0.9015657033707227,1.9302586978200607,3.1410072395204462,3430,40110,417
full,Latest,undermine,relative,202607,0.14724687603617737,0.04706752886707289,0.10017934716910447,3.128417394761234,207,2094,418
full,Latest,standardization,relative,202608,0.6727919526607501,0.21542273002007,0.45736922264068014,3.1231242524782274,796,9584,419
full,Latest,recurring,relative,202607,0.22308869956865238,0.07145543183783416,0.15163326773081823,3.1220677537145827,319,3179,420
full,Latest,fidelity,relative,202605,0.6880491666391608,0.22050260658356505,0.46754656005559575,3.120367497235944,904,9810,421
full,Latest,favorable,relative,202608,3.3832796717376796,1.0855876034828174,2.297692068254862,3.1165422863003704,4001,48297,422
full,Latest,individualised,relative,202608,0.1580524697131372,0.05073133364516881,0.10732113606796838,3.1154802832231208,190,2257,423
full,Latest,provenance,relative,202608,0.06042005072981157,0.019397935726974173,0.041022115002837395,3.1147670339887408,74,863,424
full,Latest,unmeasured,relative,202608,0.10204532683955557,0.0328169016933746,0.06922842514618098,3.1095356835638595,128,1460,425
full,Latest,continuity,relative,202608,0.5533846936064934,0.17802045302159375,0.37536424058489976,3.1085455868341616,657,7920,426
full,Latest,comparator,relative,202608,0.2953173951194964,0.09514653758085939,0.200170857538637,3.1038165195294014,392,4233,427
full,Latest,manageable,relative,202605,0.20219640769863714,0.06520673411813681,0.13698967358050035,3.1008516287951555,281,2901,428
full,Latest,robust,relative,202605,5.701917433382605,1.8468498134494002,3.8550676199332043,3.0873747241704583,7621,82165,429
full,Latest,comparators,relative,202608,0.12242746826950526,0.039672487321100125,0.08275498094840514,3.085953932724335,163,1765,430
full,Latest,operationalized,relative,202607,0.1296207289770427,0.042100038953212765,0.08752069002382992,3.07887432410917,197,1873,431
full,Latest,deductive,relative,202607,0.14488001031885994,0.04709000619699986,0.09779000412186009,3.0766615258608816,236,2095,432
full,Latest,imposes,relative,202604,0.18915153502703602,0.061497974680186925,0.1276535603468491,3.075736006115594,256,2736,433
full,Latest,precludes,relative,202608,0.12076071712810953,0.03926789538241469,0.08149282174569485,3.0753040353211727,149,1747,434
full,Latest,gaps,relative,202607,2.2497341754004387,0.7320416810615235,1.5176924943389154,3.0732323494724105,3240,32568,435
full,Latest,combines,relative,202605,0.9612889953202653,0.31306425122282294,0.6482247440974424,3.070580532799542,1243,13928,436
full,Latest,discontinuations,relative,202608,0.051863759958314534,0.016925429435007588,0.03493833052330695,3.064250756972967,65,753,437
full,Latest,unaddressed,relative,202608,0.05508288885591606,0.01798186394157513,0.037101024914340926,3.06324689336355,63,800,438
full,Latest,informed,relative,202608,2.2893018017934845,0.7476634253607668,1.5416383764327177,3.061941676080835,2811,33263,439
full,Latest,sourcing,relative,202608,0.040460212914369,0.013216669997057718,0.02724354291731128,3.06130159286539,46,588,440
full,Latest,factual,relative,202608,0.04298178331278352,0.014048331204355568,0.02893345210842795,3.059565060614272,52,625,441
full,Latest,broadest,relative,202607,0.03458373327953663,0.011328574283192328,0.0232551589963443,3.0527877926216083,51,504,442
full,Latest,destabilizes,relative,202606,0.05258636203056328,0.01724011205398516,0.03534624997657812,3.0502331925625517,68,767,443
full,Latest,harmonization,relative,202605,0.1413953354346321,0.04637073163933685,0.09502460379529523,3.049236672269469,189,2063,444
full,Latest,maintains,relative,202608,0.5974815824613942,0.19606974895294982,0.40141183350844434,3.0472910056347846,627,8723,445
full,Latest,lever,relative,202608,0.07863708991545472,0.02582645208608727,0.05281063782936746,3.044827437130499,89,1149,446
full,Latest,framed,relative,202608,0.16382678719892052,0.05381072784516356,0.11001605935375698,3.044500488272899,185,2394,447
full,Latest,completeness,relative,202606,0.28084205051357475,0.0923143940100613,0.18852765650351344,3.0422346755909584,399,4107,448
full,Latest,representations,relative,202608,0.7755840975128161,0.2559943105382489,0.5195897869745673,3.0296927141938714,878,11389,449
full,Latest,rubric,relative,202608,0.04534089613714179,0.014969901731361293,0.030370994405780494,3.028803859290177,60,666,450
full,Latest,yet,relative,202608,10.260313139111437,3.3883900545007823,6.871923084610655,3.0280791095708453,11528,150747,451
full,Latest,generating,relative,202608,1.9254399649631067,0.6359061409638773,1.2895338239992293,3.0278681725649212,2304,28291,452
full,Latest,retaining,relative,202608,0.4529152166075855,0.14967653998368596,0.3032386766238996,3.0259599577659344,487,6659,453
full,Latest,uncertain,relative,202608,1.4117448348777941,0.46660689195394744,0.9451379429238467,3.025555042631322,1723,20759,454
full,Latest,bounded,relative,202608,0.15477067094448083,0.051158402913781244,0.10361226803069959,3.0253225693014767,180,2276,455
full,Latest,reproduces,relative,202607,0.13113727692554608,0.043403724088976955,0.08773355283656913,3.021336986123972,165,1931,456
full,Latest,explicitly,relative,202608,0.6274439058641024,0.20798273381424337,0.41946117204985894,3.016807666469537,758,9253,457
full,Latest,intensify,relative,202606,0.10695237243947772,0.035514181284610875,0.07143819115486684,3.0115398573420777,152,1580,458
full,Latest,contextual,relative,202607,0.8010003559694676,0.2660191996856771,0.5349811562837905,3.011062197450084,1217,11835,459
full,Latest,inaccessible,relative,202608,0.19390892590045355,0.0644874595604738,0.12942146633997975,3.0069245590084592,203,2869,460
full,Latest,restrains,relative,202608,0.04924850588170555,0.0164084508466873,0.032840055035018245,3.001411062010666,53,730,461
full,Latest,learner,relative,202608,0.15843343534248377,0.05282172532837694,0.10561171001410682,2.999399098714597,191,2350,462
full,Latest,impose,relative,202608,0.24000044998860887,0.08013168118964416,0.1598687687989647,2.9950756857404532,277,3565,463
full,Latest,rigorous,relative,202608,0.834153169060755,0.2786065044447796,0.5555466646159753,2.9940190044130355,973,12395,464
full,Latest,genuine,relative,202608,0.15823494868262022,0.05304649862764662,0.10518845005497361,2.9829480319395065,174,2360,465
full,Latest,transforms,relative,202608,0.179899216747219,0.060419062843692424,0.11948015390352658,2.977524117059356,189,2688,466
full,Latest,deliberately,relative,202608,0.08493669727758271,0.028568686337177483,0.056368010940405236,2.973069754595312,99,1271,467
full,Latest,substantial,relative,202608,4.937567749612933,1.6617040468409574,3.275863702771976,2.9713881716781487,5995,73928,468
full,Latest,assigns,relative,202608,0.043862560064082,0.014767605762018573,0.02909495430206343,2.9701876371113567,50,657,469
full,Latest,reanalysis,relative,202608,0.08212754079946925,0.027669593140098724,0.05445794765937052,2.9681513704822122,91,1231,470
full,Latest,sustaining,relative,202607,0.5105243678399115,0.17204148326102003,0.3384828845788915,2.967449234702004,714,7654,471
full,Latest,synthesise,relative,202608,0.1644456100885763,0.0554515729298323,0.10899403715874398,2.965571604193512,210,2467,472
full,Latest,transparency,relative,202606,0.5512550901046043,0.18631458776464527,0.3649405023399589,2.9587328438337632,779,8289,473
full,Latest,bounding,relative,202607,0.04966216184746616,0.016790565455445775,0.03287159639202039,2.9577420712391174,73,747,474
full,Latest,lowers,relative,202608,0.224177785482272,0.07604080714293582,0.14813697833933617,2.9481247491347555,240,3383,475
full,Latest,conceptualized,relative,202607,0.1512881699818724,0.051338221553196985,0.0999499484286754,2.946891524575051,215,2284,476
full,Latest,shifts,relative,202607,1.4314565096712408,0.4864993289393151,0.9449571807319257,2.942360707448782,2006,21644,477
full,Latest,negotiated,relative,202605,0.04277875869325978,0.014542832462748883,0.0282359262305109,2.9415699316372206,58,647,478
full,Latest,anchors,relative,202608,0.13352240580656827,0.04540420645247719,0.08811819935409108,2.9407496846425665,148,2020,479
full,Latest,granularity,relative,202608,0.06434169921960962,0.021915396678794684,0.04242630254081495,2.935913055220515,76,975,480
full,Latest,exclusions,relative,202606,0.08296670603274635,0.02845629968754264,0.0545104063452037,2.91558308507226,131,1266,481
full,Latest,obscured,relative,202608,0.08649015856971358,0.02969255283352593,0.056797605736187654,2.9128569394025745,94,1321,482
full,Latest,moderates,relative,202607,0.10766247509750516,0.03699768505979083,0.07066479003771434,2.9099786898427604,149,1646,483
full,Latest,denser,relative,202606,0.09853083242030566,0.03389581352986911,0.06463501889043655,2.906873214105923,135,1508,484
full,Latest,reparative,relative,202608,0.09834746149088827,0.03387333619994215,0.06447412529094612,2.903388698130544,112,1507,485
full,Latest,onward,relative,202607,0.11777296790261729,0.04057158051817888,0.07720138738443842,2.9028439710364955,184,1805,486
full,Latest,contemporary,relative,202608,1.1602286970804074,0.3999391313905578,0.7602895656898496,2.9010131942987942,1363,17793,487
full,Latest,driver,relative,202605,1.108420728756217,0.38305865661540417,0.7253620721408129,2.893605743177567,1481,17042,488
full,Latest,synthesised,relative,202608,0.3030903468918583,0.10478931211952906,0.19830103477232924,2.892378437851897,384,4662,489
full,Latest,prohibitive,relative,202608,0.08976055908594607,0.031041192629144065,0.058719366456802015,2.8916594848121706,91,1381,490
full,Latest,engagement,relative,202605,2.1523351901414576,0.745325783048362,1.4070094070930954,2.887777719614724,2968,33159,491
full,Latest,negotiation,relative,202608,0.07221308677482068,0.025017268208716394,0.047195818566104275,2.8865296631252706,78,1113,492
full,Latest,synergistic,relative,202602,2.000601585412305,0.6937403108659683,1.3068612745463364,2.8837903089630665,2417,30864,493
full,Latest,paralleling,relative,202511,0.034705878032447304,0.012047848840855335,0.02265802919159197,2.8806701089041358,44,536,494
full,Latest,orchestrate,relative,202607,0.1432084484557808,0.04974233112838221,0.09346611732739858,2.87900557145518,173,2213,495
full,Latest,alignment,relative,202608,1.3273056806809398,0.46130224209118287,0.8660034385897568,2.8773016030964342,1534,20523,496
full,Latest,marked,relative,202607,2.2612087913947128,0.7859198408964679,1.475288950498245,2.8771493907259558,3228,34965,497
full,Latest,rollout,relative,202607,0.04892569863790718,0.017015338754715465,0.03191035988319171,2.8753878687456864,77,757,498
full,Latest,ambiguity,relative,202608,0.19704298744022838,0.0688930162261597,0.12814997121406865,2.8601300717242832,223,3065,499
full,Latest,interpreting,relative,202608,0.5159563368125589,0.18065030062304913,0.3353060361895099,2.8561056086431345,602,8037,500
full,Latest,deliberate,relative,202608,0.16111092093895354,0.05641809811669196,0.10469282282226157,2.8556602635863575,182,2510,501
full,Latest,synergy,relative,202604,0.47370500343815425,0.16653453742891267,0.3071704660092416,2.844485058484407,610,7409,502
full,Latest,reinforces,relative,202512,0.18291900073983855,0.06437507291083895,0.1185439278289996,2.8414569874458366,232,2864,503
full,Latest,charting,relative,202608,0.046617089733884336,0.0164084508466873,0.030208638887197034,2.8410414955959022,62,730,504
full,Latest,discontinuities,relative,202604,0.0421339323842858,0.014857515081726448,0.027276417302559353,2.835866708027586,56,661,505
full,Latest,integrity,relative,202605,2.21604290341596,0.7822785134482989,1.433764389967661,2.832805535777277,2932,34803,506
full,Latest,plateaued,relative,202608,0.06443693628857618,0.022747057886092534,0.04168987840248364,2.832759146754213,75,1012,507
full,Latest,distort,relative,202605,0.04966175138884552,0.017532317343035748,0.03212943404580978,2.8325834182195173,66,780,508
full,Latest,supports,relative,202608,2.8105867571960195,0.9923291616158234,1.8182575955801958,2.8323129722596296,3234,44148,509
full,Latest,optimisation,relative,202606,0.20990926541423627,0.07415271142907044,0.1357565539851658,2.830769925588244,298,3299,510
full,Latest,reorganization,relative,202608,0.3450573702377601,0.12211933349322208,0.22293803674453802,2.825575282532242,383,5433,511
full,Latest,externally,relative,202608,0.33477388823729215,0.1185004833749801,0.21627340486231206,2.825084579426918,425,5272,512
full,Latest,clarity,relative,202512,0.3873873508063791,0.1371341898844373,0.25025316092194183,2.8248779617455693,506,6101,513
full,Latest,harmonisation,relative,202608,0.038309775113505015,0.01357630727588922,0.024733467837615798,2.821811140172194,47,604,514
full,Latest,humanistic,relative,202608,0.042910734074486916,0.015217152360557951,0.027693581713928963,2.8198925171906177,50,677,515
full,Latest,equivalence,relative,202608,0.24189824396014786,0.08579596833124033,0.15610227562890752,2.819459336669868,304,3817,516
full,Latest,decoding,relative,202607,0.20257609426044287,0.07186002377651962,0.13071607048392325,2.8190373954014043,261,3197,517
full,Latest,thoughtful,relative,202603,0.0694446359288899,0.024635153599957927,0.04480948232893198,2.8189244141351124,82,1096,518
full,Latest,inconsistent,relative,202608,1.282323165871007,0.45505354437148543,0.8272696214995215,2.8179610547636464,1589,20245,519
full,Latest,compromise,relative,202608,0.7193433388210826,0.25545485462000167,0.4638884842010809,2.815931370304674,824,11365,520
full,Latest,gains,relative,202604,0.7724010886001966,0.2743133344287286,0.498087754171468,2.8157620926768328,1071,12204,521
full,Latest,recovers,relative,202608,0.08976067709229071,0.03189533116636889,0.057865345925921824,2.8142262146171495,104,1419,522
full,Latest,anonymized,relative,202608,0.09467116474534616,0.03364856290067246,0.0610226018446737,2.8135277285037983,122,1497,523
full,Latest,linguistically,relative,202508,0.06030291253974737,0.02144337275032834,0.03885953978941903,2.812193456779042,77,954,524
full,Latest,preparedness,relative,202607,0.37300145961845205,0.13266120122897046,0.2403402583894816,2.8116846234089143,541,5902,525
full,Latest,misclassification,relative,202605,0.12845258150300368,0.0456964117415278,0.08275616976147586,2.810999301861355,182,2033,526
full,Latest,ambiguities,relative,202602,0.04716545447812344,0.01679056545544577,0.030374889022677667,2.8090450320615035,56,747,527
full,Latest,sustained,relative,202608,2.9289584951914573,1.0431504045807,1.8858080906107577,2.807800756563737,3434,46409,528
full,Latest,symbolic,relative,202607,0.11828921584886831,0.0422124256028476,0.07607679024602071,2.802236880718095,160,1878,529
full,Latest,multidisciplinary,relative,202607,1.8276110120191142,0.6525168877799076,1.175094124239207,2.800863925893614,2476,29030,530
full,Latest,compactness,relative,202606,0.07364641035919987,0.02629847601455362,0.04734793434464625,2.800406012821573,101,1170,531
full,Latest,traditions,relative,202608,0.07488332902898748,0.026770499943019974,0.04811282908596751,2.7972331181103787,86,1191,532
full,Latest,discordance,relative,202608,0.19295381535645242,0.06898292554586757,0.12397088981058484,2.7971242713989435,235,3069,533
full,Latest,multisystem,relative,202608,0.24218035497782595,0.08658267487868423,0.1555976800991417,2.7970994811278147,272,3852,534
full,Latest,decode,relative,202608,0.07612948621728036,0.027309955861267225,0.048819530356013136,2.787609273483016,81,1215,535
full,Latest,inherently,relative,202608,0.33049349696140123,0.1186353473545419,0.21185814960685928,2.7857928040090862,366,5278,536
full,Latest,illustrative,relative,202608,0.16070968280751438,0.05772178325245615,0.10298789955505822,2.7842120210427823,185,2568,537
full,Latest,scholarship,relative,202608,0.12619361955816513,0.04535925179262326,0.08083436776554187,2.7820921768089635,135,2018,538
full,Latest,explicit,relative,202608,0.7586818316268309,0.27318946793238014,0.4854923636944508,2.7771269418578752,878,12154,539
full,Latest,sentiment,relative,202303,0.07647403292249758,0.027579683820390853,0.04889434910210673,2.7728393632256587,91,1227,540
full,Latest,backdrop,relative,202605,0.06417224848079331,0.023151649824777975,0.04102059865601534,2.7718218341447605,86,1030,541
full,Latest,talent,relative,202512,0.045836385121081194,0.016565792156176085,0.02927059296490511,2.7669298690308874,61,737,542
full,Latest,retained,relative,202608,1.361248879665161,0.49232095739039994,0.868927922274761,2.7649622857426315,1624,21903,543
full,Latest,rely,relative,202608,1.3551685180101758,0.490163133717411,0.8650053842927647,2.764729586520593,1532,21807,544
full,Latest,balanced,relative,202608,0.9931446072613093,0.35956984684172166,0.6335747604195876,2.7620352929607015,1194,15997,545
full,Latest,curiosity,relative,202405,0.0660974222764001,0.02393835637222189,0.04215906590417821,2.7611512356420453,66,1065,546
full,Latest,persists,relative,202607,0.36008226054861014,0.13043594556620056,0.22964631498240956,2.760606050621655,494,5803,547
full,Latest,distinct,relative,202608,7.289797400199493,2.643019316792566,4.646778083406927,2.7581324714062325,8292,117586,548
full,Latest,weakening,relative,202608,0.1717685555296388,0.06237459054733873,0.10939396498230004,2.7538225745830958,186,2775,549
full,Latest,experiential,relative,202607,0.18565826460297696,0.06743198978090671,0.11822627482207025,2.753266887217762,271,3000,550
full,Latest,extensible,relative,202608,0.036502339468171045,0.013261624656911658,0.02324071481125939,2.7524787054764706,42,590,551
full,Latest,coexist,relative,202608,0.23781636754534358,0.0864028562392685,0.15141351130607508,2.752413263825189,270,3844,552
full,Latest,dictates,relative,202608,0.10271242392043195,0.03733484500869536,0.06537757891173658,2.7511142445217067,107,1661,553
full,Latest,disproportionately,relative,202608,0.45086129489490145,0.1641744177865809,0.2866868771083205,2.7462335543714254,528,7304,554
full,Latest,refined,relative,202605,0.6085249168202326,0.22167142773976742,0.38685348908046524,2.745166226540546,834,9862,555
full,Latest,landmark,relative,202608,0.2805140118118958,0.1023842378173434,0.1781297739945524,2.7398163798644606,350,4555,556
full,Latest,annotations,relative,202606,0.2678479691034482,0.09788877183194958,0.16995919727149866,2.7362481323524612,370,4355,557
full,Latest,spillover,relative,202606,0.11711483358820157,0.04281931351087577,0.07429552007732579,2.7350936758585656,154,1905,558
full,Latest,consequential,relative,202608,0.09133792235341338,0.03344626693132974,0.05789165542208364,2.7308854091532546,105,1488,559
full,Latest,optimization,relative,202606,2.666762558005969,0.9770895319253384,1.6896730260806305,2.7292919132509366,3636,43470,560
full,Latest,compact,relative,202608,0.7349629825700894,0.26936832184479537,0.465594660725294,2.7284685056380176,777,11984,561
full,Latest,thematically,relative,202603,0.28842241822910997,0.10582326929616961,0.18259914893294035,2.7255103735445614,429,4708,562
full,Latest,malicious,relative,202410,0.031277181852481774,0.011485915592681114,0.01979126625980066,2.723089996622625,36,511,563
full,Latest,pruning,relative,202606,0.07387439838361616,0.027175091881705415,0.04669930650191074,2.7184599303360315,99,1209,564
full,Latest,profoundly,relative,202604,0.31545551244291375,0.11607293174286741,0.19938258070004633,2.7177353729785345,404,5164,565
full,Latest,enforcing,relative,202605,0.0603222598698082,0.022207601967845284,0.03811465790196292,2.7162887716174713,76,988,566
full,Latest,pragmatic,relative,202608,0.42854492091080365,0.15779085608732174,0.2707540648234819,2.7159046571979184,535,7020,567
full,Latest,nominal,relative,202608,0.3024352450882259,0.11146507910783882,0.19097016598038705,2.713273497932296,382,4959,568
full,Latest,adopts,relative,202605,0.21939171840120908,0.08105325171664989,0.13833846668455918,2.7067602317568937,279,3606,569
full,Latest,hierarchies,relative,202608,0.07124024052277446,0.026320953344480588,0.04491928717829387,2.7065980320090985,78,1171,570
full,Latest,sharper,relative,202512,0.038687580153819165,0.014295581833552229,0.02439199832026694,2.706261319355192,51,636,571
full,Latest,translation,relative,202608,2.1413102488355276,0.7925281758949967,1.3487820729405309,2.701872708080518,2397,35259,572
full,Latest,semantically,relative,202605,0.05812117324596087,0.021533282070036214,0.036587891175924654,2.699132118221638,74,958,573
full,Latest,resists,relative,202607,0.03440527850567131,0.01276712339851834,0.021638155107152966,2.6948340226478997,43,568,574
full,Latest,remained,relative,202608,5.5071502763217755,2.0437287462797213,3.4634215300420537,2.694658127379504,6805,90924,575
full,Latest,partitions,relative,202607,0.05334652451024641,0.01980252766565961,0.033543996844586796,2.6939250085107487,78,881,576
full,Latest,embodied,relative,202608,0.1392471810397691,0.05178776815173637,0.08745941288803272,2.688804441847729,158,2304,577
full,Latest,derives,relative,202608,0.11511494697984986,0.04281931351087577,0.0722956334689741,2.6883884289880444,139,1905,578
full,Latest,reintegration,relative,202607,0.04388003086530783,0.016341018856906395,0.027539012008401437,2.68526896942918,64,727,579
full,Latest,unsupported,relative,202608,0.040257699044832986,0.01501485639121523,0.025242842653617755,2.681191081413648,49,668,580
full,Latest,rationally,relative,202608,0.2764450066445981,0.10330580834434909,0.17313919830024901,2.6759870628292686,286,4596,581
full,Latest,normalisation,relative,202608,0.05957390397292525,0.02227503395762619,0.03729887001529906,2.6744697263426276,70,991,582
full,Latest,preservation,relative,202607,1.159178105965595,0.43385742225035395,0.7253206837152409,2.6717950333847247,1610,19302,583
full,Latest,preserve,relative,202607,0.7561574496393416,0.28307949310024644,0.4730779565390952,2.671184130499926,1045,12594,584
full,Latest,reflects,relative,202607,1.022380722916388,0.3830137019555502,0.6393670209608376,2.6693058699895755,1501,17040,585
full,Latest,tunability,relative,202510,0.16040627632779808,0.06010438022471487,0.10030189610308322,2.6687951148997815,194,2674,586
full,Latest,trusted,relative,202606,0.11312192410563346,0.042392244242263365,0.07072967986337009,2.6684580193292864,164,1886,587
full,Latest,subjectivity,relative,202511,0.07000463568976743,0.02625352135469968,0.04375111433506775,2.6664855637446063,89,1168,588
full,Latest,standardise,relative,202605,0.0398903060992145,0.014969901731361293,0.024920404367853203,2.6647005982441447,56,666,589
full,Latest,enabled,relative,202606,2.083694793484384,0.7823234681081528,1.3013713253762311,2.663469624045999,2755,34805,590
full,Latest,harmonize,relative,202604,0.05092614643959323,0.01915068509777751,0.03177546134181572,2.6592336608105653,70,852,591
full,Latest,threatens,relative,202608,0.1684876630052461,0.06349845704368717,0.10498920596155892,2.653413497737842,176,2825,592
full,Latest,complementing,relative,202605,0.12034708695555976,0.045359251792623255,0.0749878351629365,2.653198238493249,163,2018,593
full,Latest,commitments,relative,202607,0.07836669124859891,0.029557688853964113,0.0488090023946348,2.651313221266581,105,1315,594
full,Latest,establishing,relative,202603,1.4250803343396778,0.5382421424311975,0.8868381919084802,2.6476565508280374,1859,23946,595
full,Latest,disproportionate,relative,202608,0.22069211991840681,0.08336841669912767,0.13732370321927917,2.6471909705910974,261,3709,596
full,Latest,landscapes,relative,202607,0.3232978577726955,0.1222991521326378,0.2009987056400577,2.643500401556892,425,5441,597
full,Latest,constraint,relative,202607,0.3843568742465911,0.14554071127712367,0.23881616296946745,2.640889074086894,535,6475,598
full,Latest,authenticity,relative,202607,0.0891370767590308,0.0337609495503073,0.055376127208723515,2.6402419939702044,123,1502,599
full,Latest,timepoints,relative,202603,0.18457515855051818,0.06994945073272725,0.11462570781779094,2.6386934653106717,267,3112,600
full,Latest,prioritisation,relative,202608,0.06333215560495993,0.024028265691929764,0.03930388991303017,2.6357356130880034,82,1069,601
full,Latest,convergent,relative,202608,0.5524723536337255,0.20980339753832786,0.3426689560953976,2.633286019749977,651,9334,602
full,Latest,limited,relative,202608,15.408322536168736,5.854962331366642,9.553360204802095,2.6316689440719574,18326,260483,603
full,Latest,persistently,relative,202605,0.2679153975845933,0.10197964587865793,0.16593575170593539,2.627145792439568,369,4537,604
full,Latest,extends,relative,202607,0.5879881443270718,0.22389668340253724,0.36409146092453454,2.626158348535897,780,9961,605
full,Latest,regionally,relative,202604,0.1284432102899665,0.048910669921084345,0.07953254036888216,2.6260775102284457,177,2176,606
full,Latest,plausibly,relative,202607,0.054274664041488625,0.020679143532811396,0.03359552050867723,2.624608894240303,77,920,607
full,Latest,trajectory,relative,202607,1.0083639598785257,0.3845421603905841,0.6238217994879417,2.622245526613567,1454,17108,608
full,Latest,lagged,relative,202608,0.21187677053482024,0.08080600108745323,0.13107076944736698,2.6220425176777917,251,3595,609
full,Latest,contributor,relative,202607,0.6510990939357005,0.2485992689922761,0.4024998249434244,2.6190708306384036,934,11060,610
full,Latest,thematic,relative,202607,1.3694410494181577,0.5230699447304935,0.8463711046876641,2.618083992808549,2111,23271,611
full,Latest,scheduling,relative,202607,0.17756888688719283,0.06783658171959216,0.10973230516760067,2.6175977973239837,263,3018,612
full,Latest,reinforcement,relative,202606,0.47682841601284065,0.18220123638800997,0.29462717962483065,2.6170427021548965,666,8106,613
full,Latest,distributional,relative,202607,0.09627585187710512,0.036817866420375066,0.05945798545673006,2.614922080977129,135,1638,614
full,Latest,coordinating,relative,202607,0.2802042400362009,0.10717190909178774,0.1730323309444132,2.6145306397054013,369,4768,615
full,Latest,implementable,relative,202607,0.039290242586112974,0.015037333721142198,0.024252908864970772,2.612846353929863,57,669,616
full,Latest,critically,relative,202608,2.1668411619516545,0.8296832022642765,1.337157959687378,2.6116488269717397,2477,36912,617
full,Latest,interactivity,relative,202601,0.03279596433359193,0.012564827429175621,0.020231136904416313,2.610140451068947,46,559,618
full,Latest,auditing,relative,202607,0.03563294789872134,0.013666216595597101,0.021966731303124237,2.6073747367798448,53,608,619
full,Latest,shifting,relative,202608,0.5857617721588362,0.22468338994998124,0.3610783822088549,2.6070541853994538,661,9996,620
full,Latest,supervisory,relative,202606,0.040198338630431873,0.015441925659827641,0.02475641297060423,2.6031946737710534,60,687,621
full,Latest,parsimonious,relative,202608,0.0902514970013496,0.03472747473716697,0.055524022264182626,2.5988499792862343,120,1545,622
full,Latest,respectful,relative,202606,0.06178858603104381,0.023781015062733103,0.038007570968310714,2.59823165109011,92,1058,623
full,Latest,directional,relative,202607,0.4964251580713004,0.19123712301865142,0.30518803505264896,2.5958618820200714,693,8508,624
full,Latest,injustice,relative,202608,0.03661685551291231,0.014115763194136474,0.022501092318775832,2.594040081950548,37,628,625
full,Latest,disrupted,relative,202608,0.910342063314541,0.3509610294796926,0.5593810338348484,2.59385512022273,1031,15614,626
full,Latest,increasingly,relative,202608,3.951332603622552,1.5247946302557898,2.426537973366762,2.591386751512695,4591,67837,627
full,Latest,establish,relative,202608,4.1233454621451,1.593058281243994,2.5302871809011056,2.588320534591644,4647,70874,628
full,Latest,modifiable,relative,202608,0.622048552080024,0.24043999822878637,0.38160855385123765,2.587125921903081,776,10697,629
full,Latest,prioritised,relative,202606,0.08684501713684098,0.03360360824081852,0.05324140889602246,2.584395595689328,130,1495,630
full,Latest,coinciding,relative,202608,0.11024853054188181,0.04268444953131396,0.06756408101056785,2.5828734293738944,125,1899,631
full,Latest,dominated,relative,202607,1.1396558564310664,0.44152219175545027,0.6981336646756161,2.5811972256703632,1635,19643,632
full,Latest,handles,relative,202604,0.05334670621692278,0.020679143532811396,0.03266756268411138,2.5797348005384304,62,920,633
full,Latest,relying,relative,202607,0.4214088002839821,0.16343266589899094,0.2579761343849911,2.578485751094781,582,7271,634
full,Latest,vicious,relative,202608,0.08304295611331292,0.03221001378534644,0.050832942327966466,2.5781720140427975,87,1433,635
full,Latest,observables,relative,202605,0.057220517384016734,0.02225255662769922,0.03496796075631751,2.5714131792295087,66,990,636
full,Latest,poorly,relative,202608,4.18000756258798,1.6274261187023302,2.552581443885649,2.5684776190768126,4792,72403,637
full,Latest,perturbs,relative,202604,0.0459546168281631,0.01789195462186725,0.02806266220629585,2.568451452028507,59,796,638
full,Latest,fueling,relative,202510,0.034680506157143215,0.013508875286108316,0.021171630871034897,2.567238605926467,42,601,639
full,Latest,depletes,relative,202605,0.036332024286080594,0.014160717853990411,0.022171306432090185,2.565690854142852,45,630,640
full,Latest,summarises,relative,202608,0.1266078509250294,0.04938269384955069,0.0772251570754787,2.56381013378397,123,2197,641
full,Latest,curation,relative,202605,0.07740143350345682,0.030209531421846212,0.047191902081610615,2.562152733275548,98,1344,642
full,Latest,longstanding,relative,202608,0.14458507180886715,0.05644057544661893,0.08814449636224822,2.561722141646387,150,2511,643
full,Latest,diverge,relative,202608,0.07910383968041723,0.030928805979509224,0.048175033700908004,2.557610524403194,91,1376,644
full,Latest,provisional,relative,202608,0.11431740445266689,0.044729886554668134,0.06958751789799876,2.555727574067286,139,1990,645
full,Latest,distrust,relative,202608,0.05192147326713224,0.020319506253979894,0.03160196701315235,2.5552527024106504,60,904,646
full,Latest,surges,relative,202512,0.03959047966560704,0.015509357649608545,0.024081122015998494,2.5526833902502917,52,690,647
full,Latest,emphasis,relative,202608,1.4439862796173275,0.56595669023115,0.8780295893861777,2.5514077393935737,1633,25179,648
full,Latest,declining,relative,202607,0.45310593651971914,0.17766081574276227,0.2754451207769569,2.5503988295076727,675,7904,649
full,Latest,proceeds,relative,202608,0.299651742604636,0.11753395818812046,0.18211778441651552,2.549490778869411,230,5229,650
full,Latest,arises,relative,202604,0.5371764400936561,0.21072496806533356,0.3264514720283225,2.5491826859696514,672,9375,651
full,Latest,centred,relative,202607,0.4171000625260315,0.16392716715738426,0.25317289536864723,2.5444230493264084,621,7293,652
full,Latest,translates,relative,202608,0.15598736657078197,0.061340633370698144,0.09464673320008382,2.5429696108305215,181,2729,653
full,Latest,moderation,relative,202607,0.1771959429285503,0.06972467743345756,0.1074712654950927,2.5413662630086598,263,3102,654
full,Latest,fail,relative,202605,0.8539808703774339,0.33671040230599425,0.5172704680714396,2.5362473642894963,1131,14980,655
full,Latest,supportive,relative,202607,1.115497102955318,0.4400836426401242,0.6754134603151939,2.5347388425147837,1633,19579,656
full,Latest,extending,relative,202607,0.8233058627972951,0.3255166920023637,0.49778917079493135,2.5292277877759854,1094,14482,657
full,Latest,emerging,relative,202608,4.887101672629711,1.9327356911003482,2.9543659815293632,2.528592861990032,5383,85986,658
full,Latest,purposively,relative,202608,0.13759226453316098,0.05441761575319171,0.08317464877996927,2.528450808230989,183,2421,659
full,Latest,complements,relative,202607,0.135951968032911,0.05383320517509054,0.08211876285782047,2.5254295669509585,196,2395,660
full,Latest,resolving,relative,202606,0.36766191053043806,0.1456081432669046,0.22205376726353343,2.5250092630911545,488,6478,661
full,Latest,ordinal,relative,202608,0.248676364987538,0.09858556905968563,0.15009079592785238,2.5224418478224178,322,4386,662
full,Latest,penalties,relative,202606,0.05429698858560477,0.02155575939996318,0.03274122918564159,2.5189086395952964,74,959,663
full,Latest,translate,relative,202608,0.5836961309586641,0.23180870353683036,0.3518874274218338,2.518007831685772,693,10313,664
full,Latest,judgment,relative,202608,0.2921311869404938,0.11609540907279436,0.1760357778676994,2.5163026623845317,335,5165,665
full,Latest,usability,relative,202605,0.39581424589394815,0.15747617346834417,0.23833807242560398,2.513486562292642,551,7006,666
full,Latest,checks,relative,202606,0.138134235871131,0.05502450366121987,0.08310973220991111,2.510413119246092,206,2448,667
full,Latest,competencies,relative,202605,0.30185967466935715,0.12043353374869943,0.1814261409206577,2.50644206205248,416,5358,668
full,Latest,abolishes,relative,202605,0.07569459316170334,0.03023200875177318,0.04546258440993016,2.50378973435775,87,1345,669
full,Latest,dual,relative,202608,3.772088579465587,1.5075320408718775,2.2645565385937094,2.5021614646969685,4162,67069,670
full,Latest,protections,relative,202607,0.056911443003056686,0.022747057886092537,0.034164385116964145,2.501925448470948,81,1012,671
full,Latest,inferential,relative,202607,0.1675011573907127,0.06711730716192917,0.10038385022878354,2.4956477617106203,258,2986,672
full,Latest,paradigms,relative,202608,0.4271830438350974,0.17150202734277273,0.2556810164923247,2.4908337846135633,483,7630,673
full,Latest,separable,relative,202608,0.07568754282976295,0.03045678205104287,0.04523076077872008,2.4850800949002863,85,1355,674
full,Latest,determinant,relative,202607,0.8221531311262116,0.3314731844330105,0.49067994669320103,2.4803005785596683,1213,14747,675
full,Latest,representativeness,relative,202603,0.06414092278054935,0.025871406745941215,0.03826951603460814,2.4792205313927114,89,1151,676
full,Latest,circumvents,relative,202607,0.038770106366436186,0.015644221629170365,0.023125884737265817,2.478238117909623,45,696,677
full,Latest,disengagement,relative,202607,0.07748876118430778,0.03128844325834072,0.046200317925967065,2.476593691303296,107,1392,678
full,Latest,versatile,relative,202608,1.0251589371890788,0.4140998492445481,0.6110590879445307,2.47563223956565,1009,18423,679
full,Latest,confined,relative,202608,0.7062557435492643,0.28591163667104447,0.42034410687821994,2.470188872941351,765,12720,680
full,Latest,marginalised,relative,202602,0.03070045998082965,0.012429963449613805,0.018270496531215846,2.4698753222627943,40,553,681
full,Latest,responsive,relative,202608,1.801255259756428,0.7293893561301409,1.0718659036262872,2.4695387238897957,1992,32450,682
full,Latest,investigational,relative,202608,0.1912245661956045,0.07745687892833486,0.11376768726726964,2.468787392950993,222,3446,683
full,Latest,drift,relative,202608,0.311261145877836,0.12612029822022255,0.18514084765761343,2.467970265455076,339,5611,684
full,Latest,unremarkable,relative,202605,0.14553193778591447,0.059002991058293396,0.08652894672762108,2.4665179709640954,178,2625,685
full,Latest,smoothing,relative,202608,0.10452575502696998,0.042392244242263365,0.06213351078470661,2.465681090852982,124,1886,686
full,Latest,paradoxically,relative,202605,0.145742636402552,0.05922776435756307,0.08651487204498892,2.4607148012997966,195,2635,687
full,Latest,insufficient,relative,202608,1.9368398364955919,0.7875606859811365,1.1492791505144553,2.4592896407502782,2312,35038,688
full,Latest,dissecting,relative,202606,0.1440556409083919,0.058598399119607944,0.08545724178878396,2.458354546757381,185,2607,689
full,Latest,predominates,relative,202608,0.03690920807165369,0.015014856391215234,0.021894351680438455,2.458179226625718,41,668,690
full,Latest,preliminarily,relative,202606,0.14197106162314144,0.05778921524223707,0.08418184638090435,2.4567051313646737,212,2571,691
full,Latest,unexplained,relative,202608,0.34642292503598987,0.14135992791070748,0.2050629971252824,2.4506444659112594,368,6289,692
full,Latest,centralized,relative,202606,0.1684043481164271,0.0687581522465979,0.09964619586982922,2.4492273659776775,249,3059,693
full,Latest,dichotomy,relative,202608,0.06262399701344053,0.025579201456890615,0.03704479555654991,2.448238938146001,67,1138,694
full,Latest,shot,relative,202605,0.23781461389105782,0.09721445193414054,0.1406001619569173,2.4462886860913344,310,4325,695
full,Latest,forecasts,relative,202512,0.08585594546256195,0.035132066675852405,0.050723878786709545,2.443805718995005,114,1563,696
full,Latest,anticipatory,relative,202608,0.11731469474115418,0.048011576724005585,0.06930311801714858,2.443466820836511,131,2136,697
full,Latest,idealized,relative,202608,0.05935259080356828,0.02429799365105339,0.03505459715251489,2.44269513178489,68,1081,698
full,Latest,rigour,relative,202603,0.04034982031832663,0.016520837496322154,0.023828982822004477,2.4423592525081887,60,735,699
full,Latest,extractable,relative,202608,0.09773585946212916,0.04003212459993162,0.05770373486219754,2.4414357328987757,126,1781,700
full,Latest,stabilizing,relative,202608,0.5323196933453016,0.21823239626094112,0.31408729708436045,2.4392331407515013,563,9709,701
full,Latest,turnaround,relative,202608,0.10512403224765482,0.04313399612985333,0.06199003611780148,2.437150314827839,126,1919,702
full,Latest,drivers,relative,202605,1.0834091720449037,0.44464654061529896,0.6387626314296048,2.436562692123252,1473,19782,703
full,Latest,redesign,relative,202608,0.0831552567665941,0.03414306415906577,0.049012192607528336,2.4354948454301066,98,1519,704
full,Latest,exposes,relative,202607,0.10491681408683444,0.043089041469999395,0.061827772616835044,2.434883917292113,139,1917,705
full,Latest,repurposing,relative,202603,0.2153613289989858,0.0886955438918193,0.1266657851071665,2.428096379471543,281,3946,706
full,Latest,toward,relative,202608,5.202695585488253,2.143640477805098,3.059055107683155,2.4270373877318097,5882,95369,707
full,Latest,structural,relative,202608,8.477992431106161,3.4941683691370984,4.983824061969063,2.426326248611724,9309,155453,708
full,Latest,coordination,relative,202608,1.5711401800014169,0.6477966484952441,0.9233435315061729,2.4253601553064406,1701,28820,709
full,Latest,visibility,relative,202608,0.2403791689947849,0.09912502497793287,0.14125414401685205,2.4250099210395955,278,4410,710
full,Latest,credibility,relative,202608,0.14525019926333488,0.05992456158529911,0.08532563767803576,2.4238842207728077,171,2666,711
full,Latest,transparent,relative,202608,0.5535017800911568,0.22845958137771202,0.3250421987134448,2.4227558185710443,648,10164,712
full,Latest,labels,relative,202608,0.3653044636066189,0.15086783846981533,0.21443662513680353,2.4213541289630567,433,6712,713
full,Latest,consistent,relative,202608,6.865783151098598,2.8363243541644985,4.029458796934099,2.4206622000116993,8212,126186,714
full,Latest,evaluable,relative,202608,0.19476990983869955,0.08046884113854867,0.11430106870015085,2.4204388566171957,243,3580,715
full,Latest,mappings,relative,202608,0.05298612854639861,0.021892919348867716,0.03109320919753089,2.420240430344389,59,974,716
full,Latest,stabilization,relative,202608,1.0281963479117677,0.42502383158905505,0.6031725163227127,2.41914987229682,1126,18909,717
full,Latest,organisational,relative,202607,0.2027778040192795,0.083862917957521,0.11891488606175847,2.4179674277729317,319,3731,718
full,Latest,whereas,relative,202608,12.213967276383354,5.051847333076043,7.16211994330731,2.4177229577811357,14826,224753,719
full,Latest,bridge,relative,202608,0.8005070619718283,0.3311585018140329,0.46934856015779547,2.417292799631535,904,14733,720
full,Latest,unify,relative,202512,0.0399157904414468,0.01652083749632215,0.023394952945124656,2.4160875894053686,50,735,721
full,Latest,concentrated,relative,202608,0.690684292668958,0.2859790686608254,0.4047052240081327,2.4151568011717597,855,12723,722
full,Latest,sustain,relative,202608,0.5605492184925722,0.23243806877478548,0.32811114971778677,2.4116067623832356,640,10341,723
full,Latest,comparatively,relative,202608,0.4936715680175177,0.20485838495439465,0.28881318306312304,2.4098187053823463,595,9114,724
full,Latest,disorganization,relative,202608,0.07986915969877686,0.033154061642279145,0.04671509805649771,2.4090309223810182,91,1475,725
full,Latest,broadly,relative,202608,0.9866549014110625,0.4097842018985701,0.5768706995124924,2.4077426529373125,1142,18231,726
full,Latest,arguing,relative,202608,0.07853259504732163,0.032637083053958856,0.04589551199336278,2.406238171391842,79,1452,727
full,Latest,imposing,relative,202602,0.10691291834250742,0.04443768126561753,0.0624752370768899,2.4059067732057486,130,1977,728
full,Latest,supported,relative,202608,3.6741064839956072,1.5273345685375372,2.14677191545807,2.4055675551910416,4350,67950,729
full,Latest,cascading,relative,202605,0.06612055714733228,0.027512251830609947,0.03860830531672233,2.4033131695082477,85,1224,730
full,Latest,heuristics,relative,202606,0.04887499520953635,0.02034198358390686,0.028533011625629493,2.402666141575436,61,905,731
full,Latest,standardised,relative,202608,0.5518679011822404,0.22969583452369527,0.3221720666585451,2.4026030002965073,696,10219,732
full,Latest,implicates,relative,202601,0.12239999343715857,0.05095610694443852,0.07144388649272004,2.4020672060096935,157,2267,733
full,Latest,infeasible,relative,202608,0.03728032101447618,0.015531834979535513,0.02174848603494067,2.4002521958027567,43,691,734
full,Latest,finalized,relative,202511,0.04726601786229355,0.01971261834595173,0.027553399516341816,2.3977544247439004,63,877,735
full,Latest,declined,relative,202608,1.20407842323875,0.5022784145480472,0.7018000086907028,2.3972330650963496,1474,22346,736
full,Latest,restored,relative,202608,1.1433213312315427,0.47744096497874644,0.6658803662527962,2.394686286046775,1329,21241,737
full,Latest,intergroup,relative,202604,0.16696188205799467,0.06972467743345755,0.09723720462453712,2.3945880885191104,244,3102,738
full,Latest,adjustment,relative,202608,2.2836302880702797,0.9541851327297571,1.3294451553405227,2.3932780020761926,2945,42451,739
full,Latest,conventional,relative,202608,6.500915506805853,2.7195995798537487,3.781315926952104,2.3903943635538623,7474,120993,740
full,Latest,uncharacterized,relative,202607,0.21555744891528103,0.09020152499692623,0.1253559239183548,2.3897317581119224,289,4013,741
full,Latest,burden,relative,202608,4.683855878612207,1.9601130789513965,2.7237427996608106,2.389584523928555,5746,87204,742
full,Latest,capture,relative,202605,2.241409436811449,0.9381138418319742,1.3032955949794751,2.3892723216132956,3029,41736,743
full,Latest,existential,relative,202606,0.06552414347405387,0.027444819840829034,0.03807932363322483,2.38748674081566,88,1221,744
full,Latest,conceptualizing,relative,202606,0.041046319324809975,0.017195157394131213,0.023851161930678766,2.387085990781293,58,765,745
full,Latest,ascertainment,relative,202608,0.07011458519759824,0.02937787021454836,0.040736714983049885,2.3866462982356174,90,1307,746
full,Latest,resource,relative,202606,2.9787409596233463,1.2495822026299825,1.729158756993364,2.3837895204925466,4239,55593,747
full,Latest,settings,relative,202607,4.330815663660744,1.8188205830304702,2.5119950806302738,2.38111208112944,6563,80918,748
full,Latest,precluding,relative,202606,0.0740095268534228,0.03110862461892497,0.04290090223449782,2.379067791007353,106,1384,749
full,Latest,automation,relative,202602,0.18829670406177657,0.07921011066263843,0.10908659339913813,2.3771801666045613,222,3524,750
full,Latest,exceeded,relative,202608,0.6699927100113952,0.2820904905834598,0.38790221942793535,2.375098531771208,830,12550,751
full,Latest,piecewise,relative,202607,0.07221753471129255,0.030411827391188934,0.04180570732010361,2.3746529198115787,111,1353,752
full,Latest,sharply,relative,202607,0.21642724161800728,0.09114557285385892,0.12528166876414837,2.3745228083104224,312,4055,753
full,Latest,unstructured,relative,202605,0.15208581873136026,0.06408286762178836,0.0880029511095719,2.37326799463716,186,2851,754
full,Latest,invariance,relative,202608,0.1583480855562014,0.0667351925531707,0.09161289300303067,2.3727823281552514,178,2969,755
full,Latest,definitive,relative,202607,1.0988986155074727,0.4631678604751215,0.6357307550323512,2.3725709602998215,1604,20606,756
full,Latest,adaptive,relative,202608,2.530089480918086,1.0668864649835792,1.463203015934507,2.3714702210202168,2870,47465,757
full,Latest,strategy,relative,202608,10.229096764377644,4.3142087968627045,5.9148879675149395,2.371024965647525,11088,191936,758
full,Latest,positioning,relative,202602,0.7351864208656919,0.3100747663425361,0.4251116545231557,2.37099725829847,890,13795,759
full,Latest,computes,relative,202602,0.041676311358875784,0.01759974933281665,0.024076562026059137,2.368005962514805,46,783,760
full,Latest,purposive,relative,202606,0.25967438918780894,0.10968937004360826,0.14998501914420068,2.3673614780044083,406,4880,761
full,Latest,boundaries,relative,202608,0.6285882771983866,0.2656370850769185,0.3629511921214681,2.366342323837694,709,11818,762
full,Latest,authoritative,relative,202606,0.043428465797192076,0.0183639785503336,0.025064487246858475,2.364872387438241,64,817,763
full,Latest,phased,relative,202608,0.11189242024441189,0.047314779496269554,0.06457764074814233,2.3648513516423306,127,2105,764
full,Latest,demonstrations,relative,202608,0.08392968146779861,0.03549170395468391,0.048437977513114704,2.364769005595243,92,1579,765
full,Latest,converges,relative,202608,0.05408832261167152,0.022881921865654346,0.031206400746017174,2.3638015604300193,59,1018,766
full,Latest,relied,relative,202607,0.368131153357473,0.15574541906396755,0.21238573429350543,2.363672431394433,542,6929,767
full,Latest,reductions,relative,202608,1.6129763472428358,0.6824791685725571,0.9304971786702788,2.3634074438000288,2023,30363,768
full,Latest,raising,relative,202608,0.5829739805508256,0.24675612793826468,0.33621785261256093,2.3625511772363295,642,10978,769
full,Latest,stagnation,relative,202606,0.04943168187459711,0.020926394162008054,0.02850528771258905,2.3621691100677302,72,931,770
full,Latest,persistence,relative,202608,1.0622889930840627,0.44988375848828266,0.61240523459578,2.36125215245291,1228,20015,771
full,Latest,reorientation,relative,202608,0.06611276927729702,0.02802923041893023,0.038083538858366794,2.358707973396449,70,1247,772
full,Latest,support,relative,202608,14.14041893732685,6.0002557920145705,8.140163145312279,2.356636021441886,16870,266947,773
full,Latest,controllability,relative,202608,0.07085226060790027,0.030074667442284396,0.04077759316561587,2.3558784396825407,76,1338,774
full,Latest,uneventful,relative,202604,0.2679610865795962,0.11378024409031662,0.15418084248927957,2.3550756875410968,316,5062,775
full,Latest,resourced,relative,202604,0.0684260898043959,0.029063187595570795,0.039362902208825115,2.3543903977973835,98,1293,776
full,Latest,precluded,relative,202608,0.10579589301946832,0.04495465985393781,0.0608412331655305,2.3533910247171206,134,2000,777
full,Latest,sectoral,relative,202603,0.07283257855277891,0.03097376063936316,0.04185881791341575,2.3514283396449853,100,1378,778
full,Latest,preliminary,relative,202608,2.1079094507615688,0.8968679414159865,1.2110415093455824,2.3503008117712123,2587,39901,779
full,Latest,paradigm,relative,202608,1.4599731736791723,0.6214307404909093,0.8385424331882632,2.3493739182034075,1586,27647,780
full,Latest,horizons,relative,202606,0.08365756866963855,0.035671522594099656,0.04798604607553889,2.345220012657272,115,1587,781
full,Latest,divergence,relative,202607,0.5962527164189567,0.2543759427835072,0.3418767736354495,2.343982335335901,832,11317,782
full,Latest,displacing,relative,202607,0.03835184365699407,0.016363496186833363,0.021988347470160704,2.3437438563925777,48,728,783
full,Latest,misclassified,relative,202602,0.04377733976102084,0.018678661169311165,0.025098678591709674,2.343708650432962,57,831,784
full,Latest,comparisons,relative,202608,2.194530960058694,0.9370574073254068,1.2574735527332874,2.3419386506131223,2839,41689,785
full,Latest,temporally,relative,202607,0.377147918912755,0.1610500689267322,0.2160978499860228,2.341805386524447,525,7165,786
full,Latest,reusable,relative,202605,0.12366953166467923,0.0528442026583039,0.07082532900637532,2.3402667737147866,158,2351,787
full,Latest,disruption,relative,202607,1.6339598380896165,0.6986628461199745,0.9352969919696421,2.3386957631478698,2254,31083,788
full,Latest,mismatches,relative,202608,0.09462845510362157,0.04048167119847101,0.05414678390515057,2.3375629587939466,102,1801,789
full,Latest,plausible,relative,202608,0.5298010939343453,0.226976077602532,0.30282501633181325,2.3341715106298726,613,10098,790
full,Latest,specialization,relative,202606,0.16294074501720773,0.06981458675316542,0.09312615826404232,2.3339068895916646,225,3106,791
full,Latest,openly,relative,202607,0.055499886182603306,0.023781015062733103,0.03171887111987021,2.3337896232014255,79,1058,792
full,Latest,consistency,relative,202607,1.4172879699422256,0.6078769105449472,0.8094110593972784,2.331537759300087,2115,27044,793
full,Latest,complemented,relative,202602,0.29577608956598633,0.12686205010781249,0.16891403945817385,2.3314780843808203,379,5644,794
full,Latest,coexistence,relative,202606,0.3686777922649135,0.15835278933549596,0.21032500292941758,2.328205229677452,490,7045,795
full,Latest,persisted,relative,202607,0.6508942375697633,0.28024734952944835,0.3706468880403149,2.322570538713935,957,12468,796
full,Latest,accessible,relative,202608,1.372234017206383,0.5911088224194282,0.7811251947869547,2.321457513677064,1585,26298,797
full,Latest,narratives,relative,202605,0.22250793618709078,0.09591076679837632,0.12659716938871446,2.3199474221163,296,4267,798
full,Latest,offsets,relative,202607,0.05475008916219834,0.023601196423317355,0.031148892738880992,2.3198014278677292,80,1050,799
full,Latest,informational,relative,202607,0.1195892825480593,0.051562994852466675,0.06802628769559262,2.3192850394014375,171,2294,800
full,Latest,auxiliary,relative,202608,0.2883235578674044,0.12434458915599202,0.16397896871141238,2.3187463147728806,328,5532,801
full,Latest,yielded,relative,202608,2.0641388040649864,0.8909114489853397,1.1732273550796466,2.316884361982144,2519,39636,802
full,Latest,authentic,relative,202607,0.1650717305439566,0.07127561319841841,0.09379611734553821,2.3159636674668347,231,3171,803
full,Latest,shaped,relative,202607,1.6610385363219726,0.7173864619491397,0.9436520743728329,2.315402679622542,2337,31916,804
full,Latest,reversibility,relative,202608,0.17041579252087585,0.07361325551082318,0.09680253701005267,2.315015024648924,180,3275,805
full,Latest,connects,relative,202607,0.12399698826371008,0.053630909205747805,0.07036607905796227,2.3120433738688306,167,2386,806
full,Latest,competency,relative,202607,0.34304841146940185,0.14841780950777572,0.1946306019616261,2.3113695897218403,507,6603,807
full,Latest,speculative,relative,202607,0.04057715573345489,0.017577272002889683,0.022999883730565204,2.308501326416525,60,782,808
full,Latest,limiting,relative,202608,2.009168991142199,0.8705694654014327,1.1385995257407662,2.3078790044809816,2284,38731,809
full,Latest,warrants,relative,202608,0.5074942913690937,0.21994067333539077,0.28755361803370294,2.3074144662420317,619,9785,810
full,Latest,adaptation,relative,202607,2.0285034186649833,0.8794030560627317,1.1491003626022516,2.3066822484641003,2848,39124,811
full,Latest,disagreements,relative,202608,0.09072957368899658,0.03935780470212255,0.05137176898687402,2.3052498577011225,123,1751,812
full,Latest,disentangling,relative,202608,0.051646893531417576,0.022432375267114966,0.02921451826430261,2.3023372655115133,55,998,813
full,Latest,guidance,relative,202608,2.100725893533444,0.9125795950349377,1.1881462984985063,2.3019645683103604,2438,40600,814
full,Latest,progressive,relative,202608,2.7364582918973572,1.189342958425706,1.5471153334716512,2.3008151454644477,3089,52913,815
full,Latest,organize,relative,202608,0.1889378997799343,0.0821995955429253,0.106738304237009,2.2985259055352576,206,3657,816
full,Latest,shielding,relative,202608,0.19056257688767755,0.08291887010058831,0.10764370678708925,2.298181061277215,203,3689,817
full,Latest,uniformly,relative,202608,0.4136836743310928,0.18011084470480185,0.23357282962629097,2.2968282393495643,487,8013,818
full,Latest,voting,relative,202607,0.08169430969148257,0.03558161327439178,0.046112696417090794,2.2959698050082027,119,1583,819
full,Latest,barriers,relative,202607,2.8187282583865643,1.2278466245906037,1.5908816337959608,2.295668043495581,4082,54626,820
full,Latest,undefined,relative,202604,0.17686472768553285,0.07709724164950335,0.0997674860360295,2.294047412092754,243,3430,821
full,Latest,imbalanced,relative,202606,0.11498173953810695,0.05014692306706763,0.06483481647103932,2.2928972009773716,163,2231,822
full,Latest,associations,relative,202608,6.395807569848265,2.793190358034645,3.60261721181362,2.2897857825731958,8018,124267,823
full,Latest,organizational,relative,202608,0.6074838613162886,0.26534487978786797,0.3421389815284207,2.289412412261154,726,11805,824
full,Latest,reprogrammed,relative,202604,0.08696546740187129,0.038009164906504425,0.048956302495366866,2.2880131046233294,110,1691,825
full,Latest,peaked,relative,202608,0.29438550783347556,0.12872766849175094,0.16565783934172465,2.286886038430349,365,5727,826
full,Latest,implicating,relative,202512,0.18759330790313428,0.08208720889329046,0.10550609900984381,2.2852928054478845,237,3652,827
full,Latest,overt,relative,202608,0.3189231500276661,0.13980899214574657,0.17911415788191948,2.2811347477220814,376,6220,828
full,Latest,sharpness,relative,202605,0.040116627080167305,0.017622226662743625,0.022494400417423677,2.2764788949730543,54,784,829
full,Latest,divergent,relative,202608,0.6017599064020275,0.2644682639207162,0.33729164248131127,2.2753577214936707,666,11766,830
full,Latest,flourishing,relative,202311,0.041476247160723796,0.01822911457077179,0.023247132589952008,2.2752749180273417,45,811,831
full,Latest,legacy,relative,202606,0.15202949777581193,0.06682510187287857,0.08520439590293337,2.275035780192565,206,2973,832
full,Latest,accommodations,relative,202605,0.029039967952171255,0.01276712339851834,0.016272844553652913,2.274589744745588,42,568,833
full,Latest,conceptualize,relative,202606,0.06621876548138496,0.0291306195853517,0.03708814589603326,2.273167080685197,89,1296,834
full,Latest,subtle,relative,202604,0.5897925943206856,0.259568205996637,0.33022438832404866,2.2722066135030694,772,11548,835
full,Latest,uncertainty,relative,202608,1.331730292447843,0.58627619648513,0.745454095962713,2.271506672847872,1579,26083,836
full,Latest,niches,relative,202607,0.25883899869827803,0.11411740403922115,0.14472159465905687,2.2681816229303404,350,5077,837
full,Latest,consolidated,relative,202607,0.22139710382729347,0.09761904387282597,0.12377805995446751,2.2679704189248198,342,4343,838
full,Latest,destabilize,relative,202605,0.05469844549273959,0.024140652341564612,0.030557793151174982,2.265823007548207,69,1074,839
full,Latest,overlapping,relative,202608,0.8525831958691988,0.37631545763731344,0.47626773823188534,2.265607693136284,1009,16742,840
full,Latest,uncommon,relative,202607,1.1495986266546485,0.5076280190706659,0.6419706075839825,2.2646477015970525,1451,22584,841
full,Latest,valuing,relative,202604,0.03944560260284395,0.017419930693400903,0.022025671909443045,2.2643949219491963,57,775,842
full,Latest,reviewer,relative,202608,0.1099698857680591,0.048595987302106784,0.06137389846595233,2.2629416927864656,153,2162,843
full,Latest,debriefing,relative,202608,0.07540195161251345,0.03335635761162186,0.04204559400089159,2.2604971589056917,92,1484,844
full,Latest,firmness,relative,202606,0.08116851993010099,0.03591877322329632,0.04524974670680468,2.259779848980378,108,1598,845
full,Latest,synthesize,relative,202607,0.9139819460315316,0.40461441601536724,0.5093675300161643,2.258896148665199,1288,18001,846
full,Latest,intrinsically,relative,202608,0.3617752162615702,0.16019593038950744,0.2015792858720628,2.2583296303591114,364,7127,847
full,Latest,narrowly,relative,202608,0.041849785015107895,0.018566274519676313,0.02328351049543158,2.2540755266090673,48,826,848
full,Latest,intrinsic,relative,202608,2.1453222763677458,0.9517800584275714,1.193542217940174,2.254010532550993,2294,42344,849
full,Latest,monotonically,relative,202608,0.06445478782678228,0.028613640997031415,0.03584114682975087,2.252589519574572,77,1273,850
full,Latest,destabilization,relative,202608,0.14520561301789983,0.06446498223054685,0.080740630787353,2.252472706788305,160,2868,851
full,Latest,recursive,relative,202606,0.10565525915391194,0.04691018755758412,0.05874507159632782,2.2522881415516816,155,2087,852
full,Latest,optional,relative,202608,0.11466162815225445,0.05093362961451155,0.0637279985377429,2.251196881511584,134,2266,853
full,Latest,competence,relative,202608,0.6199508642251723,0.27548215558493094,0.3444687086402414,2.250421131302793,724,12256,854
full,Latest,defines,relative,202608,0.2740485038538681,0.12178217354431757,0.1522663303095505,2.2503170692231036,308,5418,855
full,Latest,leaving,relative,202608,0.5238872392056726,0.2329325700331788,0.2909546691724938,2.2490939722643786,619,10363,856
full,Latest,confinement,relative,202608,0.3425534916262722,0.15235134224499527,0.19020214938127694,2.248444198643252,343,6778,857
full,Latest,steeper,relative,202605,0.09565276149652104,0.042549585551752145,0.05310317594476889,2.2480303922157043,133,1893,858
full,Latest,asynchronous,relative,202606,0.12150955105918096,0.054057978474360224,0.06745157258482072,2.2477635029732586,168,2405,859
full,Latest,advances,relative,202608,3.373059861841314,1.5015530711113039,1.8715067907300103,2.246380715231665,3549,66803,860
full,Latest,outline,relative,202604,0.6990197012079882,0.31133349681844635,0.38768620438954177,2.245244113952892,844,13851,861
full,Latest,deferred,relative,202607,0.0709390079526599,0.03160312587731829,0.039335882075341604,2.244683270510692,96,1406,862
full,Latest,comparative,relative,202608,2.665662265706009,1.187657158681183,1.4780051070248257,2.2444711811159843,3268,52838,863
full,Latest,proportionate,relative,202608,0.051937803750573726,0.02317412715470494,0.028763676595868783,2.2411978411894156,59,1031,864
full,Latest,designs,relative,202606,1.0863686206097494,0.4849708705042811,0.6013977501054684,2.240069840648624,1595,21576,865
full,Latest,recapitulated,relative,202607,0.13910633046089496,0.062104862588215105,0.07700146787267985,2.239862140638429,192,2763,866
full,Latest,interpretation,relative,202608,2.4486967452996535,1.093746874246307,1.3549498710533463,2.238814851002004,2986,48660,867
full,Latest,relieves,relative,202608,0.05061231446912484,0.022612193906530718,0.028000120562594117,2.238275272109147,54,1006,868
full,Latest,guides,relative,202603,0.22851495324320437,0.10213698718814672,0.12637796605505763,2.237337907982899,298,4544,869
full,Latest,routine,relative,202608,3.247995365876719,1.4526199238602928,1.7953754420164267,2.235956778869776,4022,64626,870
full,Latest,weaken,relative,202608,0.11365142003718315,0.050843720294803676,0.06280769974237947,2.2353088912102788,121,2262,871
full,Latest,generational,relative,202602,0.059965487513668356,0.026837931932800877,0.033127555580867475,2.2343557493109043,73,1194,872
full,Latest,reinforce,relative,202604,0.33809221915463294,0.15133986239828168,0.18675235675635124,2.233993171375261,457,6733,873
full,Latest,ideals,relative,202602,0.03358740179518667,0.015037333721142201,0.01855006807404447,2.233600877525477,40,669,874
full,Latest,autonomously,relative,202607,0.0898745596053595,0.04025689789920132,0.049617661706158195,2.2325257110072205,115,1791,875
full,Latest,shifted,relative,202608,0.6652423037717045,0.2979819628418269,0.36726034092987764,2.2324918509407388,786,13257,876
full,Latest,contrasts,relative,202608,0.2055082917125905,0.09208962071079162,0.11341867100179888,2.2316118811911645,239,4097,877
full,Latest,faithfully,relative,202603,0.0657536959870355,0.02946777953425624,0.03628591645277926,2.2313759986766883,81,1311,878
full,Latest,shortens,relative,202605,0.06564647396155619,0.02944530220432928,0.036201171757226924,2.229437942460796,87,1310,879
full,Latest,omission,relative,202608,0.10215022403934472,0.0458312757210896,0.056318948318255124,2.228832220621333,120,2039,880
full,Latest,reset,relative,202605,0.04598668826049593,0.020634188872957454,0.025352499387538474,2.2286646954542855,56,918,881
full,Latest,blur,relative,202608,0.0439131563205562,0.019712618345951734,0.024200537974604468,2.22766735244861,54,877,882
full,Latest,correction,relative,202608,1.4539728636661087,0.6529889117083737,0.800983951957735,2.2266425012672437,1801,29051,883
full,Latest,interindividual,relative,202607,0.13436843935299767,0.06039658551376545,0.0739718538392322,2.2247688045605276,194,2687,884
full,Latest,independently,relative,202608,4.097828667412374,1.8427814167326195,2.2550472506797545,2.2237193354587386,5235,81984,885
full,Latest,formal,relative,202608,0.8838332572317021,0.39766892106793394,0.48616433616376814,2.222535406735284,1087,17692,886
full,Latest,technically,relative,202607,0.3483972995354993,0.1568018535705351,0.1915954459649642,2.2218952876011615,504,6976,887
full,Latest,iterations,relative,202606,0.12437907375758168,0.056035983507933484,0.0683430902496482,2.21962863808703,183,2493,888
full,Latest,likes,relative,202603,0.031921042017172406,0.014385491153260101,0.017535550863912307,2.2189747765364496,48,640,889
full,Latest,reconcile,relative,202608,0.08123138611518965,0.03661557045103235,0.044615815664157295,2.218492983028191,87,1629,890
full,Latest,tensions,relative,202607,0.1103027792552898,0.04978728578823613,0.06051549346705367,2.215480870446495,152,2215,891
full,Latest,redundancy,relative,202608,0.23894224620991744,0.10789118364945072,0.13105106256046672,2.2146596054248953,284,4800,892
full,Latest,restricting,relative,202608,0.2629575390933372,0.11874773400417675,0.14420980508916045,2.214421532322361,296,5283,893
full,Latest,obligations,relative,202608,0.06411641854330002,0.02897327827586292,0.0351431402674371,2.212950082238853,71,1289,894
full,Latest,inductive,relative,202608,0.37254716760826917,0.168422633142778,0.2041245344654912,2.2119780498411243,469,7493,895
full,Latest,modifies,relative,202608,0.20448264140158603,0.09251668997940402,0.11196595142218199,2.2102243546230174,242,4116,896
full,Latest,motivating,relative,202608,0.130069061820485,0.05893555906851248,0.07113350275197251,2.2069708657430387,146,2622,897
full,Latest,scalar,relative,202608,0.10711624037411706,0.0485735099721798,0.05854273040193725,2.20523986089264,115,2161,898
full,Latest,tighter,relative,202605,0.046439441041473586,0.021061258141569866,0.02537818289990372,2.2049699371859117,63,937,899
full,Latest,restrict,relative,202608,0.2922841986488698,0.13275111054867839,0.1595330881001914,2.201745789099763,325,5906,900
full,Latest,toolkit,relative,202605,0.15666414429084294,0.07118570387871055,0.0854784404121324,2.2007809961080733,204,3167,901
full,Latest,unreliable,relative,202606,0.14748573811116641,0.06704987517214825,0.08043586293901817,2.199642247394225,210,2983,902
full,Latest,recapitulating,relative,202603,0.06114907219041285,0.02780445711966054,0.033344615070752315,2.1992543111792795,79,1237,903
full,Latest,documentation,relative,202608,0.5518557479596337,0.2513864579032203,0.3004692900564133,2.1952485132357014,682,11184,904
full,Latest,avid,relative,202607,0.057039483184299675,0.025983793395576056,0.031055689788723615,2.1951946090369967,65,1156,905
full,Latest,instability,relative,202607,1.3544259333906898,0.6170027064952964,0.7374232268953933,2.1951701655963722,1861,27450,906
full,Latest,misinterpretation,relative,202605,0.063858151051452,0.029108142255424733,0.03475000879602726,2.1938243427249664,83,1295,907
full,Latest,anticipating,relative,202606,0.07175065524626403,0.03272699237366674,0.039023662872597294,2.192399913412058,102,1456,908
full,Latest,footprint,relative,202606,0.21569042490084483,0.09845070508012381,0.11723971982072101,2.190846929184568,296,4380,909
full,Latest,reproducibility,relative,202608,0.9318163429788546,0.4253385142080327,0.5064778287708219,2.1907640899011183,1087,18923,910
full,Latest,profiled,relative,202602,0.20803437100217265,0.09503415093122454,0.1130002200709481,2.189048557425693,263,4228,911
full,Latest,links,relative,202608,0.9477320926671511,0.4330032837131291,0.5147288089540221,2.188741121175971,1060,19264,912
full,Latest,favourable,relative,202608,0.4801125013869438,0.21942369474707046,0.26068880663987326,2.18806133011464,584,9762,913
full,Latest,evaluative,relative,202608,0.07936994405258961,0.036278410502127816,0.043091533550461796,2.1878010352171953,96,1614,914
full,Latest,leave,relative,202608,0.4343622324072433,0.19858720990477033,0.23577502250247298,2.1872618715753926,540,8835,915
full,Latest,represents,relative,202606,3.5230706081634713,1.6107704172264456,1.9123001909370256,2.187195996701863,4892,71662,916
full,Latest,adjudicated,relative,202608,0.08366123217844267,0.038256415535701076,0.04540481664274159,2.186854962937382,112,1702,917
full,Latest,moral,relative,202606,0.2765971883288167,0.12650241282898103,0.15009477549983566,2.186497333475759,352,5628,918
full,Latest,privileged,relative,202608,0.09966187715797477,0.04562897975174689,0.05403289740622788,2.1841793899448136,92,2030,919
full,Latest,hardship,relative,202512,0.061265015179455845,0.028074185078784165,0.03319083010067168,2.182254445054371,84,1249,920
full,Latest,robustly,relative,202607,0.29532636149170155,0.13533600349027983,0.15999035800142175,2.182171439050309,408,6021,921
full,Latest,responsiveness,relative,202607,0.6882071180497914,0.3154693255250086,0.37273779252478284,2.1815341853109405,971,14035,922
full,Latest,demands,relative,202607,1.0150796904463022,0.465505502787526,0.5495741876587762,2.1805965436881682,1435,20710,923
full,Latest,upgrading,relative,202607,0.0803335782369628,0.036862821080229,0.0434707571567338,2.1792574708843673,104,1640,924
full,Latest,alleviated,relative,202605,0.778360025756706,0.3572097271993899,0.4211502985573161,2.179000084514035,1058,15892,925
full,Latest,reproduced,relative,202608,0.25816469724478897,0.11859039269468793,0.139574304550101,2.176944450377497,321,5276,926
full,Latest,candidate,relative,202608,3.2029023428199537,1.4740632966106209,1.7288390462093326,2.1728390837656217,3786,65580,927
full,Latest,reverses,relative,202608,0.12093643270796946,0.05569882355902896,0.0652376091489405,2.171256500234739,130,2478,928
full,Latest,complementarity,relative,202607,0.10770732617275888,0.04965242180867432,0.058054904364084566,2.1692260367034573,147,2209,929
full,Latest,cutoffs,relative,202608,0.13896142449039056,0.06406039029186139,0.07490103419852918,2.169225380258806,179,2850,930
full,Latest,proxies,relative,202607,0.12196049777522455,0.05626075680720317,0.06569974096802138,2.167772079447209,177,2503,931
full,Latest,dominate,relative,202608,0.18258284734248575,0.08426750989620643,0.09831533744627934,2.1667051461159326,205,3749,932
full,Latest,manifold,relative,202608,0.13270883459082827,0.06129567871084421,0.07141315587998405,2.165060202969086,136,2727,933
full,Latest,modularity,relative,202608,0.0745268744681558,0.034457746778043336,0.040069127690112456,2.162848167299341,80,1533,934
full,Latest,assembles,relative,202608,0.07350057333131652,0.03398572284957699,0.03951485048173953,2.1626897169918915,69,1512,935
full,Latest,permissive,relative,202606,0.1301613851814481,0.06019428954442275,0.06996709563702536,2.162354372259687,177,2678,936
full,Latest,momentary,relative,202608,0.09947552956380784,0.04601109436050535,0.053464435203302484,2.1619900797055345,121,2047,937
full,Latest,representation,relative,202608,1.055607943208013,0.4883649473232534,0.5672429958847596,2.161514557901503,1238,21727,938
full,Latest,liability,relative,202606,0.11402309733067405,0.052754293338596034,0.061268803992078014,2.161399387891196,165,2347,939
full,Latest,enablers,relative,202510,0.09483508293760919,0.043920702677297245,0.050914380260311934,2.159234191547435,136,1954,940
full,Latest,incomplete,relative,202608,1.040386754795377,0.48218368159333697,0.5582030732020399,2.157656500024022,1249,21452,941
full,Latest,restricted,relative,202608,1.7888071825137193,0.829188701005883,0.9596184815078364,2.157298067790516,2186,36890,942
full,Latest,barrier,relative,202608,2.55110354964198,1.182667191437396,1.3684363582045838,2.1570764523715305,2872,52616,943
full,Latest,credible,relative,202608,0.19183894100333587,0.08901022651079687,0.102828714492539,2.1552460714170403,242,3960,944
full,Latest,coherent,relative,202607,0.44709971117772296,0.2075556645456309,0.23954404663209206,2.1541195329767957,603,9234,945
full,Latest,checklists,relative,202605,0.0924751116922642,0.04297665482036455,0.04949845687189965,2.151752203115742,135,1912,946
full,Latest,accompanied,relative,202608,2.353368193643514,1.0961519485484925,1.2572162450950213,2.146936103849295,2741,48767,947
full,Latest,execution,relative,202607,0.3645732225843943,0.169883659588031,0.1946895629963633,2.1460170063941804,452,7558,948
full,Latest,digitally,relative,202604,0.13146566779484511,0.06127320138091724,0.07019246641392789,2.1455655136666065,174,2726,949
full,Latest,develops,relative,202608,0.5518599830840732,0.25723056368423214,0.29462941939984105,2.1453904045458554,621,11444,950
full,Latest,volatility,relative,202602,0.07701695804065353,0.03594125055322329,0.04107570748743025,2.1428569361158885,92,1599,951
full,Latest,exhausted,relative,202607,0.10438468850429208,0.04873085128166859,0.055653837222623494,2.1420657706334625,147,2168,952
full,Latest,restoration,relative,202608,0.9660383087667362,0.45116496629411995,0.5148733424726163,2.1412086064700424,1136,20072,953
full,Latest,panoramic,relative,202607,0.08715316206646266,0.04070644449774069,0.04644671756872197,2.1410163216613003,128,1811,954
full,Latest,transitions,relative,202608,0.9347388810487306,0.4370492030999834,0.4976896779487472,2.1387497664305113,1027,19444,955
full,Latest,enable,relative,202605,2.6925184466322216,1.2590676358591635,1.4334508107730581,2.1385018325841556,3421,56015,956
full,Latest,faithful,relative,202608,0.05195015094064283,0.02429799365105339,0.02765215728958944,2.1380428230703172,49,1081,957
full,Latest,tactical,relative,202606,0.04256369608323406,0.019914914315294456,0.0226487817679396,2.1372773896669774,62,886,958
full,Latest,unity,relative,202607,0.09492012759486257,0.04443768126561753,0.05048244632924505,2.1360279135064704,128,1977,959
full,Latest,disconnection,relative,202608,0.062147600464199454,0.029130619585351708,0.033016980878847746,2.1334115562530047,71,1296,960
full,Latest,dampening,relative,202603,0.050915456010498315,0.02387092438244098,0.027044531628057335,2.132948653130115,64,1062,961
full,Latest,definitions,relative,202608,0.60857986008878,0.2853721807527972,0.32320767933598277,2.1325829955932547,769,12696,962
full,Latest,considerations,relative,202607,1.0822528124493138,0.5075156324210308,0.5747371800282829,2.1324521715451032,1416,22579,963
full,Latest,disclosures,relative,202605,0.05684948649161491,0.026703067953239054,0.030146418538375856,2.128949624483846,94,1188,964
full,Latest,verification,relative,202608,0.4691159585138915,0.2205475612434189,0.2485683972704726,2.1270512168399227,576,9812,965
full,Latest,retention,relative,202608,1.8929395602159287,0.8901696970977495,1.0027698631181792,2.126492921953582,2135,39603,966
full,Latest,shared,relative,202608,2.136970488673087,1.0055907862727351,1.1313797024003522,2.1250895670930507,2523,44738,967
full,Latest,compounding,relative,202608,0.06539436906083244,0.03081641932987437,0.034577949730958076,2.1220625394799573,74,1371,968
full,Latest,reform,relative,202607,0.17509915363484838,0.0825592328217568,0.09253992081309159,2.1208912395404984,247,3673,969
full,Latest,dissect,relative,202603,0.19766772450355943,0.09321348720714005,0.10445423729641937,2.120591455443567,259,4147,970
full,Latest,rebound,relative,202607,0.12782373947247527,0.06032915352398455,0.06749458594849073,2.1187723017140874,183,2684,971
full,Latest,determinants,relative,202605,1.5405545675325543,0.7279957616746691,0.8125588058578853,2.1161587039857057,2163,32388,972
full,Latest,generates,relative,202608,0.6751250127667423,0.31913313030310453,0.3559918824636378,2.1154964767384876,698,14198,973
full,Latest,warning,relative,202606,0.3246738140202948,0.1534752087413437,0.17119860527895114,2.1154805175569247,465,6828,974
full,Latest,triggers,relative,202608,0.7663472925466592,0.3623120810928118,0.40403521145384746,2.115157988205057,812,16119,975
full,Latest,stability,relative,202608,6.493463342513419,3.071774385149498,3.4216889573639206,2.1139128491682477,7050,136661,976
full,Latest,uniform,relative,202608,1.150530808769967,0.5447605681100185,0.6057702406599487,2.1119935548228024,1316,24236,977
full,Latest,workload,relative,202606,0.3573094720821549,0.16923181702014894,0.18807765506200597,2.111361080757132,544,7529,978
full,Latest,core,relative,202608,3.806042845539489,1.8035584760100583,2.0024843695294305,2.110296337027812,4362,80239,979
full,Latest,emotionally,relative,202608,0.12301712517861901,0.05832867116048431,0.06468845401813471,2.1090335632737496,144,2595,980
full,Latest,overlap,relative,202608,0.9727551078454151,0.461257287431329,0.5114978204140861,2.1089208438581837,1154,20521,981
full,Latest,annualized,relative,202608,0.06351595788715471,0.03011962210213834,0.03339633578501637,2.108789999813623,79,1340,982
full,Latest,incorporation,relative,202608,1.2283173602807278,0.5830394609756466,0.6452778993050812,2.1067482434641494,1340,25939,983
full,Latest,bounds,relative,202608,0.10267132397104022,0.04875332861159557,0.05391799535944466,2.1059346488727892,110,2169,984
full,Latest,enrolling,relative,202607,0.16333905930835244,0.0775692655779697,0.08576979373038274,2.105718780386933,268,3451,985
full,Latest,updates,relative,202608,0.2484623842174442,0.11805093677644067,0.13041144744100355,2.104704892668244,270,5252,986
full,Latest,unequal,relative,202608,0.12199613516780605,0.05796903388165281,0.06402710128615323,2.104505233205513,150,2579,987
full,Latest,operationalization,relative,202607,0.033534939795782016,0.015936426918220958,0.01759851287756106,2.104294768699987,47,709,988
full,Latest,ecologically,relative,202607,0.20871119674675748,0.09928236628742168,0.1094288304593358,2.1021980493750543,305,4417,989
full,Latest,appraisal,relative,202608,0.4385991056629378,0.20865705371205237,0.22994205195088543,2.102009483313257,570,9283,990
full,Latest,normalised,relative,202608,0.07943761064611109,0.0378068689371617,0.04163074170894938,2.1011422759748575,93,1682,991
full,Latest,segmentation,relative,202603,0.6606161577398456,0.3144128910184411,0.3462032667214045,2.1011102808157407,905,13988,992
full,Latest,multiplicative,relative,202607,0.07157342219025854,0.03409810949921184,0.037475312691046696,2.099043707743179,107,1517,993
full,Latest,weaker,relative,202607,0.49382154885151397,0.2354050763251454,0.25841647252636857,2.0977523363576043,729,10473,994
full,Latest,undermined,relative,202608,0.04787756940912781,0.02283696720580041,0.025040602203327402,2.0964942051047517,56,1016,995
full,Latest,uniquely,relative,202601,0.4444608213062361,0.2120061758711707,0.23245464543506542,2.096452235317525,566,9432,996
full,Latest,masking,relative,202605,0.14554945379247713,0.06945494947433392,0.0760945043181432,2.0955951288433785,199,3090,997
full,Latest,optimized,relative,202608,2.4673106688882327,1.1774524508943391,1.2898582179938933,2.0954652283531074,2691,52384,998
full,Latest,timeliness,relative,202604,0.07789414007903217,0.037199981029133536,0.040694159049898634,2.0939295645884495,111,1655,999
full,Latest,recognition,relative,202608,3.049021943437676,1.4571153898456863,1.5919065535919898,2.092505483564056,3312,64826,1000
full,Latest,drifts,relative,202608,0.038236442087073615,0.018274069230625724,0.01996237285644789,2.092387940776361,38,813,1001
full,Latest,delays,relative,202512,0.6161124764701483,0.29483513665205113,0.32127733981809714,2.089684708092481,798,13117,1002
full,Latest,confounder,relative,202608,0.05615996709107089,0.026882886592654816,0.029277080498416073,2.089060149753986,70,1196,1003
full,Latest,multidirectional,relative,202607,0.040886723704367973,0.019577754366389918,0.021308969337978052,2.088427658207838,57,871,1004
full,Latest,unreported,relative,202602,0.16432964923827173,0.07869313207431815,0.08563651716395358,2.0882336857945627,178,3501,1005
full,Latest,characterizes,relative,202608,0.193912812467092,0.09292128191808947,0.10099153054900253,2.0868503798519162,220,4134,1006
full,Latest,sparsity,relative,202507,0.08001363558418308,0.03841375684518987,0.04159987873899321,2.0829422101733925,112,1709,1007
full,Latest,centrality,relative,202606,0.14118983156401854,0.06779162705973822,0.07339820450428032,2.082703096056414,217,3016,1008
full,Latest,contemporaneous,relative,202608,0.06660775663673114,0.03198524048607676,0.03462251615065438,2.082452894663263,89,1423,1009
full,Latest,submission,relative,202608,0.10619877247611693,0.05100106160429246,0.055197710871824485,2.0822855277031884,132,2269,1010
full,Latest,interpretative,relative,202608,0.0825574792252228,0.039672487321100125,0.04288499190412268,2.0809756281984857,97,1765,1011
full,Latest,resolved,relative,202607,1.6070830599775567,0.7725233522599944,0.8345597077175624,2.080303534224671,2151,34369,1012
full,Latest,nominated,relative,202607,0.03698513815482008,0.017779567972232405,0.019205570182587676,2.080204547859788,58,791,1013
full,Latest,conceptually,relative,202608,0.11757890972211309,0.0565304847663268,0.06104842495578629,2.0799204218420333,144,2515,1014
full,Latest,interruptions,relative,202608,0.0831655838015745,0.0399871699400777,0.04317841386149681,2.079806696152824,97,1779,1015
full,Latest,reassurance,relative,202607,0.06688786980727228,0.03216505912549251,0.03472281068177977,2.079519566443455,99,1431,1016
full,Latest,reflect,relative,202608,1.9097877153553489,0.9186934287750732,0.9910942865802757,2.078808507318635,2322,40872,1017
full,Latest,occupies,relative,202608,0.07531414406763325,0.03627841050212782,0.03903573356550542,2.0760045168796983,79,1614,1018
full,Latest,disaggregated,relative,202607,0.04968284086554098,0.02393835637222189,0.025744484493319092,2.075449128294917,75,1065,1019
full,Latest,dominates,relative,202608,0.11423032706134181,0.055046980991146854,0.05918334607019495,2.0751424511312138,124,2449,1020
full,Latest,reappraisal,relative,202603,0.05818418781131842,0.028074185078784168,0.030110002732534252,2.072515645531188,81,1249,1021
full,Latest,relies,relative,202608,0.978756090911477,0.4729230216634258,0.5058330692480512,2.069588592809185,1098,21040,1022
full,Latest,hierarchy,relative,202608,0.2649567270437764,0.12807582592386885,0.13688090111990756,2.0687489237920094,310,5698,1023
full,Latest,loadings,relative,202608,0.17296094739420115,0.08361566732832433,0.08934528006587682,2.0685231957194654,188,3720,1024
full,Latest,offline,relative,202606,0.14677696680699107,0.07096093057944085,0.07581603622755022,2.0684194190868745,211,3157,1025
full,Latest,pristine,relative,202608,0.3473153262020965,0.1679506092143117,0.17936471698778478,2.0679610977707634,362,7472,1026
full,Latest,cooperatively,relative,202608,0.08222706879975285,0.039762396640808,0.042464672158944845,2.0679605795029845,84,1769,1027
full,Latest,delineate,relative,202602,0.39471228905958367,0.19092244039967388,0.20378984865990976,2.0673959972086022,493,8494,1028
full,Latest,shift,relative,202607,2.3527267313451095,1.1382519875017056,1.2144747438434036,2.0669647469792656,3292,50640,1029
full,Latest,principles,relative,202608,1.6488349668252862,0.7977653937679806,0.8510695730573056,2.0668168608286708,1747,35492,1030
full,Latest,agendas,relative,202604,0.0387104592200213,0.018768570489019035,0.019941888731002264,2.0625150563634937,50,835,1031
full,Latest,compliant,relative,202606,0.23430682567599875,0.11364538011075481,0.12066144556524395,2.0617364775202613,336,5056,1032
full,Latest,assisted,relative,202608,2.4756778474319137,1.2012334659570727,1.274444381474841,2.0609464501219485,2807,53442,1033
full,Latest,staggered,relative,202606,0.04288226709115763,0.02081400751237321,0.022068259578784423,2.0602599987371777,59,926,1034
full,Latest,responsibilities,relative,202608,0.2261724796462889,0.1097792793633161,0.11639320028297277,2.060247443397472,268,4884,1035
full,Latest,preferential,relative,202608,0.35543304786707747,0.17278323514861002,0.18264981271846745,2.0571037899676505,401,7687,1036
full,Latest,evenness,relative,202603,0.0542483904095027,0.026410862664188475,0.027837527745314224,2.054018117441511,79,1175,1037
full,Latest,threaten,relative,202605,0.14891507692626618,0.07251186634440171,0.07640321058186447,2.053664930081657,186,3226,1038
full,Latest,fluctuating,relative,202607,0.18812125537312405,0.09168502877210619,0.09643622660101787,2.0518208686035466,259,4079,1039
full,Latest,depleting,relative,202601,0.10139469335252113,0.04942764850940462,0.05196704484311651,2.05137602961688,130,2199,1040
full,Latest,improves,relative,202605,2.1971974435278923,1.0710897256799226,1.1261077178479697,2.051366370948169,2977,47652,1041
full,Latest,rigid,relative,202608,0.5496421304146363,0.2679522500593964,0.2816898803552399,2.0512689491982186,587,11921,1042
full,Latest,provides,relative,202608,11.118572620493527,5.425667807091463,5.692904813402065,2.0492542145616284,12353,241384,1043
full,Latest,directs,relative,202607,0.06938656177932914,0.03389581352986911,0.03549074824946004,2.0470540327402222,81,1508,1044
full,Latest,detectability,relative,202608,0.0723049685860139,0.03533436264519513,0.036970605940818774,2.046307423514434,90,1572,1045
full,Latest,mere,relative,202606,0.10072170928768703,0.049225352540061905,0.051496356747625135,2.0461348490234776,134,2190,1046
full,Latest,recognised,relative,202608,0.38661346371732913,0.18896691269602758,0.19764655102130152,2.0459320534025767,450,8407,1047
full,Latest,vigor,relative,202605,0.054356248088649646,0.02659068130360422,0.027765566785045426,2.044184106004157,75,1183,1048
full,Latest,stronger,relative,202607,1.9273499816573485,0.9429464677662727,0.9844035138910758,2.0439654291542233,2822,41951,1049
full,Latest,pillars,relative,202605,0.08825077867205586,0.04320142811963424,0.045049350552421624,2.0427745681848775,112,1922,1050
full,Latest,stabilisation,relative,202606,0.06432628501195516,0.03149073922768344,0.03283554578427172,2.042704826548056,96,1401,1051
full,Latest,correlational,relative,202607,0.1706511987891151,0.0835707126684704,0.0870804861206447,2.0419976489383043,255,3718,1052
full,Latest,approvals,relative,202608,0.0667462380064174,0.032704515043739765,0.03404172296267762,2.0408875629909033,82,1455,1053
full,Latest,paradoxical,relative,202512,0.13838152137425097,0.06781410438966518,0.07056741698458581,2.0406008841331866,171,3017,1054
full,Latest,scenes,relative,202607,0.13420962419427213,0.06579114469623801,0.06841847949803412,2.039934474676291,179,2927,1055
full,Latest,purely,relative,202607,0.2232078081037601,0.1094421194144116,0.11376568868934847,2.039505533135422,311,4869,1056
full,Latest,exerts,relative,202605,0.6716040667508139,0.32980986201841483,0.341794204732399,2.0363371266118024,923,14673,1057
full,Latest,untested,relative,202608,0.05683425129343792,0.02791684376929538,0.02891740752414254,2.0358408623523423,70,1242,1058
full,Latest,unconstrained,relative,202608,0.04484216924997709,0.022027783328429532,0.02281438592154756,2.0357095664774776,50,980,1059
full,Latest,clarify,relative,202605,1.4598494935325934,0.717184165979797,0.7426653275527965,2.0355294536350894,2027,31907,1060
full,Latest,extremes,relative,202605,0.11510721385821221,0.056552962096253774,0.058554251761958435,2.035387884056337,151,2516,1061
full,Latest,sequential,relative,202608,1.266170829224065,0.6221050603887185,0.6440657688353464,2.0353006426806846,1462,27677,1062
full,Latest,diversification,relative,202607,0.30332656077344167,0.14927194804500052,0.15405461272844115,2.032039942843104,392,6641,1063
full,Latest,ceiling,relative,202607,0.1131611486481245,0.05569882355902896,0.05746232508909555,2.0316613784166853,174,2478,1064
full,Latest,positioned,relative,202608,0.3868333980178456,0.1904953711310615,0.1963380268867841,2.0306708542104306,452,8475,1065
full,Latest,incidentally,relative,202604,0.19923295737044508,0.09813602246114624,0.10109693490929884,2.0301715147394006,217,4366,1066
full,Latest,selects,relative,202605,0.06776437287257783,0.03337883494154882,0.03438553793102901,2.0301599199385802,87,1485,1067
full,Latest,inform,relative,202602,2.378937366696441,1.172687256949822,1.2062501097466187,2.028620463467894,3084,52172,1068
full,Latest,umbrella,relative,202606,0.10455453141182364,0.05156299485246669,0.05299153655935695,2.027704785398475,159,2294,1069
full,Latest,demanding,relative,202608,0.37940919488546626,0.187258635621578,0.1921505592638883,2.0261238880977226,436,8331,1070
full,Latest,iterative,relative,202608,0.48849581436018785,0.24120422744630335,0.2472915869138845,2.0252373664094936,593,10731,1071
full,Latest,requiring,relative,202607,2.295023160818075,1.1338014761761657,1.161221684641909,2.024184311841099,3270,50442,1072
full,Latest,evaluator,relative,202607,0.03493969269607177,0.01726258938391212,0.017677103312159655,2.0240122683236526,55,768,1073
full,Latest,gratitude,relative,202311,0.03227296683301548,0.015958904248147925,0.016314062584867558,2.0222545565282686,36,710,1074
full,Latest,avoidable,relative,202608,0.10180221658332256,0.05037169636633732,0.05143052021698523,2.0210202142676996,121,2241,1075
full,Latest,narrowing,relative,202608,0.1926763580837697,0.09539378821005605,0.09728256987371367,2.019799839162468,214,4244,1076
full,Latest,drive,relative,202607,1.30703316098471,0.6472796699069236,0.6597534910777864,2.0192711462305875,1713,28797,1077
full,Latest,linguistic,relative,202606,0.24267014460821423,0.1202312377793567,0.12243890682885755,2.018361859116449,340,5349,1078
full,Latest,promotes,relative,202608,2.0686746190414067,1.0249437673398551,1.0437308517015516,2.0183298683892255,2214,45599,1079
full,Latest,steering,relative,202607,0.11582962262007164,0.057474532623259494,0.058355089996812146,2.015320827040467,157,2557,1080
full,Latest,balance,relative,202606,2.4877561553336576,1.2344774369190596,1.2532787184145981,2.0152301540176074,3552,54921,1081
full,Latest,dynamics,relative,202607,5.115869559928223,2.5411745348934702,2.5746950250347522,2.013190943668372,6847,113055,1082
full,Latest,interdependent,relative,202607,0.07574004527513153,0.03762705029774595,0.038112994977385586,2.0129147694489555,107,1674,1083
full,Latest,iteratively,relative,202607,0.11662989426100734,0.05796903388165281,0.05866086037935453,2.0119344148311,177,2579,1084
full,Latest,structuring,relative,202608,0.13694519519426007,0.06826365098820458,0.06868154420605549,2.006121753111669,157,3037,1085
full,Latest,partitioned,relative,202608,0.0971052234093064,0.04841616866269103,0.04868905474661537,2.0056362593625594,118,2154,1086
full,Latest,aware,relative,202608,1.101034422161344,0.5491661247757044,0.5518682973856396,2.0049205012618705,1281,24432,1087
full,Latest,discordant,relative,202608,0.20155203435054753,0.10060852875311281,0.1009435055974347,2.003329507433151,253,4476,1088
full,Latest,illustrates,relative,202607,0.531745641061643,0.2656146077469916,0.2661310333146514,2.001944266439411,659,11817,1089
full,Latest,extrapolation,relative,202608,0.12131276584372933,0.06059888148310817,0.06071388436062115,2.001897772280583,145,2696,1090
full,Latest,dialogue,relative,202607,0.14651000094368036,0.07318618624221075,0.07332381470146959,2.0018805250871163,203,3256,1091
full,Latest,smoothness,relative,202605,0.050436459827322554,0.02519708684813215,0.025239372979190405,2.0016782150775256,69,1121,1092
full,Latest,understood,relative,202608,4.225992655022018,2.111632759989094,2.1143598950329237,2.001291481689195,4861,93945,1093
full,Latest,stakeholder,relative,202605,0.2709263111998925,0.1354483901399146,0.1354779210599779,2.0002180234112252,392,6026,1094
full,Latest,caution,relative,202605,0.5931442840041468,0.29694800566518625,0.29619627833896056,1.9974684883821943,882,13211,1095
full,Latest,boundary,relative,202608,0.6877214497990409,0.34442012647094455,0.3433013233280963,1.996751632506753,765,15323,1096
full,Latest,additive,relative,202607,1.0486409143062063,0.5251828137436284,0.5234581005625779,1.9967159755880883,1548,23365,1097
full,Latest,fails,relative,202604,0.2920046196677382,0.1466645777734721,0.1453400418942661,1.9909689449264854,383,6525,1098
full,Latest,publicly,relative,202605,0.6994710250580013,0.35197250932640617,0.3474985157315951,1.987288798197981,977,15659,1099
full,Latest,coexisting,relative,202608,0.25463629364780216,0.12834555388299246,0.1262907397648097,1.9839899859713408,283,5710,1100
full,Latest,operate,relative,202608,0.42741048647727664,0.21566998064926662,0.21174050582801002,1.9817801494235447,477,9595,1101
full,Latest,careful,relative,202607,0.8641741906474611,0.4361276325729777,0.4280465580744835,1.9814708495978135,1164,19403,1102
full,Latest,leadership,relative,202607,0.48836051554846616,0.2467336506083377,0.24162686494012844,1.9793024354172277,659,10977,1103
full,Latest,adequacy,relative,202607,0.22202414689783803,0.11222930832535576,0.10979483857248228,1.9783080748763426,343,4993,1104
full,Latest,advocacy,relative,202607,0.21303029169707022,0.107733842339962,0.10529644935710822,1.9773757908386633,291,4793,1105
full,Latest,participatory,relative,202601,0.20850837819199167,0.10548610934726509,0.10302226884472657,1.976642986287157,287,4693,1106
full,Latest,transformations,relative,202605,0.4049997167926401,0.2049482942741025,0.20005142251853758,1.9761067942872668,475,9118,1107
full,Latest,variability,relative,202606,3.0013115724816637,1.520434028249958,1.4808775442317057,1.9739834262563944,4378,67643,1108
full,Latest,stacking,relative,202608,0.3004145834014849,0.15237381957492224,0.14804076382656267,1.9715629905422893,310,6779,1109
full,Latest,technical,relative,202608,1.846030727877029,0.9364280420874517,0.9096026857895774,1.9713535316199244,2148,41661,1110
full,Latest,arising,relative,202608,0.8213922900657531,0.417111811454762,0.40428047861099115,1.9692376660372695,862,18557,1111
full,Latest,decision,relative,202605,3.9705212960258516,2.021094075043263,1.9494272209825887,1.9645405649615095,5543,89917,1112
full,Latest,multifactorial,relative,202602,0.49661313197655477,0.2535892362360632,0.24302389574049152,1.9583367943671846,624,11282,1113
full,Latest,representing,relative,202605,1.6367646941529048,0.8361791506131703,0.8005855435397345,1.9574330368709445,2249,37201,1114
full,Latest,favored,relative,202608,0.40688288115621873,0.2079602564843163,0.19892262467190244,1.9565415432486954,490,9252,1115
full,Latest,emerge,relative,202608,0.5120385475872051,0.2617709843294799,0.25026756325772515,1.9560554004821409,570,11646,1116
full,Latest,comparable,relative,202608,3.583085194429309,1.8337904847618312,1.749294709667478,1.953922884977055,4390,81584,1117
full,Latest,guide,relative,202602,2.7640533008481407,1.4156896707902826,1.348363630057858,1.9524429385044244,3453,62983,1118
full,Latest,approximately,relative,202608,3.8731012820930646,1.9851753018199672,1.8879259802730974,1.951012224735159,4617,88319,1119
full,Latest,approaching,relative,202608,0.23995275718926534,0.1230633813501548,0.11688937583911053,1.9498306852671534,265,5475,1120
full,Latest,universally,relative,202608,0.23361177160418356,0.12002894181001396,0.1135828297941696,1.9462953524488495,275,5340,1121
full,Latest,guideline,relative,202608,0.8959655135982174,0.46109994612184024,0.43486556747637717,1.9431047891761606,1082,20514,1122
full,Latest,validated,relative,202607,4.760107930782937,2.4510629192162514,2.3090450115666847,1.9420586446246848,7125,109046,1123
full,Latest,historically,relative,202607,0.47095169844800205,0.24273268588133726,0.2282190125666648,1.9402071737393964,644,10799,1124
full,Latest,declines,relative,202512,0.4301694386974821,0.2217613370594752,0.20840810163800688,1.93978555685797,571,9866,1125
full,Latest,lifelong,relative,202608,0.25377844064370986,0.13088549216473996,0.12289294847896988,1.9389348387389627,287,5823,1126
full,Latest,inspired,relative,202608,0.6135301737908703,0.31686291998048066,0.29666725381038966,1.93626371248698,653,14097,1127
full,Latest,limits,relative,202608,2.025239891238326,1.0466568680493071,0.9785830231890185,1.934960685838559,2286,46565,1128
full,Latest,detectable,relative,202608,0.8914201198160618,0.46083021816271647,0.4305899016533454,1.934378616424209,1062,20502,1129
full,Latest,excluding,relative,202608,0.6767535384688048,0.34992707230305203,0.3268264661657528,1.933984512872176,862,15568,1130
full,Latest,truth,relative,202605,0.20901733375138712,0.10818338893850135,0.10083394481288578,1.9320649482538075,279,4813,1131
full,Latest,descriptive,relative,202607,2.4097326637080356,1.2475367656066283,1.162195898101407,1.931592503036395,3812,55502,1132
full,Latest,explanatory,relative,202607,0.3091605890868298,0.16006106640994558,0.14909952267688426,1.9315164894316847,476,7121,1133
full,Latest,applies,relative,202608,0.24963609739599774,0.12940198838956002,0.12023410900643772,1.9291519435116968,292,5757,1134
full,Latest,mismatch,relative,202606,0.4597371465194309,0.23868676649448287,0.22105038002494798,1.9261107487082132,633,10619,1135
full,Latest,retain,relative,202608,0.40132787941304787,0.20836484842300182,0.19296303099004605,1.9260824580080393,442,9270,1136
full,Latest,minimally,relative,202512,1.1458477822986886,0.5960088803435076,0.5498389019551809,1.9225347475330958,1462,26516,1137
full,Latest,organized,relative,202607,0.6668848233124473,0.34745456601108554,0.31943025730136176,1.9193439619129091,922,15458,1138
full,Latest,incremental,relative,202608,0.5912148648234589,0.3084114439279404,0.28280342089551846,1.9169679869648248,766,13721,1139
full,Latest,undergoes,relative,202605,0.3752195614622899,0.1961596582726577,0.17905990318963222,1.9128273609691082,454,8727,1140
full,Latest,contrasting,relative,202607,0.3840963291116801,0.20085742022739414,0.18323890888428598,1.9122834928221126,549,8936,1141
full,Latest,multilayer,relative,202604,0.2388625259271661,0.12519872769321683,0.11366379823394927,1.9078670392918657,313,5570,1142
full,Latest,stable,relative,202608,5.4188148930191495,2.842033595965949,2.576781297053201,1.9066681339413956,6115,126440,1143
full,Latest,identity,relative,202608,1.2536686259892458,0.657799060312745,0.5958695656765007,1.9058534765817385,1407,29265,1144
full,Latest,ordering,relative,202608,0.26217827072538386,0.13760621381290364,0.1245720569124802,1.9052792999729988,296,6122,1145
full,Latest,reflective,relative,202607,0.2640672884538505,0.1386401709895442,0.1254271174643063,1.9046953460102527,374,6168,1146
full,Latest,domains,relative,202608,2.66318818712859,1.3984945133961517,1.264693673732438,1.9043250878841225,3189,62218,1147
full,Latest,coordinates,relative,202608,0.2943539520546035,0.15491375785666972,0.1394401941979338,1.9001149809234343,324,6892,1148
full,Latest,anchor,relative,202607,0.21366593194075387,0.11252151361440636,0.10114441832634749,1.8988895996631685,282,5006,1149
full,Latest,anomaly,relative,202607,0.2965621082275307,0.15619496566250693,0.1403671425650238,1.8986662404236345,374,6949,1150
full,Latest,monitoring,relative,202608,5.428075834625467,2.862083374260805,2.5659924603646624,1.8965470689781654,6302,127332,1151
full,Latest,observable,relative,202608,0.2120051926639448,0.11180223905674336,0.10020295360720143,1.8962517607214027,239,4974,1152
full,Latest,predictable,relative,202607,0.27072359813921226,0.1430007729953762,0.12772282514383607,1.8931617813560062,368,6362,1153
full,Latest,accounting,relative,202607,1.1454929453372924,0.605157153623784,0.5403357917135085,1.892885077005016,1707,26923,1154
full,Latest,learners,relative,202608,0.22392098571315389,0.1182981874056374,0.10562279830751647,1.8928522120575038,257,5263,1155
full,Latest,patterns,relative,202606,6.428030385196405,3.3977631010803275,3.0302672841160776,1.8918418365166765,9421,151164,1156
full,Latest,dynamic,relative,202606,4.240383843332127,2.2419338415757326,1.9984500017563949,1.8913956177903064,5809,99742,1157
full,Latest,distortion,relative,202608,0.2891069378004014,0.15325043544207403,0.13585650235832739,1.886499943484198,313,6818,1158
full,Latest,traditionally,relative,202608,0.7571483451425672,0.4028611842810637,0.3542871608615035,1.879427392573836,840,17923,1159
full,Latest,wise,relative,202608,0.33816540947189655,0.17995350339531307,0.15821190607658345,1.8791821392275496,416,8006,1160
full,Latest,creates,relative,202608,0.4080188048162711,0.21724339374415447,0.19077541107211665,1.8781643841229578,449,9665,1161
full,Latest,selectivity,relative,202608,1.6760002148457298,0.8937660698860647,0.7822341449596651,1.8752112787850435,1679,39763,1162
full,Latest,approaches,relative,202605,7.04256248739914,3.762210528516202,3.280351958882938,1.871921423327868,9387,167378,1163
full,Latest,inefficient,relative,202602,0.23652873560731116,0.1263675488494192,0.11016118675789197,1.8717521844881324,283,5622,1164
full,Latest,broad,relative,202608,2.9714893733223455,1.5877086767213757,1.38378069660097,1.8715583134926757,3125,70636,1165
full,Latest,relevance,relative,202606,3.041197624903138,1.6263921615256896,1.4148054633774485,1.869904256086825,4601,72357,1166
full,Latest,accelerate,relative,202601,0.7323910929195294,0.39213949790589964,0.3402515950136298,1.8676799884496176,935,17446,1167
full,Latest,transformed,relative,202608,0.7724865996255419,0.4137851666255706,0.35870143299997137,1.8668784237124578,872,18409,1168
full,Latest,shapes,relative,202607,0.5694979530630916,0.3060962789454626,0.26340167411762905,1.8605190335050088,767,13618,1169
full,Latest,inputs,relative,202608,0.6306538067468787,0.33918290859796085,0.29147089814891775,1.8593325039688335,733,15090,1170
full,Latest,selectively,relative,202608,1.1266645275699771,0.6059888148310818,0.5206757127388955,1.8592167049882478,1202,26960,1171
full,Latest,performance,relative,202608,13.60418199175249,7.317269984425458,6.286912007327032,1.8591881973343194,15871,325540,1172
full,Latest,ranked,relative,202608,0.403632689329472,0.21728834840400846,0.18634434092546356,1.8575901206584253,522,9667,1173
full,Latest,derived,relative,202608,8.254397301893482,4.445341539656641,3.809055762236841,1.8568645914507287,9552,197770,1174
full,Latest,maturity,relative,202608,0.2765966946515467,0.14906965207565778,0.1275270425758889,1.8554862830911063,328,6632,1175
full,Latest,cooperative,relative,202608,0.44225508685853354,0.23884410780397164,0.2034109790545619,1.851647465473626,466,10626,1176
full,Latest,competitive,relative,202608,0.9410844397839199,0.5085271122677446,0.43255732751617526,1.8506081919353585,1042,22624,1177
full,Latest,attainment,relative,202607,0.28650953552222397,0.15491375785666972,0.13159577766555428,1.8494776673567634,447,6892,1178
full,Latest,achieved,relative,202608,6.6399547012174,3.5905511598639404,3.0494035413534597,1.8492856404444085,7755,159741,1179
full,Latest,projected,relative,202607,0.35006646173506306,0.189416459294567,0.16065000244049607,1.8481311657856756,512,8427,1180
full,Latest,weakened,relative,202608,0.2504480875424158,0.13578555008881915,0.11466253745359663,1.8444384353018,290,6041,1181
full,Latest,unclear,relative,202608,5.495862447991031,2.9846297770226395,2.5112326709683916,1.8413883324160587,6382,132784,1182
full,Latest,temporal,relative,202608,3.0013834609412995,1.6313596514395494,1.37002380950175,1.839804888083881,3589,72578,1183
full,Latest,bias,relative,202608,2.6206569592738824,1.4251526266895365,1.195504332584346,1.8388605614553462,3288,63404,1184
full,Latest,limitation,relative,202606,0.9606347301152294,0.5231148993903474,0.43751983072488193,1.8363742482479082,1354,23273,1185
full,Latest,handling,relative,202608,0.5813659401513855,0.3167730106607728,0.26459292949061275,1.835276114397136,666,14093,1186
full,Latest,systematic,relative,202606,5.598589780080627,3.0520168121436924,2.5465729679369344,1.8343902162676027,8320,135782,1187
full,Latest,distinction,relative,202608,0.2895854644455872,0.1578807654070296,0.13170469903855758,1.8342035757111517,323,7024,1188
full,Latest,authority,relative,202607,0.22358871797706456,0.12198446951366027,0.1016042484634043,1.832927739641695,316,5427,1189
full,Latest,represent,relative,202608,3.6170879293516136,1.9747233434039262,1.6423645859476876,1.8316935085786064,4239,87854,1190
full,Latest,panels,relative,202604,0.2509675389667453,0.13708923522458338,0.1138783037421619,1.8306874245494427,345,6099,1191
full,Latest,profound,relative,202606,0.7245497964546491,0.3960730306431192,0.32847676581152996,1.829333835929625,974,17621,1192
full,Latest,confirms,relative,202602,0.6249127831721901,0.34210496148846675,0.2828078216837233,1.8266697461891603,760,15220,1193
full,Latest,entropy,relative,202607,0.4778207694805181,0.2617709843294799,0.21604978515103818,1.8253389339710224,630,11646,1194
full,Latest,stabilize,relative,202608,0.3997144803828828,0.219064057468239,0.18065042291464384,1.824646566864742,419,9746,1195
full,Latest,accelerated,relative,202608,1.141179030084017,0.6259936384660841,0.5151853916179329,1.8229882221811833,1283,27850,1196
full,Latest,navigation,relative,202603,0.3581108958485429,0.1966991141909049,0.16141178165763798,1.8206024837558799,478,8751,1197
full,Latest,dominance,relative,202606,0.32788150982738906,0.18029066334421762,0.14759084648317142,1.8186272308587912,472,8021,1198
full,Latest,largely,relative,202608,3.4562386456247256,1.9046615060215644,1.5515771396031612,1.8146209364224923,4015,84737,1199
full,Latest,assemblies,relative,202607,0.34329251138148364,0.1893265499748591,0.15396596140662455,1.8132296364512526,413,8423,1200
full,Latest,layered,relative,202608,0.4790477634444859,0.2644233092608622,0.21462445418362366,1.811669949913113,507,11764,1201
full,Latest,indirect,relative,202608,1.4185283260698114,0.7829977880059619,0.6355305380638495,1.8116632611215122,1708,34835,1202
full,Latest,favoring,relative,202604,0.23925656703171727,0.1321442226406502,0.10711234439106707,1.8105715274616718,332,5879,1203
full,Latest,empirical,relative,202606,1.4184575508149726,0.7836721079037708,0.6347854429112016,1.8100140817939492,2008,34865,1204
full,Latest,external,relative,202608,2.94926592130709,1.6299885343140048,1.3192773869930854,1.8093783233563143,3553,72517,1205
full,Latest,recognized,relative,202607,2.3244830870891513,1.2869395249686049,1.0375435621205464,1.8062100370612655,3255,57255,1206
full,Latest,expanded,relative,202608,1.2198928234476236,0.6758483562441011,0.5440444672035225,1.8049800849216329,1401,30068,1207
full,Latest,connect,relative,202608,0.24959254565842184,0.13834796570049362,0.1112445799579282,1.8040926326214226,275,6155,1208
full,Latest,feature,relative,202605,2.432414462122623,1.3486173182882077,1.0837971438344152,1.8036357898844666,3282,59999,1209
full,Latest,prolonged,relative,202608,2.147371461714991,1.1907590302111046,0.9566124315038862,1.8033635750251604,2513,52976,1210
full,Latest,strong,relative,202602,6.169841882343387,3.421364297503645,2.748477584839742,1.8033279551216261,7721,152214,1211
full,Latest,characterised,relative,202607,0.688935378024651,0.3824068140475221,0.3065285639771289,1.8015771495615565,980,17013,1212
full,Latest,annotated,relative,202608,0.4676725704898122,0.26053473118349657,0.20713783930631563,1.7950488534307039,565,11591,1213
full,Latest,implementation,relative,202608,3.8416372582968825,2.146427666716042,1.6952095915808405,1.7897818397833323,4589,95493,1214
full,Latest,reinforced,relative,202605,0.37639212926861826,0.21032037612664806,0.1660717531419702,1.7896132376730214,504,9357,1215
full,Latest,categorical,relative,202608,0.3776476671335864,0.211084605344165,0.1665630617894214,1.7890819963769835,496,9391,1216
full,Latest,probabilistic,relative,202607,0.3207225959963236,0.17950395679677372,0.14121863919954988,1.786716024089827,459,7986,1217
full,Latest,alters,relative,202608,0.48038856638845434,0.26887382058640213,0.2115147458020522,1.7866691719586076,519,11962,1218
full,Latest,symmetric,relative,202608,0.370897136113205,0.20771300585511968,0.16318413025808534,1.7856230744256172,374,9241,1219
full,Latest,coordinate,relative,202608,0.4343846738226049,0.24333957378936544,0.1910451000332395,1.785096715089211,468,10826,1220
full,Latest,editing,relative,202607,0.4829789861268269,0.27085182561997534,0.21212716050685154,1.7831852712134983,602,12050,1221
full,Latest,combine,relative,202608,0.6855007356090279,0.3847444563599268,0.30075627924910103,1.7817039967113777,758,17117,1222
full,Latest,severely,relative,202608,0.9372020720577834,0.5261493389304882,0.4110527331272951,1.7812472671026218,1047,23408,1223
full,Latest,responses,relative,202608,7.580757729384289,4.267253654645266,3.313504074739023,1.776495690883525,8752,189847,1224
full,Latest,moderated,relative,202607,0.3616758003561382,0.2041615877266586,0.15751421262947962,1.7715173769140513,520,9083,1225
full,Latest,proof,relative,202608,0.8492378410734457,0.47966622064151654,0.36957162043192915,1.7704766450671794,985,21340,1226
full,Latest,passive,relative,202608,0.8123311471669259,0.4589870771087051,0.3533440700582207,1.76983446306166,921,20420,1227
full,Latest,delayed,relative,202608,2.0084512156010863,1.1359592998491548,0.8724919157519315,1.768066176198206,2336,50538,1228
full,Latest,inequalities,relative,202603,0.2862398996178643,0.1620165941135919,0.1242233055042724,1.7667319892996753,399,7208,1229
full,Latest,atypical,relative,202607,0.855165731691955,0.48436398259625296,0.37080174909570207,1.7655436044359807,1073,21549,1230
full,Latest,informative,relative,202608,0.4109306850268229,0.2330899113426676,0.17784077368415532,1.762970703707163,499,10370,1231
full,Latest,classifications,relative,202606,0.25666699888092404,0.14567557525668548,0.11099142362423856,1.7619082569515703,373,6481,1232
full,Latest,compatible,relative,202608,0.7206961849338086,0.40913235933068803,0.3115638256031205,1.7615233029057324,784,18202,1233
full,Latest,restore,relative,202607,0.641152195666776,0.3644249501059469,0.27672724556082906,1.759353182268058,875,16213,1234
full,Latest,resolve,relative,202608,0.5157485395187893,0.29314933690752853,0.22259920261126073,1.7593372202696735,558,13042,1235
full,Latest,simplified,relative,202606,0.4679240953418635,0.266086631675458,0.20183746366640556,1.7585404136822018,673,11838,1236
full,Latest,irreversible,relative,202607,0.5042744138839228,0.2868556845279772,0.21741872935594564,1.7579376706921792,672,12762,1237
full,Latest,complement,relative,202608,0.8135459403739886,0.46292060984592465,0.350625330528064,1.7574200047925361,963,20595,1238
full,Latest,terminology,relative,202605,0.2615823550471506,0.14886735610631507,0.1127149989408355,1.7571505391708506,357,6623,1239
full,Latest,extreme,relative,202606,0.9898914855061401,0.5637314345683802,0.42616005093776,1.7559629014905804,1391,25080,1240
full,Latest,controllable,relative,202608,0.3279750438407616,0.187258635621578,0.1407164082191836,1.751454840798641,344,8331,1241
full,Latest,representative,relative,202608,1.8207962987875095,1.0396664184420197,0.7811298803454898,1.751327412802313,2103,46254,1242
full,Latest,unnecessary,relative,202604,0.521979817729163,0.2982966454608044,0.22368317226835865,1.749868212305291,675,13271,1243
full,Latest,virtual,relative,202605,0.9819642681448033,0.5612364509464866,0.42072781719831676,1.7496444974106515,1334,24969,1244
full,Latest,operator,relative,202606,0.5097790124902521,0.29155344648271375,0.21822556600753842,1.7484924930238375,775,12971,1245
full,Latest,texture,relative,202608,0.4093776490590239,0.2345958924477745,0.17478175661124937,1.7450333200107462,465,10437,1246
full,Latest,overload,relative,202603,0.31213827128457644,0.1789195462186725,0.13321872506590393,1.7445733452905487,414,7960,1247
full,Latest,viewed,relative,202608,0.4661647511932603,0.2672104981718064,0.19895425302145384,1.7445600168505866,537,11888,1248
full,Latest,feasibility,relative,202608,2.3279553447753365,1.3361648775086667,0.99179046726667,1.7422665300976203,2845,59445,1249
full,Latest,requires,relative,202608,3.6179981126451897,2.077804378449006,1.5401937341961838,1.7412602216893363,4179,92440,1250
full,Latest,reporting,relative,202608,2.9207449659199725,1.6776854284190321,1.2430595375009406,1.7409371962372817,3702,74639,1251
full,Latest,concurrent,relative,202608,1.0982421110637508,0.6317703122573152,0.4664717988064356,1.7383566301805666,1284,28107,1252
full,Latest,confirmed,relative,202601,8.53818604368212,4.913589276695257,3.6245967669868637,1.7376678356447135,11173,218602,1253
full,Latest,preferentially,relative,202608,0.5107895103516484,0.29407090743453423,0.21671860291711423,1.736960363769952,557,13083,1254
full,Latest,prospective,relative,202608,5.531113469902108,3.18692574636536,2.344187723536748,1.7355639604124,7102,141784,1255
full,Latest,norms,relative,202604,0.3609356054584176,0.2081400751237321,0.15279553033468551,1.7340995252541052,495,9260,1256
full,Latest,characterise,relative,202608,0.23863945987118465,0.13801080575158914,0.10062865411959554,1.7291360525835988,302,6140,1257
full,Latest,expert,relative,202608,1.3349392960682664,0.7731527174979496,0.561786578570317,1.7266178671509447,1612,34397,1258
full,Latest,encounters,relative,202608,0.31492616275295804,0.18294298827559996,0.13198317447735808,1.7214442910407042,385,8139,1259
full,Latest,expand,relative,202604,0.8923444196423377,0.5184396147655378,0.37390480487679983,1.721211871600315,1154,23065,1260
full,Latest,augmentation,relative,202606,0.4055188919865179,0.23565232695434202,0.1698665650321759,1.7208355089363823,583,10484,1261
full,Latest,investment,relative,202603,0.3532668618615665,0.2057799554814004,0.14748690638016607,1.7167214417708279,484,9155,1262
full,Latest,stabilized,relative,202607,0.6384185074625597,0.3718874236417006,0.2665310838208591,1.7166982986702226,837,16545,1263
full,Latest,demonstrate,relative,202605,8.570144538404765,4.99351866191556,3.576625876489206,1.7162536316860744,10889,222158,1264
full,Latest,strict,relative,202607,0.4452617967370719,0.259500774006856,0.18576102273021589,1.7158399563205469,640,11545,1265
full,Latest,dominant,relative,202607,2.1045277208657476,1.2272397366825754,0.8772879841831723,1.714846462317641,3043,54599,1266
full,Latest,reliably,relative,202604,0.5689101591956027,0.3330915521877522,0.2358186070078505,1.7079693419391426,776,14819,1267
full,Latest,yields,relative,202608,1.367943260439263,0.8012269025767339,0.5667163578625292,1.7073106956843034,1326,35646,1268
full,Latest,assessment,relative,202608,9.357370612855373,5.48916626413515,3.868204348720223,1.7046979746257842,11465,244209,1269
full,Latest,captured,relative,202607,0.8396164142025762,0.4927030719991585,0.3469133422034177,1.7041022512723651,1229,21920,1270
full,Latest,selective,relative,202608,3.2692392855939034,1.9199685677018303,1.349270717892073,1.7027566703902488,3480,85418,1271
full,Latest,continuous,relative,202608,3.2645898245992564,1.9180355173281107,1.346554307271146,1.7020486821573264,3831,85332,1272
full,Latest,projections,relative,202606,0.29744304202924354,0.17500849081137992,0.12243455121786362,1.69959206350634,413,7786,1273
full,Latest,deterioration,relative,202607,0.7699047052627943,0.45314297132769316,0.3167617339351012,1.6990326541025238,1107,20160,1274
full,Latest,rapid,relative,202608,4.895368374539713,2.881953333916245,2.013415040623468,1.6986286061361955,5362,128216,1275
full,Latest,reliable,relative,202604,2.9515308081840717,1.7394531310583428,1.2120776771257291,1.6968153700055486,3970,77387,1276
full,Latest,frequently,relative,202607,4.276407917168926,2.5217990764964227,1.7546088406725038,1.695776621153423,6295,112193,1277
full,Latest,independence,relative,202607,0.37073439185662393,0.21879432950911532,0.1519400623475086,1.694442413971147,554,9734,1278
full,Latest,directed,relative,202608,1.464117288708164,0.8653547248583761,0.5987625638497878,1.6919273063977103,1654,38499,1279
full,Latest,expansion,relative,202607,1.6600315279837508,0.9814726112610972,0.6785589167226537,1.6913681634485664,2270,43665,1280
full,Latest,evidence,relative,202608,15.923184272731342,9.416158098345962,6.507026174385381,1.691048950795378,19038,418918,1281
full,Latest,absent,relative,202608,0.8371698112206181,0.49522053295097895,0.3419492782696391,1.6904989908879406,986,22032,1282
full,Latest,career,relative,202608,0.3586002655172599,0.21283783707846862,0.14576242843879123,1.6848520471717245,404,9469,1283
full,Latest,documents,relative,202608,0.3720867057939295,0.2209746305120313,0.15111207528189818,1.683843547703865,444,9831,1284
full,Latest,assumptions,relative,202607,0.43844880769369937,0.26039986720393477,0.17804894048976463,1.6837520402816635,614,11585,1285
full,Latest,packing,relative,202608,0.25467625688054873,0.15133986239828165,0.10333639448226707,1.6828101522275494,260,6733,1286
full,Latest,reversible,relative,202608,0.9462738233537413,0.5628548187012284,0.3834190046525129,1.6812040901368515,976,25041,1287
full,Latest,principal,relative,202608,1.304497305451448,0.7761871570380903,0.5283101484133577,1.680647887075812,1586,34532,1288
full,Latest,construct,relative,202608,1.6122414416884556,0.9596021692421569,0.6526392724462987,1.6801144196680158,1866,42692,1289
full,Latest,selection,relative,202608,4.0956073174117344,2.4436903550002054,1.6519169624115286,1.675992749667087,4938,108718,1290
full,Latest,central,relative,202607,5.9850537043411745,3.5737156397486403,2.4113380645925346,1.674742567028119,8335,158992,1291
full,Latest,transformation,relative,202608,1.5447112241198342,0.9229865987911247,0.6217246253287095,1.6736009235052915,1616,41063,1292
full,Latest,universal,relative,202608,1.0068381277277236,0.6043704470763399,0.4024676806513836,1.6659287901953728,1168,26888,1293
full,Latest,destructive,relative,202606,0.3080624222017748,0.185055857288735,0.12300656491303981,1.664699657256013,417,8233,1294
full,Latest,fine,relative,202606,1.3349739079059668,0.8027328836818406,0.5322410242241261,1.6630362789959872,1856,35713,1295
full,Latest,suspicion,relative,202510,0.5179576159703391,0.3115357927877891,0.20642182318255003,1.6625942442612356,640,13860,1296
full,Latest,compressive,relative,202605,0.31974716309271095,0.19251833082448866,0.1272288322682223,1.6608660677834972,417,8565,1297
full,Latest,accordance,relative,202607,0.6331370355606256,0.3814852435205163,0.25165179204010935,1.6596632407527854,1039,16972,1298
full,Latest,absolute,relative,202608,1.6106697676807133,0.9706834928961523,0.639986274784561,1.6593150903134082,2026,43185,1299
full,Latest,differed,relative,202608,1.4970850354227132,0.9023748872480938,0.5947101481746195,1.6590499764330358,1899,40146,1300
full,Latest,require,relative,202608,3.121313451541887,1.8817346294960564,1.2395788220458308,1.6587426317268763,3724,83717,1301
full,Latest,prediction,relative,202607,3.1911835965560043,1.9248236709660551,1.266359925589949,1.6579095761817872,4725,85634,1302
full,Latest,alterations,relative,202608,2.7764699089677958,1.6760221060044365,1.1004478029633593,1.6565831077173432,3307,74565,1303
full,Latest,estimates,relative,202608,2.0571186874028955,1.2423894570533525,0.814729230349543,1.655776033613392,2595,55273,1304
full,Latest,realistic,relative,202608,0.5213072856979423,0.3149073922768344,0.20639989342110784,1.6554304487068443,603,14010,1305
full,Latest,deployed,relative,202608,0.35338092561434564,0.2137594076054743,0.13962151800887135,1.6531713367514764,410,9510,1306
full,Latest,access,relative,202606,3.8240777161776136,2.3153223237872864,1.5087553923903274,1.6516394615512462,5415,103007,1307
full,Latest,characterized,relative,202608,8.045615951634474,4.872635581568319,3.172980370066156,1.6511835980651959,9256,216780,1308
full,Latest,adjusted,relative,202608,4.498018033932662,2.7245445924376823,1.7734734414949795,1.6509247257018582,5827,121213,1309
full,Latest,transient,relative,202608,1.551764136069503,0.9404290068144521,0.611335129255051,1.6500598395256307,1729,41839,1310
full,Latest,identifier,relative,202608,0.5595662836091414,0.33983475116584294,0.2197315324432984,1.6465834694347286,791,15119,1311
full,Latest,warranted,relative,202511,1.2440630260893673,0.755597922824987,0.4884651032643803,1.6464616808872825,1694,33616,1312
full,Latest,context,relative,202607,4.897522725071038,2.981999929421184,1.9155227956498537,1.6423617843685405,7019,132667,1313
full,Latest,flexible,relative,202608,1.236926364879856,0.7536648724512676,0.48326149242858846,1.641215359894376,1340,33530,1314
full,Latest,trained,relative,202507,1.51204156850463,0.9222898015633881,0.5897517669412418,1.6394430101488102,2157,41032,1315
full,Latest,defined,relative,202608,6.520770434669506,3.9822411111713003,2.5385293234982065,1.6374624872353716,7956,177167,1316
full,Latest,confers,relative,202608,0.2896195649385497,0.17691906385517225,0.11270050108337741,1.6370172813916493,325,7871,1317
full,Latest,cumulative,relative,202608,1.4683959297566347,0.897205101364891,0.5711908283917436,1.6366335050066125,1844,39916,1318
full,Latest,evaluation,relative,202608,7.397165049952043,4.524012194401032,2.87315285555101,1.635089547085407,8764,201270,1319
full,Latest,within,relative,202608,16.684089722929965,10.20524724276213,6.478842480167835,1.6348540438119052,19617,454024,1320
full,Latest,alone,relative,202608,3.665249180486284,2.248721995213678,1.416527185272606,1.6299254368870995,4497,100044,1321
full,Latest,heavily,relative,202607,0.43740560081313345,0.26846922864771666,0.16893637216541676,1.6292578595183949,610,11944,1322
full,Latest,incorporated,relative,202608,1.2078405862078128,0.741661978270266,0.46617860793754673,1.6285593998289993,1431,32996,1323
full,Latest,predominant,relative,202608,1.0444316253523802,0.6430988865405075,0.40133273881187276,1.6240606961252975,1245,28611,1324
full,Latest,argue,relative,202608,0.6145417082036824,0.37946228382708913,0.23507942437659327,1.6195066924851818,604,16882,1325
full,Latest,squares,relative,202607,0.39114802045824876,0.24160881938498888,0.14953920107325988,1.6189310533196155,582,10749,1326
full,Latest,define,relative,202608,1.5152556934607881,0.9389455030392722,0.5763101904215161,1.6137844939414034,1746,41773,1327
full,Latest,interpret,relative,202608,0.4323636859450569,0.2680646367090312,0.16429904923602576,1.6129083315617008,511,11926,1328
full,Latest,under,relative,202608,14.698386308015197,9.132314376028196,5.5660719319870005,1.609491931924466,16778,406290,1329
full,Latest,responsibility,relative,202607,0.3222221132781421,0.20029548697921987,0.1219266262989222,1.6087337669848336,459,8911,1330
full,Latest,binary,relative,202606,0.9537940322241272,0.5942781259391309,0.3595159062849963,1.604962374674076,1431,26439,1331
full,Latest,deviations,relative,202607,0.4539572549130634,0.2828771971309037,0.17108005778215968,1.604785608445459,655,12585,1332
full,Latest,dependency,relative,202606,0.3387596039747218,0.21128690131350775,0.12747270266121408,1.6033156900345182,482,9400,1333
full,Latest,conflict,relative,202608,0.43424291402010046,0.27123394022873376,0.16300897379136667,1.6009903246396815,496,12067,1334
full,Latest,poorer,relative,202605,0.9406953755859124,0.58775970026031,0.35293567532560244,1.6004761387507387,1356,26149,1335
full,Latest,historical,relative,202607,0.8011714235035121,0.5008398654327214,0.30033155807079076,1.5996558556921319,1110,22282,1336
full,Latest,pressures,relative,202607,0.5902162211342276,0.3691901440504643,0.22102607708376323,1.59867816258267,829,16425,1337
full,Latest,early,relative,202604,11.406833111548515,7.135967841234528,4.270865270313987,1.5984983908749122,15331,317474,1338
full,Latest,coverage,relative,202608,1.3237770289742985,0.8288964957168324,0.49488053325746595,1.5970353787410956,1565,36877,1339
full,Latest,symmetry,relative,202608,0.4831234105355637,0.3025673381469285,0.1805560723886352,1.5967467390712082,474,13461,1340
full,Latest,interactive,relative,202601,0.5614094669150971,0.3518376453468443,0.20957182156825277,1.5956492272498448,749,15653,1341
full,Latest,scarce,relative,202608,0.878012098844465,0.5511216524793506,0.32689044636511433,1.5931366421451971,1039,24519,1342
full,Latest,combined,relative,202608,6.732125528573745,4.229941286966497,2.502184241607247,1.5915411283170997,7967,188187,1343
full,Latest,adequately,relative,202608,0.5703503094623379,0.3588280949541317,0.2115222145082062,1.5894806384523616,724,15964,1344
full,Latest,conversion,relative,202608,1.9029954770400255,1.1973224105497797,0.7056730664902459,1.5893759778255707,2030,53268,1345
full,Latest,conferred,relative,202603,0.2792465605664663,0.17579519735882385,0.10345136320764245,1.5884766180300307,384,7821,1346
full,Latest,maintained,relative,202608,1.7559611516541704,1.1092112772360618,0.6467498744181087,1.5830718526678553,2058,49348,1347
full,Latest,defining,relative,202608,0.6248597482388139,0.39503907346647854,0.22982067477233534,1.5817669446104476,699,17575,1348
full,Latest,connecting,relative,202608,0.2751021225650999,0.17401948829459327,0.10108263427050668,1.5808696213345164,304,7742,1349
full,Latest,margins,relative,202607,0.36303426924237725,0.22965087986384133,0.13338338937853594,1.5808093984121383,505,10217,1350
full,Latest,repeated,relative,202608,1.8920319052158259,1.1975471838490495,0.6944847213667763,1.5799226374819113,2287,53278,1351
full,Latest,discussion,relative,202608,3.096313787758009,1.9598658283222,1.136447959435809,1.5798600817529935,3700,87193,1352
full,Latest,building,relative,202608,1.298788345770985,0.8224230246978653,0.4763653210731196,1.5792217712388616,1409,36589,1353
full,Latest,served,relative,202605,0.7249050970406635,0.45909946375834004,0.2658056332823235,1.5789717790265985,1033,20425,1354
full,Latest,assessed,relative,202607,12.966621313110227,8.212204875467725,4.754416437642502,1.578945180951993,20289,365355,1355
full,Latest,compensation,relative,202608,0.31609661631435787,0.20022805498943905,0.11586856132491884,1.5786829489555312,353,8908,1356
full,Latest,mixed,relative,202607,3.652927643579909,2.3140860706413022,1.3388415729386067,1.5785617008478745,5516,102952,1357
full,Latest,dependent,relative,202608,7.948077285061207,5.038563231089204,2.909514053972004,1.5774491497932526,8995,224162,1358
full,Latest,expectations,relative,202607,0.6066779787192734,0.38465454704021895,0.22202343167905444,1.5772021503123943,876,17113,1359
full,Latest,reduced,relative,202608,12.744597765087809,8.10139163892777,4.643206126160039,1.5731368551359868,15037,360425,1360
full,Latest,extend,relative,202608,0.8743702611012557,0.5558418917640142,0.3185283693372415,1.57305570892896,989,24729,1361
full,Latest,construction,relative,202608,0.994110912031668,0.6328717014237364,0.3612392106079316,1.5707937482356562,1016,28156,1362
full,Latest,discovery,relative,202608,1.96262276070303,1.2531785754182976,0.7094441852847325,1.566115794828305,2124,55753,1363
full,Latest,applicable,relative,202507,1.0461319337019692,0.6685432240178363,0.37758870968413294,1.564793264098746,1505,29743,1364
full,Latest,volatile,relative,202607,0.5763371835143998,0.3683809601730934,0.20795622334130637,1.5645140379774045,739,16389,1365
full,Latest,near,relative,202608,2.661129169646766,1.703174720556215,0.9579544490905506,1.5624522472818914,2940,75773,1366
full,Latest,arise,relative,202608,0.6559680487842899,0.42014625099490277,0.2358217977893872,1.5612850221344667,705,18692,1367
full,Latest,threatening,relative,202510,1.0690107184079878,0.6847943335550346,0.3842163848529531,1.5610682887201124,1340,30466,1368
full,Latest,opportunities,relative,202601,1.7317643716118318,1.111279191589343,0.6204851800224889,1.5583521987261146,2217,49440,1369
full,Latest,established,relative,202608,6.418658722007012,4.121443215409019,2.297215506597993,1.557381331376663,7544,183360,1370
full,Latest,unmet,relative,202604,0.43011600852233867,0.2765161127615715,0.15359989576076713,1.555482623514276,586,12302,1371
full,Latest,vulnerable,relative,202512,1.1486562188209217,0.7390770853286647,0.4095791334922571,1.5541764744473425,1538,32881,1372
full,Latest,rich,relative,202608,2.198343643974118,1.4165662866574342,0.7817773573166837,1.551881944869227,2441,63022,1373
full,Latest,negligible,relative,202608,0.5360901617979246,0.3454540836475852,0.19063607815033934,1.5518420165639628,609,15369,1374
full,Latest,dedicated,relative,202607,0.6106365994807412,0.3941399802693999,0.21649661921134136,1.5492886539025121,866,17535,1375
full,Latest,characterization,relative,202608,2.616044677167361,1.6899355732292307,0.92610910393813,1.548014444224323,2930,75184,1376
full,Latest,evolve,relative,202603,0.33902782461869013,0.2191314894580199,0.1198963351606702,1.5471433405450352,429,9749,1377
full,Latest,eligible,relative,202608,2.0232846898229297,1.3091021722765963,0.7141825175463332,1.545551395965017,2685,58241,1378
full,Latest,accounted,relative,202608,0.8990937975905527,0.5821853224384216,0.3169084751521311,1.544342948779254,1142,25901,1379
full,Latest,retrieval,relative,202607,0.39522102185137403,0.2561741291776647,0.13904689267370934,1.5427827279829496,554,11397,1380
full,Latest,progressed,relative,202604,0.3741392966011353,0.24257534457184843,0.13156395202928692,1.542363249082468,487,10792,1381
full,Latest,semi,relative,202608,1.6752098659871422,1.0877004724959525,0.5875093934911898,1.5401389521722177,2026,48391,1382
full,Latest,branch,relative,202607,0.4810181013917031,0.31245736331479484,0.16856073807690825,1.539467965448734,658,13901,1383
full,Latest,opportunistic,relative,202604,0.3356103002920725,0.218344782910576,0.11726551738149653,1.537065808572688,441,9714,1384
full,Latest,code,relative,202507,0.717734439289698,0.4674835078210994,0.2502509314685987,1.5353149946080384,1009,20798,1385
full,Latest,improved,relative,202606,9.956514402958442,6.493363455952411,3.46315094700603,1.5333369940706751,14323,288885,1386
full,Latest,baseline,relative,202608,6.019618581832463,3.9334203505699246,2.086198231262538,1.5303776472708448,7660,174995,1387
full,Latest,direct,relative,202608,5.459552026347982,3.5690403551238323,1.8905116712241494,1.5296974769450473,6258,158784,1388
full,Latest,generation,relative,202608,4.241693510682021,2.7742644462361374,1.4674290644458834,1.52894347056091,4588,123425,1389
full,Latest,legal,relative,202512,0.4499604059541606,0.29461036335278157,0.15535004260137905,1.5273067818573474,579,13107,1390
full,Latest,illumination,relative,202606,0.31893537981403036,0.2088818270113221,0.11005355280270827,1.5268699262992516,400,9293,1391
full,Latest,acceptability,relative,202606,0.513195955044684,0.33619342371767397,0.17700253132700997,1.5264901656007759,817,14957,1392
full,Latest,real,relative,202605,5.259501770944436,3.4473256135692942,1.8121761573751414,1.525675947245044,7145,153369,1393
full,Latest,fundamental,relative,202607,1.9073147206099854,1.251537730333629,0.6557769902763565,1.5239770039546012,2443,55680,1394
full,Latest,loading,relative,202608,1.2914536343385106,0.8488788420219079,0.4425747923166027,1.5213639101458258,1455,37766,1395
full,Latest,moderate,relative,202608,4.389949616549077,2.886246503932297,1.5037031126167801,1.5209891499454729,5382,128407,1396
full,Latest,characterize,relative,202608,2.4217165731954244,1.592518825325747,0.8291977478696776,1.5206831685019904,2968,70850,1397
full,Latest,linearity,relative,202608,0.30638207934266615,0.20171155876461902,0.1046705205780471,1.518911862161499,343,8974,1398
full,Latest,transition,relative,202608,3.168233054418778,2.0860535585322033,1.0821794958865747,1.5187687974071105,3471,92807,1399
full,Latest,managed,relative,202606,1.0989421837436566,0.7251636181038709,0.3737785656397857,1.5154403176170463,1529,32262,1400
full,Latest,everyday,relative,202608,0.37741416904051556,0.2491387249105234,0.12827544412999217,1.5148755745461147,442,11084,1401
full,Latest,lens,relative,202606,0.5068194963536632,0.33466496528264006,0.17215453107102308,1.5144085844947366,688,14889,1402
full,Latest,portable,relative,202608,0.33507469400701295,0.2214916091003516,0.11358308490666139,1.512809877394498,373,9854,1403
full,Latest,feasible,relative,202607,1.9019918030488536,1.257808905383253,0.6441828976656004,1.5121468729538996,2789,55959,1404
full,Latest,modern,relative,202605,1.1718878010820226,0.7758724744191128,0.39601532666290973,1.5104129089763134,1509,34518,1405
full,Latest,attributable,relative,202607,0.5195810593085943,0.34401553453225914,0.1755655247763352,1.5103418513208797,802,15305,1406
full,Latest,missed,relative,202607,0.42062489882317466,0.2785615497849257,0.14206334903824896,1.5099890819387474,616,12393,1407
full,Latest,qualitative,relative,202608,2.656016164593943,1.7649424231955253,0.8910737413984179,1.5048741135617782,3305,78521,1408
full,Latest,operating,relative,202607,2.4126973140273367,1.6034428076702543,0.8092545063570822,1.5046980799601455,3720,71336,1409
full,Latest,partially,relative,202608,1.6691505472009587,1.1093461412156236,0.5598044059853351,1.5046255493996674,1960,49354,1410
full,Latest,perspective,relative,202608,1.9916800673847848,1.3246789619159856,0.6670011054687992,1.5035190598211539,2203,58934,1411
full,Latest,excluded,relative,202608,1.4648840787391895,0.9758083241195011,0.4890757546196884,1.5012006380054146,1876,43413,1412
full,Latest,below,relative,202608,1.8604801105045052,1.2402316333803638,0.6202484771241416,1.500106964239896,2191,55177,1413
full,Latest,regime,relative,202607,0.4680548258710339,0.31207524870603637,0.15597957716499758,1.4998139961811734,588,13884,1414
full,Latest,perceived,relative,202608,2.312621736105731,1.5447769765608652,0.7678447595448659,1.497058650663164,2869,68726,1415
full,Latest,via,relative,202601,10.671112058006448,7.131090260640377,3.540021797366072,1.4964208372042362,13814,317257,1416
full,Latest,evaluated,relative,202608,13.856014992097451,9.278214724584153,4.577800267513298,1.4933923608583517,17095,412781,1417
full,Latest,organization,relative,202608,1.940692676098444,1.3014823574313537,0.6392103186670904,1.4911402102512215,2207,57902,1418
full,Latest,acceptance,relative,202605,0.6074658964893555,0.4076938102153621,0.1997720862739934,1.4900051981865137,857,18138,1419
full,Latest,differ,relative,202608,2.348308124060104,1.5777062649038749,0.770601859156229,1.488431767242288,2924,70191,1420
full,Latest,proxy,relative,202606,0.31399623375944596,0.21148919728285046,0.10250703647659552,1.4846915955688285,472,9409,1421
full,Latest,partial,relative,202608,2.304375282332213,1.5524192687360348,0.7519560135961784,1.4843768875713672,2688,69066,1422
full,Latest,adapted,relative,202607,1.1380663144434988,0.7671512704074489,0.37091504403605,1.4834966170870705,1669,34130,1423
full,Latest,capacity,relative,202607,4.572727380100559,3.0825859808443696,1.490141399256189,1.4834062726931676,6426,137142,1424
full,Latest,actively,relative,202608,0.56509140265811,0.38119303823146566,0.18389836442664426,1.4824284443384264,639,16959,1425
full,Latest,false,relative,202608,0.8110016306784463,0.547233074401985,0.26376855627646134,1.4820040465659117,1006,24346,1426
full,Latest,candidates,relative,202608,1.3415458450731177,0.9054767587780155,0.43606908629510216,1.48159058978344,1517,40284,1427
full,Latest,routes,relative,202607,0.4925352224544038,0.332507141609651,0.16002808084475276,1.481277124064357,649,14793,1428
full,Latest,exclusion,relative,202608,0.9305497489344943,0.6283537581084158,0.30219599082607845,1.4809328931775685,1143,27955,1429
full,Latest,synthesis,relative,202608,4.250750323959853,2.8728050606359687,1.3779452633238833,1.4796515023608459,4449,127809,1430
full,Latest,unchanged,relative,202608,0.5808308866423519,0.3926789538241468,0.18815193281820516,1.4791495214751569,703,17470,1431
full,Latest,reference,relative,202608,3.3600043458357236,2.272075941007798,1.0879284048279259,1.4788257228521007,4058,101083,1432
full,Latest,decisions,relative,202605,1.404128550862143,0.950588759941442,0.453539790920701,1.4771146157341897,1940,42291,1433
full,Latest,rare,relative,202607,4.812618775759558,3.2593252260601266,1.5532935496994318,1.4765690570796624,5825,145005,1434
full,Latest,weakly,relative,202608,0.3436953787863414,0.23291009270325178,0.1107852860830896,1.4756568717021634,386,10362,1435
full,Latest,fragmentation,relative,202606,0.43602707449379996,0.29573422984912995,0.14029284464467,1.474388252980526,604,13157,1436
full,Latest,mimic,relative,202607,0.7644445284739745,0.5186194334049535,0.24582509506902092,1.4739990043471305,995,23073,1437
full,Latest,hallmark,relative,202602,0.4010035086139628,0.27249267070464406,0.12851083790931875,1.4716120898848402,484,12123,1438
full,Latest,single,relative,202608,12.047007274021917,8.192312438482357,3.85469483553956,1.4705258575628313,14100,364470,1439
full,Latest,transfer,relative,202608,3.256453199046102,2.216511981428331,1.0399412176177707,1.469179154604717,3502,98611,1440
full,Latest,intermediate,relative,202608,1.6739458921252233,1.139420808657908,0.5345250834673153,1.4691199944794036,1860,50692,1441
full,Latest,motivation,relative,202608,0.6404003267107742,0.43626249655253946,0.20413783015823467,1.4679243156846744,757,19409,1442
full,Latest,ordered,relative,202608,0.4674065012829761,0.3192455169527394,0.14816098433023672,1.4640973058743696,494,14203,1443
full,Latest,internal,relative,202608,2.7877335742680964,1.905965191157329,0.8817683831107676,1.4626361421508152,3269,84795,1444
full,Latest,modifying,relative,202608,0.6788510765949163,0.46480870555979,0.2140423710351263,1.4604956156691287,784,20679,1445
full,Latest,design,relative,202608,11.02693808124849,7.5517759675535245,3.4751621136949655,1.4601781261290223,12901,335973,1446
full,Latest,programming,relative,202607,0.3430634804924336,0.23497800705653288,0.10808547343590072,1.4599812330942812,470,10454,1447
full,Latest,specified,relative,202608,0.4220118096411292,0.28905846286082015,0.13295334678030904,1.4599531370383203,532,12860,1448
full,Latest,uncontrolled,relative,202608,0.3789315414748523,0.259568205996637,0.11936333547821529,1.4598534516964754,443,11548,1449
full,Latest,closure,relative,202608,0.6771057035754701,0.4641568629919079,0.21294884058356217,1.4587863663394216,752,20650,1450
full,Latest,documented,relative,202608,1.6802671888260814,1.1527498653046004,0.5275173235214808,1.4576164694515845,2031,51285,1451
full,Latest,weak,relative,202607,1.2460435851807403,0.8551050624116784,0.39093852276906194,1.4571818598132098,1749,38043,1452
full,Latest,interpersonal,relative,202607,0.3661126947884297,0.2512740712535854,0.11483862353484434,1.4570253626326186,535,11179,1453
full,Latest,requirements,relative,202608,1.2623959241281302,0.8665460233445055,0.3958499007836248,1.4568134757064717,1468,38552,1454
full,Latest,together,relative,202608,5.0694594164453415,3.481198949769236,1.5882604666761058,1.4562394995498287,5709,154876,1455
full,Latest,although,relative,202608,11.59437909097883,7.963358355846252,3.6310207351325783,1.4559660099268152,13882,354284,1456
full,Latest,irregular,relative,202605,0.33029766178611325,0.2268636909528972,0.10343397083321602,1.4559300362202587,437,10093,1457
full,Latest,grading,relative,202608,0.46780958870917283,0.3214482952855824,0.14636129342359047,1.4553183064590827,606,14301,1458
full,Latest,reflected,relative,202608,0.7992118045210569,0.5492335567654852,0.2499782477555717,1.4551401579097412,983,24435,1459
full,Latest,failures,relative,202608,0.33030725438605113,0.22702103226238593,0.10328622212366517,1.454963230033635,395,10100,1460
full,Latest,output,relative,202608,1.164356106731797,0.8005525826789246,0.3638035240528723,1.454440510122971,1327,35616,1461
full,Latest,fixed,relative,202608,1.4641779206106555,1.0067596074289376,0.4574183131817181,1.4543471051146688,1729,44790,1462
full,Latest,administrative,relative,202608,0.45917953360745034,0.31634594139216043,0.1428335922152899,1.4515107467056934,568,14074,1463
full,Latest,text,relative,202606,1.0257262458591423,0.7067546848936832,0.3189715609654591,1.451318636838526,1556,31443,1464
full,Latest,overcome,relative,202602,1.6297178073519405,1.1230348351411477,0.5066829722107927,1.4511729791063077,1955,49963,1465
full,Latest,conditions,relative,202608,11.352400167184419,7.825302595434809,3.52709757174961,1.4507298636358519,12767,348142,1466
full,Latest,collective,relative,202607,0.4200086712998526,0.28986764673819104,0.13014102456166157,1.4489670579870033,540,12896,1467
full,Latest,scope,relative,202601,0.7804422705568119,0.5387815983494448,0.24166067220736698,1.4485317853239483,913,23970,1468
full,Latest,apparent,relative,202608,1.1394329617228827,0.7873583900117939,0.35207457171108886,1.4471592303802276,1335,35029,1469
full,Latest,delivery,relative,202608,3.8890860828492344,2.687951499316577,1.2011345835326575,1.446858726371384,4442,119585,1470
full,Latest,tuned,relative,202608,0.39831443611854894,0.2753472916053692,0.12296714451317976,1.4465892647653773,436,12250,1471
full,Latest,policy,relative,202606,1.8157338400499774,1.2561006283088032,0.5596332117411742,1.4455321485625374,2628,55883,1472
full,Latest,continued,relative,202608,1.28006872223171,0.8872925988670977,0.3927761233646123,1.4426680937788865,1539,39475,1473
full,Latest,involvement,relative,202607,2.610117275138302,1.8100094696990987,0.8001078054392035,1.4420461985606163,3644,80526,1474
full,Latest,modification,relative,202608,1.8924491574331441,1.3127434997247653,0.5797056577083789,1.441598574153993,2000,58403,1475
full,Latest,triggered,relative,202608,1.0770592006876039,0.7473936974016432,0.32966550328596067,1.4410868119868572,1162,33251,1476
full,Latest,updated,relative,202604,0.6947180089043787,0.48216120426341,0.21255680464096874,1.4408417822949657,915,21451,1477
full,Latest,disturbance,relative,202608,0.48766570222202704,0.33846363404029783,0.1492020681817292,1.4408215630160286,564,15058,1478
full,Latest,derive,relative,202607,0.5374644603243861,0.37352826872636935,0.16393619159801673,1.4388856355022204,744,16618,1479
full,Latest,nationwide,relative,202608,0.6323229269180928,0.439589141381731,0.1927337855363617,1.4384407333869862,778,19557,1480
full,Latest,multilevel,relative,202607,0.4148739769769472,0.28849652961264594,0.1263774473643013,1.4380553469186745,609,12835,1481
full,Latest,corrected,relative,202608,0.8905439854799913,0.6201720100149992,0.27037197546499203,1.435962879812091,1134,27591,1482
full,Latest,suggestive,relative,202606,0.4537404990263054,0.31648080537172224,0.13725969365458315,1.4337062195394912,618,14080,1483
full,Latest,nested,relative,202608,0.333874060521125,0.23306743401274063,0.10080662650838434,1.4325212869631274,423,10369,1484
full,Latest,distress,relative,202608,1.113197494177142,0.7773110235344388,0.33588647064270327,1.4321133503490342,1333,34582,1485
full,Latest,exclusively,relative,202608,0.6625987980469198,0.4636848390634416,0.19891395898347816,1.4289852551255458,797,20629,1486
full,Latest,priority,relative,202608,0.6614103500593655,0.46354997508387985,0.1978603749754857,1.426837203345082,799,20623,1487
full,Latest,harm,relative,202512,0.5435203443156711,0.380990742262123,0.1625296020535482,1.426597247714033,714,16950,1488
full,Latest,simultaneously,relative,202608,1.9920288659658618,1.398044966797612,0.5939838991682498,1.4248675209130364,2183,62198,1489
full,Latest,resolution,relative,202605,3.144079684955166,2.206779297569953,0.9373003873852127,1.4247368046353086,4026,98178,1490
full,Latest,powerful,relative,202601,1.2285771234091798,0.8629496505561906,0.36562747285298935,1.423695023941819,1513,38392,1491
full,Latest,marginal,relative,202606,0.4141122596218464,0.2909915132345395,0.12312074638730691,1.4231076879828843,618,12946,1492
full,Latest,propose,relative,202608,3.2597590592092516,2.2921706739625085,0.9675883852467433,1.4221275475853024,3455,101977,1493
full,Latest,shape,relative,202608,1.8298165852335846,1.2880409141350264,0.5417756710985582,1.4206199237563686,2043,57304,1494
full,Latest,strongly,relative,202607,3.034921995216433,2.1369647108167884,0.8979572843996447,1.4202022054245476,4373,95072,1495
full,Latest,dependence,relative,202608,1.0384271886859455,0.7334352755169956,0.30499191316895,1.4158402565979151,1199,32630,1496
full,Latest,category,relative,202608,0.8598783368127189,0.6074273639464077,0.2524509728663112,1.4156068492307576,1076,27024,1497
full,Latest,categories,relative,202608,1.543454997881176,1.0910720719849978,0.45238292589617823,1.414622404433058,1916,48541,1498
full,Latest,skill,relative,202606,0.3591099791847346,0.25390391885504077,0.1052060603296938,1.4143538264557398,516,11296,1499
full,Latest,reconstructed,relative,202608,0.4750192124909223,0.336103514397966,0.1389156980929563,1.4133122450141122,561,14953,1500
full,Latest,path,relative,202512,0.7596552344980011,0.5375228678735345,0.22213236662446662,1.4132519375468295,957,23914,1501
full,Latest,contrast,relative,202606,4.978998050104413,3.523343943382303,1.4556541067221096,1.4131456168099008,7246,156751,1502
full,Latest,independent,relative,202608,6.5058637123520935,4.604166352920604,1.9016973594314894,1.413038368656069,8069,204836,1503
full,Latest,adopt,relative,202508,0.40125703368654825,0.2840010636272522,0.11725597005929606,1.4128715877388158,494,12635,1504
full,Latest,altered,relative,202608,2.460738898115826,1.7427123438977534,0.7180265542180726,1.4120166800518168,2853,77532,1505
full,Latest,acts,relative,202607,0.8892667402624679,0.6301519445025733,0.25911479575989455,1.4111941540772892,1167,28035,1506
full,Latest,rule,relative,202608,0.4957482020767629,0.35143305340815895,0.14431514866860398,1.4106476248293995,587,15635,1507
full,Latest,discrete,relative,202606,0.568395439673528,0.4029735709306986,0.16542186874282946,1.4105030222224622,766,17928,1508
full,Latest,losses,relative,202601,0.6942318672813401,0.49232095739039994,0.2019109098909402,1.410120485142844,910,21903,1509
full,Latest,intended,relative,202608,0.7063219391930938,0.5009072974225021,0.20541464177059174,1.41008514515078,846,22285,1510
full,Latest,earlier,relative,202608,1.454291992132786,1.0326984461646598,0.42159354596812604,1.4082445824663365,1739,45944,1511
full,Latest,initiated,relative,202607,1.0675207076880264,0.7585424530454198,0.3089782546426067,1.4073315256148304,1501,33747,1512
full,Latest,rationale,relative,202608,0.7946053318967012,0.5649901650442904,0.22961516685241082,1.4064055997052816,946,25136,1513
full,Latest,emotion,relative,202608,0.4308579502176119,0.3064559162242941,0.12440203399331785,1.4059377789994056,494,13634,1514
full,Latest,relevant,relative,202608,5.6010207938816,3.9862195985683746,1.614801195313225,1.405095894840608,6668,177344,1515
full,Latest,slope,relative,202608,0.43873387085293475,0.3123674539950869,0.12636641685784783,1.4045441202073357,547,13897,1516
full,Latest,agency,relative,202607,0.3984390910280838,0.28377629032798246,0.11466280070010129,1.404060538558653,576,12625,1517
full,Latest,claims,relative,202608,0.48392247478937667,0.34471233175999516,0.13921014302938148,1.40384439488607,586,15336,1518
full,Latest,features,relative,202605,6.543821302790239,4.665934055559913,1.8778872472303267,1.402467592741188,8634,207584,1519
full,Latest,generalized,relative,202608,1.151619412994124,0.8212542035416631,0.33036520945246073,1.4022691245022054,1406,36537,1520
full,Latest,constituents,relative,202608,0.42805472708959774,0.3053994817177265,0.12265524537187125,1.4016223101689431,495,13587,1521
full,Latest,demand,relative,202602,1.279220318161052,0.9128268456641341,0.3663934724969179,1.401383322847331,1566,40611,1522
full,Latest,potent,relative,202602,1.7194910730128052,1.2273071686723562,0.4921839043404489,1.4010274826903117,2022,54602,1523
full,Latest,explaining,relative,202606,0.4107533611019249,0.2936438381659219,0.11710952293600302,1.3988148488572436,586,13064,1524
full,Latest,parallel,relative,202608,1.462307488267514,1.0455779562128127,0.4167295320547012,1.3985638082540848,1737,46517,1525
full,Latest,synthetic,relative,202608,1.9368124164587743,1.385053070099824,0.5517593463589503,1.3983669350079009,1977,61620,1526
full,Latest,subset,relative,202608,1.245983675014786,0.8912486089342442,0.35473506608054167,1.3980203307186467,1500,39651,1527
full,Latest,characteristic,relative,202607,2.589009043661886,1.851952167342822,0.737056876319064,1.3979891539945073,3917,82392,1528
full,Latest,acceptable,relative,202606,1.2760820549023482,0.9128043683342071,0.3632776865681411,1.3979797853411822,1971,40610,1529
full,Latest,decomposition,relative,202606,0.5603342772234682,0.40106299788690614,0.1592712793365621,1.3971228464747931,755,17843,1530
full,Latest,narrow,relative,202605,0.6117728455080778,0.4380157282868431,0.17375711722123463,1.3966915021541109,793,19487,1531
full,Latest,synthesized,relative,202608,2.659054337662644,1.9072014443033112,0.7518528933593328,1.3942178712191464,2875,84850,1532
full,Latest,worsening,relative,202508,0.5144339436783978,0.3693250080300261,0.14510893564837163,1.3929030866942385,631,16431,1533
full,Latest,initiation,relative,202607,1.6068358678405674,1.153626481171752,0.4532093866688153,1.3928562615938611,2273,51324,1534
full,Latest,specific,relative,202608,15.782122154533793,11.344510710110553,4.43761144442324,1.3911681656281847,18519,504709,1535
full,Latest,potency,relative,202608,0.5213907009088652,0.37512415915118413,0.14626654175768106,1.3899150139746987,561,16689,1536
full,Latest,contribution,relative,202608,1.9661194536326,1.4174429025245865,0.5486765511080136,1.3870889967636608,2386,63061,1537
full,Latest,subsets,relative,202608,0.48055171457585777,0.3465779501439336,0.13397376443192413,1.3865617081995116,574,15419,1538
full,Latest,accumulating,relative,202607,0.39577644585898336,0.28555199939221304,0.11022444646677032,1.386004814189286,539,12704,1539
full,Latest,aggregate,relative,202608,0.37682052345080425,0.2720431241061047,0.10477739934469954,1.385149963591189,447,12103,1540
full,Latest,depends,relative,202607,1.2547332244971712,0.9060386920261898,0.3486945324709815,1.3848561165651656,1721,40309,1541
full,Latest,closed,relative,202608,0.8368857176843494,0.6049099029945871,0.23197581468976217,1.3834882079816735,953,26912,1542
full,Latest,remote,relative,202304,0.6844230359676762,0.49472603169258567,0.18969700427509048,1.3834384934750412,704,22010,1543
full,Latest,variant,relative,202607,1.4106408968341793,1.0198189361165062,0.390821960717673,1.3832268129928358,1857,45371,1544
full,Latest,distinguish,relative,202608,0.8699911768900529,0.6292303739755676,0.24076080291448534,1.3826274332456714,1014,27994,1545
full,Latest,variants,relative,202606,1.97566547667909,1.4294457967055874,0.5462196799735025,1.3821198965587664,2661,63595,1546
full,Latest,availability,relative,202608,1.8293204063847868,1.3248363032254744,0.5044841031593126,1.3807897639361821,2139,58941,1547
full,Latest,searched,relative,202608,2.005556632167996,1.4560814326690457,0.5494751994989503,1.377365707144376,2601,64780,1548
full,Latest,protocol,relative,202608,2.7759974352381955,2.0200825951965498,0.7559148400416456,1.3741999667929898,3156,89872,1549
full,Latest,composition,relative,202608,3.3931017217685815,2.4708429695519847,0.9222587522165968,1.3732567239527251,3954,109926,1550
full,Latest,homogeneous,relative,202608,0.5493946432908553,0.4005909739584399,0.1488036693324154,1.3714603648255272,611,17822,1551
full,Latest,avoidance,relative,202607,0.4627582107589307,0.3378567461322696,0.12490146462666106,1.3696876444129449,648,15031,1552
full,Latest,occurred,relative,202608,3.707091767646093,2.70750677635304,0.9995849912930531,1.3691902085059506,4579,120455,1553
full,Latest,next,relative,202601,2.396782841471497,1.7528046650349622,0.6439781764365348,1.3673987120656652,3071,77981,1554
full,Latest,signature,relative,202607,0.6411840986361699,0.4695289448444535,0.17165515379171642,1.3655901423682892,938,20889,1555
full,Latest,associated,relative,202608,30.548458473517726,22.377980128691703,8.170478344826021,1.365112413981918,36418,995580,1556
full,Latest,produces,relative,202608,0.6614480527022639,0.4846786652152307,0.1767693874870333,1.364714604073888,722,21563,1557
full,Latest,errors,relative,202605,0.9665945038030178,0.7087551672571836,0.25783933654583424,1.363791826088053,1306,31532,1558
full,Latest,directly,relative,202608,3.4988493285688733,2.5657647338335736,0.9330845947352996,1.3636672460382424,3965,114149,1559
full,Latest,intermittent,relative,202606,0.43734273147946556,0.32126847664616665,0.11607425483329895,1.361299857505593,617,14293,1560
full,Latest,deficits,relative,202602,1.0854846847798103,0.7977204391081268,0.28776424567168357,1.3607331987048144,1365,35490,1561
full,Latest,regarded,relative,202608,0.5922834643848612,0.43540835801531474,0.1568751063695465,1.3602942007926009,710,19371,1562
full,Latest,standing,relative,202608,0.5572303779508297,0.4096942925788623,0.1475360853719674,1.360112620664756,619,18227,1563
full,Latest,propagation,relative,202608,0.5148349443705562,0.3786755772796453,0.1361593670909109,1.3595673321978186,562,16847,1564
full,Latest,presentation,relative,202604,2.4842413186914754,1.8309358638611068,0.6533054548303684,1.3568150407260402,3178,81457,1565
full,Latest,full,relative,202608,3.360990515628907,2.4778334191592712,0.8831570964696355,1.3564231112716572,3971,110237,1566
full,Latest,equation,relative,202607,0.9317863590470385,0.6876939091156138,0.24409244993142476,1.3549434518699341,1306,30595,1567
full,Latest,read,relative,202607,0.4418803605701144,0.3269327637877627,0.11494759678235171,1.3515939958130752,612,14545,1568
full,Latest,frequent,relative,202606,2.4784690534924665,1.8357684897954043,0.6427005636970622,1.3500989189375894,3677,81672,1569
full,Latest,she,relative,202607,0.7950793126099521,0.5893780680150518,0.2057012445949003,1.349014080703198,937,26221,1570
full,Latest,completion,relative,202608,0.7305384087850179,0.5424004484676868,0.18813796031733107,1.3468617344414664,913,24131,1571
full,Latest,locally,relative,202607,0.7343648446398948,0.5453674560180466,0.18899738862184828,1.3465505441079972,1037,24263,1572
full,Latest,weakness,relative,202607,0.39682825022813323,0.2947002726724894,0.1021279775556438,1.3465486361091432,535,13111,1573
full,Latest,primary,relative,202608,11.278561527992164,8.380447689971088,2.8981138380210743,1.3458184986333435,13870,372840,1574
full,Latest,yield,relative,202602,2.324377060974763,1.7283043754145664,0.5960726855601968,1.3448887210143279,2799,76891,1575
full,Latest,exposures,relative,202608,0.7128991353970898,0.5311617835042023,0.18173735189288753,1.3421506545405477,893,23631,1576
full,Latest,overall,relative,202608,11.854668630123907,8.840513678916286,3.0141549512076207,1.3409479426965958,14443,393308,1577
full,Latest,coping,relative,202608,0.46362680448124965,0.3466004274738606,0.11702637700738905,1.3376406020624851,550,15420,1578
full,Latest,processing,relative,202608,2.8220704382712998,2.110531370822673,0.7115390674486272,1.3371374040136979,3168,93896,1579
full,Latest,review,relative,202608,14.229145933132168,10.64724145844605,3.5819044746861177,1.3364161965017456,15803,473688,1580
full,Latest,among,relative,202608,18.634699127034548,13.94423868946377,4.690460437570779,1.3363726440737764,22672,620369,1581
full,Latest,visible,relative,202608,1.0887017423517462,0.8154100977606512,0.27329164459109506,1.3351585237190855,1153,36277,1582
full,Latest,depend,relative,202608,0.7532602202711681,0.5645181411158242,0.1887420791553439,1.3343419199643027,872,25115,1583
full,Latest,identify,relative,202607,10.498605065860161,7.869560458061012,2.6290446077991496,1.334077693641218,15430,350111,1584
full,Latest,codes,relative,202605,0.4947535497890992,0.3711681490840376,0.12358540070506155,1.3329633779462045,698,16513,1585
full,Latest,criterion,relative,202608,0.5433760310058944,0.40814335681390146,0.13523267419199292,1.3313362129612074,676,18158,1586
full,Latest,modelling,relative,202606,0.73449223557104,0.5518634043669406,0.18262883120409942,1.330931222760818,1062,24552,1587
full,Latest,limit,relative,202608,2.3204500085422177,1.748061948420372,0.5723880601218457,1.3274415192431146,2592,77770,1588
full,Latest,theory,relative,202608,2.5723840185395863,1.9389394341601918,0.6334445843793945,1.3266964265202832,2765,86262,1589
full,Latest,selected,relative,202608,5.436300690241098,4.1008539811959155,1.335446709045183,1.3256508803212086,6698,182444,1590
full,Latest,finite,relative,202607,0.5833909918630559,0.4407130078780794,0.14267798398497647,1.3237435279524299,764,19607,1591
full,Latest,exert,relative,202604,0.6468266657786308,0.48870210727215807,0.15812455850647278,1.3235602141948883,854,21742,1592
full,Latest,producing,relative,202608,1.3860531598232535,1.0480279851748524,0.3380251746484011,1.3225344928093739,1551,46626,1593
full,Latest,screened,relative,202608,1.6486484829302124,1.2466826270694036,0.40196585586080874,1.322428376824113,2092,55464,1594
full,Latest,triple,relative,202604,0.6862479082127484,0.5191139346633469,0.16713397354940154,1.3219600985240176,905,23095,1595
full,Latest,implicated,relative,202602,1.3202471804915308,0.9988251099647174,0.32142207052681343,1.3218001503167731,1623,44437,1596
full,Latest,compliance,relative,202509,0.7189029662576364,0.5440862482122095,0.1748167180454269,1.3213033202361757,914,24206,1597
full,Latest,cannot,relative,202608,1.5317889402435452,1.1608417040783092,0.3709472361652361,1.319550232268544,1840,51645,1598
full,Latest,derivatives,relative,202608,1.2129922545005418,0.9196374766320058,0.2933547778685359,1.3189895859212817,1132,40914,1599
full,Latest,compression,relative,202607,0.6495392085692935,0.4924558213699618,0.15708338719933168,1.3189796533673654,869,21909,1600
full,Latest,electronic,relative,202608,2.942760361889144,2.2321786803874284,0.7105816815017155,1.3183354844059272,3294,99308,1601
full,Latest,local,relative,202607,4.361647057295725,3.31410247909215,1.0475445782035755,1.316086960138461,6095,147442,1602
full,Latest,protective,relative,202606,2.4412493150163526,1.8560655187194575,0.5851837962968953,1.3152818639185901,3541,82575,1603
full,Latest,error,relative,202605,1.5793652008686518,1.201008692657803,0.37835650821084893,1.3150322812181776,2143,53432,1604
full,Latest,capable,relative,202603,1.4424805409313366,1.0983322495514087,0.34414829137992803,1.3133371450401172,1895,48864,1605
full,Latest,dissemination,relative,202605,0.639846164974312,0.48726355815683203,0.15258260681747993,1.3131418392843761,905,21678,1606
full,Latest,observations,relative,202608,1.6205203277710911,1.235264143466503,0.3852561843045881,1.311881621710033,1900,54956,1607
full,Latest,generate,relative,202608,1.8662187900387845,1.42268012039757,0.44353866964121424,1.3117627520635256,2092,63294,1608
full,Latest,complete,relative,202608,4.329000400761342,3.3030885874279354,1.0259118133334064,1.310591673877045,4934,146952,1609
full,Latest,extension,relative,202608,0.9633893511312667,0.7361325551082318,0.2272567960230349,1.308717220079503,1130,32750,1610
full,Latest,consensus,relative,202608,1.2994711717292278,0.9933406414625368,0.3061305302666909,1.3081828302282712,1579,44193,1611
full,Latest,mid,relative,202604,0.8900727516286785,0.6804337315492028,0.20963902007947569,1.3080961603743133,1216,30272,1612
full,Latest,trace,relative,202607,0.5219934419544061,0.39906251552340605,0.12293092643100006,1.3080492946569167,691,17754,1613
full,Latest,greatest,relative,202608,0.919173381524441,0.7033156534148572,0.21585772810958367,1.306914437438602,1142,31290,1614
full,Latest,protection,relative,202608,1.7915804952185188,1.3711396028750302,0.4204408923434886,1.3066360941379713,2039,61001,1615
full,Latest,intensive,relative,202607,1.9902328080213891,1.5252216995244023,0.4650111084969868,1.3048809944429636,2935,67856,1616
full,Latest,varies,relative,202606,0.65544436234531,0.5032674170648339,0.15217694528047607,1.3023779011325738,960,22390,1617
full,Latest,states,relative,202608,3.9608578334945475,3.048465394015231,0.9123924394793161,1.299295652583274,4414,135624,1618
full,Latest,practice,relative,202608,5.0672213686651775,3.9029186138590264,1.1643027548061513,1.298315919443409,6033,173638,1619
full,Latest,long,relative,202603,10.025399953048316,7.731437265659788,2.293962687388529,1.2967058528143882,13587,343966,1620
full,Latest,nearly,relative,202603,1.3668558158729818,1.0566817571967355,0.31017405867624637,1.2935359265585367,1869,47011,1621
full,Latest,academic,relative,202607,1.318824973278291,1.020111141405557,0.29871383187273415,1.2928247910920296,1985,45384,1622
full,Latest,intention,relative,202608,0.4997832368919318,0.3869472346927697,0.11283600219916214,1.2916056559720661,633,17215,1623
full,Latest,identical,relative,202608,0.6945364726288039,0.5378825051523659,0.15665396747643803,1.2912419831019837,816,23930,1624
full,Latest,subjective,relative,202608,0.9510439577194959,0.7366944883564059,0.21434946936308993,1.2909611416278028,1168,32775,1625
full,Latest,panel,relative,202608,1.1873806528131663,0.92094116176777,0.26643949104539644,1.2893121755291719,1428,40972,1626
full,Latest,suffer,relative,202608,0.5871867133369004,0.45545813631017107,0.1317285770267294,1.2892221403572008,625,20263,1627
full,Latest,prior,relative,202606,3.961681663242062,3.0735276168838017,0.8881540463582607,1.2889689493855094,5853,136739,1628
full,Latest,progress,relative,202601,1.7214480976816902,1.335805240229835,0.3856428574518553,1.288696919159789,2176,59429,1629
full,Latest,fully,relative,202608,2.834746828855154,2.2002383945612056,0.634508434293948,1.2883816753050017,3317,97887,1630
full,Latest,immediate,relative,202607,1.0312087453558376,0.8004401960292898,0.23076854932654772,1.2883020498861897,1504,35611,1631
full,Latest,estimation,relative,202606,1.1454363250920254,0.8896077638495753,0.25582856124245,1.287574559978445,1646,39578,1632
full,Latest,based,relative,202606,29.75667800673386,23.165316041373572,6.591361965360287,1.2845358100700213,42263,1030608,1633
full,Latest,coherence,relative,202607,0.6379841307886274,0.49683890070572073,0.1411452300829066,1.284086511507897,898,22104,1634
full,Latest,classes,relative,202608,1.0061581506963262,0.7839643131928216,0.2221938375035046,1.2834234081377816,1177,34878,1635
full,Latest,followed,relative,202607,6.527247184524559,5.0919693669956825,1.4352778175288767,1.2818708664729666,9715,226538,1636
full,Latest,larger,relative,202607,3.331541383879551,2.6047853785867914,0.7267560052927592,1.2790080178072314,5106,115885,1637
full,Latest,space,relative,202608,1.9648857682145522,1.5362805458484707,0.42860522236608156,1.2789889018150442,2133,68348,1638
full,Latest,widely,relative,202605,3.909489175678231,3.060917834794772,0.8485713408834593,1.2772277423579892,5292,136178,1639
full,Latest,promoted,relative,202608,1.855262299474792,1.4527772651697815,0.4024850343050106,1.277045245650904,2048,64633,1640
full,Latest,mild,relative,202608,2.331909988703544,1.8319922983676735,0.49991769033587014,1.2728819825177773,2552,81504,1641
full,Latest,domain,relative,202608,2.666029793096418,2.0983711353321826,0.5676586577642355,1.2705234780473533,3049,93355,1642
full,Latest,recordings,relative,202507,0.4815949052911046,0.3791251238781846,0.10246978141292,1.2702795857070244,676,16867,1643
full,Latest,safe,relative,202602,2.9381936101219264,2.3156594837361912,0.6225341263857351,1.2688366449203965,3669,103022,1644
full,Latest,reached,relative,202608,1.3916375279592934,1.0985120681908247,0.29312545976846877,1.2668386340545412,1699,48872,1645
full,Latest,criteria,relative,202607,4.557074149608166,3.617276705147106,0.9397974444610602,1.2598080050452876,7112,160930,1646
full,Latest,greater,relative,202608,6.367166342351668,5.0545446126672795,1.3126217296843892,1.2596913926518338,7885,224873,1647
full,Latest,concept,relative,202608,1.6402859435982564,1.3032805438255115,0.3370053997727451,1.2585823914654133,1878,57982,1648
full,Latest,precursor,relative,202608,0.7923410617879262,0.6296124885843261,0.16272857320360012,1.2584582995955065,828,28011,1649
full,Latest,readily,relative,202608,0.7649805974547379,0.608011774524509,0.15696882293022885,1.2581674064667334,765,27050,1650
full,Latest,agreement,relative,202608,1.7106206701456814,1.3599234152414728,0.35069725490420867,1.2578801504362196,2110,60502,1651
full,Latest,trigger,relative,202608,0.7327595878725234,0.5828821196661578,0.1498774682063657,1.2571316963577595,796,25932,1652
full,Latest,generally,relative,202608,2.4307751032724085,1.937208679755816,0.49356642351659274,1.2547822692900625,2935,86185,1653
full,Latest,multiple,relative,202605,9.587345806386436,7.6410109673635915,1.9463348390228439,1.25472216272638,12908,339943,1654
full,Latest,exchange,relative,202608,1.1268252582598461,0.8985312638305822,0.228293994429264,1.2540746255795376,1215,39975,1655
full,Latest,input,relative,202608,1.0795834791745669,0.8608817362029092,0.2187017429716576,1.2540438875335946,1260,38300,1656
full,Latest,world,relative,202605,3.4204771094654065,2.7352887561427734,0.6851883533226331,1.2504994588903535,4723,121691,1657
full,Latest,component,relative,202608,3.0682671761284817,2.45737904892573,0.6108881272027512,1.2485933651423484,3573,109327,1658
full,Latest,isolate,relative,202608,0.6127336481567218,0.4928154586487933,0.11991818950792855,1.2433328488451265,705,21925,1659
full,Latest,cyclic,relative,202608,0.6870157692396008,0.5528748842136544,0.13414088502594648,1.2426243058892665,708,24597,1660
full,Latest,soft,relative,202608,1.256301868035673,1.011592233363236,0.24470963467243706,1.2419054106997758,1378,45005,1661
full,Latest,numerical,relative,202606,0.901198003719257,0.7258604153316068,0.17533758838765012,1.2415582730290475,1200,32293,1662
full,Latest,assigned,relative,202608,1.6945579824517782,1.3652505424341643,0.32930744001761386,1.2412065989224785,2149,60739,1663
full,Latest,variable,relative,202607,2.354088881037387,1.8966146219077094,0.45747425912967754,1.24120570085531,3468,84379,1664
full,Latest,routinely,relative,202608,0.597549878888705,0.48184652164443253,0.11570335724427253,1.240124919547833,750,21437,1665
full,Latest,severity,relative,202606,3.3216768048853123,2.683748238620234,0.6379285662650787,1.2377005998867652,4987,119398,1666
full,Latest,positions,relative,202608,0.7153688636811624,0.5790384962486461,0.13633036743251623,1.2354426662747728,796,25761,1667
full,Latest,major,relative,202608,8.455470567481637,6.846774514394147,1.6086960530874896,1.2349567741285312,9897,304608,1668
full,Latest,differential,relative,202604,2.3100373852221363,1.8710129431208917,0.4390244421012445,1.234645326060087,3025,83240,1669
full,Latest,identification,relative,202604,3.61031726396502,2.925941468583324,0.6843757953816958,1.233899345810583,4812,130173,1670
full,Latest,root,relative,202507,1.350452790730435,1.0949606500623634,0.25549214066807135,1.233334540975075,1916,48714,1671
full,Latest,base,relative,202608,1.4700498361481291,1.1955916561454032,0.27445818000272576,1.2295584605262142,1691,53191,1672
full,Latest,subsequent,relative,202608,3.0359773567150077,2.475181094227889,0.5607962624871187,1.226567770655203,3465,110119,1673
full,Latest,lacking,relative,202602,1.4066598780701545,1.15245766001555,0.25420221805460447,1.2205740192235561,1765,51272,1674
full,Latest,delivered,relative,202608,1.1010844912809008,0.9023748872480938,0.19870960403280696,1.2202073737211339,1336,40146,1675
full,Latest,clusters,relative,202602,1.0555741933242886,0.8656244528174996,0.18994974050678906,1.2194366620403645,1322,38511,1676
full,Latest,active,relative,202608,5.302589368948249,4.351745937840743,0.9508434311075058,1.2184969997534592,5935,193606,1677
full,Latest,vary,relative,202607,1.033318747192432,0.8488338873620539,0.1844848598303783,1.2173391785802843,1511,37764,1678
full,Latest,evaluate,relative,202606,10.208677347039629,8.39600200228055,1.8126753447590793,1.2158974407422383,15632,373532,1679
full,Latest,seeking,relative,202606,0.6795434728586328,0.5608543363377283,0.11868913652090451,1.2116220359388177,1014,24952,1680
full,Latest,scales,relative,202608,1.0884052311291368,0.8983064905313125,0.19009874059782422,1.2116190215717892,1251,39965,1681
full,Latest,orientation,relative,202608,0.71572375245156,0.5907941398004507,0.12492961265110929,1.2114604804531508,803,26284,1682
full,Latest,simultaneous,relative,202608,1.0760984486336076,0.8887761026422775,0.1873223459913302,1.2107643819792546,1187,39541,1683
full,Latest,median,relative,202608,5.310801061650626,4.391463379821697,0.9193376818289294,1.2093465440365931,6722,195373,1684
full,Latest,joint,relative,202608,1.6214586119906431,1.3407727301436954,0.28068588184694787,1.2093463534396809,1918,59650,1685
full,Latest,experimentally,relative,202608,0.9464469126331804,0.7827505373767653,0.16369637525641517,1.209129687480013,1036,34824,1686
full,Latest,free,relative,202608,6.268584401828573,5.185587446141507,1.0829969556870656,1.2088474964380174,7071,230703,1687
full,Latest,person,relative,202608,1.1729233034512379,0.9716050634231582,0.20131824002807952,1.207201719718087,1427,43226,1688
full,Latest,trait,relative,202607,0.7004590235630944,0.5803646587143373,0.12009436484875713,1.2069291488472063,1021,25820,1689
full,Latest,basis,relative,202608,3.13446794352465,2.5999752299824213,0.5344927135422287,1.205576079102047,3577,115671,1690
full,Latest,session,relative,202607,0.6469498849932648,0.5372306625844837,0.10971922240878111,1.2042311246363882,1010,23901,1691
full,Latest,failure,relative,202608,3.6287539683897307,3.0244596056532287,0.6042943627365019,1.1998024247396042,4253,134556,1692
full,Latest,score,relative,202608,5.856295306850002,4.8833347906135565,0.9729605162364451,1.199241001888015,7516,217256,1693
full,Latest,nodes,relative,202607,0.7424132404188183,0.6196550314266788,0.12275820899213954,1.1981073383839134,1056,27568,1694
full,Latest,index,relative,202606,6.365424791304966,5.31815873805077,1.0472660532541958,1.1969226765950283,9735,236601,1695
full,Latest,improvement,relative,202606,4.3679548189531365,3.649733969561649,0.7182208493914877,1.1967871782933674,6370,162374,1696
full,Latest,principle,relative,202607,0.6153032434869858,0.5145510366881724,0.10075220679881344,1.1958060515187947,802,22892,1697
full,Latest,examined,relative,202608,6.693914367344285,5.60425019336123,1.089664173983055,1.1944353189787755,8071,249329,1698
full,Latest,severe,relative,202607,6.269038566973921,5.248748743236291,1.02028982373763,1.1943872480183795,8816,233513,1699
full,Latest,relative,relative,202608,4.848905139927269,4.061631040473354,0.7872740994539149,1.1938320077842826,5880,180699,1700
full,Latest,association,relative,202608,7.891352883705313,6.628879278082109,1.2624736056232044,1.190450535099874,9692,294914,1701
full,Latest,final,relative,202608,2.3602722520658164,1.983556934065225,0.37671531800059116,1.1899190850189147,2940,88247,1702
full,Latest,memory,relative,202608,1.7002964889753236,1.429310932726026,0.2709855562492975,1.1895917466554777,1915,63589,1703
full,Latest,ranges,relative,202608,0.6654667584489112,0.5600676297902842,0.10539912865862701,1.1881900025146845,786,24917,1704
full,Latest,load,relative,202606,1.1851486291665356,0.9984205180260317,0.18672811114050397,1.1870235114054772,1751,44419,1705
full,Latest,device,relative,202608,2.0093455148448616,1.6930374447591525,0.316308070085709,1.1868287503414943,2242,75322,1706
full,Latest,absence,relative,202608,2.531488148947245,2.1345821138445293,0.3969060351027159,1.18594086052181,2963,94966,1707
full,Latest,remaining,relative,202607,1.2223074196726125,1.0313273290391145,0.19098009063349808,1.1851789293816481,1820,45883,1708
full,Latest,high,relative,202601,27.64301442833715,23.338953415059407,4.304061013277741,1.1844153393142538,36258,1038333,1709
full,Latest,layer,relative,202608,1.9620252387184494,1.658489788661401,0.3035354500570485,1.183019185365041,2168,73785,1710
full,Latest,structure,relative,202608,7.1899407600192795,6.082702638186691,1.1072381218325884,1.1820306182454887,7746,270615,1711
full,Latest,count,relative,202608,1.0963516177613852,0.9285384992830856,0.16781311847829955,1.1807282289402823,1372,41310,1712
full,Latest,processed,relative,202607,0.6771167946795003,0.5740260516749319,0.10309074300456833,1.179592446551447,975,25538,1713
full,Latest,rapidly,relative,202608,1.8731117223753202,1.5880233593403532,0.28508836303496704,1.1795240361913752,2056,70650,1714
full,Latest,completed,relative,202608,3.4170920079772062,2.9009017230446803,0.5161902849325263,1.177941321083691,4273,129059,1715
full,Latest,registry,relative,202603,1.1366952652344968,0.9667949148187867,0.16990035041571008,1.1757356682493056,1674,43012,1716
full,Latest,node,relative,202607,0.9892035055786914,0.8415512324657158,0.1476522731129755,1.1754525065341055,1418,37440,1717
full,Latest,follow,relative,202608,7.112977592373546,6.055932138243671,1.0570454541298742,1.1745471101722809,8719,269424,1718
full,Latest,shorter,relative,202510,1.420818365715551,1.2100895339482982,0.21072883176725293,1.1741431735878947,1960,53836,1719
full,Latest,similarity,relative,202605,0.7807366251499397,0.6675542215010497,0.11318240364889004,1.1695478809112918,1058,29699,1720
full,Latest,distributed,relative,202606,1.4374977267807239,1.2313306107292838,0.20616711605144014,1.1674344114042068,2064,54781,1721
full,Latest,repeat,relative,202607,0.7149316069976464,0.6125521951697567,0.1023794118278896,1.1671358173804556,979,27252,1722
full,Latest,modes,relative,202604,0.7957715771042014,0.6821195312937254,0.11365204581047601,1.1666160263655265,1000,30347,1723
full,Latest,work,relative,202303,8.393748471710726,7.195892402819826,1.1978560688909,1.1664638660274438,9807,320140,1724
full,Latest,commercial,relative,202608,1.3614418021333188,1.1678321536855967,0.19360964844772222,1.1657855093616867,1547,51956,1725
full,Latest,provide,relative,202608,11.66304431350682,10.012773866597497,1.6502704469093243,1.164816510279395,13310,445461,1726
full,Latest,state,relative,202608,5.75691092950973,4.942585032301047,0.8143258972086829,1.164757083972629,6345,219892,1727
full,Latest,combinations,relative,202606,0.8810762020076116,0.7565644480118464,0.1245117539957652,1.1645752114350152,1278,33659,1728
full,Latest,peak,relative,202606,1.6704660326742016,1.434503195939156,0.23596283673504548,1.164490980154675,2418,63820,1729
full,Latest,indicates,relative,202605,1.7957150052292938,1.5430462221564885,0.2526687830728054,1.16374673645206,2421,68649,1730
full,Latest,social,relative,202511,4.108924156181487,3.5382913677837378,0.5706327883977492,1.1612735439464879,5388,157416,1731
full,Latest,examine,relative,202607,4.339728824229161,3.737777670885587,0.6019511533435745,1.1610452002087526,6453,166291,1732
full,Latest,international,relative,202603,2.2946379240686055,1.9779600789134095,0.31667784515519576,1.160103254120863,3270,87998,1733
full,Latest,components,relative,202605,3.397274212284477,2.930976390486965,0.4662978217975122,1.159092998261934,4579,130397,1734
full,Latest,magnitude,relative,202608,1.2564333113371902,1.0848683289251542,0.17156498241203602,1.1581435994006903,1495,48265,1735
full,Latest,related,relative,202607,17.380166632704512,15.00714666705028,2.373019965654233,1.158125992788785,25586,667657,1736
full,Latest,rarely,relative,202608,1.0576412115471288,0.9132988695926008,0.14434234195452797,1.1580450242086857,1145,40632,1737
full,Latest,throughput,relative,202512,0.9731977390651408,0.8413714138263003,0.13182632523884052,1.1566802996542689,1224,37432,1738
full,Latest,generated,relative,202608,3.0526337680532944,2.642817020823223,0.4098167472300712,1.1550681503868987,3496,117577,1739
full,Latest,variation,relative,202606,2.715174600166924,2.351803030258757,0.36337156990816666,1.1545076544391504,3936,104630,1740
full,Latest,perception,relative,202606,1.1372167198656378,0.9851813706990471,0.15203534916659078,1.1543221925306122,1597,43830,1741
full,Latest,plus,relative,202608,1.2325671687183426,1.0696961312244502,0.1628710374938924,1.1522591628965309,1544,47590,1742
full,Latest,target,relative,202608,6.648741501008545,5.776988473849986,0.8717530271585588,1.1509009462464086,7478,257014,1743
full,Latest,clear,relative,202606,2.2411703560492535,1.9486271633587162,0.29254319269053747,1.1501278429200898,3238,86693,1744
full,Latest,case,relative,202607,8.69304211710254,7.570027559454225,1.123014557648315,1.1483501280316715,10934,336785,1745
full,Latest,short,relative,202607,4.382408117338514,3.8246075963934674,0.5578005209450467,1.1458451636897449,6405,170154,1746
full,Latest,uptake,relative,202604,1.807982427133327,1.5784255394615376,0.2295568876717894,1.145434093615908,2409,70223,1747
full,Latest,value,relative,202301,6.289162361170436,5.511643594062119,0.7775187671083171,1.141068404340579,7103,245209,1748
full,Latest,longer,relative,202608,2.5915449077846446,2.2715364850895505,0.32000842269509433,1.1408775182770083,3242,101059,1749
full,Latest,benefit,relative,202608,2.780049090081129,2.438475614457149,0.34157347562398,1.1400766419802892,3444,108486,1750
full,Latest,receiving,relative,202603,2.1563304421732545,1.896996736516468,0.2593337056567866,1.1367075128094377,3097,84396,1751
full,Latest,versus,relative,202607,3.3952721491017996,2.9875743072430723,0.40769784185872743,1.1364645026134765,5215,132915,1752
full,Latest,alter,relative,202608,0.8921788663519084,0.7852679983285857,0.10691086802332266,1.136145708536294,1038,34936,1753
full,Latest,developed,relative,202508,9.702218599002567,8.555119020833564,1.147099578169003,1.1340834154820718,11601,380611,1754
full,Latest,additional,relative,202608,4.417691158592154,3.900401152907208,0.5172900056849463,1.1326248212441887,5390,173526,1755
full,Latest,analysed,relative,202608,2.1938243768888084,1.938894479500338,0.2549298973884704,1.1314820894503588,2747,86260,1756
full,Latest,without,relative,202608,10.630064877665745,9.400176716767886,1.2298881608978602,1.1308367063678713,12368,418207,1757
full,Latest,lower,relative,202608,11.847230222694373,10.48410099783611,1.363129224858263,1.1300187040490748,14499,466430,1758
full,Latest,late,relative,202607,1.8758624679962355,1.668806883097879,0.20705558489835657,1.124074023780385,2562,74244,1759
full,Latest,showed,relative,202606,20.438981913172675,18.224147080857925,2.214834832314752,1.1215329761380792,30056,810779,1760
full,Latest,sites,relative,202608,3.202605079343943,2.862780171488541,0.3398249078554023,1.1187045066330419,3559,127363,1761
full,Latest,product,relative,202608,1.783861136004038,1.594654171668809,0.18920696433522913,1.1186507819041565,1959,70945,1762
full,Latest,service,relative,202608,1.57356062178456,1.4071033307581804,0.16645729102637946,1.1182978445063365,1942,62601,1763
full,Latest,replacement,relative,202608,1.0974432409952275,0.9817872938800752,0.1156559471151522,1.1178014299391408,1260,43679,1764
full,Latest,year,relative,202607,9.049970808975786,8.101616412227038,0.948354396748749,1.117057430084876,12151,360435,1765
full,Latest,low,relative,202608,14.609829322976687,13.102148001079811,1.5076813218968754,1.115071309053494,17079,582905,1766
full,Latest,suspected,relative,202607,1.040123452280603,0.9337532398261424,0.10637021245446052,1.1139168336104148,1442,41542,1767
full,Latest,maintain,relative,202605,1.30120039394584,1.1691583161512877,0.13204207779455232,1.112937722779253,1711,52015,1768
full,Latest,largest,relative,202608,1.1400691185508587,1.026517180434743,0.11355193811611562,1.1106186435847327,1414,45669,1769
full,Latest,validity,relative,202608,1.0833456099323033,0.9772468732348272,0.10609873669747624,1.108569021404258,1318,43477,1770
full,Latest,strain,relative,202605,2.0774496268106954,1.8749914305179658,0.2024581962927298,1.1079781981919783,2732,83417,1771
full,Latest,importantly,relative,202605,1.4715786238661182,1.328455153343716,0.14312347052240199,1.1077367724173155,1978,59102,1772
full,Latest,whose,relative,202608,1.3935356272047925,1.2592249771686521,0.13431065003614034,1.1066613611319367,1547,56022,1773
full,Latest,intensity,relative,202605,2.153046769606254,1.9463119983762378,0.20673477123001638,1.1062187210490868,2986,86590,1774
full,Latest,community,relative,202607,3.512484488426885,3.17869904361209,0.33378544481479505,1.1050069353012737,5141,141418,1775
full,Latest,source,relative,202608,3.025432178574793,2.7419645231310827,0.2834676554437105,1.1033812265083631,3423,121988,1776
full,Latest,task,relative,202607,1.8687998722361487,1.6961617936190003,0.17263807861714853,1.1017816102606586,2689,75461,1777
full,Latest,highly,relative,202608,6.601751302889444,6.015855058983886,0.585896243905558,1.0973920146281781,7371,267641,1778
full,Latest,current,relative,202608,9.484110980627483,8.652266040777922,0.8318449398495589,1.0961418587834786,10667,384933,1779
full,Latest,parameters,relative,202512,5.680969364212298,5.186981040596979,0.49398832361531864,1.095236192256925,7568,230765,1780
full,Latest,confidence,relative,202608,4.425151048813725,4.054191044267529,0.3709600045461968,1.0915003759062416,5599,180368,1781
full,Latest,national,relative,202512,3.6502799747327646,3.35777593114025,0.2925040435925147,1.087112436800744,4946,149385,1782
full,Latest,whether,relative,202608,7.935930634953115,7.307717119206497,0.6282135157466173,1.0859657681734172,9722,325115,1783
full,Latest,estimated,relative,202608,3.346352713472981,3.0855080337348757,0.2608446797381054,1.0845386487042668,4204,137272,1784
full,Latest,onset,relative,202601,2.514235413026706,2.3203797230208543,0.19385569000585184,1.0835448129815042,3333,103232,1785
full,Latest,computed,relative,202607,2.2210081107139694,2.05107883316584,0.16992927754812953,1.0828487305316508,3122,91251,1786
full,Latest,report,relative,202608,7.837600381686037,7.245185187349669,0.5924151943363681,1.0817667428806022,7614,322333,1787
full,Latest,upper,relative,202607,1.5787559776713227,1.4608915812734171,0.11786439639790564,1.0806797697438757,2214,64994,1788
full,Latest,standard,relative,202607,5.368091816823878,4.970816558689319,0.39727525813455855,1.0799215286752224,7958,221148,1789
full,Latest,pattern,relative,202607,2.7187880876658443,2.521574303197153,0.1972137844686913,1.0782105782957259,3985,112183,1790
full,Latest,left,relative,202607,2.837335766745902,2.6383215548378294,0.19901421190807247,1.0754321290151856,3856,117377,1791
full,Latest,status,relative,202607,5.173964262674055,4.816307392771336,0.35765686990271855,1.0742595604341028,7953,214274,1792
full,Latest,poor,relative,202511,4.195956218058667,3.9062677360181453,0.28968848204052183,1.074159914685166,5473,173787,1793
full,Latest,open,relative,202608,2.934379333822992,2.7340749803267173,0.20030435349627507,1.0732622020016214,3470,121637,1794
full,Latest,individual,relative,202608,4.549053110663967,4.2406180186818085,0.30843509198215796,1.0727335238928297,5471,188662,1795
full,Latest,right,relative,202607,2.2990489372030445,2.1480460344707835,0.1510029027322609,1.0702977963735603,3039,95565,1796
full,Latest,higher,relative,202606,17.51165731600016,16.382646871931144,1.1290104440690145,1.0689150204417444,26199,728852,1797
full,Latest,produced,relative,202608,2.801206723806524,2.6408390157896497,0.16036770801687444,1.0607260446615758,3312,117489,1798
full,Latest,points,relative,202604,2.4957733098577313,2.3653793375346464,0.13039397232308472,1.0551260300003253,3571,105234,1799
full,Latest,cycle,relative,202608,2.3736297793560355,2.250250453648711,0.12337932570732416,1.0548291526871012,2694,100112,1800
full,Latest,pressure,relative,202606,3.27676868623371,3.1168639089829977,0.1599047772507127,1.0513030988583931,4727,138667,1801
full,Latest,against,relative,202608,6.201484795791117,5.9095597657592505,0.2919250300318671,1.0493987778452327,7068,262912,1802
full,Latest,suggest,relative,202607,8.510769019764513,8.124116219483936,0.38665280028057775,1.0475932138136177,12204,361436,1803
full,Latest,required,relative,202608,4.896865931755986,4.715721341348149,0.18114459040783695,1.0384129123193804,5855,209799,1804
full,Latest,system,relative,202605,11.03747112461979,10.633507809860669,0.4039633147591204,1.0379896570334501,14636,473077,1805
full,Latest,response,relative,202608,9.528032370207187,9.20305053330837,0.3249818368988175,1.0353124038298627,11018,409437,1806
full,Latest,applied,relative,202301,5.587776882672519,5.402268906637488,0.1855079760350313,1.0343389007916854,6217,240343,1807
