word,include,decision
aac,False,"Topic, technical term, proper name, abbreviation or metadata"
aap,False,"Topic, technical term, proper name, abbreviation or metadata"
aapc,False,"Topic, technical term, proper name, abbreviation or metadata"
aav,False,"Topic, technical term, proper name, abbreviation or metadata"
aba,False,"Topic, technical term, proper name, abbreviation or metadata"
ababa,False,"Topic, technical term, proper name, abbreviation or metadata"
abatement,True,General academic wording
abcd,False,"Topic, technical term, proper name, abbreviation or metadata"
abdominal,False,"Topic, technical term, proper name, abbreviation or metadata"
abductor,False,"Topic, technical term, proper name, abbreviation or metadata"
aberrant,False,"Topic, technical term, proper name, abbreviation or metadata"
abilities,True,General academic wording
ability,True,General academic wording
abiotic,False,"Topic, technical term, proper name, abbreviation or metadata"
ablated,False,"Topic, technical term, proper name, abbreviation or metadata"
ablation,False,"Topic, technical term, proper name, abbreviation or metadata"
ablations,False,"Topic, technical term, proper name, abbreviation or metadata"
ablative,False,"Topic, technical term, proper name, abbreviation or metadata"
abnormal,False,"Topic, technical term, proper name, abbreviation or metadata"
abnormalities,False,"Topic, technical term, proper name, abbreviation or metadata"
abolish,True,General academic wording
abolished,True,General academic wording
abolishes,True,General academic wording
aboriginal,False,"Topic, technical term, proper name, abbreviation or metadata"
abortions,False,"Topic, technical term, proper name, abbreviation or metadata"
above,True,General academic wording
abr,False,"Topic, technical term, proper name, abbreviation or metadata"
abrasive,False,"Topic, technical term, proper name, abbreviation or metadata"
abscesses,False,"Topic, technical term, proper name, abbreviation or metadata"
abscessus,False,"Topic, technical term, proper name, abbreviation or metadata"
absence,True,General academic wording
absent,True,General academic wording
absenteeism,False,"Topic, technical term, proper name, abbreviation or metadata"
absolute,True,General academic wording
absorbable,False,"Topic, technical term, proper name, abbreviation or metadata"
absorbers,False,"Topic, technical term, proper name, abbreviation or metadata"
absorption,False,"Topic, technical term, proper name, abbreviation or metadata"
absorptive,False,"Topic, technical term, proper name, abbreviation or metadata"
abts,False,"Topic, technical term, proper name, abbreviation or metadata"
abundance,False,"Topic, technical term, proper name, abbreviation or metadata"
abundant,True,General academic wording
abutment,False,"Topic, technical term, proper name, abbreviation or metadata"
abutments,False,"Topic, technical term, proper name, abbreviation or metadata"
academic,True,General academic wording
academics,True,General academic wording
acarbose,False,"Topic, technical term, proper name, abbreviation or metadata"
accelerate,True,General academic wording
accelerated,True,General academic wording
accelerates,True,General academic wording
accelerating,True,General academic wording
acceleration,False,"Topic, technical term, proper name, abbreviation or metadata"
accelerations,False,"Topic, technical term, proper name, abbreviation or metadata"
accelerator,False,"Topic, technical term, proper name, abbreviation or metadata"
accelerators,False,"Topic, technical term, proper name, abbreviation or metadata"
accelerometers,False,"Topic, technical term, proper name, abbreviation or metadata"
accelerometry,False,"Topic, technical term, proper name, abbreviation or metadata"
accentuated,True,General academic wording
acceptability,True,General academic wording
acceptable,True,General academic wording
acceptance,True,General academic wording
acceptor,False,"Topic, technical term, proper name, abbreviation or metadata"
access,True,General academic wording
accessibility,True,General academic wording
accessible,True,General academic wording
accessing,True,General academic wording
accession,False,"Topic, technical term, proper name, abbreviation or metadata"
accommodates,True,General academic wording
accommodating,True,General academic wording
accommodation,True,General academic wording
accommodations,True,General academic wording
accompanied,True,General academic wording
accomplishment,True,General academic wording
accordance,True,General academic wording
according,True,General academic wording
accordingly,True,General academic wording
accountability,True,General academic wording
accountable,True,General academic wording
accounted,True,General academic wording
accounting,True,General academic wording
accreta,False,"Topic, technical term, proper name, abbreviation or metadata"
accrual,True,General academic wording
accumulates,True,General academic wording
accumulating,True,General academic wording
accumulation,False,"Topic, technical term, proper name, abbreviation or metadata"
accuracies,True,General academic wording
accuracy,True,General academic wording
accurate,True,General academic wording
accurately,True,General academic wording
acd,False,"Topic, technical term, proper name, abbreviation or metadata"
acdf,False,"Topic, technical term, proper name, abbreviation or metadata"
aces,False,"Topic, technical term, proper name, abbreviation or metadata"
acetaldehyde,False,"Topic, technical term, proper name, abbreviation or metadata"
acetylcysteine,False,"Topic, technical term, proper name, abbreviation or metadata"
acetylene,False,"Topic, technical term, proper name, abbreviation or metadata"
acetylglucosamine,False,"Topic, technical term, proper name, abbreviation or metadata"
acetyltransferase,False,"Topic, technical term, proper name, abbreviation or metadata"
achalasia,False,"Topic, technical term, proper name, abbreviation or metadata"
achieve,True,General academic wording
achieved,True,General academic wording
achieves,True,General academic wording
achieving,True,General academic wording
achilles,False,"Topic, technical term, proper name, abbreviation or metadata"
achiral,False,"Topic, technical term, proper name, abbreviation or metadata"
acid,False,"Topic, technical term, proper name, abbreviation or metadata"
acidic,False,"Topic, technical term, proper name, abbreviation or metadata"
acidification,False,"Topic, technical term, proper name, abbreviation or metadata"
acidophilus,False,"Topic, technical term, proper name, abbreviation or metadata"
acidosis,False,"Topic, technical term, proper name, abbreviation or metadata"
acids,False,"Topic, technical term, proper name, abbreviation or metadata"
acknowledge,True,General academic wording
acknowledged,True,General academic wording
acknowledges,True,General academic wording
acknowledging,True,General academic wording
aclr,False,"Topic, technical term, proper name, abbreviation or metadata"
acm,False,"Topic, technical term, proper name, abbreviation or metadata"
acmg,False,"Topic, technical term, proper name, abbreviation or metadata"
acnes,False,"Topic, technical term, proper name, abbreviation or metadata"
acoustic,False,"Topic, technical term, proper name, abbreviation or metadata"
acp,False,"Topic, technical term, proper name, abbreviation or metadata"
acquisition,False,"Topic, technical term, proper name, abbreviation or metadata"
acquisitions,True,General academic wording
acr,False,"Topic, technical term, proper name, abbreviation or metadata"
acridine,False,"Topic, technical term, proper name, abbreviation or metadata"
across,True,General academic wording
acrylamide,False,"Topic, technical term, proper name, abbreviation or metadata"
acrylate,False,"Topic, technical term, proper name, abbreviation or metadata"
actigraphy,False,"Topic, technical term, proper name, abbreviation or metadata"
acting,True,General academic wording
actinobacteriota,False,"Topic, technical term, proper name, abbreviation or metadata"
action,True,General academic wording
actionability,True,General academic wording
actionable,True,General academic wording
activatable,False,"Topic, technical term, proper name, abbreviation or metadata"
activate,False,"Topic, technical term, proper name, abbreviation or metadata"
activated,False,"Topic, technical term, proper name, abbreviation or metadata"
activates,False,"Topic, technical term, proper name, abbreviation or metadata"
activating,False,"Topic, technical term, proper name, abbreviation or metadata"
activation,False,"Topic, technical term, proper name, abbreviation or metadata"
active,True,General academic wording
actively,True,General academic wording
activin,False,"Topic, technical term, proper name, abbreviation or metadata"
activities,False,"Topic, technical term, proper name, abbreviation or metadata"
activity,False,"Topic, technical term, proper name, abbreviation or metadata"
acts,True,General academic wording
actual,True,General academic wording
actuated,False,"Topic, technical term, proper name, abbreviation or metadata"
actuation,False,"Topic, technical term, proper name, abbreviation or metadata"
actuators,False,"Topic, technical term, proper name, abbreviation or metadata"
acuity,False,"Topic, technical term, proper name, abbreviation or metadata"
acupoint,False,"Topic, technical term, proper name, abbreviation or metadata"
acupoints,False,"Topic, technical term, proper name, abbreviation or metadata"
acupuncture,False,"Topic, technical term, proper name, abbreviation or metadata"
acyclic,False,"Topic, technical term, proper name, abbreviation or metadata"
acyclovir,False,"Topic, technical term, proper name, abbreviation or metadata"
acylation,False,"Topic, technical term, proper name, abbreviation or metadata"
acyltransferase,False,"Topic, technical term, proper name, abbreviation or metadata"
ada,False,"Topic, technical term, proper name, abbreviation or metadata"
adaboost,False,"Topic, technical term, proper name, abbreviation or metadata"
adam,False,"Topic, technical term, proper name, abbreviation or metadata"
adapt,True,General academic wording
adaptability,True,General academic wording
adaptable,True,General academic wording
adaptation,True,General academic wording
adaptations,True,General academic wording
adapted,True,General academic wording
adapter,False,"Topic, technical term, proper name, abbreviation or metadata"
adaption,True,General academic wording
adaptive,True,General academic wording
adaptively,True,General academic wording
adapts,True,General academic wording
adcs,False,"Topic, technical term, proper name, abbreviation or metadata"
added,True,General academic wording
addiction,False,"Topic, technical term, proper name, abbreviation or metadata"
adding,True,General academic wording
addis,False,"Topic, technical term, proper name, abbreviation or metadata"
addition,True,General academic wording
additional,True,General academic wording
additionally,True,General academic wording
additions,True,General academic wording
additive,True,General academic wording
additively,True,General academic wording
additives,False,"Topic, technical term, proper name, abbreviation or metadata"
address,True,General academic wording
addressed,True,General academic wording
addresses,True,General academic wording
addressing,True,General academic wording
adduction,False,"Topic, technical term, proper name, abbreviation or metadata"
adductor,False,"Topic, technical term, proper name, abbreviation or metadata"
ade,False,"Topic, technical term, proper name, abbreviation or metadata"
adeno,False,"Topic, technical term, proper name, abbreviation or metadata"
adenocarcinoma,False,"Topic, technical term, proper name, abbreviation or metadata"
adenoid,False,"Topic, technical term, proper name, abbreviation or metadata"
adenomyosis,False,"Topic, technical term, proper name, abbreviation or metadata"
adept,True,General academic wording
adequacy,True,General academic wording
adequately,True,General academic wording
adg,False,"Topic, technical term, proper name, abbreviation or metadata"
adhered,True,General academic wording
adherence,False,"Topic, technical term, proper name, abbreviation or metadata"
adheres,True,General academic wording
adhering,True,General academic wording
adhesion,False,"Topic, technical term, proper name, abbreviation or metadata"
adhesions,False,"Topic, technical term, proper name, abbreviation or metadata"
adhesive,False,"Topic, technical term, proper name, abbreviation or metadata"
adhesiveness,False,"Topic, technical term, proper name, abbreviation or metadata"
adhesives,False,"Topic, technical term, proper name, abbreviation or metadata"
adi,False,"Topic, technical term, proper name, abbreviation or metadata"
adiabatic,False,"Topic, technical term, proper name, abbreviation or metadata"
adipokine,False,"Topic, technical term, proper name, abbreviation or metadata"
adiposity,False,"Topic, technical term, proper name, abbreviation or metadata"
adj,False,"Topic, technical term, proper name, abbreviation or metadata"
adjacent,True,General academic wording
adjudicated,True,General academic wording
adjudication,True,General academic wording
adjunct,False,"Topic, technical term, proper name, abbreviation or metadata"
adjunctive,False,"Topic, technical term, proper name, abbreviation or metadata"
adjuncts,False,"Topic, technical term, proper name, abbreviation or metadata"
adjustable,True,General academic wording
adjusted,True,General academic wording
adjusting,True,General academic wording
adjustment,True,General academic wording
adjustments,True,General academic wording
adjusts,True,General academic wording
adjuvanted,False,"Topic, technical term, proper name, abbreviation or metadata"
adls,False,"Topic, technical term, proper name, abbreviation or metadata"
adm,False,"Topic, technical term, proper name, abbreviation or metadata"
adme,False,"Topic, technical term, proper name, abbreviation or metadata"
admet,False,"Topic, technical term, proper name, abbreviation or metadata"
administered,True,General academic wording
administering,True,General academic wording
administration,True,General academic wording
administrative,True,General academic wording
admixed,False,"Topic, technical term, proper name, abbreviation or metadata"
adnexal,False,"Topic, technical term, proper name, abbreviation or metadata"
adni,False,"Topic, technical term, proper name, abbreviation or metadata"
adolescent,False,"Topic, technical term, proper name, abbreviation or metadata"
adolescents,False,"Topic, technical term, proper name, abbreviation or metadata"
adopt,True,General academic wording
adopted,True,General academic wording
adopting,True,General academic wording
adoption,True,General academic wording
adopts,True,General academic wording
adr,False,"Topic, technical term, proper name, abbreviation or metadata"
adrd,False,"Topic, technical term, proper name, abbreviation or metadata"
adrenalectomy,False,"Topic, technical term, proper name, abbreviation or metadata"
adrenocorticotropic,False,"Topic, technical term, proper name, abbreviation or metadata"
adrs,False,"Topic, technical term, proper name, abbreviation or metadata"
adsorb,False,"Topic, technical term, proper name, abbreviation or metadata"
adsorbate,False,"Topic, technical term, proper name, abbreviation or metadata"
adsorbed,False,"Topic, technical term, proper name, abbreviation or metadata"
adsorbing,False,"Topic, technical term, proper name, abbreviation or metadata"
adsorption,False,"Topic, technical term, proper name, abbreviation or metadata"
adsorptive,False,"Topic, technical term, proper name, abbreviation or metadata"
adult,False,"Topic, technical term, proper name, abbreviation or metadata"
adulteration,False,"Topic, technical term, proper name, abbreviation or metadata"
adults,False,"Topic, technical term, proper name, abbreviation or metadata"
advance,True,General academic wording
advanced,True,General academic wording
advancement,True,General academic wording
advancements,True,General academic wording
advances,True,General academic wording
advancing,True,General academic wording
advantageous,True,General academic wording
advantages,True,General academic wording
adversarial,False,"Topic, technical term, proper name, abbreviation or metadata"
adverse,True,General academic wording
adversely,True,General academic wording
adversity,True,General academic wording
advisable,True,General academic wording
advocacy,True,General academic wording
advocate,True,General academic wording
advocates,True,General academic wording
advocating,True,General academic wording
aerogel,False,"Topic, technical term, proper name, abbreviation or metadata"
aerogels,False,"Topic, technical term, proper name, abbreviation or metadata"
aeromonas,False,"Topic, technical term, proper name, abbreviation or metadata"
aerospace,False,"Topic, technical term, proper name, abbreviation or metadata"
aeruginosa,False,"Topic, technical term, proper name, abbreviation or metadata"
aes,False,"Topic, technical term, proper name, abbreviation or metadata"
aesthetic,True,General academic wording
aesthetics,False,"Topic, technical term, proper name, abbreviation or metadata"
aetiologies,False,"Topic, technical term, proper name, abbreviation or metadata"
affect,True,General academic wording
affecting,True,General academic wording
affective,False,"Topic, technical term, proper name, abbreviation or metadata"
affects,True,General academic wording
affiliated,False,"Topic, technical term, proper name, abbreviation or metadata"
affiliations,False,"Topic, technical term, proper name, abbreviation or metadata"
affinities,False,"Topic, technical term, proper name, abbreviation or metadata"
affinity,False,"Topic, technical term, proper name, abbreviation or metadata"
affirm,True,General academic wording
affirmed,True,General academic wording
affirming,True,General academic wording
afflicted,False,"Topic, technical term, proper name, abbreviation or metadata"
affordability,True,General academic wording
affording,True,General academic wording
aflatoxin,False,"Topic, technical term, proper name, abbreviation or metadata"
aflibercept,False,"Topic, technical term, proper name, abbreviation or metadata"
africa,False,"Topic, technical term, proper name, abbreviation or metadata"
africa's,False,"Topic, technical term, proper name, abbreviation or metadata"
afs,False,"Topic, technical term, proper name, abbreviation or metadata"
aga,False,"Topic, technical term, proper name, abbreviation or metadata"
against,True,General academic wording
agarose,False,"Topic, technical term, proper name, abbreviation or metadata"
age,False,"Topic, technical term, proper name, abbreviation or metadata"
aged,False,"Topic, technical term, proper name, abbreviation or metadata"
ageing,False,"Topic, technical term, proper name, abbreviation or metadata"
agency,True,General academic wording
agendas,True,General academic wording
agenesis,False,"Topic, technical term, proper name, abbreviation or metadata"
agent,False,"Topic, technical term, proper name, abbreviation or metadata"
agentic,False,"Topic, technical term, proper name, abbreviation or metadata"
agents,False,"Topic, technical term, proper name, abbreviation or metadata"
agglomeration,False,"Topic, technical term, proper name, abbreviation or metadata"
aggravates,False,"Topic, technical term, proper name, abbreviation or metadata"
aggravation,False,"Topic, technical term, proper name, abbreviation or metadata"
aggregate,True,General academic wording
aggregates,True,General academic wording
aggregating,True,General academic wording
aggregation,False,"Topic, technical term, proper name, abbreviation or metadata"
aggressive,False,"Topic, technical term, proper name, abbreviation or metadata"
agile,True,General academic wording
agility,True,General academic wording
aging,False,"Topic, technical term, proper name, abbreviation or metadata"
agnostic,True,General academic wording
agnp,False,"Topic, technical term, proper name, abbreviation or metadata"
agonism,False,"Topic, technical term, proper name, abbreviation or metadata"
agonist,False,"Topic, technical term, proper name, abbreviation or metadata"
agonists,False,"Topic, technical term, proper name, abbreviation or metadata"
agreeableness,False,"Topic, technical term, proper name, abbreviation or metadata"
agreeing,True,General academic wording
agreement,True,General academic wording
agri,False,"Topic, technical term, proper name, abbreviation or metadata"
agricultural,False,"Topic, technical term, proper name, abbreviation or metadata"
agriculture,False,"Topic, technical term, proper name, abbreviation or metadata"
agro,False,"Topic, technical term, proper name, abbreviation or metadata"
agrobacterium,False,"Topic, technical term, proper name, abbreviation or metadata"
agrochemical,False,"Topic, technical term, proper name, abbreviation or metadata"
agrochemicals,False,"Topic, technical term, proper name, abbreviation or metadata"
agroecosystems,False,"Topic, technical term, proper name, abbreviation or metadata"
agronomic,False,"Topic, technical term, proper name, abbreviation or metadata"
ags,False,"Topic, technical term, proper name, abbreviation or metadata"
aha,False,"Topic, technical term, proper name, abbreviation or metadata"
ahi,False,"Topic, technical term, proper name, abbreviation or metadata"
ahp,False,"Topic, technical term, proper name, abbreviation or metadata"
ahr,False,"Topic, technical term, proper name, abbreviation or metadata"
ahrs,False,"Topic, technical term, proper name, abbreviation or metadata"
ai's,False,"Topic, technical term, proper name, abbreviation or metadata"
aic,False,"Topic, technical term, proper name, abbreviation or metadata"
aid,True,General academic wording
aiding,True,General academic wording
aids,True,General academic wording
aie,False,"Topic, technical term, proper name, abbreviation or metadata"
aih,False,"Topic, technical term, proper name, abbreviation or metadata"
ailment,False,"Topic, technical term, proper name, abbreviation or metadata"
ailments,False,"Topic, technical term, proper name, abbreviation or metadata"
aimed,True,General academic wording
aiming,True,General academic wording
aims,True,General academic wording
aip,False,"Topic, technical term, proper name, abbreviation or metadata"
air,False,"Topic, technical term, proper name, abbreviation or metadata"
aircraft,False,"Topic, technical term, proper name, abbreviation or metadata"
airway,False,"Topic, technical term, proper name, abbreviation or metadata"
akin,True,General academic wording
akkermansia,False,"Topic, technical term, proper name, abbreviation or metadata"
akt,False,"Topic, technical term, proper name, abbreviation or metadata"
alabama,False,"Topic, technical term, proper name, abbreviation or metadata"
alarmingly,True,General academic wording
alarms,False,"Topic, technical term, proper name, abbreviation or metadata"
alaska,False,"Topic, technical term, proper name, abbreviation or metadata"
alb,False,"Topic, technical term, proper name, abbreviation or metadata"
alba,False,"Topic, technical term, proper name, abbreviation or metadata"
albeit,True,General academic wording
albendazole,False,"Topic, technical term, proper name, abbreviation or metadata"
albopictus,False,"Topic, technical term, proper name, abbreviation or metadata"
albumin,False,"Topic, technical term, proper name, abbreviation or metadata"
alcohol,False,"Topic, technical term, proper name, abbreviation or metadata"
alcoholic,False,"Topic, technical term, proper name, abbreviation or metadata"
alcoholism,False,"Topic, technical term, proper name, abbreviation or metadata"
ald,False,"Topic, technical term, proper name, abbreviation or metadata"
alder,False,"Topic, technical term, proper name, abbreviation or metadata"
aldosteronism,False,"Topic, technical term, proper name, abbreviation or metadata"
alertness,False,"Topic, technical term, proper name, abbreviation or metadata"
alerts,True,General academic wording
alexithymia,False,"Topic, technical term, proper name, abbreviation or metadata"
alf,False,"Topic, technical term, proper name, abbreviation or metadata"
alfa,False,"Topic, technical term, proper name, abbreviation or metadata"
alfalfa,False,"Topic, technical term, proper name, abbreviation or metadata"
alg,False,"Topic, technical term, proper name, abbreviation or metadata"
algebraic,False,"Topic, technical term, proper name, abbreviation or metadata"
algeria,False,"Topic, technical term, proper name, abbreviation or metadata"
algorithm,False,"Topic, technical term, proper name, abbreviation or metadata"
algorithm's,False,"Topic, technical term, proper name, abbreviation or metadata"
algorithmic,False,"Topic, technical term, proper name, abbreviation or metadata"
algorithms,False,"Topic, technical term, proper name, abbreviation or metadata"
ali,False,"Topic, technical term, proper name, abbreviation or metadata"
alien,False,"Topic, technical term, proper name, abbreviation or metadata"
align,True,General academic wording
aligned,True,General academic wording
aligner,False,"Topic, technical term, proper name, abbreviation or metadata"
aligners,False,"Topic, technical term, proper name, abbreviation or metadata"
aligning,True,General academic wording
alignment,True,General academic wording
aligns,True,General academic wording
alistipes,False,"Topic, technical term, proper name, abbreviation or metadata"
alk,False,"Topic, technical term, proper name, abbreviation or metadata"
alkali,False,"Topic, technical term, proper name, abbreviation or metadata"
alkaline,False,"Topic, technical term, proper name, abbreviation or metadata"
alkalinity,False,"Topic, technical term, proper name, abbreviation or metadata"
alkane,False,"Topic, technical term, proper name, abbreviation or metadata"
alkanes,False,"Topic, technical term, proper name, abbreviation or metadata"
alkene,False,"Topic, technical term, proper name, abbreviation or metadata"
alkenes,False,"Topic, technical term, proper name, abbreviation or metadata"
alkyl,False,"Topic, technical term, proper name, abbreviation or metadata"
alkylation,False,"Topic, technical term, proper name, abbreviation or metadata"
allergenic,False,"Topic, technical term, proper name, abbreviation or metadata"
allergenicity,False,"Topic, technical term, proper name, abbreviation or metadata"
alleviate,True,General academic wording
alleviated,True,General academic wording
alleviates,True,General academic wording
alleviating,True,General academic wording
allium,False,"Topic, technical term, proper name, abbreviation or metadata"
allocated,True,General academic wording
allocating,True,General academic wording
allocation,False,"Topic, technical term, proper name, abbreviation or metadata"
allogenic,False,"Topic, technical term, proper name, abbreviation or metadata"
allografts,False,"Topic, technical term, proper name, abbreviation or metadata"
allometric,False,"Topic, technical term, proper name, abbreviation or metadata"
allotted,True,General academic wording
allowing,True,General academic wording
allows,True,General academic wording
alloying,False,"Topic, technical term, proper name, abbreviation or metadata"
allyl,False,"Topic, technical term, proper name, abbreviation or metadata"
allylic,False,"Topic, technical term, proper name, abbreviation or metadata"
aln,False,"Topic, technical term, proper name, abbreviation or metadata"
aloe,False,"Topic, technical term, proper name, abbreviation or metadata"
alone,True,General academic wording
along,True,General academic wording
alongside,True,General academic wording
aloud,False,"Topic, technical term, proper name, abbreviation or metadata"
alpha,False,"Topic, technical term, proper name, abbreviation or metadata"
alphafold,False,"Topic, technical term, proper name, abbreviation or metadata"
alpine,False,"Topic, technical term, proper name, abbreviation or metadata"
alps,False,"Topic, technical term, proper name, abbreviation or metadata"
alter,True,General academic wording
alterations,True,General academic wording
altered,True,General academic wording
altering,True,General academic wording
alternaria,False,"Topic, technical term, proper name, abbreviation or metadata"
alternation,True,General academic wording
alternations,True,General academic wording
alternative,True,General academic wording
alternatives,True,General academic wording
alters,True,General academic wording
although,True,General academic wording
altitudes,False,"Topic, technical term, proper name, abbreviation or metadata"
altman,False,"Topic, technical term, proper name, abbreviation or metadata"
aluminium,False,"Topic, technical term, proper name, abbreviation or metadata"
alveolar,False,"Topic, technical term, proper name, abbreviation or metadata"
alzheimer,False,"Topic, technical term, proper name, abbreviation or metadata"
alzheimer's,False,"Topic, technical term, proper name, abbreviation or metadata"
amalgamation,True,General academic wording
amazonian,False,"Topic, technical term, proper name, abbreviation or metadata"
amber,False,"Topic, technical term, proper name, abbreviation or metadata"
ambient,False,"Topic, technical term, proper name, abbreviation or metadata"
ambiguities,True,General academic wording
ambiguity,True,General academic wording
ambiguous,True,General academic wording
ambulation,False,"Topic, technical term, proper name, abbreviation or metadata"
amed,False,"Topic, technical term, proper name, abbreviation or metadata"
ameliorates,True,General academic wording
ameliorating,True,General academic wording
ameliorative,True,General academic wording
amenorrhea,False,"Topic, technical term, proper name, abbreviation or metadata"
american,False,"Topic, technical term, proper name, abbreviation or metadata"
americas,False,"Topic, technical term, proper name, abbreviation or metadata"
amf,False,"Topic, technical term, proper name, abbreviation or metadata"
amh,False,"Topic, technical term, proper name, abbreviation or metadata"
amid,True,General academic wording
amides,False,"Topic, technical term, proper name, abbreviation or metadata"
amidst,True,General academic wording
amination,False,"Topic, technical term, proper name, abbreviation or metadata"
amines,False,"Topic, technical term, proper name, abbreviation or metadata"
amino,False,"Topic, technical term, proper name, abbreviation or metadata"
aminoacyl,False,"Topic, technical term, proper name, abbreviation or metadata"
aminobutyric,False,"Topic, technical term, proper name, abbreviation or metadata"
aminoglycosides,False,"Topic, technical term, proper name, abbreviation or metadata"
aminolevulinic,False,"Topic, technical term, proper name, abbreviation or metadata"
ammonia,False,"Topic, technical term, proper name, abbreviation or metadata"
among,True,General academic wording
amos,False,"Topic, technical term, proper name, abbreviation or metadata"
amounted,True,General academic wording
amp,False,"Topic, technical term, proper name, abbreviation or metadata"
amphetamine,False,"Topic, technical term, proper name, abbreviation or metadata"
amphibian,False,"Topic, technical term, proper name, abbreviation or metadata"
amphipathic,False,"Topic, technical term, proper name, abbreviation or metadata"
amphotericin,False,"Topic, technical term, proper name, abbreviation or metadata"
amplification,False,"Topic, technical term, proper name, abbreviation or metadata"
amplifications,False,"Topic, technical term, proper name, abbreviation or metadata"
amplified,False,"Topic, technical term, proper name, abbreviation or metadata"
amplifier,False,"Topic, technical term, proper name, abbreviation or metadata"
amplifiers,False,"Topic, technical term, proper name, abbreviation or metadata"
amplifies,False,"Topic, technical term, proper name, abbreviation or metadata"
amplify,False,"Topic, technical term, proper name, abbreviation or metadata"
amplifying,False,"Topic, technical term, proper name, abbreviation or metadata"
amplitude,False,"Topic, technical term, proper name, abbreviation or metadata"
amps,False,"Topic, technical term, proper name, abbreviation or metadata"
amputations,False,"Topic, technical term, proper name, abbreviation or metadata"
amr,False,"Topic, technical term, proper name, abbreviation or metadata"
ams,False,"Topic, technical term, proper name, abbreviation or metadata"
amstar,False,"Topic, technical term, proper name, abbreviation or metadata"
amsterdam,False,"Topic, technical term, proper name, abbreviation or metadata"
amyloid,False,"Topic, technical term, proper name, abbreviation or metadata"
amyloidogenic,False,"Topic, technical term, proper name, abbreviation or metadata"
amyloidosis,False,"Topic, technical term, proper name, abbreviation or metadata"
amylose,False,"Topic, technical term, proper name, abbreviation or metadata"
ana,False,"Topic, technical term, proper name, abbreviation or metadata"
analgesia,False,"Topic, technical term, proper name, abbreviation or metadata"
analgesic,False,"Topic, technical term, proper name, abbreviation or metadata"
analog,True,General academic wording
analogs,False,"Topic, technical term, proper name, abbreviation or metadata"
analysed,True,General academic wording
analyses,False,"Topic, technical term, proper name, abbreviation or metadata"
analysis,False,"Topic, technical term, proper name, abbreviation or metadata"
analysts,True,General academic wording
analytic,False,"Topic, technical term, proper name, abbreviation or metadata"
analytical,False,"Topic, technical term, proper name, abbreviation or metadata"
analytics,True,General academic wording
analyze,True,General academic wording
analyzed,False,"Topic, technical term, proper name, abbreviation or metadata"
analyzes,True,General academic wording
analyzing,False,"Topic, technical term, proper name, abbreviation or metadata"
anastomoses,False,"Topic, technical term, proper name, abbreviation or metadata"
anatomical,False,"Topic, technical term, proper name, abbreviation or metadata"
anatomically,False,"Topic, technical term, proper name, abbreviation or metadata"
anatomies,False,"Topic, technical term, proper name, abbreviation or metadata"
anatomy,False,"Topic, technical term, proper name, abbreviation or metadata"
ancestors,False,"Topic, technical term, proper name, abbreviation or metadata"
ancestries,False,"Topic, technical term, proper name, abbreviation or metadata"
ancestry,False,"Topic, technical term, proper name, abbreviation or metadata"
anchor,True,General academic wording
anchorage,False,"Topic, technical term, proper name, abbreviation or metadata"
anchored,False,"Topic, technical term, proper name, abbreviation or metadata"
anchoring,False,"Topic, technical term, proper name, abbreviation or metadata"
anchors,True,General academic wording
ancova,False,"Topic, technical term, proper name, abbreviation or metadata"
andean,False,"Topic, technical term, proper name, abbreviation or metadata"
anderson,False,"Topic, technical term, proper name, abbreviation or metadata"
androgenetic,False,"Topic, technical term, proper name, abbreviation or metadata"
android,False,"Topic, technical term, proper name, abbreviation or metadata"
anemia,False,"Topic, technical term, proper name, abbreviation or metadata"
anesthesia,False,"Topic, technical term, proper name, abbreviation or metadata"
anesthesiologist,False,"Topic, technical term, proper name, abbreviation or metadata"
anesthesiology,False,"Topic, technical term, proper name, abbreviation or metadata"
aneuploidy,False,"Topic, technical term, proper name, abbreviation or metadata"
angioedema,False,"Topic, technical term, proper name, abbreviation or metadata"
angiogenesis,False,"Topic, technical term, proper name, abbreviation or metadata"
angiogenic,False,"Topic, technical term, proper name, abbreviation or metadata"
angiography,False,"Topic, technical term, proper name, abbreviation or metadata"
angle,False,"Topic, technical term, proper name, abbreviation or metadata"
angles,False,"Topic, technical term, proper name, abbreviation or metadata"
angular,False,"Topic, technical term, proper name, abbreviation or metadata"
angulation,False,"Topic, technical term, proper name, abbreviation or metadata"
anhedonia,False,"Topic, technical term, proper name, abbreviation or metadata"
anhui,False,"Topic, technical term, proper name, abbreviation or metadata"
anhydrase,False,"Topic, technical term, proper name, abbreviation or metadata"
anhydride,False,"Topic, technical term, proper name, abbreviation or metadata"
anhydrous,False,"Topic, technical term, proper name, abbreviation or metadata"
ani,False,"Topic, technical term, proper name, abbreviation or metadata"
aniline,False,"Topic, technical term, proper name, abbreviation or metadata"
animal,False,"Topic, technical term, proper name, abbreviation or metadata"
animal's,False,"Topic, technical term, proper name, abbreviation or metadata"
anion,False,"Topic, technical term, proper name, abbreviation or metadata"
ankara,False,"Topic, technical term, proper name, abbreviation or metadata"
ankles,False,"Topic, technical term, proper name, abbreviation or metadata"
ann,False,"Topic, technical term, proper name, abbreviation or metadata"
annealed,False,"Topic, technical term, proper name, abbreviation or metadata"
annihilation,False,"Topic, technical term, proper name, abbreviation or metadata"
annotate,True,General academic wording
annotated,True,General academic wording
annotating,True,General academic wording
annotation,False,"Topic, technical term, proper name, abbreviation or metadata"
annotations,True,General academic wording
anns,False,"Topic, technical term, proper name, abbreviation or metadata"
annual,False,"Topic, technical term, proper name, abbreviation or metadata"
annualized,True,General academic wording
annually,True,General academic wording
annular,False,"Topic, technical term, proper name, abbreviation or metadata"
annulation,False,"Topic, technical term, proper name, abbreviation or metadata"
anode,False,"Topic, technical term, proper name, abbreviation or metadata"
anodes,False,"Topic, technical term, proper name, abbreviation or metadata"
anodic,False,"Topic, technical term, proper name, abbreviation or metadata"
anomalies,True,General academic wording
anomalous,True,General academic wording
anomaly,True,General academic wording
anonymised,True,General academic wording
anonymized,True,General academic wording
anonymously,True,General academic wording
anopheles,False,"Topic, technical term, proper name, abbreviation or metadata"
anorectal,False,"Topic, technical term, proper name, abbreviation or metadata"
anova,False,"Topic, technical term, proper name, abbreviation or metadata"
anovas,False,"Topic, technical term, proper name, abbreviation or metadata"
ans,False,"Topic, technical term, proper name, abbreviation or metadata"
answering,True,General academic wording
ansys,False,"Topic, technical term, proper name, abbreviation or metadata"
antagonism,False,"Topic, technical term, proper name, abbreviation or metadata"
antagonize,False,"Topic, technical term, proper name, abbreviation or metadata"
antarctic,False,"Topic, technical term, proper name, abbreviation or metadata"
antarctica,False,"Topic, technical term, proper name, abbreviation or metadata"
antecedent,True,General academic wording
antecedents,True,General academic wording
antegrade,False,"Topic, technical term, proper name, abbreviation or metadata"
antennae,False,"Topic, technical term, proper name, abbreviation or metadata"
antennas,False,"Topic, technical term, proper name, abbreviation or metadata"
anterior,False,"Topic, technical term, proper name, abbreviation or metadata"
anteriorly,False,"Topic, technical term, proper name, abbreviation or metadata"
anterograde,False,"Topic, technical term, proper name, abbreviation or metadata"
anterolateral,False,"Topic, technical term, proper name, abbreviation or metadata"
anthelmintic,False,"Topic, technical term, proper name, abbreviation or metadata"
anthocyanin,False,"Topic, technical term, proper name, abbreviation or metadata"
anthocyanins,False,"Topic, technical term, proper name, abbreviation or metadata"
anthracycline,False,"Topic, technical term, proper name, abbreviation or metadata"
anthraquinone,False,"Topic, technical term, proper name, abbreviation or metadata"
anthropogenic,False,"Topic, technical term, proper name, abbreviation or metadata"
anthropometric,False,"Topic, technical term, proper name, abbreviation or metadata"
anthropometrics,False,"Topic, technical term, proper name, abbreviation or metadata"
anthropomorphic,False,"Topic, technical term, proper name, abbreviation or metadata"
anti,False,"Topic, technical term, proper name, abbreviation or metadata"
antiarrhythmic,False,"Topic, technical term, proper name, abbreviation or metadata"
antibacterial,False,"Topic, technical term, proper name, abbreviation or metadata"
antibiofilm,False,"Topic, technical term, proper name, abbreviation or metadata"
antibiotic,False,"Topic, technical term, proper name, abbreviation or metadata"
antibiotics,False,"Topic, technical term, proper name, abbreviation or metadata"
antibody,False,"Topic, technical term, proper name, abbreviation or metadata"
anticancer,False,"Topic, technical term, proper name, abbreviation or metadata"
anticholinergic,False,"Topic, technical term, proper name, abbreviation or metadata"
anticipated,True,General academic wording
anticipating,True,General academic wording
anticipatory,True,General academic wording
anticoagulation,False,"Topic, technical term, proper name, abbreviation or metadata"
anticonvulsant,False,"Topic, technical term, proper name, abbreviation or metadata"
antiferromagnetic,False,"Topic, technical term, proper name, abbreviation or metadata"
antifibrotic,False,"Topic, technical term, proper name, abbreviation or metadata"
antifouling,False,"Topic, technical term, proper name, abbreviation or metadata"
antifungal,False,"Topic, technical term, proper name, abbreviation or metadata"
antifungals,False,"Topic, technical term, proper name, abbreviation or metadata"
antigen,False,"Topic, technical term, proper name, abbreviation or metadata"
antigenicity,False,"Topic, technical term, proper name, abbreviation or metadata"
antihistamines,False,"Topic, technical term, proper name, abbreviation or metadata"
antimicrobial,False,"Topic, technical term, proper name, abbreviation or metadata"
antimony,False,"Topic, technical term, proper name, abbreviation or metadata"
antineoplastic,False,"Topic, technical term, proper name, abbreviation or metadata"
antineutrophil,False,"Topic, technical term, proper name, abbreviation or metadata"
antinuclear,False,"Topic, technical term, proper name, abbreviation or metadata"
antioxidant,False,"Topic, technical term, proper name, abbreviation or metadata"
antioxidation,False,"Topic, technical term, proper name, abbreviation or metadata"
antiparasitic,False,"Topic, technical term, proper name, abbreviation or metadata"
antiphospholipid,False,"Topic, technical term, proper name, abbreviation or metadata"
antiproliferative,False,"Topic, technical term, proper name, abbreviation or metadata"
antirheumatic,False,"Topic, technical term, proper name, abbreviation or metadata"
antiseizure,False,"Topic, technical term, proper name, abbreviation or metadata"
antiseptic,False,"Topic, technical term, proper name, abbreviation or metadata"
antisocial,False,"Topic, technical term, proper name, abbreviation or metadata"
antitumor,False,"Topic, technical term, proper name, abbreviation or metadata"
antral,False,"Topic, technical term, proper name, abbreviation or metadata"
ants,False,"Topic, technical term, proper name, abbreviation or metadata"
anxiety,False,"Topic, technical term, proper name, abbreviation or metadata"
anxiolytic,False,"Topic, technical term, proper name, abbreviation or metadata"
anyone,True,General academic wording
anything,True,General academic wording
anywhere,True,General academic wording
aoc,False,"Topic, technical term, proper name, abbreviation or metadata"
aofas,False,"Topic, technical term, proper name, abbreviation or metadata"
aom,False,"Topic, technical term, proper name, abbreviation or metadata"
aop,False,"Topic, technical term, proper name, abbreviation or metadata"
aops,False,"Topic, technical term, proper name, abbreviation or metadata"
aor,False,"Topic, technical term, proper name, abbreviation or metadata"
aors,False,"Topic, technical term, proper name, abbreviation or metadata"
aortic,False,"Topic, technical term, proper name, abbreviation or metadata"
aotearoa,False,"Topic, technical term, proper name, abbreviation or metadata"
apa,False,"Topic, technical term, proper name, abbreviation or metadata"
apathy,False,"Topic, technical term, proper name, abbreviation or metadata"
apc,False,"Topic, technical term, proper name, abbreviation or metadata"
apcs,False,"Topic, technical term, proper name, abbreviation or metadata"
aphasia,False,"Topic, technical term, proper name, abbreviation or metadata"
apheresis,False,"Topic, technical term, proper name, abbreviation or metadata"
aphid,False,"Topic, technical term, proper name, abbreviation or metadata"
apigenin,False,"Topic, technical term, proper name, abbreviation or metadata"
apl,False,"Topic, technical term, proper name, abbreviation or metadata"
aplastic,False,"Topic, technical term, proper name, abbreviation or metadata"
apnoea,False,"Topic, technical term, proper name, abbreviation or metadata"
apob,False,"Topic, technical term, proper name, abbreviation or metadata"
apologizes,False,"Topic, technical term, proper name, abbreviation or metadata"
app,False,"Topic, technical term, proper name, abbreviation or metadata"
apparent,True,General academic wording
appeal,True,General academic wording
appearance,True,General academic wording
appears,True,General academic wording
appendage,False,"Topic, technical term, proper name, abbreviation or metadata"
appendages,False,"Topic, technical term, proper name, abbreviation or metadata"
appendectomy,False,"Topic, technical term, proper name, abbreviation or metadata"
appendiceal,False,"Topic, technical term, proper name, abbreviation or metadata"
appendicular,False,"Topic, technical term, proper name, abbreviation or metadata"
apples,False,"Topic, technical term, proper name, abbreviation or metadata"
appliance,False,"Topic, technical term, proper name, abbreviation or metadata"
appliances,False,"Topic, technical term, proper name, abbreviation or metadata"
applicability,True,General academic wording
applicable,True,General academic wording
applicant,False,"Topic, technical term, proper name, abbreviation or metadata"
application,True,General academic wording
applications,True,General academic wording
applied,True,General academic wording
applies,True,General academic wording
apply,True,General academic wording
applying,True,General academic wording
apportionment,False,"Topic, technical term, proper name, abbreviation or metadata"
appraisal,True,General academic wording
appraisals,True,General academic wording
appraised,True,General academic wording
approach,True,General academic wording
approaches,True,General academic wording
approaching,True,General academic wording
appropriate,True,General academic wording
approval,True,General academic wording
approvals,True,General academic wording
approved,True,General academic wording
approximately,True,General academic wording
approximating,True,General academic wording
approximations,True,General academic wording
aps,False,"Topic, technical term, proper name, abbreviation or metadata"
apt,False,"Topic, technical term, proper name, abbreviation or metadata"
aptamer,False,"Topic, technical term, proper name, abbreviation or metadata"
aptamers,False,"Topic, technical term, proper name, abbreviation or metadata"
aptasensor,False,"Topic, technical term, proper name, abbreviation or metadata"
aptt,False,"Topic, technical term, proper name, abbreviation or metadata"
apx,False,"Topic, technical term, proper name, abbreviation or metadata"
aquaculture,False,"Topic, technical term, proper name, abbreviation or metadata"
aquaporin,False,"Topic, technical term, proper name, abbreviation or metadata"
aquatic,False,"Topic, technical term, proper name, abbreviation or metadata"
aqueous,False,"Topic, technical term, proper name, abbreviation or metadata"
aquifer,False,"Topic, technical term, proper name, abbreviation or metadata"
aquifers,False,"Topic, technical term, proper name, abbreviation or metadata"
ara,False,"Topic, technical term, proper name, abbreviation or metadata"
arabia,False,"Topic, technical term, proper name, abbreviation or metadata"
arabic,False,"Topic, technical term, proper name, abbreviation or metadata"
arabinose,False,"Topic, technical term, proper name, abbreviation or metadata"
arachidonic,False,"Topic, technical term, proper name, abbreviation or metadata"
arbor,False,"Topic, technical term, proper name, abbreviation or metadata"
arboviral,False,"Topic, technical term, proper name, abbreviation or metadata"
arboviruses,False,"Topic, technical term, proper name, abbreviation or metadata"
arbs,False,"Topic, technical term, proper name, abbreviation or metadata"
arbuscular,False,"Topic, technical term, proper name, abbreviation or metadata"
arcgis,False,"Topic, technical term, proper name, abbreviation or metadata"
archaeological,False,"Topic, technical term, proper name, abbreviation or metadata"
arches,False,"Topic, technical term, proper name, abbreviation or metadata"
archipelago,False,"Topic, technical term, proper name, abbreviation or metadata"
architectural,False,"Topic, technical term, proper name, abbreviation or metadata"
architecture,False,"Topic, technical term, proper name, abbreviation or metadata"
architectures,False,"Topic, technical term, proper name, abbreviation or metadata"
archived,True,General academic wording
area,True,General academic wording
areas,True,General academic wording
areata,False,"Topic, technical term, proper name, abbreviation or metadata"
arene,False,"Topic, technical term, proper name, abbreviation or metadata"
arenes,False,"Topic, technical term, proper name, abbreviation or metadata"
arf,False,"Topic, technical term, proper name, abbreviation or metadata"
argentina,False,"Topic, technical term, proper name, abbreviation or metadata"
arginase,False,"Topic, technical term, proper name, abbreviation or metadata"
argon,False,"Topic, technical term, proper name, abbreviation or metadata"
args,False,"Topic, technical term, proper name, abbreviation or metadata"
argue,True,General academic wording
argues,True,General academic wording
arguing,True,General academic wording
ari,False,"Topic, technical term, proper name, abbreviation or metadata"
arid,False,"Topic, technical term, proper name, abbreviation or metadata"
arima,False,"Topic, technical term, proper name, abbreviation or metadata"
aripiprazole,False,"Topic, technical term, proper name, abbreviation or metadata"
arise,True,General academic wording
arises,True,General academic wording
arising,True,General academic wording
arithmetic,True,General academic wording
arksey,False,"Topic, technical term, proper name, abbreviation or metadata"
arm,True,General academic wording
armonk,False,"Topic, technical term, proper name, abbreviation or metadata"
army,False,"Topic, technical term, proper name, abbreviation or metadata"
aroma,False,"Topic, technical term, proper name, abbreviation or metadata"
aromas,False,"Topic, technical term, proper name, abbreviation or metadata"
aromatic,False,"Topic, technical term, proper name, abbreviation or metadata"
aromaticity,False,"Topic, technical term, proper name, abbreviation or metadata"
aromatics,False,"Topic, technical term, proper name, abbreviation or metadata"
array,True,General academic wording
arrest,False,"Topic, technical term, proper name, abbreviation or metadata"
arrestin,False,"Topic, technical term, proper name, abbreviation or metadata"
arrests,False,"Topic, technical term, proper name, abbreviation or metadata"
arrhenius,False,"Topic, technical term, proper name, abbreviation or metadata"
arrhythmias,False,"Topic, technical term, proper name, abbreviation or metadata"
arrhythmic,False,"Topic, technical term, proper name, abbreviation or metadata"
arrhythmogenic,False,"Topic, technical term, proper name, abbreviation or metadata"
arrived,True,General academic wording
ars,False,"Topic, technical term, proper name, abbreviation or metadata"
arsenite,False,"Topic, technical term, proper name, abbreviation or metadata"
art,True,General academic wording
artemisia,False,"Topic, technical term, proper name, abbreviation or metadata"
arterioles,False,"Topic, technical term, proper name, abbreviation or metadata"
arteriosus,False,"Topic, technical term, proper name, abbreviation or metadata"
arteritis,False,"Topic, technical term, proper name, abbreviation or metadata"
artery,False,"Topic, technical term, proper name, abbreviation or metadata"
arthralgia,False,"Topic, technical term, proper name, abbreviation or metadata"
arthrodesis,False,"Topic, technical term, proper name, abbreviation or metadata"
arthropathy,False,"Topic, technical term, proper name, abbreviation or metadata"
arthroplasty,False,"Topic, technical term, proper name, abbreviation or metadata"
arthropod,False,"Topic, technical term, proper name, abbreviation or metadata"
arthropoda,False,"Topic, technical term, proper name, abbreviation or metadata"
articulate,True,General academic wording
articulated,True,General academic wording
articulation,True,General academic wording
artifact,True,General academic wording
artifacts,False,"Topic, technical term, proper name, abbreviation or metadata"
artificial,True,General academic wording
artistic,False,"Topic, technical term, proper name, abbreviation or metadata"
arts,False,"Topic, technical term, proper name, abbreviation or metadata"
aryl,False,"Topic, technical term, proper name, abbreviation or metadata"
arylation,False,"Topic, technical term, proper name, abbreviation or metadata"
asah,False,"Topic, technical term, proper name, abbreviation or metadata"
ascent,False,"Topic, technical term, proper name, abbreviation or metadata"
ascertain,True,General academic wording
ascertainment,True,General academic wording
ascomycota,False,"Topic, technical term, proper name, abbreviation or metadata"
ascorbic,False,"Topic, technical term, proper name, abbreviation or metadata"
ascs,False,"Topic, technical term, proper name, abbreviation or metadata"
asct,False,"Topic, technical term, proper name, abbreviation or metadata"
ascvd,False,"Topic, technical term, proper name, abbreviation or metadata"
asdr,False,"Topic, technical term, proper name, abbreviation or metadata"
ases,False,"Topic, technical term, proper name, abbreviation or metadata"
asexual,False,"Topic, technical term, proper name, abbreviation or metadata"
asf,False,"Topic, technical term, proper name, abbreviation or metadata"
asfv,False,"Topic, technical term, proper name, abbreviation or metadata"
asha,False,"Topic, technical term, proper name, abbreviation or metadata"
asia,False,"Topic, technical term, proper name, abbreviation or metadata"
asian,False,"Topic, technical term, proper name, abbreviation or metadata"
asir,False,"Topic, technical term, proper name, abbreviation or metadata"
asl,False,"Topic, technical term, proper name, abbreviation or metadata"
asleep,False,"Topic, technical term, proper name, abbreviation or metadata"
asm,False,"Topic, technical term, proper name, abbreviation or metadata"
asmr,False,"Topic, technical term, proper name, abbreviation or metadata"
asms,False,"Topic, technical term, proper name, abbreviation or metadata"
asn,False,"Topic, technical term, proper name, abbreviation or metadata"
aso,False,"Topic, technical term, proper name, abbreviation or metadata"
asos,False,"Topic, technical term, proper name, abbreviation or metadata"
asparagine,False,"Topic, technical term, proper name, abbreviation or metadata"
aspartic,False,"Topic, technical term, proper name, abbreviation or metadata"
aspect,True,General academic wording
aspects,True,General academic wording
aspergillosis,False,"Topic, technical term, proper name, abbreviation or metadata"
asphalt,False,"Topic, technical term, proper name, abbreviation or metadata"
aspirate,False,"Topic, technical term, proper name, abbreviation or metadata"
aspirations,True,General academic wording
asr,False,"Topic, technical term, proper name, abbreviation or metadata"
asrs,False,"Topic, technical term, proper name, abbreviation or metadata"
assays,False,"Topic, technical term, proper name, abbreviation or metadata"
assemblages,False,"Topic, technical term, proper name, abbreviation or metadata"
assembled,True,General academic wording
assembles,True,General academic wording
assemblies,True,General academic wording
assembly,False,"Topic, technical term, proper name, abbreviation or metadata"
assess,True,General academic wording
assessed,True,General academic wording
assesses,True,General academic wording
assessing,True,General academic wording
assessment,True,General academic wording
assessments,True,General academic wording
assessor,True,General academic wording
assessors,True,General academic wording
asset,True,General academic wording
assigned,True,General academic wording
assigning,True,General academic wording
assignment,True,General academic wording
assignments,True,General academic wording
assigns,True,General academic wording
assist,True,General academic wording
assistance,True,General academic wording
assisted,True,General academic wording
assistive,False,"Topic, technical term, proper name, abbreviation or metadata"
associated,True,General academic wording
association,True,General academic wording
association's,False,"Topic, technical term, proper name, abbreviation or metadata"
associations,True,General academic wording
associative,False,"Topic, technical term, proper name, abbreviation or metadata"
assumes,True,General academic wording
assumptions,True,General academic wording
assurance,True,General academic wording
astaxanthin,False,"Topic, technical term, proper name, abbreviation or metadata"
astigmatism,False,"Topic, technical term, proper name, abbreviation or metadata"
astragalus,False,"Topic, technical term, proper name, abbreviation or metadata"
astrazeneca,False,"Topic, technical term, proper name, abbreviation or metadata"
astrocyte,False,"Topic, technical term, proper name, abbreviation or metadata"
astrocytic,False,"Topic, technical term, proper name, abbreviation or metadata"
astrocytoma,False,"Topic, technical term, proper name, abbreviation or metadata"
asvs,False,"Topic, technical term, proper name, abbreviation or metadata"
asymmetric,False,"Topic, technical term, proper name, abbreviation or metadata"
asymmetrical,True,General academic wording
asymmetrically,True,General academic wording
asymmetries,True,General academic wording
asymmetry,False,"Topic, technical term, proper name, abbreviation or metadata"
asynchronous,True,General academic wording
ata,False,"Topic, technical term, proper name, abbreviation or metadata"
atac,False,"Topic, technical term, proper name, abbreviation or metadata"
atc,False,"Topic, technical term, proper name, abbreviation or metadata"
atelectasis,False,"Topic, technical term, proper name, abbreviation or metadata"
atezolizumab,False,"Topic, technical term, proper name, abbreviation or metadata"
atg,False,"Topic, technical term, proper name, abbreviation or metadata"
athens,False,"Topic, technical term, proper name, abbreviation or metadata"
atherogenesis,False,"Topic, technical term, proper name, abbreviation or metadata"
atherogenic,False,"Topic, technical term, proper name, abbreviation or metadata"
atherosclerosis,False,"Topic, technical term, proper name, abbreviation or metadata"
athletes,False,"Topic, technical term, proper name, abbreviation or metadata"
atlases,False,"Topic, technical term, proper name, abbreviation or metadata"
atmospheres,False,"Topic, technical term, proper name, abbreviation or metadata"
atmospheric,False,"Topic, technical term, proper name, abbreviation or metadata"
atom,False,"Topic, technical term, proper name, abbreviation or metadata"
atomic,False,"Topic, technical term, proper name, abbreviation or metadata"
atomically,False,"Topic, technical term, proper name, abbreviation or metadata"
atoms,False,"Topic, technical term, proper name, abbreviation or metadata"
atopy,False,"Topic, technical term, proper name, abbreviation or metadata"
atorvastatin,False,"Topic, technical term, proper name, abbreviation or metadata"
atp,False,"Topic, technical term, proper name, abbreviation or metadata"
atraumatic,False,"Topic, technical term, proper name, abbreviation or metadata"
atrial,False,"Topic, technical term, proper name, abbreviation or metadata"
atrioventricular,False,"Topic, technical term, proper name, abbreviation or metadata"
atrophic,False,"Topic, technical term, proper name, abbreviation or metadata"
atrophy,False,"Topic, technical term, proper name, abbreviation or metadata"
atropine,False,"Topic, technical term, proper name, abbreviation or metadata"
ats,False,"Topic, technical term, proper name, abbreviation or metadata"
att,False,"Topic, technical term, proper name, abbreviation or metadata"
attaching,False,"Topic, technical term, proper name, abbreviation or metadata"
attachments,False,"Topic, technical term, proper name, abbreviation or metadata"
attacked,False,"Topic, technical term, proper name, abbreviation or metadata"
attainable,True,General academic wording
attainment,True,General academic wording
attains,True,General academic wording
attention,True,General academic wording
attenuated,False,"Topic, technical term, proper name, abbreviation or metadata"
attenuates,False,"Topic, technical term, proper name, abbreviation or metadata"
attenuating,False,"Topic, technical term, proper name, abbreviation or metadata"
attenuation,False,"Topic, technical term, proper name, abbreviation or metadata"
attitudes,True,General academic wording
attitudinal,True,General academic wording
attr,False,"Topic, technical term, proper name, abbreviation or metadata"
attracted,True,General academic wording
attributable,True,General academic wording
attributed,True,General academic wording
attributes,True,General academic wording
attributing,True,General academic wording
attribution,True,General academic wording
attrition,True,General academic wording
atypia,False,"Topic, technical term, proper name, abbreviation or metadata"
atypical,True,General academic wording
auc,False,"Topic, technical term, proper name, abbreviation or metadata"
aucs,False,"Topic, technical term, proper name, abbreviation or metadata"
aud,False,"Topic, technical term, proper name, abbreviation or metadata"
audiences,True,General academic wording
audiometric,False,"Topic, technical term, proper name, abbreviation or metadata"
audiometry,False,"Topic, technical term, proper name, abbreviation or metadata"
audiovisual,False,"Topic, technical term, proper name, abbreviation or metadata"
auditable,True,General academic wording
auditing,True,General academic wording
audits,True,General academic wording
augment,True,General academic wording
augmentation,True,General academic wording
augmented,True,General academic wording
augmenting,True,General academic wording
augments,True,General academic wording
august,False,"Topic, technical term, proper name, abbreviation or metadata"
aunps,False,"Topic, technical term, proper name, abbreviation or metadata"
auprc,False,"Topic, technical term, proper name, abbreviation or metadata"
aura,False,"Topic, technical term, proper name, abbreviation or metadata"
aureus,False,"Topic, technical term, proper name, abbreviation or metadata"
auricular,False,"Topic, technical term, proper name, abbreviation or metadata"
auris,False,"Topic, technical term, proper name, abbreviation or metadata"
auroc,False,"Topic, technical term, proper name, abbreviation or metadata"
aurora,False,"Topic, technical term, proper name, abbreviation or metadata"
australians,False,"Topic, technical term, proper name, abbreviation or metadata"
austria,False,"Topic, technical term, proper name, abbreviation or metadata"
authentic,True,General academic wording
authentication,False,"Topic, technical term, proper name, abbreviation or metadata"
authenticity,True,General academic wording
author's,False,"Topic, technical term, proper name, abbreviation or metadata"
authored,True,General academic wording
authoritative,True,General academic wording
authority,True,General academic wording
authorship,True,General academic wording
autistic,False,"Topic, technical term, proper name, abbreviation or metadata"
autoantibody,False,"Topic, technical term, proper name, abbreviation or metadata"
autochthonous,False,"Topic, technical term, proper name, abbreviation or metadata"
autocorrelation,False,"Topic, technical term, proper name, abbreviation or metadata"
autodock,False,"Topic, technical term, proper name, abbreviation or metadata"
autoencoder,False,"Topic, technical term, proper name, abbreviation or metadata"
autoencoders,False,"Topic, technical term, proper name, abbreviation or metadata"
autofluorescence,False,"Topic, technical term, proper name, abbreviation or metadata"
autograft,False,"Topic, technical term, proper name, abbreviation or metadata"
autografts,False,"Topic, technical term, proper name, abbreviation or metadata"
autoimmune,False,"Topic, technical term, proper name, abbreviation or metadata"
autoinflammatory,False,"Topic, technical term, proper name, abbreviation or metadata"
automate,True,General academic wording
automated,False,"Topic, technical term, proper name, abbreviation or metadata"
automates,True,General academic wording
automatic,True,General academic wording
automatically,True,General academic wording
automating,True,General academic wording
automation,True,General academic wording
automotive,False,"Topic, technical term, proper name, abbreviation or metadata"
autonomic,False,"Topic, technical term, proper name, abbreviation or metadata"
autonomous,False,"Topic, technical term, proper name, abbreviation or metadata"
autonomously,True,General academic wording
autonomy,False,"Topic, technical term, proper name, abbreviation or metadata"
autophagic,False,"Topic, technical term, proper name, abbreviation or metadata"
autophagosome,False,"Topic, technical term, proper name, abbreviation or metadata"
autophagy,False,"Topic, technical term, proper name, abbreviation or metadata"
autoreactive,False,"Topic, technical term, proper name, abbreviation or metadata"
autotrophic,False,"Topic, technical term, proper name, abbreviation or metadata"
auxiliary,True,General academic wording
auxin,False,"Topic, technical term, proper name, abbreviation or metadata"
availability,True,General academic wording
ave,False,"Topic, technical term, proper name, abbreviation or metadata"
avenue,True,General academic wording
avenues,True,General academic wording
average,True,General academic wording
averaged,True,General academic wording
averaging,True,General academic wording
aversion,True,General academic wording
averted,True,General academic wording
averting,True,General academic wording
avf,False,"Topic, technical term, proper name, abbreviation or metadata"
aviation,False,"Topic, technical term, proper name, abbreviation or metadata"
avibactam,False,"Topic, technical term, proper name, abbreviation or metadata"
avid,True,General academic wording
avidity,False,"Topic, technical term, proper name, abbreviation or metadata"
avoidable,True,General academic wording
avoidance,True,General academic wording
avoidant,False,"Topic, technical term, proper name, abbreviation or metadata"
avoiding,True,General academic wording
avr,False,"Topic, technical term, proper name, abbreviation or metadata"
avs,False,"Topic, technical term, proper name, abbreviation or metadata"
avulsion,False,"Topic, technical term, proper name, abbreviation or metadata"
awakening,False,"Topic, technical term, proper name, abbreviation or metadata"
award,True,General academic wording
awards,True,General academic wording
aware,True,General academic wording
awareness,True,General academic wording
axes,False,"Topic, technical term, proper name, abbreviation or metadata"
axial,False,"Topic, technical term, proper name, abbreviation or metadata"
axially,False,"Topic, technical term, proper name, abbreviation or metadata"
axilla,False,"Topic, technical term, proper name, abbreviation or metadata"
axis,False,"Topic, technical term, proper name, abbreviation or metadata"
axspa,False,"Topic, technical term, proper name, abbreviation or metadata"
aya,False,"Topic, technical term, proper name, abbreviation or metadata"
ayas,False,"Topic, technical term, proper name, abbreviation or metadata"
aza,False,"Topic, technical term, proper name, abbreviation or metadata"
azibs,False,"Topic, technical term, proper name, abbreviation or metadata"
azide,False,"Topic, technical term, proper name, abbreviation or metadata"
azo,False,"Topic, technical term, proper name, abbreviation or metadata"
azobenzene,False,"Topic, technical term, proper name, abbreviation or metadata"
azole,False,"Topic, technical term, proper name, abbreviation or metadata"
azoles,False,"Topic, technical term, proper name, abbreviation or metadata"
azoospermia,False,"Topic, technical term, proper name, abbreviation or metadata"
bachelor's,False,"Topic, technical term, proper name, abbreviation or metadata"
bacillus,False,"Topic, technical term, proper name, abbreviation or metadata"
backbone,False,"Topic, technical term, proper name, abbreviation or metadata"
backbones,False,"Topic, technical term, proper name, abbreviation or metadata"
backdrop,True,General academic wording
backed,True,General academic wording
backgrounds,True,General academic wording
backgroundthe,False,"Topic, technical term, proper name, abbreviation or metadata"
backpropagation,False,"Topic, technical term, proper name, abbreviation or metadata"
bacteria,False,"Topic, technical term, proper name, abbreviation or metadata"
bacterial,False,"Topic, technical term, proper name, abbreviation or metadata"
bacteriological,False,"Topic, technical term, proper name, abbreviation or metadata"
bacteriophage,False,"Topic, technical term, proper name, abbreviation or metadata"
bacteriostatic,False,"Topic, technical term, proper name, abbreviation or metadata"
bacteroides,False,"Topic, technical term, proper name, abbreviation or metadata"
bacteroidota,False,"Topic, technical term, proper name, abbreviation or metadata"
bags,False,"Topic, technical term, proper name, abbreviation or metadata"
bai,False,"Topic, technical term, proper name, abbreviation or metadata"
baicalin,False,"Topic, technical term, proper name, abbreviation or metadata"
baking,False,"Topic, technical term, proper name, abbreviation or metadata"
balance,True,General academic wording
balanced,True,General academic wording
balances,True,General academic wording
balancing,True,General academic wording
balf,False,"Topic, technical term, proper name, abbreviation or metadata"
ballistic,False,"Topic, technical term, proper name, abbreviation or metadata"
balloons,False,"Topic, technical term, proper name, abbreviation or metadata"
bamboo,False,"Topic, technical term, proper name, abbreviation or metadata"
banana,False,"Topic, technical term, proper name, abbreviation or metadata"
band,False,"Topic, technical term, proper name, abbreviation or metadata"
bandgap,False,"Topic, technical term, proper name, abbreviation or metadata"
bandgaps,False,"Topic, technical term, proper name, abbreviation or metadata"
bands,False,"Topic, technical term, proper name, abbreviation or metadata"
bandwidth,False,"Topic, technical term, proper name, abbreviation or metadata"
bangladeshi,False,"Topic, technical term, proper name, abbreviation or metadata"
bans,False,"Topic, technical term, proper name, abbreviation or metadata"
bap,False,"Topic, technical term, proper name, abbreviation or metadata"
barcelona,False,"Topic, technical term, proper name, abbreviation or metadata"
barcodes,False,"Topic, technical term, proper name, abbreviation or metadata"
barcoding,False,"Topic, technical term, proper name, abbreviation or metadata"
bard,False,"Topic, technical term, proper name, abbreviation or metadata"
barium,False,"Topic, technical term, proper name, abbreviation or metadata"
barrier,True,General academic wording
barriers,True,General academic wording
barthel,False,"Topic, technical term, proper name, abbreviation or metadata"
bas,False,"Topic, technical term, proper name, abbreviation or metadata"
base,True,General academic wording
baseball,False,"Topic, technical term, proper name, abbreviation or metadata"
based,True,General academic wording
baseline,True,General academic wording
baselines,True,General academic wording
basic,True,General academic wording
basidiomycota,False,"Topic, technical term, proper name, abbreviation or metadata"
basins,False,"Topic, technical term, proper name, abbreviation or metadata"
basis,True,General academic wording
basket,False,"Topic, technical term, proper name, abbreviation or metadata"
basketball,False,"Topic, technical term, proper name, abbreviation or metadata"
bass,False,"Topic, technical term, proper name, abbreviation or metadata"
batch,True,General academic wording
batches,True,General academic wording
bathing,False,"Topic, technical term, proper name, abbreviation or metadata"
batteries,False,"Topic, technical term, proper name, abbreviation or metadata"
battery,False,"Topic, technical term, proper name, abbreviation or metadata"
bauer,False,"Topic, technical term, proper name, abbreviation or metadata"
bayesian,False,"Topic, technical term, proper name, abbreviation or metadata"
bbb,False,"Topic, technical term, proper name, abbreviation or metadata"
bbs,False,"Topic, technical term, proper name, abbreviation or metadata"
bcaa,False,"Topic, technical term, proper name, abbreviation or metadata"
bche,False,"Topic, technical term, proper name, abbreviation or metadata"
bci,False,"Topic, technical term, proper name, abbreviation or metadata"
bcis,False,"Topic, technical term, proper name, abbreviation or metadata"
bcma,False,"Topic, technical term, proper name, abbreviation or metadata"
bcp,False,"Topic, technical term, proper name, abbreviation or metadata"
beach,False,"Topic, technical term, proper name, abbreviation or metadata"
beam,False,"Topic, technical term, proper name, abbreviation or metadata"
beans,False,"Topic, technical term, proper name, abbreviation or metadata"
bearing,False,"Topic, technical term, proper name, abbreviation or metadata"
beas,False,"Topic, technical term, proper name, abbreviation or metadata"
beauty,False,"Topic, technical term, proper name, abbreviation or metadata"
bec,False,"Topic, technical term, proper name, abbreviation or metadata"
because,True,General academic wording
become,True,General academic wording
becomes,True,General academic wording
becoming,True,General academic wording
bedside,False,"Topic, technical term, proper name, abbreviation or metadata"
bedtime,False,"Topic, technical term, proper name, abbreviation or metadata"
beer,False,"Topic, technical term, proper name, abbreviation or metadata"
begg's,False,"Topic, technical term, proper name, abbreviation or metadata"
beh,False,"Topic, technical term, proper name, abbreviation or metadata"
behaving,True,General academic wording
behavior,False,"Topic, technical term, proper name, abbreviation or metadata"
behavioral,False,"Topic, technical term, proper name, abbreviation or metadata"
behaviorally,False,"Topic, technical term, proper name, abbreviation or metadata"
behaviors,True,General academic wording
behavioural,True,General academic wording
behind,True,General academic wording
behnken,False,"Topic, technical term, proper name, abbreviation or metadata"
bell,False,"Topic, technical term, proper name, abbreviation or metadata"
below,True,General academic wording
belowground,False,"Topic, technical term, proper name, abbreviation or metadata"
benchmark,False,"Topic, technical term, proper name, abbreviation or metadata"
benchmarked,False,"Topic, technical term, proper name, abbreviation or metadata"
benchmarking,False,"Topic, technical term, proper name, abbreviation or metadata"
benchmarks,False,"Topic, technical term, proper name, abbreviation or metadata"
benchtop,False,"Topic, technical term, proper name, abbreviation or metadata"
bend,False,"Topic, technical term, proper name, abbreviation or metadata"
beneath,True,General academic wording
beneficial,True,General academic wording
beneficiary,True,General academic wording
benefit,True,General academic wording
benefiting,True,General academic wording
benefits,True,General academic wording
benefitted,True,General academic wording
bengal,False,"Topic, technical term, proper name, abbreviation or metadata"
benign,False,"Topic, technical term, proper name, abbreviation or metadata"
benjamini,False,"Topic, technical term, proper name, abbreviation or metadata"
benthamiana,False,"Topic, technical term, proper name, abbreviation or metadata"
benthic,False,"Topic, technical term, proper name, abbreviation or metadata"
benzaldehyde,False,"Topic, technical term, proper name, abbreviation or metadata"
benzimidazole,False,"Topic, technical term, proper name, abbreviation or metadata"
benzoate,False,"Topic, technical term, proper name, abbreviation or metadata"
benzoic,False,"Topic, technical term, proper name, abbreviation or metadata"
benzyl,False,"Topic, technical term, proper name, abbreviation or metadata"
ber,False,"Topic, technical term, proper name, abbreviation or metadata"
berberine,False,"Topic, technical term, proper name, abbreviation or metadata"
bereaved,False,"Topic, technical term, proper name, abbreviation or metadata"
bereavement,False,"Topic, technical term, proper name, abbreviation or metadata"
berg,False,"Topic, technical term, proper name, abbreviation or metadata"
berries,False,"Topic, technical term, proper name, abbreviation or metadata"
bert,False,"Topic, technical term, proper name, abbreviation or metadata"
bespoke,True,General academic wording
best,True,General academic wording
beta,False,"Topic, technical term, proper name, abbreviation or metadata"
betaine,False,"Topic, technical term, proper name, abbreviation or metadata"
bethesda,False,"Topic, technical term, proper name, abbreviation or metadata"
better,True,General academic wording
betweenness,False,"Topic, technical term, proper name, abbreviation or metadata"
beyond,True,General academic wording
bgcs,False,"Topic, technical term, proper name, abbreviation or metadata"
bhlh,False,"Topic, technical term, proper name, abbreviation or metadata"
bia,False,"Topic, technical term, proper name, abbreviation or metadata"
bias,True,General academic wording
biased,True,General academic wording
biases,True,General academic wording
biasing,True,General academic wording
biaxial,False,"Topic, technical term, proper name, abbreviation or metadata"
bibliometric,False,"Topic, technical term, proper name, abbreviation or metadata"
bibliometrix,False,"Topic, technical term, proper name, abbreviation or metadata"
bic,False,"Topic, technical term, proper name, abbreviation or metadata"
bicycle,False,"Topic, technical term, proper name, abbreviation or metadata"
bicyclic,False,"Topic, technical term, proper name, abbreviation or metadata"
bidentate,False,"Topic, technical term, proper name, abbreviation or metadata"
bidirectional,False,"Topic, technical term, proper name, abbreviation or metadata"
bidirectionally,True,General academic wording
bifidobacterium,False,"Topic, technical term, proper name, abbreviation or metadata"
bifunctional,False,"Topic, technical term, proper name, abbreviation or metadata"
bifurcations,False,"Topic, technical term, proper name, abbreviation or metadata"
bilateral,False,"Topic, technical term, proper name, abbreviation or metadata"
bile,False,"Topic, technical term, proper name, abbreviation or metadata"
bilingual,False,"Topic, technical term, proper name, abbreviation or metadata"
bill,False,"Topic, technical term, proper name, abbreviation or metadata"
billing,False,"Topic, technical term, proper name, abbreviation or metadata"
billions,False,"Topic, technical term, proper name, abbreviation or metadata"
bilstm,False,"Topic, technical term, proper name, abbreviation or metadata"
bimetallic,False,"Topic, technical term, proper name, abbreviation or metadata"
bimodal,False,"Topic, technical term, proper name, abbreviation or metadata"
bimolecular,False,"Topic, technical term, proper name, abbreviation or metadata"
binary,True,General academic wording
binder,False,"Topic, technical term, proper name, abbreviation or metadata"
binders,False,"Topic, technical term, proper name, abbreviation or metadata"
binding,False,"Topic, technical term, proper name, abbreviation or metadata"
binds,False,"Topic, technical term, proper name, abbreviation or metadata"
bio,False,"Topic, technical term, proper name, abbreviation or metadata"
bioaccessibility,False,"Topic, technical term, proper name, abbreviation or metadata"
bioaccumulation,False,"Topic, technical term, proper name, abbreviation or metadata"
bioactive,False,"Topic, technical term, proper name, abbreviation or metadata"
bioactives,False,"Topic, technical term, proper name, abbreviation or metadata"
bioactivity,False,"Topic, technical term, proper name, abbreviation or metadata"
bioanalytical,False,"Topic, technical term, proper name, abbreviation or metadata"
bioassays,False,"Topic, technical term, proper name, abbreviation or metadata"
bioavailability,False,"Topic, technical term, proper name, abbreviation or metadata"
biobank,False,"Topic, technical term, proper name, abbreviation or metadata"
biobanks,False,"Topic, technical term, proper name, abbreviation or metadata"
biobased,False,"Topic, technical term, proper name, abbreviation or metadata"
biocatalysis,False,"Topic, technical term, proper name, abbreviation or metadata"
biocatalyst,False,"Topic, technical term, proper name, abbreviation or metadata"
biocatalysts,False,"Topic, technical term, proper name, abbreviation or metadata"
biocatalytic,False,"Topic, technical term, proper name, abbreviation or metadata"
biochar,False,"Topic, technical term, proper name, abbreviation or metadata"
biochemical,False,"Topic, technical term, proper name, abbreviation or metadata"
biocompatibility,False,"Topic, technical term, proper name, abbreviation or metadata"
biocontrol,False,"Topic, technical term, proper name, abbreviation or metadata"
bioconversion,False,"Topic, technical term, proper name, abbreviation or metadata"
biodegradability,False,"Topic, technical term, proper name, abbreviation or metadata"
biodegradable,False,"Topic, technical term, proper name, abbreviation or metadata"
biodistribution,False,"Topic, technical term, proper name, abbreviation or metadata"
biodiversity,False,"Topic, technical term, proper name, abbreviation or metadata"
bioeconomy,False,"Topic, technical term, proper name, abbreviation or metadata"
bioelectrical,False,"Topic, technical term, proper name, abbreviation or metadata"
bioelectronic,False,"Topic, technical term, proper name, abbreviation or metadata"
bioelectronics,False,"Topic, technical term, proper name, abbreviation or metadata"
bioenergetic,False,"Topic, technical term, proper name, abbreviation or metadata"
bioenergetics,False,"Topic, technical term, proper name, abbreviation or metadata"
bioenergy,False,"Topic, technical term, proper name, abbreviation or metadata"
bioengineered,False,"Topic, technical term, proper name, abbreviation or metadata"
bioengineering,False,"Topic, technical term, proper name, abbreviation or metadata"
bioequivalence,False,"Topic, technical term, proper name, abbreviation or metadata"
biofeedback,False,"Topic, technical term, proper name, abbreviation or metadata"
biofilm,False,"Topic, technical term, proper name, abbreviation or metadata"
biofilms,False,"Topic, technical term, proper name, abbreviation or metadata"
biofluids,False,"Topic, technical term, proper name, abbreviation or metadata"
biofouling,False,"Topic, technical term, proper name, abbreviation or metadata"
biofuel,False,"Topic, technical term, proper name, abbreviation or metadata"
biogenesis,False,"Topic, technical term, proper name, abbreviation or metadata"
biogeographic,False,"Topic, technical term, proper name, abbreviation or metadata"
bioimaging,False,"Topic, technical term, proper name, abbreviation or metadata"
bioimpedance,False,"Topic, technical term, proper name, abbreviation or metadata"
bioindicators,False,"Topic, technical term, proper name, abbreviation or metadata"
bioinformatic,False,"Topic, technical term, proper name, abbreviation or metadata"
bioinformatics,False,"Topic, technical term, proper name, abbreviation or metadata"
bioinks,False,"Topic, technical term, proper name, abbreviation or metadata"
bioinspired,False,"Topic, technical term, proper name, abbreviation or metadata"
biologic,False,"Topic, technical term, proper name, abbreviation or metadata"
biological,False,"Topic, technical term, proper name, abbreviation or metadata"
biologically,False,"Topic, technical term, proper name, abbreviation or metadata"
biologics,False,"Topic, technical term, proper name, abbreviation or metadata"
biology,False,"Topic, technical term, proper name, abbreviation or metadata"
bioluminescence,False,"Topic, technical term, proper name, abbreviation or metadata"
biomanufacturing,False,"Topic, technical term, proper name, abbreviation or metadata"
biomarker,False,"Topic, technical term, proper name, abbreviation or metadata"
biomarkers,False,"Topic, technical term, proper name, abbreviation or metadata"
biomass,False,"Topic, technical term, proper name, abbreviation or metadata"
biomaterials,False,"Topic, technical term, proper name, abbreviation or metadata"
biome,False,"Topic, technical term, proper name, abbreviation or metadata"
biomechanical,False,"Topic, technical term, proper name, abbreviation or metadata"
biomechanically,False,"Topic, technical term, proper name, abbreviation or metadata"
biomechanics,False,"Topic, technical term, proper name, abbreviation or metadata"
biomedical,False,"Topic, technical term, proper name, abbreviation or metadata"
biometric,False,"Topic, technical term, proper name, abbreviation or metadata"
biomimetic,False,"Topic, technical term, proper name, abbreviation or metadata"
biomineralization,False,"Topic, technical term, proper name, abbreviation or metadata"
biomolecular,False,"Topic, technical term, proper name, abbreviation or metadata"
biomolecule,False,"Topic, technical term, proper name, abbreviation or metadata"
biomonitoring,False,"Topic, technical term, proper name, abbreviation or metadata"
bionic,False,"Topic, technical term, proper name, abbreviation or metadata"
biontech,False,"Topic, technical term, proper name, abbreviation or metadata"
bioorthogonal,False,"Topic, technical term, proper name, abbreviation or metadata"
biopharmaceutical,False,"Topic, technical term, proper name, abbreviation or metadata"
biophysical,False,"Topic, technical term, proper name, abbreviation or metadata"
biophysics,False,"Topic, technical term, proper name, abbreviation or metadata"
biopolymers,False,"Topic, technical term, proper name, abbreviation or metadata"
bioprinted,False,"Topic, technical term, proper name, abbreviation or metadata"
bioprinting,False,"Topic, technical term, proper name, abbreviation or metadata"
bioprocess,False,"Topic, technical term, proper name, abbreviation or metadata"
bioprosthetic,False,"Topic, technical term, proper name, abbreviation or metadata"
biopsied,False,"Topic, technical term, proper name, abbreviation or metadata"
biopsy,False,"Topic, technical term, proper name, abbreviation or metadata"
biopsychosocial,False,"Topic, technical term, proper name, abbreviation or metadata"
biorefinery,False,"Topic, technical term, proper name, abbreviation or metadata"
biosafety,False,"Topic, technical term, proper name, abbreviation or metadata"
biosecurity,False,"Topic, technical term, proper name, abbreviation or metadata"
biosensing,False,"Topic, technical term, proper name, abbreviation or metadata"
biosensor,False,"Topic, technical term, proper name, abbreviation or metadata"
biosimilar,False,"Topic, technical term, proper name, abbreviation or metadata"
biosphere,False,"Topic, technical term, proper name, abbreviation or metadata"
biosynthesis,False,"Topic, technical term, proper name, abbreviation or metadata"
biosynthesized,False,"Topic, technical term, proper name, abbreviation or metadata"
biosynthetic,False,"Topic, technical term, proper name, abbreviation or metadata"
bipartite,False,"Topic, technical term, proper name, abbreviation or metadata"
biphasic,False,"Topic, technical term, proper name, abbreviation or metadata"
biphenyl,False,"Topic, technical term, proper name, abbreviation or metadata"
biphenyls,False,"Topic, technical term, proper name, abbreviation or metadata"
bipyridine,False,"Topic, technical term, proper name, abbreviation or metadata"
birefringence,False,"Topic, technical term, proper name, abbreviation or metadata"
birthing,False,"Topic, technical term, proper name, abbreviation or metadata"
bis,False,"Topic, technical term, proper name, abbreviation or metadata"
bismuth,False,"Topic, technical term, proper name, abbreviation or metadata"
bispecific,False,"Topic, technical term, proper name, abbreviation or metadata"
bisphenol,False,"Topic, technical term, proper name, abbreviation or metadata"
bisphosphate,False,"Topic, technical term, proper name, abbreviation or metadata"
bisulfite,False,"Topic, technical term, proper name, abbreviation or metadata"
bit,False,"Topic, technical term, proper name, abbreviation or metadata"
biting,False,"Topic, technical term, proper name, abbreviation or metadata"
bits,False,"Topic, technical term, proper name, abbreviation or metadata"
bitter,False,"Topic, technical term, proper name, abbreviation or metadata"
bitterness,False,"Topic, technical term, proper name, abbreviation or metadata"
bivalent,False,"Topic, technical term, proper name, abbreviation or metadata"
bivalve,False,"Topic, technical term, proper name, abbreviation or metadata"
bivalves,False,"Topic, technical term, proper name, abbreviation or metadata"
biventricular,False,"Topic, technical term, proper name, abbreviation or metadata"
biweekly,True,General academic wording
bkmr,False,"Topic, technical term, proper name, abbreviation or metadata"
black,False,"Topic, technical term, proper name, abbreviation or metadata"
blactx,False,"Topic, technical term, proper name, abbreviation or metadata"
blade,False,"Topic, technical term, proper name, abbreviation or metadata"
blades,False,"Topic, technical term, proper name, abbreviation or metadata"
blakpc,False,"Topic, technical term, proper name, abbreviation or metadata"
bland,False,"Topic, technical term, proper name, abbreviation or metadata"
blandm,False,"Topic, technical term, proper name, abbreviation or metadata"
blank,True,General academic wording
blaoxa,False,"Topic, technical term, proper name, abbreviation or metadata"
blastocyst,False,"Topic, technical term, proper name, abbreviation or metadata"
blastocysts,False,"Topic, technical term, proper name, abbreviation or metadata"
blatem,False,"Topic, technical term, proper name, abbreviation or metadata"
blautia,False,"Topic, technical term, proper name, abbreviation or metadata"
bleaching,False,"Topic, technical term, proper name, abbreviation or metadata"
bleeding,False,"Topic, technical term, proper name, abbreviation or metadata"
blending,True,General academic wording
bleomycin,False,"Topic, technical term, proper name, abbreviation or metadata"
blight,False,"Topic, technical term, proper name, abbreviation or metadata"
blind,True,General academic wording
blinded,True,General academic wording
blistering,False,"Topic, technical term, proper name, abbreviation or metadata"
blm,False,"Topic, technical term, proper name, abbreviation or metadata"
bloating,False,"Topic, technical term, proper name, abbreviation or metadata"
bloc,False,"Topic, technical term, proper name, abbreviation or metadata"
block,True,General academic wording
blockade,False,"Topic, technical term, proper name, abbreviation or metadata"
blockchain,False,"Topic, technical term, proper name, abbreviation or metadata"
blocks,True,General academic wording
blood,False,"Topic, technical term, proper name, abbreviation or metadata"
bloody,False,"Topic, technical term, proper name, abbreviation or metadata"
bloom,False,"Topic, technical term, proper name, abbreviation or metadata"
blots,False,"Topic, technical term, proper name, abbreviation or metadata"
blotting,False,"Topic, technical term, proper name, abbreviation or metadata"
blue,False,"Topic, technical term, proper name, abbreviation or metadata"
blueberry,False,"Topic, technical term, proper name, abbreviation or metadata"
blueprint,True,General academic wording
blur,True,General academic wording
blurred,True,General academic wording
blurring,True,General academic wording
bmc,False,"Topic, technical term, proper name, abbreviation or metadata"
bmdms,False,"Topic, technical term, proper name, abbreviation or metadata"
bmi,False,"Topic, technical term, proper name, abbreviation or metadata"
bms,False,"Topic, technical term, proper name, abbreviation or metadata"
bmsc,False,"Topic, technical term, proper name, abbreviation or metadata"
bmscs,False,"Topic, technical term, proper name, abbreviation or metadata"
bnp,False,"Topic, technical term, proper name, abbreviation or metadata"
boards,False,"Topic, technical term, proper name, abbreviation or metadata"
boars,False,"Topic, technical term, proper name, abbreviation or metadata"
boasts,True,General academic wording
bodied,False,"Topic, technical term, proper name, abbreviation or metadata"
bodies,False,"Topic, technical term, proper name, abbreviation or metadata"
bodily,False,"Topic, technical term, proper name, abbreviation or metadata"
bodipy,False,"Topic, technical term, proper name, abbreviation or metadata"
body,False,"Topic, technical term, proper name, abbreviation or metadata"
body's,False,"Topic, technical term, proper name, abbreviation or metadata"
boiling,False,"Topic, technical term, proper name, abbreviation or metadata"
bolster,True,General academic wording
bolstered,True,General academic wording
bolstering,True,General academic wording
bombyx,False,"Topic, technical term, proper name, abbreviation or metadata"
bond,False,"Topic, technical term, proper name, abbreviation or metadata"
bonding,False,"Topic, technical term, proper name, abbreviation or metadata"
bonds,False,"Topic, technical term, proper name, abbreviation or metadata"
bone,False,"Topic, technical term, proper name, abbreviation or metadata"
bonferroni,False,"Topic, technical term, proper name, abbreviation or metadata"
bont,False,"Topic, technical term, proper name, abbreviation or metadata"
boolean,False,"Topic, technical term, proper name, abbreviation or metadata"
boost,True,General academic wording
boosted,True,General academic wording
booster,False,"Topic, technical term, proper name, abbreviation or metadata"
boosters,False,"Topic, technical term, proper name, abbreviation or metadata"
boosting,False,"Topic, technical term, proper name, abbreviation or metadata"
boosts,True,General academic wording
bootstrap,False,"Topic, technical term, proper name, abbreviation or metadata"
bootstrapped,False,"Topic, technical term, proper name, abbreviation or metadata"
bootstrapping,False,"Topic, technical term, proper name, abbreviation or metadata"
bop,False,"Topic, technical term, proper name, abbreviation or metadata"
borate,False,"Topic, technical term, proper name, abbreviation or metadata"
borderline,False,"Topic, technical term, proper name, abbreviation or metadata"
bore,False,"Topic, technical term, proper name, abbreviation or metadata"
borne,False,"Topic, technical term, proper name, abbreviation or metadata"
boronic,False,"Topic, technical term, proper name, abbreviation or metadata"
borrelia,False,"Topic, technical term, proper name, abbreviation or metadata"
boruta,False,"Topic, technical term, proper name, abbreviation or metadata"
bos,False,"Topic, technical term, proper name, abbreviation or metadata"
botanical,False,"Topic, technical term, proper name, abbreviation or metadata"
bothersome,True,General academic wording
botrytis,False,"Topic, technical term, proper name, abbreviation or metadata"
bottleneck,True,General academic wording
bottlenecks,True,General academic wording
bottles,False,"Topic, technical term, proper name, abbreviation or metadata"
bottom,True,General academic wording
bound,True,General academic wording
boundaries,True,General academic wording
boundary,True,General academic wording
bounded,True,General academic wording
bounding,True,General academic wording
bounds,True,General academic wording
bovis,False,"Topic, technical term, proper name, abbreviation or metadata"
bowel,False,"Topic, technical term, proper name, abbreviation or metadata"
box,False,"Topic, technical term, proper name, abbreviation or metadata"
boxes,False,"Topic, technical term, proper name, abbreviation or metadata"
bpa,False,"Topic, technical term, proper name, abbreviation or metadata"
bps,False,"Topic, technical term, proper name, abbreviation or metadata"
bpy,False,"Topic, technical term, proper name, abbreviation or metadata"
brace,False,"Topic, technical term, proper name, abbreviation or metadata"
brackets,False,"Topic, technical term, proper name, abbreviation or metadata"
bradykinesia,False,"Topic, technical term, proper name, abbreviation or metadata"
braf,False,"Topic, technical term, proper name, abbreviation or metadata"
brain,False,"Topic, technical term, proper name, abbreviation or metadata"
brain's,False,"Topic, technical term, proper name, abbreviation or metadata"
brains,False,"Topic, technical term, proper name, abbreviation or metadata"
brake,False,"Topic, technical term, proper name, abbreviation or metadata"
bran,False,"Topic, technical term, proper name, abbreviation or metadata"
branch,True,General academic wording
branching,False,"Topic, technical term, proper name, abbreviation or metadata"
brand,False,"Topic, technical term, proper name, abbreviation or metadata"
braun,False,"Topic, technical term, proper name, abbreviation or metadata"
brazil's,False,"Topic, technical term, proper name, abbreviation or metadata"
breaches,True,General academic wording
bread,False,"Topic, technical term, proper name, abbreviation or metadata"
breaking,True,General academic wording
breakpoints,False,"Topic, technical term, proper name, abbreviation or metadata"
breakthroughs,True,General academic wording
breast,False,"Topic, technical term, proper name, abbreviation or metadata"
breasts,False,"Topic, technical term, proper name, abbreviation or metadata"
bred,False,"Topic, technical term, proper name, abbreviation or metadata"
breeding,False,"Topic, technical term, proper name, abbreviation or metadata"
bref,False,"Topic, technical term, proper name, abbreviation or metadata"
brevis,False,"Topic, technical term, proper name, abbreviation or metadata"
brewing,False,"Topic, technical term, proper name, abbreviation or metadata"
bri,False,"Topic, technical term, proper name, abbreviation or metadata"
bridge,True,General academic wording
bridged,True,General academic wording
bridges,True,General academic wording
bridging,True,General academic wording
brier,False,"Topic, technical term, proper name, abbreviation or metadata"
briggs,False,"Topic, technical term, proper name, abbreviation or metadata"
brightness,False,"Topic, technical term, proper name, abbreviation or metadata"
brine,False,"Topic, technical term, proper name, abbreviation or metadata"
britain,False,"Topic, technical term, proper name, abbreviation or metadata"
brittle,False,"Topic, technical term, proper name, abbreviation or metadata"
brittleness,False,"Topic, technical term, proper name, abbreviation or metadata"
broad,True,General academic wording
broadband,False,"Topic, technical term, proper name, abbreviation or metadata"
broadened,True,General academic wording
broadening,True,General academic wording
broadens,True,General academic wording
broader,True,General academic wording
broadest,True,General academic wording
broadly,True,General academic wording
bromine,False,"Topic, technical term, proper name, abbreviation or metadata"
bronchiectasis,False,"Topic, technical term, proper name, abbreviation or metadata"
bronchodilator,False,"Topic, technical term, proper name, abbreviation or metadata"
bronchoscopic,False,"Topic, technical term, proper name, abbreviation or metadata"
bronchoscopy,False,"Topic, technical term, proper name, abbreviation or metadata"
bronchus,False,"Topic, technical term, proper name, abbreviation or metadata"
brood,False,"Topic, technical term, proper name, abbreviation or metadata"
brownian,False,"Topic, technical term, proper name, abbreviation or metadata"
browning,False,"Topic, technical term, proper name, abbreviation or metadata"
brs,False,"Topic, technical term, proper name, abbreviation or metadata"
brucella,False,"Topic, technical term, proper name, abbreviation or metadata"
brucellosis,False,"Topic, technical term, proper name, abbreviation or metadata"
brunauer,False,"Topic, technical term, proper name, abbreviation or metadata"
bruxism,False,"Topic, technical term, proper name, abbreviation or metadata"
bsi,False,"Topic, technical term, proper name, abbreviation or metadata"
bsis,False,"Topic, technical term, proper name, abbreviation or metadata"
btc,False,"Topic, technical term, proper name, abbreviation or metadata"
btk,False,"Topic, technical term, proper name, abbreviation or metadata"
bubbles,False,"Topic, technical term, proper name, abbreviation or metadata"
buckling,False,"Topic, technical term, proper name, abbreviation or metadata"
budgets,True,General academic wording
buffalo,False,"Topic, technical term, proper name, abbreviation or metadata"
buffering,False,"Topic, technical term, proper name, abbreviation or metadata"
buffers,False,"Topic, technical term, proper name, abbreviation or metadata"
build,True,General academic wording
building,True,General academic wording
buildup,False,"Topic, technical term, proper name, abbreviation or metadata"
built,True,General academic wording
bulbar,False,"Topic, technical term, proper name, abbreviation or metadata"
bulgaria,False,"Topic, technical term, proper name, abbreviation or metadata"
bulk,False,"Topic, technical term, proper name, abbreviation or metadata"
bulky,False,"Topic, technical term, proper name, abbreviation or metadata"
bullous,False,"Topic, technical term, proper name, abbreviation or metadata"
bulls,False,"Topic, technical term, proper name, abbreviation or metadata"
bun,False,"Topic, technical term, proper name, abbreviation or metadata"
bupivacaine,False,"Topic, technical term, proper name, abbreviation or metadata"
buprenorphine,False,"Topic, technical term, proper name, abbreviation or metadata"
burden,True,General academic wording
burdens,True,General academic wording
burdensome,True,General academic wording
burgdorferi,False,"Topic, technical term, proper name, abbreviation or metadata"
burgeoning,True,General academic wording
burial,False,"Topic, technical term, proper name, abbreviation or metadata"
buried,False,"Topic, technical term, proper name, abbreviation or metadata"
burkholderia,False,"Topic, technical term, proper name, abbreviation or metadata"
burkina,False,"Topic, technical term, proper name, abbreviation or metadata"
burnout,False,"Topic, technical term, proper name, abbreviation or metadata"
burr,False,"Topic, technical term, proper name, abbreviation or metadata"
bursting,False,"Topic, technical term, proper name, abbreviation or metadata"
bursts,False,"Topic, technical term, proper name, abbreviation or metadata"
bus,False,"Topic, technical term, proper name, abbreviation or metadata"
busco,False,"Topic, technical term, proper name, abbreviation or metadata"
butadiene,False,"Topic, technical term, proper name, abbreviation or metadata"
butterfly,False,"Topic, technical term, proper name, abbreviation or metadata"
button,False,"Topic, technical term, proper name, abbreviation or metadata"
butyrate,False,"Topic, technical term, proper name, abbreviation or metadata"
butyric,False,"Topic, technical term, proper name, abbreviation or metadata"
butyrylcholinesterase,False,"Topic, technical term, proper name, abbreviation or metadata"
bypass,False,"Topic, technical term, proper name, abbreviation or metadata"
bypasses,False,"Topic, technical term, proper name, abbreviation or metadata"
bypassing,False,"Topic, technical term, proper name, abbreviation or metadata"
byproduct,False,"Topic, technical term, proper name, abbreviation or metadata"
byproducts,False,"Topic, technical term, proper name, abbreviation or metadata"
bystander,False,"Topic, technical term, proper name, abbreviation or metadata"
caa,False,"Topic, technical term, proper name, abbreviation or metadata"
cab,False,"Topic, technical term, proper name, abbreviation or metadata"
cabbage,False,"Topic, technical term, proper name, abbreviation or metadata"
cable,False,"Topic, technical term, proper name, abbreviation or metadata"
cac,False,"Topic, technical term, proper name, abbreviation or metadata"
cadence,False,"Topic, technical term, proper name, abbreviation or metadata"
caenorhabditis,False,"Topic, technical term, proper name, abbreviation or metadata"
caf,False,"Topic, technical term, proper name, abbreviation or metadata"
caffeic,False,"Topic, technical term, proper name, abbreviation or metadata"
cafs,False,"Topic, technical term, proper name, abbreviation or metadata"
cag,False,"Topic, technical term, proper name, abbreviation or metadata"
cai,False,"Topic, technical term, proper name, abbreviation or metadata"
cake,False,"Topic, technical term, proper name, abbreviation or metadata"
calcaneal,False,"Topic, technical term, proper name, abbreviation or metadata"
calcific,False,"Topic, technical term, proper name, abbreviation or metadata"
calcifications,False,"Topic, technical term, proper name, abbreviation or metadata"
calcified,False,"Topic, technical term, proper name, abbreviation or metadata"
calcination,False,"Topic, technical term, proper name, abbreviation or metadata"
calcite,False,"Topic, technical term, proper name, abbreviation or metadata"
calcitonin,False,"Topic, technical term, proper name, abbreviation or metadata"
calcium,False,"Topic, technical term, proper name, abbreviation or metadata"
calculate,True,General academic wording
calculated,True,General academic wording
calculates,True,General academic wording
calculating,True,General academic wording
calculation,True,General academic wording
calculations,False,"Topic, technical term, proper name, abbreviation or metadata"
calculator,True,General academic wording
calculi,False,"Topic, technical term, proper name, abbreviation or metadata"
calculus,False,"Topic, technical term, proper name, abbreviation or metadata"
calendar,True,General academic wording
caliber,True,General academic wording
calibrated,False,"Topic, technical term, proper name, abbreviation or metadata"
calibrating,True,General academic wording
calibration,False,"Topic, technical term, proper name, abbreviation or metadata"
caliper,False,"Topic, technical term, proper name, abbreviation or metadata"
called,True,General academic wording
callus,False,"Topic, technical term, proper name, abbreviation or metadata"
calm,False,"Topic, technical term, proper name, abbreviation or metadata"
calmette,False,"Topic, technical term, proper name, abbreviation or metadata"
calprotectin,False,"Topic, technical term, proper name, abbreviation or metadata"
calvarial,False,"Topic, technical term, proper name, abbreviation or metadata"
calving,False,"Topic, technical term, proper name, abbreviation or metadata"
cam,False,"Topic, technical term, proper name, abbreviation or metadata"
cambodia,False,"Topic, technical term, proper name, abbreviation or metadata"
cambridge,False,"Topic, technical term, proper name, abbreviation or metadata"
camel,False,"Topic, technical term, proper name, abbreviation or metadata"
camellia,False,"Topic, technical term, proper name, abbreviation or metadata"
camels,False,"Topic, technical term, proper name, abbreviation or metadata"
cameras,False,"Topic, technical term, proper name, abbreviation or metadata"
cameroon,False,"Topic, technical term, proper name, abbreviation or metadata"
camouflage,False,"Topic, technical term, proper name, abbreviation or metadata"
camps,False,"Topic, technical term, proper name, abbreviation or metadata"
canada's,False,"Topic, technical term, proper name, abbreviation or metadata"
cancellous,False,"Topic, technical term, proper name, abbreviation or metadata"
cancer,False,"Topic, technical term, proper name, abbreviation or metadata"
cancers,False,"Topic, technical term, proper name, abbreviation or metadata"
candida,False,"Topic, technical term, proper name, abbreviation or metadata"
candidacy,False,"Topic, technical term, proper name, abbreviation or metadata"
candidate,True,General academic wording
candidates,True,General academic wording
candidatus,False,"Topic, technical term, proper name, abbreviation or metadata"
candidiasis,False,"Topic, technical term, proper name, abbreviation or metadata"
canines,False,"Topic, technical term, proper name, abbreviation or metadata"
canis,False,"Topic, technical term, proper name, abbreviation or metadata"
cannabidiol,False,"Topic, technical term, proper name, abbreviation or metadata"
cannot,True,General academic wording
cannulated,False,"Topic, technical term, proper name, abbreviation or metadata"
canonical,False,"Topic, technical term, proper name, abbreviation or metadata"
cantilever,False,"Topic, technical term, proper name, abbreviation or metadata"
cao,False,"Topic, technical term, proper name, abbreviation or metadata"
capabilities,True,General academic wording
capability,True,General academic wording
capable,True,General academic wording
capacitance,False,"Topic, technical term, proper name, abbreviation or metadata"
capacitive,False,"Topic, technical term, proper name, abbreviation or metadata"
capacitor,False,"Topic, technical term, proper name, abbreviation or metadata"
capacitors,False,"Topic, technical term, proper name, abbreviation or metadata"
capacity,True,General academic wording
capecitabine,False,"Topic, technical term, proper name, abbreviation or metadata"
capitalizing,True,General academic wording
caps,False,"Topic, technical term, proper name, abbreviation or metadata"
capsicum,False,"Topic, technical term, proper name, abbreviation or metadata"
capsids,False,"Topic, technical term, proper name, abbreviation or metadata"
capsular,False,"Topic, technical term, proper name, abbreviation or metadata"
capture,True,General academic wording
captured,True,General academic wording
captures,True,General academic wording
capturing,True,General academic wording
car,False,"Topic, technical term, proper name, abbreviation or metadata"
carbamazepine,False,"Topic, technical term, proper name, abbreviation or metadata"
carbapenem,False,"Topic, technical term, proper name, abbreviation or metadata"
carbapenemase,False,"Topic, technical term, proper name, abbreviation or metadata"
carbapenemases,False,"Topic, technical term, proper name, abbreviation or metadata"
carbapenems,False,"Topic, technical term, proper name, abbreviation or metadata"
carbazole,False,"Topic, technical term, proper name, abbreviation or metadata"
carbene,False,"Topic, technical term, proper name, abbreviation or metadata"
carbide,False,"Topic, technical term, proper name, abbreviation or metadata"
carbon,False,"Topic, technical term, proper name, abbreviation or metadata"
carbonaceous,False,"Topic, technical term, proper name, abbreviation or metadata"
carbonates,False,"Topic, technical term, proper name, abbreviation or metadata"
carbonic,False,"Topic, technical term, proper name, abbreviation or metadata"
carbonization,False,"Topic, technical term, proper name, abbreviation or metadata"
carbonyl,False,"Topic, technical term, proper name, abbreviation or metadata"
carboxy,False,"Topic, technical term, proper name, abbreviation or metadata"
carboxymethyl,False,"Topic, technical term, proper name, abbreviation or metadata"
carcinogenicity,False,"Topic, technical term, proper name, abbreviation or metadata"
carcinogens,False,"Topic, technical term, proper name, abbreviation or metadata"
carcinoma,False,"Topic, technical term, proper name, abbreviation or metadata"
carcinomatosis,False,"Topic, technical term, proper name, abbreviation or metadata"
cardiac,False,"Topic, technical term, proper name, abbreviation or metadata"
cardiogenic,False,"Topic, technical term, proper name, abbreviation or metadata"
cardiolipin,False,"Topic, technical term, proper name, abbreviation or metadata"
cardiologist,False,"Topic, technical term, proper name, abbreviation or metadata"
cardiometabolic,False,"Topic, technical term, proper name, abbreviation or metadata"
cardiomyopathies,False,"Topic, technical term, proper name, abbreviation or metadata"
cardiomyopathy,False,"Topic, technical term, proper name, abbreviation or metadata"
cardioprotection,False,"Topic, technical term, proper name, abbreviation or metadata"
cardioprotective,False,"Topic, technical term, proper name, abbreviation or metadata"
cardiopulmonary,False,"Topic, technical term, proper name, abbreviation or metadata"
cardiorenal,False,"Topic, technical term, proper name, abbreviation or metadata"
cardiothoracic,False,"Topic, technical term, proper name, abbreviation or metadata"
cardiotoxic,False,"Topic, technical term, proper name, abbreviation or metadata"
cardiotoxicity,False,"Topic, technical term, proper name, abbreviation or metadata"
cardiovascular,False,"Topic, technical term, proper name, abbreviation or metadata"
care,False,"Topic, technical term, proper name, abbreviation or metadata"
career,True,General academic wording
careers,True,General academic wording
careful,True,General academic wording
carefully,True,General academic wording
caregiver,False,"Topic, technical term, proper name, abbreviation or metadata"
caregiver's,False,"Topic, technical term, proper name, abbreviation or metadata"
caregivers,False,"Topic, technical term, proper name, abbreviation or metadata"
caregiving,False,"Topic, technical term, proper name, abbreviation or metadata"
carer,False,"Topic, technical term, proper name, abbreviation or metadata"
cargo,False,"Topic, technical term, proper name, abbreviation or metadata"
cargoes,False,"Topic, technical term, proper name, abbreviation or metadata"
cargos,False,"Topic, technical term, proper name, abbreviation or metadata"
carious,False,"Topic, technical term, proper name, abbreviation or metadata"
carlo,False,"Topic, technical term, proper name, abbreviation or metadata"
carp,False,"Topic, technical term, proper name, abbreviation or metadata"
carrageenan,False,"Topic, technical term, proper name, abbreviation or metadata"
carriage,False,"Topic, technical term, proper name, abbreviation or metadata"
carried,True,General academic wording
carrier,False,"Topic, technical term, proper name, abbreviation or metadata"
carriers,False,"Topic, technical term, proper name, abbreviation or metadata"
carries,False,"Topic, technical term, proper name, abbreviation or metadata"
carrying,True,General academic wording
cars,False,"Topic, technical term, proper name, abbreviation or metadata"
cartridge,False,"Topic, technical term, proper name, abbreviation or metadata"
carvacrol,False,"Topic, technical term, proper name, abbreviation or metadata"
caryophyllene,False,"Topic, technical term, proper name, abbreviation or metadata"
cascade,False,"Topic, technical term, proper name, abbreviation or metadata"
cascaded,False,"Topic, technical term, proper name, abbreviation or metadata"
cascades,False,"Topic, technical term, proper name, abbreviation or metadata"
cascading,True,General academic wording
case,True,General academic wording
cases,True,General academic wording
cash,False,"Topic, technical term, proper name, abbreviation or metadata"
casp,False,"Topic, technical term, proper name, abbreviation or metadata"
cassava,False,"Topic, technical term, proper name, abbreviation or metadata"
casts,False,"Topic, technical term, proper name, abbreviation or metadata"
casualties,False,"Topic, technical term, proper name, abbreviation or metadata"
casualty,False,"Topic, technical term, proper name, abbreviation or metadata"
cat,False,"Topic, technical term, proper name, abbreviation or metadata"
catalog,True,General academic wording
catalysed,False,"Topic, technical term, proper name, abbreviation or metadata"
catalysis,False,"Topic, technical term, proper name, abbreviation or metadata"
catalyst,False,"Topic, technical term, proper name, abbreviation or metadata"
catalysts,False,"Topic, technical term, proper name, abbreviation or metadata"
catalytic,False,"Topic, technical term, proper name, abbreviation or metadata"
catalytically,False,"Topic, technical term, proper name, abbreviation or metadata"
catalyzed,False,"Topic, technical term, proper name, abbreviation or metadata"
catalyzing,False,"Topic, technical term, proper name, abbreviation or metadata"
cataracts,False,"Topic, technical term, proper name, abbreviation or metadata"
catastrophizing,False,"Topic, technical term, proper name, abbreviation or metadata"
catboost,False,"Topic, technical term, proper name, abbreviation or metadata"
catechin,False,"Topic, technical term, proper name, abbreviation or metadata"
catecholamines,False,"Topic, technical term, proper name, abbreviation or metadata"
categorical,True,General academic wording
categories,True,General academic wording
categorised,True,General academic wording
categorized,True,General academic wording
categorizes,True,General academic wording
categorizing,True,General academic wording
category,True,General academic wording
cater,True,General academic wording
catfish,False,"Topic, technical term, proper name, abbreviation or metadata"
cathepsin,False,"Topic, technical term, proper name, abbreviation or metadata"
catheter,False,"Topic, technical term, proper name, abbreviation or metadata"
cathode,False,"Topic, technical term, proper name, abbreviation or metadata"
cathodes,False,"Topic, technical term, proper name, abbreviation or metadata"
cathodic,False,"Topic, technical term, proper name, abbreviation or metadata"
cation,False,"Topic, technical term, proper name, abbreviation or metadata"
causal,False,"Topic, technical term, proper name, abbreviation or metadata"
causality,False,"Topic, technical term, proper name, abbreviation or metadata"
causally,True,General academic wording
causation,True,General academic wording
cause,True,General academic wording
caused,True,General academic wording
causes,True,General academic wording
causing,True,General academic wording
caution,True,General academic wording
cautious,True,General academic wording
cautiously,True,General academic wording
cave,False,"Topic, technical term, proper name, abbreviation or metadata"
cavitation,False,"Topic, technical term, proper name, abbreviation or metadata"
cavity,False,"Topic, technical term, proper name, abbreviation or metadata"
cba,False,"Topic, technical term, proper name, abbreviation or metadata"
cbc,False,"Topic, technical term, proper name, abbreviation or metadata"
cbct,False,"Topic, technical term, proper name, abbreviation or metadata"
cbl,False,"Topic, technical term, proper name, abbreviation or metadata"
cbs,False,"Topic, technical term, proper name, abbreviation or metadata"
ccc,False,"Topic, technical term, proper name, abbreviation or metadata"
cck,False,"Topic, technical term, proper name, abbreviation or metadata"
ccl,False,"Topic, technical term, proper name, abbreviation or metadata"
ccm,False,"Topic, technical term, proper name, abbreviation or metadata"
ccr,False,"Topic, technical term, proper name, abbreviation or metadata"
ccsd,False,"Topic, technical term, proper name, abbreviation or metadata"
cct,False,"Topic, technical term, proper name, abbreviation or metadata"
ccta,False,"Topic, technical term, proper name, abbreviation or metadata"
cdk,False,"Topic, technical term, proper name, abbreviation or metadata"
cdr,False,"Topic, technical term, proper name, abbreviation or metadata"
cds,False,"Topic, technical term, proper name, abbreviation or metadata"
cdss,False,"Topic, technical term, proper name, abbreviation or metadata"
cdt,False,"Topic, technical term, proper name, abbreviation or metadata"
cec,False,"Topic, technical term, proper name, abbreviation or metadata"
cecal,False,"Topic, technical term, proper name, abbreviation or metadata"
cect,False,"Topic, technical term, proper name, abbreviation or metadata"
cecum,False,"Topic, technical term, proper name, abbreviation or metadata"
cefazolin,False,"Topic, technical term, proper name, abbreviation or metadata"
cefepime,False,"Topic, technical term, proper name, abbreviation or metadata"
ceftazidime,False,"Topic, technical term, proper name, abbreviation or metadata"
ceftriaxone,False,"Topic, technical term, proper name, abbreviation or metadata"
ceiling,True,General academic wording
cel,False,"Topic, technical term, proper name, abbreviation or metadata"
cell,False,"Topic, technical term, proper name, abbreviation or metadata"
cell's,False,"Topic, technical term, proper name, abbreviation or metadata"
cells,False,"Topic, technical term, proper name, abbreviation or metadata"
cellular,False,"Topic, technical term, proper name, abbreviation or metadata"
cellularity,False,"Topic, technical term, proper name, abbreviation or metadata"
cellulase,False,"Topic, technical term, proper name, abbreviation or metadata"
cellulitis,False,"Topic, technical term, proper name, abbreviation or metadata"
cellulose,False,"Topic, technical term, proper name, abbreviation or metadata"
cellulosic,False,"Topic, technical term, proper name, abbreviation or metadata"
cem,False,"Topic, technical term, proper name, abbreviation or metadata"
cemented,False,"Topic, technical term, proper name, abbreviation or metadata"
cementitious,False,"Topic, technical term, proper name, abbreviation or metadata"
cementless,False,"Topic, technical term, proper name, abbreviation or metadata"
cements,False,"Topic, technical term, proper name, abbreviation or metadata"
censoring,False,"Topic, technical term, proper name, abbreviation or metadata"
center,False,"Topic, technical term, proper name, abbreviation or metadata"
center's,False,"Topic, technical term, proper name, abbreviation or metadata"
centered,True,General academic wording
centering,True,General academic wording
centers,False,"Topic, technical term, proper name, abbreviation or metadata"
centimeter,False,"Topic, technical term, proper name, abbreviation or metadata"
central,True,General academic wording
centrality,True,General academic wording
centralized,True,General academic wording
centrally,True,General academic wording
centre,False,"Topic, technical term, proper name, abbreviation or metadata"
centred,True,General academic wording
centric,False,"Topic, technical term, proper name, abbreviation or metadata"
centrifugal,False,"Topic, technical term, proper name, abbreviation or metadata"
centroid,False,"Topic, technical term, proper name, abbreviation or metadata"
centromere,False,"Topic, technical term, proper name, abbreviation or metadata"
cephalometric,False,"Topic, technical term, proper name, abbreviation or metadata"
cephalosporin,False,"Topic, technical term, proper name, abbreviation or metadata"
cer,False,"Topic, technical term, proper name, abbreviation or metadata"
ceramics,False,"Topic, technical term, proper name, abbreviation or metadata"
ceramides,False,"Topic, technical term, proper name, abbreviation or metadata"
cerebrospinal,False,"Topic, technical term, proper name, abbreviation or metadata"
cereus,False,"Topic, technical term, proper name, abbreviation or metadata"
cerium,False,"Topic, technical term, proper name, abbreviation or metadata"
certain,True,General academic wording
certainty,True,General academic wording
certificates,True,General academic wording
cervical,False,"Topic, technical term, proper name, abbreviation or metadata"
cervix,False,"Topic, technical term, proper name, abbreviation or metadata"
ces,False,"Topic, technical term, proper name, abbreviation or metadata"
cesium,False,"Topic, technical term, proper name, abbreviation or metadata"
cetsa,False,"Topic, technical term, proper name, abbreviation or metadata"
ceus,False,"Topic, technical term, proper name, abbreviation or metadata"
cfa,False,"Topic, technical term, proper name, abbreviation or metadata"
cfd,False,"Topic, technical term, proper name, abbreviation or metadata"
cfdna,False,"Topic, technical term, proper name, abbreviation or metadata"
cfi,False,"Topic, technical term, proper name, abbreviation or metadata"
cfir,False,"Topic, technical term, proper name, abbreviation or metadata"
cfs,False,"Topic, technical term, proper name, abbreviation or metadata"
cftr,False,"Topic, technical term, proper name, abbreviation or metadata"
cga,False,"Topic, technical term, proper name, abbreviation or metadata"
cgas,False,"Topic, technical term, proper name, abbreviation or metadata"
cgi,False,"Topic, technical term, proper name, abbreviation or metadata"
cgm,False,"Topic, technical term, proper name, abbreviation or metadata"
cgrp,False,"Topic, technical term, proper name, abbreviation or metadata"
cha,False,"Topic, technical term, proper name, abbreviation or metadata"
chagas,False,"Topic, technical term, proper name, abbreviation or metadata"
chains,False,"Topic, technical term, proper name, abbreviation or metadata"
chair,False,"Topic, technical term, proper name, abbreviation or metadata"
chalcone,False,"Topic, technical term, proper name, abbreviation or metadata"
challenge,True,General academic wording
challenges,True,General academic wording
challenging,True,General academic wording
champion,False,"Topic, technical term, proper name, abbreviation or metadata"
champions,False,"Topic, technical term, proper name, abbreviation or metadata"
change,True,General academic wording
changed,True,General academic wording
changes,True,General academic wording
changing,True,General academic wording
channel,False,"Topic, technical term, proper name, abbreviation or metadata"
channels,False,"Topic, technical term, proper name, abbreviation or metadata"
chaos,False,"Topic, technical term, proper name, abbreviation or metadata"
chaotic,True,General academic wording
chaperones,False,"Topic, technical term, proper name, abbreviation or metadata"
chapter,False,"Topic, technical term, proper name, abbreviation or metadata"
chapters,False,"Topic, technical term, proper name, abbreviation or metadata"
char,False,"Topic, technical term, proper name, abbreviation or metadata"
characterise,True,General academic wording
characterised,True,General academic wording
characterising,True,General academic wording
characteristic,True,General academic wording
characteristics,True,General academic wording
characterization,True,General academic wording
characterize,True,General academic wording
characterized,True,General academic wording
characterizes,True,General academic wording
characterizing,True,General academic wording
charcoal,False,"Topic, technical term, proper name, abbreviation or metadata"
charcot,False,"Topic, technical term, proper name, abbreviation or metadata"
charge,False,"Topic, technical term, proper name, abbreviation or metadata"
charging,False,"Topic, technical term, proper name, abbreviation or metadata"
charls,False,"Topic, technical term, proper name, abbreviation or metadata"
charted,True,General academic wording
charting,True,General academic wording
chassis,False,"Topic, technical term, proper name, abbreviation or metadata"
chat,False,"Topic, technical term, proper name, abbreviation or metadata"
chatbot,False,"Topic, technical term, proper name, abbreviation or metadata"
chatbots,False,"Topic, technical term, proper name, abbreviation or metadata"
chatgpt,False,"Topic, technical term, proper name, abbreviation or metadata"
chb,False,"Topic, technical term, proper name, abbreviation or metadata"
che,False,"Topic, technical term, proper name, abbreviation or metadata"
checkerboard,False,"Topic, technical term, proper name, abbreviation or metadata"
checklist,True,General academic wording
checklists,True,General academic wording
checkpoint,False,"Topic, technical term, proper name, abbreviation or metadata"
checkpoints,False,"Topic, technical term, proper name, abbreviation or metadata"
checks,True,General academic wording
checkups,False,"Topic, technical term, proper name, abbreviation or metadata"
cheek,False,"Topic, technical term, proper name, abbreviation or metadata"
chelate,False,"Topic, technical term, proper name, abbreviation or metadata"
chelation,False,"Topic, technical term, proper name, abbreviation or metadata"
chelators,False,"Topic, technical term, proper name, abbreviation or metadata"
chemical,False,"Topic, technical term, proper name, abbreviation or metadata"
chemically,False,"Topic, technical term, proper name, abbreviation or metadata"
chemicals,False,"Topic, technical term, proper name, abbreviation or metadata"
chemiluminescence,False,"Topic, technical term, proper name, abbreviation or metadata"
chemiluminescent,False,"Topic, technical term, proper name, abbreviation or metadata"
chemisorption,False,"Topic, technical term, proper name, abbreviation or metadata"
chemistries,False,"Topic, technical term, proper name, abbreviation or metadata"
chemistry,False,"Topic, technical term, proper name, abbreviation or metadata"
chemists,False,"Topic, technical term, proper name, abbreviation or metadata"
chemodynamic,False,"Topic, technical term, proper name, abbreviation or metadata"
chemoembolization,False,"Topic, technical term, proper name, abbreviation or metadata"
chemogenetic,False,"Topic, technical term, proper name, abbreviation or metadata"
chemoimmunotherapy,False,"Topic, technical term, proper name, abbreviation or metadata"
chemometric,False,"Topic, technical term, proper name, abbreviation or metadata"
chemometrics,False,"Topic, technical term, proper name, abbreviation or metadata"
chemopreventive,False,"Topic, technical term, proper name, abbreviation or metadata"
chemoselective,False,"Topic, technical term, proper name, abbreviation or metadata"
chemosensitivity,False,"Topic, technical term, proper name, abbreviation or metadata"
chemotaxonomic,False,"Topic, technical term, proper name, abbreviation or metadata"
chemotherapies,False,"Topic, technical term, proper name, abbreviation or metadata"
chemotherapy,False,"Topic, technical term, proper name, abbreviation or metadata"
chen,False,"Topic, technical term, proper name, abbreviation or metadata"
chengdu,False,"Topic, technical term, proper name, abbreviation or metadata"
cherry,False,"Topic, technical term, proper name, abbreviation or metadata"
chewiness,False,"Topic, technical term, proper name, abbreviation or metadata"
chewing,False,"Topic, technical term, proper name, abbreviation or metadata"
chi,False,"Topic, technical term, proper name, abbreviation or metadata"
chickpea,False,"Topic, technical term, proper name, abbreviation or metadata"
chicks,False,"Topic, technical term, proper name, abbreviation or metadata"
chictr,False,"Topic, technical term, proper name, abbreviation or metadata"
chief,True,General academic wording
chikungunya,False,"Topic, technical term, proper name, abbreviation or metadata"
chikv,False,"Topic, technical term, proper name, abbreviation or metadata"
childcare,False,"Topic, technical term, proper name, abbreviation or metadata"
childhood,False,"Topic, technical term, proper name, abbreviation or metadata"
children,False,"Topic, technical term, proper name, abbreviation or metadata"
chimera,False,"Topic, technical term, proper name, abbreviation or metadata"
chimeras,False,"Topic, technical term, proper name, abbreviation or metadata"
chimeric,False,"Topic, technical term, proper name, abbreviation or metadata"
chin,False,"Topic, technical term, proper name, abbreviation or metadata"
china,False,"Topic, technical term, proper name, abbreviation or metadata"
china's,False,"Topic, technical term, proper name, abbreviation or metadata"
chinese,False,"Topic, technical term, proper name, abbreviation or metadata"
chip,False,"Topic, technical term, proper name, abbreviation or metadata"
chiral,False,"Topic, technical term, proper name, abbreviation or metadata"
chirality,False,"Topic, technical term, proper name, abbreviation or metadata"
chiroptical,False,"Topic, technical term, proper name, abbreviation or metadata"
chitinase,False,"Topic, technical term, proper name, abbreviation or metadata"
chitosan,False,"Topic, technical term, proper name, abbreviation or metadata"
chl,False,"Topic, technical term, proper name, abbreviation or metadata"
chlamydomonas,False,"Topic, technical term, proper name, abbreviation or metadata"
chloramphenicol,False,"Topic, technical term, proper name, abbreviation or metadata"
chlorella,False,"Topic, technical term, proper name, abbreviation or metadata"
chloride,False,"Topic, technical term, proper name, abbreviation or metadata"
chlorides,False,"Topic, technical term, proper name, abbreviation or metadata"
chlorination,False,"Topic, technical term, proper name, abbreviation or metadata"
chlorogenic,False,"Topic, technical term, proper name, abbreviation or metadata"
chlorophyll,False,"Topic, technical term, proper name, abbreviation or metadata"
chloroplasts,False,"Topic, technical term, proper name, abbreviation or metadata"
chlorpyrifos,False,"Topic, technical term, proper name, abbreviation or metadata"
choices,True,General academic wording
cholangiopancreatography,False,"Topic, technical term, proper name, abbreviation or metadata"
cholecystectomy,False,"Topic, technical term, proper name, abbreviation or metadata"
cholecystitis,False,"Topic, technical term, proper name, abbreviation or metadata"
cholelithiasis,False,"Topic, technical term, proper name, abbreviation or metadata"
cholerae,False,"Topic, technical term, proper name, abbreviation or metadata"
cholestatic,False,"Topic, technical term, proper name, abbreviation or metadata"
cholesterol,False,"Topic, technical term, proper name, abbreviation or metadata"
chondrogenic,False,"Topic, technical term, proper name, abbreviation or metadata"
chondroitin,False,"Topic, technical term, proper name, abbreviation or metadata"
chondrosarcoma,False,"Topic, technical term, proper name, abbreviation or metadata"
chongqing,False,"Topic, technical term, proper name, abbreviation or metadata"
chosen,True,General academic wording
chr,False,"Topic, technical term, proper name, abbreviation or metadata"
chromatin,False,"Topic, technical term, proper name, abbreviation or metadata"
chromatography,False,"Topic, technical term, proper name, abbreviation or metadata"
chromogenic,False,"Topic, technical term, proper name, abbreviation or metadata"
chromophore,False,"Topic, technical term, proper name, abbreviation or metadata"
chromosomal,False,"Topic, technical term, proper name, abbreviation or metadata"
chromosomes,False,"Topic, technical term, proper name, abbreviation or metadata"
chronic,False,"Topic, technical term, proper name, abbreviation or metadata"
chronicity,False,"Topic, technical term, proper name, abbreviation or metadata"
chronological,True,General academic wording
chronotype,False,"Topic, technical term, proper name, abbreviation or metadata"
chs,False,"Topic, technical term, proper name, abbreviation or metadata"
chx,False,"Topic, technical term, proper name, abbreviation or metadata"
cia,False,"Topic, technical term, proper name, abbreviation or metadata"
cibersort,False,"Topic, technical term, proper name, abbreviation or metadata"
cic,False,"Topic, technical term, proper name, abbreviation or metadata"
cid,False,"Topic, technical term, proper name, abbreviation or metadata"
cie,False,"Topic, technical term, proper name, abbreviation or metadata"
cilia,False,"Topic, technical term, proper name, abbreviation or metadata"
ciliated,False,"Topic, technical term, proper name, abbreviation or metadata"
cimt,False,"Topic, technical term, proper name, abbreviation or metadata"
cin,False,"Topic, technical term, proper name, abbreviation or metadata"
cinahl,False,"Topic, technical term, proper name, abbreviation or metadata"
cine,False,"Topic, technical term, proper name, abbreviation or metadata"
cinerea,False,"Topic, technical term, proper name, abbreviation or metadata"
cinnamaldehyde,False,"Topic, technical term, proper name, abbreviation or metadata"
cinnamic,False,"Topic, technical term, proper name, abbreviation or metadata"
cip,False,"Topic, technical term, proper name, abbreviation or metadata"
circadian,False,"Topic, technical term, proper name, abbreviation or metadata"
circles,False,"Topic, technical term, proper name, abbreviation or metadata"
circuit,False,"Topic, technical term, proper name, abbreviation or metadata"
circuitry,False,"Topic, technical term, proper name, abbreviation or metadata"
circuits,False,"Topic, technical term, proper name, abbreviation or metadata"
circular,False,"Topic, technical term, proper name, abbreviation or metadata"
circularity,False,"Topic, technical term, proper name, abbreviation or metadata"
circularly,False,"Topic, technical term, proper name, abbreviation or metadata"
circulating,False,"Topic, technical term, proper name, abbreviation or metadata"
circulation,False,"Topic, technical term, proper name, abbreviation or metadata"
circumflex,False,"Topic, technical term, proper name, abbreviation or metadata"
circumscribed,False,"Topic, technical term, proper name, abbreviation or metadata"
circumventing,True,General academic wording
circumvents,True,General academic wording
cis,False,"Topic, technical term, proper name, abbreviation or metadata"
cisgender,False,"Topic, technical term, proper name, abbreviation or metadata"
cit,False,"Topic, technical term, proper name, abbreviation or metadata"
citation,False,"Topic, technical term, proper name, abbreviation or metadata"
citespace,False,"Topic, technical term, proper name, abbreviation or metadata"
citing,True,General academic wording
citizenship,False,"Topic, technical term, proper name, abbreviation or metadata"
citric,False,"Topic, technical term, proper name, abbreviation or metadata"
citrobacter,False,"Topic, technical term, proper name, abbreviation or metadata"
citrullinated,False,"Topic, technical term, proper name, abbreviation or metadata"
citrulline,False,"Topic, technical term, proper name, abbreviation or metadata"
civilian,False,"Topic, technical term, proper name, abbreviation or metadata"
civilization,False,"Topic, technical term, proper name, abbreviation or metadata"
ckd,False,"Topic, technical term, proper name, abbreviation or metadata"
ckm,False,"Topic, technical term, proper name, abbreviation or metadata"
cko,False,"Topic, technical term, proper name, abbreviation or metadata"
claims,True,General academic wording
clarification,True,General academic wording
clarifies,True,General academic wording
clarify,True,General academic wording
clarifying,True,General academic wording
clarity,True,General academic wording
clarke's,False,"Topic, technical term, proper name, abbreviation or metadata"
class,False,"Topic, technical term, proper name, abbreviation or metadata"
classes,True,General academic wording
classical,False,"Topic, technical term, proper name, abbreviation or metadata"
classically,True,General academic wording
classification,False,"Topic, technical term, proper name, abbreviation or metadata"
classifications,True,General academic wording
classified,False,"Topic, technical term, proper name, abbreviation or metadata"
classifier,False,"Topic, technical term, proper name, abbreviation or metadata"
classifiers,False,"Topic, technical term, proper name, abbreviation or metadata"
classifies,True,General academic wording
classify,True,General academic wording
classifying,True,General academic wording
clathrin,False,"Topic, technical term, proper name, abbreviation or metadata"
claudin,False,"Topic, technical term, proper name, abbreviation or metadata"
clavicle,False,"Topic, technical term, proper name, abbreviation or metadata"
clavien,False,"Topic, technical term, proper name, abbreviation or metadata"
clavulanic,False,"Topic, technical term, proper name, abbreviation or metadata"
clbp,False,"Topic, technical term, proper name, abbreviation or metadata"
cld,False,"Topic, technical term, proper name, abbreviation or metadata"
cleaner,True,General academic wording
cleanliness,True,General academic wording
cleansing,False,"Topic, technical term, proper name, abbreviation or metadata"
cleanup,False,"Topic, technical term, proper name, abbreviation or metadata"
clear,True,General academic wording
clearance,False,"Topic, technical term, proper name, abbreviation or metadata"
clearer,True,General academic wording
clearest,True,General academic wording
clearing,True,General academic wording
cleavable,False,"Topic, technical term, proper name, abbreviation or metadata"
cleavage,False,"Topic, technical term, proper name, abbreviation or metadata"
cleave,False,"Topic, technical term, proper name, abbreviation or metadata"
cleaves,False,"Topic, technical term, proper name, abbreviation or metadata"
cleaving,False,"Topic, technical term, proper name, abbreviation or metadata"
clefts,False,"Topic, technical term, proper name, abbreviation or metadata"
click,False,"Topic, technical term, proper name, abbreviation or metadata"
climate,False,"Topic, technical term, proper name, abbreviation or metadata"
climates,False,"Topic, technical term, proper name, abbreviation or metadata"
climatic,False,"Topic, technical term, proper name, abbreviation or metadata"
climbing,False,"Topic, technical term, proper name, abbreviation or metadata"
clin,False,"Topic, technical term, proper name, abbreviation or metadata"
clindamycin,False,"Topic, technical term, proper name, abbreviation or metadata"
clinical,False,"Topic, technical term, proper name, abbreviation or metadata"
clinically,False,"Topic, technical term, proper name, abbreviation or metadata"
clinicaltrial,False,"Topic, technical term, proper name, abbreviation or metadata"
clinicaltrials,False,"Topic, technical term, proper name, abbreviation or metadata"
clinician,False,"Topic, technical term, proper name, abbreviation or metadata"
clinician's,False,"Topic, technical term, proper name, abbreviation or metadata"
clinicians,False,"Topic, technical term, proper name, abbreviation or metadata"
clinvar,False,"Topic, technical term, proper name, abbreviation or metadata"
clip,False,"Topic, technical term, proper name, abbreviation or metadata"
clipping,False,"Topic, technical term, proper name, abbreviation or metadata"
clips,False,"Topic, technical term, proper name, abbreviation or metadata"
cloacae,False,"Topic, technical term, proper name, abbreviation or metadata"
clocks,False,"Topic, technical term, proper name, abbreviation or metadata"
clonal,False,"Topic, technical term, proper name, abbreviation or metadata"
clonality,False,"Topic, technical term, proper name, abbreviation or metadata"
clonic,False,"Topic, technical term, proper name, abbreviation or metadata"
clonogenic,False,"Topic, technical term, proper name, abbreviation or metadata"
closed,True,General academic wording
closely,True,General academic wording
closeness,True,General academic wording
clostridia,False,"Topic, technical term, proper name, abbreviation or metadata"
closure,True,General academic wording
clothing,False,"Topic, technical term, proper name, abbreviation or metadata"
clots,False,"Topic, technical term, proper name, abbreviation or metadata"
clouds,False,"Topic, technical term, proper name, abbreviation or metadata"
clozapine,False,"Topic, technical term, proper name, abbreviation or metadata"
clp,False,"Topic, technical term, proper name, abbreviation or metadata"
cls,False,"Topic, technical term, proper name, abbreviation or metadata"
clsi,False,"Topic, technical term, proper name, abbreviation or metadata"
clsm,False,"Topic, technical term, proper name, abbreviation or metadata"
clubs,False,"Topic, technical term, proper name, abbreviation or metadata"
cluster,True,General academic wording
clustered,True,General academic wording
clustering,False,"Topic, technical term, proper name, abbreviation or metadata"
clusters,True,General academic wording
cma,False,"Topic, technical term, proper name, abbreviation or metadata"
cmc,False,"Topic, technical term, proper name, abbreviation or metadata"
cmd,False,"Topic, technical term, proper name, abbreviation or metadata"
cme,False,"Topic, technical term, proper name, abbreviation or metadata"
cmi,False,"Topic, technical term, proper name, abbreviation or metadata"
cmj,False,"Topic, technical term, proper name, abbreviation or metadata"
cml,False,"Topic, technical term, proper name, abbreviation or metadata"
cmos,False,"Topic, technical term, proper name, abbreviation or metadata"
cmp,False,"Topic, technical term, proper name, abbreviation or metadata"
cmt,False,"Topic, technical term, proper name, abbreviation or metadata"
cnc,False,"Topic, technical term, proper name, abbreviation or metadata"
cnki,False,"Topic, technical term, proper name, abbreviation or metadata"
cnn,False,"Topic, technical term, proper name, abbreviation or metadata"
cnns,False,"Topic, technical term, proper name, abbreviation or metadata"
cnr,False,"Topic, technical term, proper name, abbreviation or metadata"
coaching,False,"Topic, technical term, proper name, abbreviation or metadata"
coadministration,False,"Topic, technical term, proper name, abbreviation or metadata"
coalition,False,"Topic, technical term, proper name, abbreviation or metadata"
coarse,False,"Topic, technical term, proper name, abbreviation or metadata"
coastal,False,"Topic, technical term, proper name, abbreviation or metadata"
coating,False,"Topic, technical term, proper name, abbreviation or metadata"
coatings,False,"Topic, technical term, proper name, abbreviation or metadata"
coaxial,False,"Topic, technical term, proper name, abbreviation or metadata"
cobalt,False,"Topic, technical term, proper name, abbreviation or metadata"
cobb,False,"Topic, technical term, proper name, abbreviation or metadata"
coc,False,"Topic, technical term, proper name, abbreviation or metadata"
cochran,False,"Topic, technical term, proper name, abbreviation or metadata"
cochran's,False,"Topic, technical term, proper name, abbreviation or metadata"
cochrane,False,"Topic, technical term, proper name, abbreviation or metadata"
cochrane's,False,"Topic, technical term, proper name, abbreviation or metadata"
coconut,False,"Topic, technical term, proper name, abbreviation or metadata"
code,True,General academic wording
codebook,False,"Topic, technical term, proper name, abbreviation or metadata"
coded,True,General academic wording
coders,False,"Topic, technical term, proper name, abbreviation or metadata"
codes,True,General academic wording
coefficient,True,General academic wording
coefficients,False,"Topic, technical term, proper name, abbreviation or metadata"
coercion,False,"Topic, technical term, proper name, abbreviation or metadata"
coercive,False,"Topic, technical term, proper name, abbreviation or metadata"
coeruleus,False,"Topic, technical term, proper name, abbreviation or metadata"
coevolution,False,"Topic, technical term, proper name, abbreviation or metadata"
coexist,True,General academic wording
coexistence,True,General academic wording
coexisting,True,General academic wording
coexists,True,General academic wording
cof,False,"Topic, technical term, proper name, abbreviation or metadata"
cofactor,False,"Topic, technical term, proper name, abbreviation or metadata"
cofs,False,"Topic, technical term, proper name, abbreviation or metadata"
cog,False,"Topic, technical term, proper name, abbreviation or metadata"
cognition,False,"Topic, technical term, proper name, abbreviation or metadata"
cognitions,False,"Topic, technical term, proper name, abbreviation or metadata"
cognitive,False,"Topic, technical term, proper name, abbreviation or metadata"
cognitively,False,"Topic, technical term, proper name, abbreviation or metadata"
cohen,False,"Topic, technical term, proper name, abbreviation or metadata"
cohen's,False,"Topic, technical term, proper name, abbreviation or metadata"
coherence,True,General academic wording
coherent,True,General academic wording
cohesion,True,General academic wording
cohesive,True,General academic wording
cohesiveness,True,General academic wording
cohort,False,"Topic, technical term, proper name, abbreviation or metadata"
cohorts,False,"Topic, technical term, proper name, abbreviation or metadata"
coi,False,"Topic, technical term, proper name, abbreviation or metadata"
coiled,False,"Topic, technical term, proper name, abbreviation or metadata"
coin,False,"Topic, technical term, proper name, abbreviation or metadata"
coincidence,True,General academic wording
coinciding,True,General academic wording
coinfections,False,"Topic, technical term, proper name, abbreviation or metadata"
col,False,"Topic, technical term, proper name, abbreviation or metadata"
colaizzi's,False,"Topic, technical term, proper name, abbreviation or metadata"
colchicine,False,"Topic, technical term, proper name, abbreviation or metadata"
cold,False,"Topic, technical term, proper name, abbreviation or metadata"
colder,False,"Topic, technical term, proper name, abbreviation or metadata"
coleoptera,False,"Topic, technical term, proper name, abbreviation or metadata"
coli,False,"Topic, technical term, proper name, abbreviation or metadata"
colic,False,"Topic, technical term, proper name, abbreviation or metadata"
colitis,False,"Topic, technical term, proper name, abbreviation or metadata"
collaborate,True,General academic wording
collaborated,True,General academic wording
collaborating,True,General academic wording
collaboration,True,General academic wording
collaborations,True,General academic wording
collaborative,True,General academic wording
collaboratively,True,General academic wording
collaborators,True,General academic wording
collagen,False,"Topic, technical term, proper name, abbreviation or metadata"
collagenase,False,"Topic, technical term, proper name, abbreviation or metadata"
collapse,False,"Topic, technical term, proper name, abbreviation or metadata"
collar,False,"Topic, technical term, proper name, abbreviation or metadata"
collaterals,False,"Topic, technical term, proper name, abbreviation or metadata"
collect,True,General academic wording
collected,True,General academic wording
collection,True,General academic wording
collections,True,General academic wording
collective,True,General academic wording
collectively,True,General academic wording
collector,False,"Topic, technical term, proper name, abbreviation or metadata"
collectors,False,"Topic, technical term, proper name, abbreviation or metadata"
college,False,"Topic, technical term, proper name, abbreviation or metadata"
colletotrichum,False,"Topic, technical term, proper name, abbreviation or metadata"
collinear,False,"Topic, technical term, proper name, abbreviation or metadata"
collinearity,False,"Topic, technical term, proper name, abbreviation or metadata"
colloid,False,"Topic, technical term, proper name, abbreviation or metadata"
colloids,False,"Topic, technical term, proper name, abbreviation or metadata"
colocalization,False,"Topic, technical term, proper name, abbreviation or metadata"
colocalized,False,"Topic, technical term, proper name, abbreviation or metadata"
colombian,False,"Topic, technical term, proper name, abbreviation or metadata"
colon,False,"Topic, technical term, proper name, abbreviation or metadata"
colonial,False,"Topic, technical term, proper name, abbreviation or metadata"
colonic,False,"Topic, technical term, proper name, abbreviation or metadata"
colonisation,False,"Topic, technical term, proper name, abbreviation or metadata"
colonization,False,"Topic, technical term, proper name, abbreviation or metadata"
colonizing,False,"Topic, technical term, proper name, abbreviation or metadata"
colonoscopies,False,"Topic, technical term, proper name, abbreviation or metadata"
color,False,"Topic, technical term, proper name, abbreviation or metadata"
coloration,False,"Topic, technical term, proper name, abbreviation or metadata"
colorectal,False,"Topic, technical term, proper name, abbreviation or metadata"
colorimetric,False,"Topic, technical term, proper name, abbreviation or metadata"
colorless,False,"Topic, technical term, proper name, abbreviation or metadata"
colors,False,"Topic, technical term, proper name, abbreviation or metadata"
colostrum,False,"Topic, technical term, proper name, abbreviation or metadata"
colposcopy,False,"Topic, technical term, proper name, abbreviation or metadata"
columnar,False,"Topic, technical term, proper name, abbreviation or metadata"
com,False,"Topic, technical term, proper name, abbreviation or metadata"
combat,True,General academic wording
combating,True,General academic wording
combination,True,General academic wording
combinations,True,General academic wording
combinatorial,False,"Topic, technical term, proper name, abbreviation or metadata"
combine,True,General academic wording
combined,True,General academic wording
combines,True,General academic wording
combining,True,General academic wording
comfort,True,General academic wording
command,True,General academic wording
commands,True,General academic wording
commencing,True,General academic wording
commendable,True,General academic wording
commensals,False,"Topic, technical term, proper name, abbreviation or metadata"
commentary,False,"Topic, technical term, proper name, abbreviation or metadata"
commerce,False,"Topic, technical term, proper name, abbreviation or metadata"
commercial,True,General academic wording
commercialization,False,"Topic, technical term, proper name, abbreviation or metadata"
comminuted,False,"Topic, technical term, proper name, abbreviation or metadata"
commissioned,False,"Topic, technical term, proper name, abbreviation or metadata"
commitments,True,General academic wording
committees,False,"Topic, technical term, proper name, abbreviation or metadata"
common,True,General academic wording
commonalities,True,General academic wording
commonly,True,General academic wording
communal,True,General academic wording
communicated,True,General academic wording
communication,False,"Topic, technical term, proper name, abbreviation or metadata"
communicative,True,General academic wording
communities,True,General academic wording
community,True,General academic wording
community's,False,"Topic, technical term, proper name, abbreviation or metadata"
commuting,False,"Topic, technical term, proper name, abbreviation or metadata"
comorbidities,False,"Topic, technical term, proper name, abbreviation or metadata"
comorbidity,False,"Topic, technical term, proper name, abbreviation or metadata"
compact,True,General academic wording
compaction,False,"Topic, technical term, proper name, abbreviation or metadata"
compactness,True,General academic wording
comparability,True,General academic wording
comparable,True,General academic wording
comparative,True,General academic wording
comparatively,True,General academic wording
comparator,True,General academic wording
comparators,True,General academic wording
compare,True,General academic wording
compared,False,"Topic, technical term, proper name, abbreviation or metadata"
compares,True,General academic wording
comparing,False,"Topic, technical term, proper name, abbreviation or metadata"
comparisons,True,General academic wording
compartment,False,"Topic, technical term, proper name, abbreviation or metadata"
compartmentalization,False,"Topic, technical term, proper name, abbreviation or metadata"
compartmentalized,False,"Topic, technical term, proper name, abbreviation or metadata"
compartments,False,"Topic, technical term, proper name, abbreviation or metadata"
compass,True,General academic wording
compassion,False,"Topic, technical term, proper name, abbreviation or metadata"
compassionate,False,"Topic, technical term, proper name, abbreviation or metadata"
compatibility,True,General academic wording
compatible,True,General academic wording
compelling,True,General academic wording
compensates,True,General academic wording
compensating,True,General academic wording
compensation,True,General academic wording
compensatory,False,"Topic, technical term, proper name, abbreviation or metadata"
competence,True,General academic wording
competencies,True,General academic wording
competency,True,General academic wording
competes,True,General academic wording
competition,True,General academic wording
competitive,True,General academic wording
competitively,True,General academic wording
competitiveness,True,General academic wording
compilation,True,General academic wording
compile,True,General academic wording
compiles,True,General academic wording
compiling,True,General academic wording
complement,True,General academic wording
complementarity,True,General academic wording
complementary,True,General academic wording
complemented,True,General academic wording
complementing,True,General academic wording
complements,True,General academic wording
complete,True,General academic wording
completed,True,General academic wording
completeness,True,General academic wording
completing,True,General academic wording
completion,True,General academic wording
complex,True,General academic wording
complexes,False,"Topic, technical term, proper name, abbreviation or metadata"
complexities,True,General academic wording
complexity,True,General academic wording
compliance,True,General academic wording
compliant,True,General academic wording
complicate,True,General academic wording
complicates,True,General academic wording
complicating,True,General academic wording
complication,False,"Topic, technical term, proper name, abbreviation or metadata"
complications,False,"Topic, technical term, proper name, abbreviation or metadata"
complied,True,General academic wording
component,True,General academic wording
components,True,General academic wording
composing,True,General academic wording
composite,False,"Topic, technical term, proper name, abbreviation or metadata"
composites,False,"Topic, technical term, proper name, abbreviation or metadata"
composition,True,General academic wording
compositional,False,"Topic, technical term, proper name, abbreviation or metadata"
compositionally,False,"Topic, technical term, proper name, abbreviation or metadata"
compositions,True,General academic wording
compost,False,"Topic, technical term, proper name, abbreviation or metadata"
composting,False,"Topic, technical term, proper name, abbreviation or metadata"
compound,False,"Topic, technical term, proper name, abbreviation or metadata"
compounded,True,General academic wording
compounding,True,General academic wording
compounds,False,"Topic, technical term, proper name, abbreviation or metadata"
comprehend,True,General academic wording
comprehending,True,General academic wording
comprehensibility,True,General academic wording
comprehension,True,General academic wording
comprehensive,True,General academic wording
comprehensively,True,General academic wording
comprehensiveness,True,General academic wording
compress,False,"Topic, technical term, proper name, abbreviation or metadata"
compressibility,False,"Topic, technical term, proper name, abbreviation or metadata"
compressing,False,"Topic, technical term, proper name, abbreviation or metadata"
compression,True,General academic wording
compressive,True,General academic wording
comprised,True,General academic wording
comprises,True,General academic wording
comprising,True,General academic wording
compromise,True,General academic wording
compromised,True,General academic wording
compromises,True,General academic wording
compromising,True,General academic wording
computation,True,General academic wording
computational,False,"Topic, technical term, proper name, abbreviation or metadata"
computationally,False,"Topic, technical term, proper name, abbreviation or metadata"
computed,True,General academic wording
computer,False,"Topic, technical term, proper name, abbreviation or metadata"
computers,False,"Topic, technical term, proper name, abbreviation or metadata"
computes,True,General academic wording
computing,True,General academic wording
comsol,False,"Topic, technical term, proper name, abbreviation or metadata"
concealed,False,"Topic, technical term, proper name, abbreviation or metadata"
concealment,False,"Topic, technical term, proper name, abbreviation or metadata"
concentrated,True,General academic wording
concentrates,True,General academic wording
concentrating,True,General academic wording
concentration,False,"Topic, technical term, proper name, abbreviation or metadata"
concentrations,False,"Topic, technical term, proper name, abbreviation or metadata"
concept,True,General academic wording
conceptual,True,General academic wording
conceptualize,True,General academic wording
conceptualized,True,General academic wording
conceptualizes,True,General academic wording
conceptualizing,True,General academic wording
conceptually,True,General academic wording
concern,True,General academic wording
concerning,True,General academic wording
concerns,True,General academic wording
concise,True,General academic wording
concluded,True,General academic wording
concludes,True,General academic wording
concordance,False,"Topic, technical term, proper name, abbreviation or metadata"
concordant,False,"Topic, technical term, proper name, abbreviation or metadata"
concurrent,True,General academic wording
concurrently,True,General academic wording
condensate,False,"Topic, technical term, proper name, abbreviation or metadata"
condensates,False,"Topic, technical term, proper name, abbreviation or metadata"
condition,True,General academic wording
conditional,False,"Topic, technical term, proper name, abbreviation or metadata"
conditionally,True,General academic wording
conditioned,True,General academic wording
conditioning,False,"Topic, technical term, proper name, abbreviation or metadata"
conditions,True,General academic wording
condom,False,"Topic, technical term, proper name, abbreviation or metadata"
conducive,True,General academic wording
conduct,True,General academic wording
conducted,True,General academic wording
conducting,True,General academic wording
conduction,False,"Topic, technical term, proper name, abbreviation or metadata"
conductive,False,"Topic, technical term, proper name, abbreviation or metadata"
conductivities,False,"Topic, technical term, proper name, abbreviation or metadata"
conductivity,False,"Topic, technical term, proper name, abbreviation or metadata"
conductor,False,"Topic, technical term, proper name, abbreviation or metadata"
conductors,False,"Topic, technical term, proper name, abbreviation or metadata"
conducts,True,General academic wording
conduit,False,"Topic, technical term, proper name, abbreviation or metadata"
conduits,False,"Topic, technical term, proper name, abbreviation or metadata"
condylar,False,"Topic, technical term, proper name, abbreviation or metadata"
condyle,False,"Topic, technical term, proper name, abbreviation or metadata"
cone,False,"Topic, technical term, proper name, abbreviation or metadata"
confer,True,General academic wording
conferred,True,General academic wording
confers,True,General academic wording
confidence,True,General academic wording
confidential,True,General academic wording
confidentiality,True,General academic wording
confidently,True,General academic wording
configuration,False,"Topic, technical term, proper name, abbreviation or metadata"
configurational,False,"Topic, technical term, proper name, abbreviation or metadata"
configurations,False,"Topic, technical term, proper name, abbreviation or metadata"
configured,True,General academic wording
confined,True,General academic wording
confinement,True,General academic wording
confining,True,General academic wording
confirm,True,General academic wording
confirmation,True,General academic wording
confirmatory,False,"Topic, technical term, proper name, abbreviation or metadata"
confirmed,True,General academic wording
confirming,True,General academic wording
confirms,True,General academic wording
conflict,True,General academic wording
confluent,False,"Topic, technical term, proper name, abbreviation or metadata"
conform,True,General academic wording
conformal,False,"Topic, technical term, proper name, abbreviation or metadata"
conformational,False,"Topic, technical term, proper name, abbreviation or metadata"
conformity,True,General academic wording
confound,True,General academic wording
confounder,True,General academic wording
confounders,True,General academic wording
confounding,False,"Topic, technical term, proper name, abbreviation or metadata"
confront,True,General academic wording
confronting,True,General academic wording
congener,False,"Topic, technical term, proper name, abbreviation or metadata"
congenital,False,"Topic, technical term, proper name, abbreviation or metadata"
congestion,False,"Topic, technical term, proper name, abbreviation or metadata"
congress,False,"Topic, technical term, proper name, abbreviation or metadata"
congruence,True,General academic wording
conical,False,"Topic, technical term, proper name, abbreviation or metadata"
conidia,False,"Topic, technical term, proper name, abbreviation or metadata"
conjugates,False,"Topic, technical term, proper name, abbreviation or metadata"
conjugating,False,"Topic, technical term, proper name, abbreviation or metadata"
conjugation,False,"Topic, technical term, proper name, abbreviation or metadata"
conjugative,False,"Topic, technical term, proper name, abbreviation or metadata"
conjunction,True,General academic wording
connect,True,General academic wording
connected,True,General academic wording
connecting,True,General academic wording
connection,True,General academic wording
connections,True,General academic wording
connectivity,False,"Topic, technical term, proper name, abbreviation or metadata"
connectome,False,"Topic, technical term, proper name, abbreviation or metadata"
connects,True,General academic wording
connor,False,"Topic, technical term, proper name, abbreviation or metadata"
consanguinity,False,"Topic, technical term, proper name, abbreviation or metadata"
consensus,True,General academic wording
consent,True,General academic wording
consequential,True,General academic wording
consequently,True,General academic wording
conservation,False,"Topic, technical term, proper name, abbreviation or metadata"
conservative,False,"Topic, technical term, proper name, abbreviation or metadata"
conservatively,True,General academic wording
conserved,False,"Topic, technical term, proper name, abbreviation or metadata"
conserving,True,General academic wording
consider,True,General academic wording
considerable,True,General academic wording
considerably,True,General academic wording
considerations,True,General academic wording
considering,True,General academic wording
considers,True,General academic wording
consistency,True,General academic wording
consistent,True,General academic wording
consistently,True,General academic wording
consisting,True,General academic wording
consists,True,General academic wording
console,False,"Topic, technical term, proper name, abbreviation or metadata"
consolidate,True,General academic wording
consolidated,True,General academic wording
consolidates,True,General academic wording
consolidating,True,General academic wording
consort,False,"Topic, technical term, proper name, abbreviation or metadata"
consortia,False,"Topic, technical term, proper name, abbreviation or metadata"
consortium,False,"Topic, technical term, proper name, abbreviation or metadata"
conspecifics,False,"Topic, technical term, proper name, abbreviation or metadata"
constellation,True,General academic wording
constituents,True,General academic wording
constitute,True,General academic wording
constitutes,True,General academic wording
constituting,True,General academic wording
constitutional,False,"Topic, technical term, proper name, abbreviation or metadata"
constrain,True,General academic wording
constrained,True,General academic wording
constraining,True,General academic wording
constrains,True,General academic wording
constraint,True,General academic wording
constraints,True,General academic wording
construct,True,General academic wording
constructed,True,General academic wording
constructing,True,General academic wording
construction,True,General academic wording
constructions,True,General academic wording
constructivist,False,"Topic, technical term, proper name, abbreviation or metadata"
constructs,False,"Topic, technical term, proper name, abbreviation or metadata"
consulted,True,General academic wording
consumer,True,General academic wording
consumes,True,General academic wording
consuming,True,General academic wording
consumption,True,General academic wording
contactless,False,"Topic, technical term, proper name, abbreviation or metadata"
container,False,"Topic, technical term, proper name, abbreviation or metadata"
containers,False,"Topic, technical term, proper name, abbreviation or metadata"
containing,True,General academic wording
contains,True,General academic wording
contaminant,False,"Topic, technical term, proper name, abbreviation or metadata"
contaminants,False,"Topic, technical term, proper name, abbreviation or metadata"
contaminating,False,"Topic, technical term, proper name, abbreviation or metadata"
contamination,False,"Topic, technical term, proper name, abbreviation or metadata"
contemporaneous,True,General academic wording
contemporary,True,General academic wording
contend,True,General academic wording
content,True,General academic wording
contentious,True,General academic wording
contents,True,General academic wording
contested,True,General academic wording
context,True,General academic wording
contexts,True,General academic wording
contextual,True,General academic wording
contextualize,True,General academic wording
contextualized,True,General academic wording
contextually,True,General academic wording
contig,False,"Topic, technical term, proper name, abbreviation or metadata"
contigs,False,"Topic, technical term, proper name, abbreviation or metadata"
continence,False,"Topic, technical term, proper name, abbreviation or metadata"
contingent,True,General academic wording
continued,True,General academic wording
continues,True,General academic wording
continuity,True,General academic wording
continuous,True,General academic wording
continuum,False,"Topic, technical term, proper name, abbreviation or metadata"
contouring,False,"Topic, technical term, proper name, abbreviation or metadata"
contours,False,"Topic, technical term, proper name, abbreviation or metadata"
contractility,False,"Topic, technical term, proper name, abbreviation or metadata"
contracts,False,"Topic, technical term, proper name, abbreviation or metadata"
contractures,False,"Topic, technical term, proper name, abbreviation or metadata"
contradiction,True,General academic wording
contraindicated,False,"Topic, technical term, proper name, abbreviation or metadata"
contraindications,False,"Topic, technical term, proper name, abbreviation or metadata"
contrarily,True,General academic wording
contrast,True,General academic wording
contrasted,True,General academic wording
contrasting,True,General academic wording
contrastive,True,General academic wording
contrasts,True,General academic wording
contribute,True,General academic wording
contributed,True,General academic wording
contributes,True,General academic wording
contributing,True,General academic wording
contribution,True,General academic wording
contributor,True,General academic wording
contributors,True,General academic wording
control,False,"Topic, technical term, proper name, abbreviation or metadata"
controllability,True,General academic wording
controllable,True,General academic wording
controlled,False,"Topic, technical term, proper name, abbreviation or metadata"
controllers,False,"Topic, technical term, proper name, abbreviation or metadata"
controlling,True,General academic wording
controls,False,"Topic, technical term, proper name, abbreviation or metadata"
contusion,False,"Topic, technical term, proper name, abbreviation or metadata"
convection,False,"Topic, technical term, proper name, abbreviation or metadata"
convective,False,"Topic, technical term, proper name, abbreviation or metadata"
convened,True,General academic wording
convenience,True,General academic wording
conventional,True,General academic wording
converge,True,General academic wording
converged,True,General academic wording
convergence,True,General academic wording
convergent,True,General academic wording
converges,True,General academic wording
converging,True,General academic wording
conversational,True,General academic wording
conversely,True,General academic wording
conversion,True,General academic wording
convert,True,General academic wording
convertase,False,"Topic, technical term, proper name, abbreviation or metadata"
converter,False,"Topic, technical term, proper name, abbreviation or metadata"
converters,False,"Topic, technical term, proper name, abbreviation or metadata"
converts,True,General academic wording
conveyed,True,General academic wording
convolution,False,"Topic, technical term, proper name, abbreviation or metadata"
convolutional,False,"Topic, technical term, proper name, abbreviation or metadata"
convolutions,False,"Topic, technical term, proper name, abbreviation or metadata"
convulsions,False,"Topic, technical term, proper name, abbreviation or metadata"
coo,False,"Topic, technical term, proper name, abbreviation or metadata"
cooh,False,"Topic, technical term, proper name, abbreviation or metadata"
cooked,False,"Topic, technical term, proper name, abbreviation or metadata"
cooler,False,"Topic, technical term, proper name, abbreviation or metadata"
cooperate,True,General academic wording
cooperative,True,General academic wording
cooperatively,True,General academic wording
cooperativity,False,"Topic, technical term, proper name, abbreviation or metadata"
coordinate,True,General academic wording
coordinated,True,General academic wording
coordinately,False,"Topic, technical term, proper name, abbreviation or metadata"
coordinates,True,General academic wording
coordinating,True,General academic wording
coordination,True,General academic wording
coordinator,False,"Topic, technical term, proper name, abbreviation or metadata"
coordinators,False,"Topic, technical term, proper name, abbreviation or metadata"
cop,False,"Topic, technical term, proper name, abbreviation or metadata"
copd,False,"Topic, technical term, proper name, abbreviation or metadata"
copenhagen,False,"Topic, technical term, proper name, abbreviation or metadata"
coping,True,General academic wording
copolymerization,False,"Topic, technical term, proper name, abbreviation or metadata"
copper,False,"Topic, technical term, proper name, abbreviation or metadata"
cor,False,"Topic, technical term, proper name, abbreviation or metadata"
coral,False,"Topic, technical term, proper name, abbreviation or metadata"
corals,False,"Topic, technical term, proper name, abbreviation or metadata"
cord,False,"Topic, technical term, proper name, abbreviation or metadata"
cords,False,"Topic, technical term, proper name, abbreviation or metadata"
core,True,General academic wording
coreq,False,"Topic, technical term, proper name, abbreviation or metadata"
cornerstone,True,General academic wording
corneum,False,"Topic, technical term, proper name, abbreviation or metadata"
coronary,False,"Topic, technical term, proper name, abbreviation or metadata"
coronavac,False,"Topic, technical term, proper name, abbreviation or metadata"
corpora,False,"Topic, technical term, proper name, abbreviation or metadata"
corporate,False,"Topic, technical term, proper name, abbreviation or metadata"
corporation,False,"Topic, technical term, proper name, abbreviation or metadata"
corpuscular,False,"Topic, technical term, proper name, abbreviation or metadata"
corrected,True,General academic wording
correcting,True,General academic wording
correction,True,General academic wording
correctness,True,General academic wording
corrects,True,General academic wording
correlates,False,"Topic, technical term, proper name, abbreviation or metadata"
correlating,False,"Topic, technical term, proper name, abbreviation or metadata"
correlation,True,General academic wording
correlational,True,General academic wording
correlations,False,"Topic, technical term, proper name, abbreviation or metadata"
correlative,True,General academic wording
correspondence,True,General academic wording
corridor,False,"Topic, technical term, proper name, abbreviation or metadata"
corridors,False,"Topic, technical term, proper name, abbreviation or metadata"
corroborated,True,General academic wording
corroborates,True,General academic wording
corroborating,True,General academic wording
corrosion,False,"Topic, technical term, proper name, abbreviation or metadata"
corrosive,False,"Topic, technical term, proper name, abbreviation or metadata"
cortical,False,"Topic, technical term, proper name, abbreviation or metadata"
corticosteroid,False,"Topic, technical term, proper name, abbreviation or metadata"
corticosteroids,False,"Topic, technical term, proper name, abbreviation or metadata"
corynebacterium,False,"Topic, technical term, proper name, abbreviation or metadata"
cos,False,"Topic, technical term, proper name, abbreviation or metadata"
cosine,False,"Topic, technical term, proper name, abbreviation or metadata"
cosmesis,False,"Topic, technical term, proper name, abbreviation or metadata"
cosmetics,False,"Topic, technical term, proper name, abbreviation or metadata"
cosmic,False,"Topic, technical term, proper name, abbreviation or metadata"
cosmin,False,"Topic, technical term, proper name, abbreviation or metadata"
cosmopolitan,False,"Topic, technical term, proper name, abbreviation or metadata"
cost,True,General academic wording
costly,True,General academic wording
costs,False,"Topic, technical term, proper name, abbreviation or metadata"
cotransporter,False,"Topic, technical term, proper name, abbreviation or metadata"
coulomb,False,"Topic, technical term, proper name, abbreviation or metadata"
coulombic,False,"Topic, technical term, proper name, abbreviation or metadata"
coumaric,False,"Topic, technical term, proper name, abbreviation or metadata"
coumarin,False,"Topic, technical term, proper name, abbreviation or metadata"
coumarins,False,"Topic, technical term, proper name, abbreviation or metadata"
counseling,False,"Topic, technical term, proper name, abbreviation or metadata"
counselors,False,"Topic, technical term, proper name, abbreviation or metadata"
count,True,General academic wording
counteracted,True,General academic wording
counteracting,True,General academic wording
counteracts,True,General academic wording
counterfactual,True,General academic wording
counterfeiting,False,"Topic, technical term, proper name, abbreviation or metadata"
countering,True,General academic wording
counterintuitive,True,General academic wording
countermovement,False,"Topic, technical term, proper name, abbreviation or metadata"
counterparts,True,General academic wording
counts,False,"Topic, technical term, proper name, abbreviation or metadata"
coupled,False,"Topic, technical term, proper name, abbreviation or metadata"
couples,False,"Topic, technical term, proper name, abbreviation or metadata"
coupling,False,"Topic, technical term, proper name, abbreviation or metadata"
couplings,False,"Topic, technical term, proper name, abbreviation or metadata"
court,False,"Topic, technical term, proper name, abbreviation or metadata"
covalent,False,"Topic, technical term, proper name, abbreviation or metadata"
covariate,False,"Topic, technical term, proper name, abbreviation or metadata"
covariates,False,"Topic, technical term, proper name, abbreviation or metadata"
coverage,True,General academic wording
covering,True,General academic wording
covert,True,General academic wording
covidence,False,"Topic, technical term, proper name, abbreviation or metadata"
cow's,False,"Topic, technical term, proper name, abbreviation or metadata"
cox,False,"Topic, technical term, proper name, abbreviation or metadata"
cpa,False,"Topic, technical term, proper name, abbreviation or metadata"
cpc,False,"Topic, technical term, proper name, abbreviation or metadata"
cpe,False,"Topic, technical term, proper name, abbreviation or metadata"
cpet,False,"Topic, technical term, proper name, abbreviation or metadata"
cpgs,False,"Topic, technical term, proper name, abbreviation or metadata"
cpl,False,"Topic, technical term, proper name, abbreviation or metadata"
cpm,False,"Topic, technical term, proper name, abbreviation or metadata"
cpp,False,"Topic, technical term, proper name, abbreviation or metadata"
cpps,False,"Topic, technical term, proper name, abbreviation or metadata"
cpu,False,"Topic, technical term, proper name, abbreviation or metadata"
cqds,False,"Topic, technical term, proper name, abbreviation or metadata"
crab,False,"Topic, technical term, proper name, abbreviation or metadata"
crack,False,"Topic, technical term, proper name, abbreviation or metadata"
cracking,False,"Topic, technical term, proper name, abbreviation or metadata"
craft,True,General academic wording
crafted,True,General academic wording
crafting,True,General academic wording
cram,False,"Topic, technical term, proper name, abbreviation or metadata"
craniectomy,False,"Topic, technical term, proper name, abbreviation or metadata"
craniofacial,False,"Topic, technical term, proper name, abbreviation or metadata"
craniosynostosis,False,"Topic, technical term, proper name, abbreviation or metadata"
cravings,False,"Topic, technical term, proper name, abbreviation or metadata"
crc,False,"Topic, technical term, proper name, abbreviation or metadata"
crd,False,"Topic, technical term, proper name, abbreviation or metadata"
create,True,General academic wording
created,True,General academic wording
creates,True,General academic wording
creating,True,General academic wording
creation,True,General academic wording
creativity,True,General academic wording
credibility,True,General academic wording
credible,True,General academic wording
credit,True,General academic wording
creep,False,"Topic, technical term, proper name, abbreviation or metadata"
cretaceous,False,"Topic, technical term, proper name, abbreviation or metadata"
cri,False,"Topic, technical term, proper name, abbreviation or metadata"
crispr,False,"Topic, technical term, proper name, abbreviation or metadata"
cristae,False,"Topic, technical term, proper name, abbreviation or metadata"
criteria,True,General academic wording
criterion,True,General academic wording
critic,True,General academic wording
critical,True,General academic wording
criticality,True,General academic wording
critically,True,General academic wording
criticism,True,General academic wording
critique,True,General academic wording
crm,False,"Topic, technical term, proper name, abbreviation or metadata"
croatia,False,"Topic, technical term, proper name, abbreviation or metadata"
cronbach,False,"Topic, technical term, proper name, abbreviation or metadata"
cronbach's,False,"Topic, technical term, proper name, abbreviation or metadata"
crop,False,"Topic, technical term, proper name, abbreviation or metadata"
cropland,False,"Topic, technical term, proper name, abbreviation or metadata"
cropping,False,"Topic, technical term, proper name, abbreviation or metadata"
crops,False,"Topic, technical term, proper name, abbreviation or metadata"
cross,False,"Topic, technical term, proper name, abbreviation or metadata"
crossbred,False,"Topic, technical term, proper name, abbreviation or metadata"
crosslinked,False,"Topic, technical term, proper name, abbreviation or metadata"
crosslinker,False,"Topic, technical term, proper name, abbreviation or metadata"
crosslinking,False,"Topic, technical term, proper name, abbreviation or metadata"
crossover,False,"Topic, technical term, proper name, abbreviation or metadata"
crosstalk,False,"Topic, technical term, proper name, abbreviation or metadata"
crowding,False,"Topic, technical term, proper name, abbreviation or metadata"
crowns,False,"Topic, technical term, proper name, abbreviation or metadata"
crp,False,"Topic, technical term, proper name, abbreviation or metadata"
crrt,False,"Topic, technical term, proper name, abbreviation or metadata"
crswnp,False,"Topic, technical term, proper name, abbreviation or metadata"
crucial,True,General academic wording
crucially,True,General academic wording
crush,False,"Topic, technical term, proper name, abbreviation or metadata"
crushing,False,"Topic, technical term, proper name, abbreviation or metadata"
crust,False,"Topic, technical term, proper name, abbreviation or metadata"
crustacean,False,"Topic, technical term, proper name, abbreviation or metadata"
cry,False,"Topic, technical term, proper name, abbreviation or metadata"
cryo,False,"Topic, technical term, proper name, abbreviation or metadata"
cryoablation,False,"Topic, technical term, proper name, abbreviation or metadata"
cryogenic,False,"Topic, technical term, proper name, abbreviation or metadata"
cryotherapy,False,"Topic, technical term, proper name, abbreviation or metadata"
crypt,False,"Topic, technical term, proper name, abbreviation or metadata"
cryptococcus,False,"Topic, technical term, proper name, abbreviation or metadata"
cryptogenic,False,"Topic, technical term, proper name, abbreviation or metadata"
crystal,False,"Topic, technical term, proper name, abbreviation or metadata"
crystalline,False,"Topic, technical term, proper name, abbreviation or metadata"
crystallinity,False,"Topic, technical term, proper name, abbreviation or metadata"
crystallite,False,"Topic, technical term, proper name, abbreviation or metadata"
crystallization,False,"Topic, technical term, proper name, abbreviation or metadata"
crystallizes,False,"Topic, technical term, proper name, abbreviation or metadata"
crystals,False,"Topic, technical term, proper name, abbreviation or metadata"
cscc,False,"Topic, technical term, proper name, abbreviation or metadata"
csd,False,"Topic, technical term, proper name, abbreviation or metadata"
csf,False,"Topic, technical term, proper name, abbreviation or metadata"
csi,False,"Topic, technical term, proper name, abbreviation or metadata"
csm,False,"Topic, technical term, proper name, abbreviation or metadata"
csp,False,"Topic, technical term, proper name, abbreviation or metadata"
cst,False,"Topic, technical term, proper name, abbreviation or metadata"
csvd,False,"Topic, technical term, proper name, abbreviation or metadata"
ctab,False,"Topic, technical term, proper name, abbreviation or metadata"
ctcae,False,"Topic, technical term, proper name, abbreviation or metadata"
ctd,False,"Topic, technical term, proper name, abbreviation or metadata"
ctdna,False,"Topic, technical term, proper name, abbreviation or metadata"
ctni,False,"Topic, technical term, proper name, abbreviation or metadata"
ctnt,False,"Topic, technical term, proper name, abbreviation or metadata"
ctp,False,"Topic, technical term, proper name, abbreviation or metadata"
ctri,False,"Topic, technical term, proper name, abbreviation or metadata"
ctrl,False,"Topic, technical term, proper name, abbreviation or metadata"
cube,False,"Topic, technical term, proper name, abbreviation or metadata"
cubic,False,"Topic, technical term, proper name, abbreviation or metadata"
cucumber,False,"Topic, technical term, proper name, abbreviation or metadata"
cues,False,"Topic, technical term, proper name, abbreviation or metadata"
culex,False,"Topic, technical term, proper name, abbreviation or metadata"
culinary,False,"Topic, technical term, proper name, abbreviation or metadata"
culminated,True,General academic wording
culminating,True,General academic wording
cultivate,True,General academic wording
cultivated,True,General academic wording
cultivating,True,General academic wording
cultivation,False,"Topic, technical term, proper name, abbreviation or metadata"
culturable,False,"Topic, technical term, proper name, abbreviation or metadata"
cultural,False,"Topic, technical term, proper name, abbreviation or metadata"
culturally,False,"Topic, technical term, proper name, abbreviation or metadata"
cultures,False,"Topic, technical term, proper name, abbreviation or metadata"
cums,False,"Topic, technical term, proper name, abbreviation or metadata"
cumulative,True,General academic wording
cuo,False,"Topic, technical term, proper name, abbreviation or metadata"
cup,False,"Topic, technical term, proper name, abbreviation or metadata"
cur,False,"Topic, technical term, proper name, abbreviation or metadata"
curable,False,"Topic, technical term, proper name, abbreviation or metadata"
curated,True,General academic wording
curation,True,General academic wording
curbing,True,General academic wording
curcuma,False,"Topic, technical term, proper name, abbreviation or metadata"
cures,False,"Topic, technical term, proper name, abbreviation or metadata"
curie,False,"Topic, technical term, proper name, abbreviation or metadata"
curiosity,True,General academic wording
current,True,General academic wording
currently,True,General academic wording
curricula,False,"Topic, technical term, proper name, abbreviation or metadata"
curricular,False,"Topic, technical term, proper name, abbreviation or metadata"
curriculum,False,"Topic, technical term, proper name, abbreviation or metadata"
curvature,False,"Topic, technical term, proper name, abbreviation or metadata"
curve,True,General academic wording
curves,True,General academic wording
curvilinear,False,"Topic, technical term, proper name, abbreviation or metadata"
cus,False,"Topic, technical term, proper name, abbreviation or metadata"
cushing's,False,"Topic, technical term, proper name, abbreviation or metadata"
cusp,False,"Topic, technical term, proper name, abbreviation or metadata"
custom,True,General academic wording
customer,False,"Topic, technical term, proper name, abbreviation or metadata"
customised,True,General academic wording
customizable,True,General academic wording
customization,True,General academic wording
customize,True,General academic wording
customized,True,General academic wording
customizing,True,General academic wording
cutaneous,False,"Topic, technical term, proper name, abbreviation or metadata"
cutibacterium,False,"Topic, technical term, proper name, abbreviation or metadata"
cuticle,False,"Topic, technical term, proper name, abbreviation or metadata"
cuticular,False,"Topic, technical term, proper name, abbreviation or metadata"
cutoff,True,General academic wording
cutoffs,True,General academic wording
cuts,True,General academic wording
cutting,True,General academic wording
cvc,False,"Topic, technical term, proper name, abbreviation or metadata"
cvd,False,"Topic, technical term, proper name, abbreviation or metadata"
cvds,False,"Topic, technical term, proper name, abbreviation or metadata"
cvi,False,"Topic, technical term, proper name, abbreviation or metadata"
cvr,False,"Topic, technical term, proper name, abbreviation or metadata"
cxr,False,"Topic, technical term, proper name, abbreviation or metadata"
cyanidin,False,"Topic, technical term, proper name, abbreviation or metadata"
cyano,False,"Topic, technical term, proper name, abbreviation or metadata"
cyanoacrylate,False,"Topic, technical term, proper name, abbreviation or metadata"
cyanobacterial,False,"Topic, technical term, proper name, abbreviation or metadata"
cyanobacterium,False,"Topic, technical term, proper name, abbreviation or metadata"
cyber,False,"Topic, technical term, proper name, abbreviation or metadata"
cyberbullying,False,"Topic, technical term, proper name, abbreviation or metadata"
cybersecurity,False,"Topic, technical term, proper name, abbreviation or metadata"
cycle,True,General academic wording
cycles,True,General academic wording
cyclic,True,General academic wording
cyclical,True,General academic wording
cycling,False,"Topic, technical term, proper name, abbreviation or metadata"
cyclization,False,"Topic, technical term, proper name, abbreviation or metadata"
cycloaddition,False,"Topic, technical term, proper name, abbreviation or metadata"
cyclotron,False,"Topic, technical term, proper name, abbreviation or metadata"
cys,False,"Topic, technical term, proper name, abbreviation or metadata"
cystatin,False,"Topic, technical term, proper name, abbreviation or metadata"
cystic,False,"Topic, technical term, proper name, abbreviation or metadata"
cystine,False,"Topic, technical term, proper name, abbreviation or metadata"
cystitis,False,"Topic, technical term, proper name, abbreviation or metadata"
cyt,False,"Topic, technical term, proper name, abbreviation or metadata"
cytarabine,False,"Topic, technical term, proper name, abbreviation or metadata"
cytocompatibility,False,"Topic, technical term, proper name, abbreviation or metadata"
cytokine,False,"Topic, technical term, proper name, abbreviation or metadata"
cytokinin,False,"Topic, technical term, proper name, abbreviation or metadata"
cytologic,False,"Topic, technical term, proper name, abbreviation or metadata"
cytometry,False,"Topic, technical term, proper name, abbreviation or metadata"
cytopenias,False,"Topic, technical term, proper name, abbreviation or metadata"
cytoprotective,False,"Topic, technical term, proper name, abbreviation or metadata"
cytosine,False,"Topic, technical term, proper name, abbreviation or metadata"
cytoskeletal,False,"Topic, technical term, proper name, abbreviation or metadata"
cytotoxic,False,"Topic, technical term, proper name, abbreviation or metadata"
cytotoxicity,False,"Topic, technical term, proper name, abbreviation or metadata"
daf,False,"Topic, technical term, proper name, abbreviation or metadata"
dai,False,"Topic, technical term, proper name, abbreviation or metadata"
daly,False,"Topic, technical term, proper name, abbreviation or metadata"
dalys,False,"Topic, technical term, proper name, abbreviation or metadata"
dam,False,"Topic, technical term, proper name, abbreviation or metadata"
damage,True,General academic wording
damp,False,"Topic, technical term, proper name, abbreviation or metadata"
dampened,True,General academic wording
dampening,True,General academic wording
damping,False,"Topic, technical term, proper name, abbreviation or metadata"
damps,False,"Topic, technical term, proper name, abbreviation or metadata"
dance,False,"Topic, technical term, proper name, abbreviation or metadata"
dangers,True,General academic wording
dap,False,"Topic, technical term, proper name, abbreviation or metadata"
dapagliflozin,False,"Topic, technical term, proper name, abbreviation or metadata"
daphnia,False,"Topic, technical term, proper name, abbreviation or metadata"
dapi,False,"Topic, technical term, proper name, abbreviation or metadata"
dapt,False,"Topic, technical term, proper name, abbreviation or metadata"
dar,False,"Topic, technical term, proper name, abbreviation or metadata"
daratumumab,False,"Topic, technical term, proper name, abbreviation or metadata"
darker,False,"Topic, technical term, proper name, abbreviation or metadata"
das,False,"Topic, technical term, proper name, abbreviation or metadata"
dasatinib,False,"Topic, technical term, proper name, abbreviation or metadata"
dashboard,False,"Topic, technical term, proper name, abbreviation or metadata"
dass,False,"Topic, technical term, proper name, abbreviation or metadata"
dat,False,"Topic, technical term, proper name, abbreviation or metadata"
data,True,General academic wording
database,True,General academic wording
databases,True,General academic wording
dataset,True,General academic wording
datasets,False,"Topic, technical term, proper name, abbreviation or metadata"
davidson,False,"Topic, technical term, proper name, abbreviation or metadata"
day,True,General academic wording
dbd,False,"Topic, technical term, proper name, abbreviation or metadata"
dbt,False,"Topic, technical term, proper name, abbreviation or metadata"
dca,False,"Topic, technical term, proper name, abbreviation or metadata"
dcb,False,"Topic, technical term, proper name, abbreviation or metadata"
dcd,False,"Topic, technical term, proper name, abbreviation or metadata"
dce,False,"Topic, technical term, proper name, abbreviation or metadata"
dcfh,False,"Topic, technical term, proper name, abbreviation or metadata"
dcis,False,"Topic, technical term, proper name, abbreviation or metadata"
dcp,False,"Topic, technical term, proper name, abbreviation or metadata"
dcr,False,"Topic, technical term, proper name, abbreviation or metadata"
ddd,False,"Topic, technical term, proper name, abbreviation or metadata"
ddi,False,"Topic, technical term, proper name, abbreviation or metadata"
ddis,False,"Topic, technical term, proper name, abbreviation or metadata"
ddr,False,"Topic, technical term, proper name, abbreviation or metadata"
dds,False,"Topic, technical term, proper name, abbreviation or metadata"
dea,False,"Topic, technical term, proper name, abbreviation or metadata"
deaf,False,"Topic, technical term, proper name, abbreviation or metadata"
deaminase,False,"Topic, technical term, proper name, abbreviation or metadata"
death,False,"Topic, technical term, proper name, abbreviation or metadata"
debatable,True,General academic wording
debated,True,General academic wording
debates,True,General academic wording
debilitating,False,"Topic, technical term, proper name, abbreviation or metadata"
debriefing,True,General academic wording
debt,False,"Topic, technical term, proper name, abbreviation or metadata"
debye,False,"Topic, technical term, proper name, abbreviation or metadata"
decades,True,General academic wording
decarbonization,False,"Topic, technical term, proper name, abbreviation or metadata"
decarboxylation,False,"Topic, technical term, proper name, abbreviation or metadata"
decay,False,"Topic, technical term, proper name, abbreviation or metadata"
decays,False,"Topic, technical term, proper name, abbreviation or metadata"
decedents,False,"Topic, technical term, proper name, abbreviation or metadata"
deceleration,False,"Topic, technical term, proper name, abbreviation or metadata"
december,False,"Topic, technical term, proper name, abbreviation or metadata"
decent,True,General academic wording
decentralized,True,General academic wording
decided,True,General academic wording
deciduous,False,"Topic, technical term, proper name, abbreviation or metadata"
deciphered,True,General academic wording
deciphering,True,General academic wording
decision,True,General academic wording
decisional,True,General academic wording
decisions,True,General academic wording
decline,True,General academic wording
declined,True,General academic wording
declines,True,General academic wording
declining,True,General academic wording
decoction,False,"Topic, technical term, proper name, abbreviation or metadata"
decode,True,General academic wording
decoded,True,General academic wording
decoder,False,"Topic, technical term, proper name, abbreviation or metadata"
decoding,True,General academic wording
decompensation,False,"Topic, technical term, proper name, abbreviation or metadata"
decomposes,True,General academic wording
decomposing,True,General academic wording
decomposition,True,General academic wording
decompression,False,"Topic, technical term, proper name, abbreviation or metadata"
decompressive,False,"Topic, technical term, proper name, abbreviation or metadata"
deconvolution,False,"Topic, technical term, proper name, abbreviation or metadata"
decouple,True,General academic wording
decoupled,True,General academic wording
decouples,True,General academic wording
decoupling,False,"Topic, technical term, proper name, abbreviation or metadata"
decoy,False,"Topic, technical term, proper name, abbreviation or metadata"
decreases,True,General academic wording
decreasing,True,General academic wording
ded,False,"Topic, technical term, proper name, abbreviation or metadata"
dedicated,True,General academic wording
dedifferentiated,False,"Topic, technical term, proper name, abbreviation or metadata"
dedifferentiation,False,"Topic, technical term, proper name, abbreviation or metadata"
deductive,True,General academic wording
deductively,True,General academic wording
deduplication,True,General academic wording
deemed,True,General academic wording
deep,True,General academic wording
deepen,True,General academic wording
deepened,True,General academic wording
deepening,True,General academic wording
deepens,True,General academic wording
deeper,True,General academic wording
defeat,False,"Topic, technical term, proper name, abbreviation or metadata"
defecation,False,"Topic, technical term, proper name, abbreviation or metadata"
defect,False,"Topic, technical term, proper name, abbreviation or metadata"
defects,False,"Topic, technical term, proper name, abbreviation or metadata"
defences,False,"Topic, technical term, proper name, abbreviation or metadata"
defend,True,General academic wording
defending,True,General academic wording
defense,False,"Topic, technical term, proper name, abbreviation or metadata"
defenses,False,"Topic, technical term, proper name, abbreviation or metadata"
deferred,True,General academic wording
defibrillation,False,"Topic, technical term, proper name, abbreviation or metadata"
defibrillators,False,"Topic, technical term, proper name, abbreviation or metadata"
deficiencies,True,General academic wording
deficiency,False,"Topic, technical term, proper name, abbreviation or metadata"
deficient,True,General academic wording
deficits,True,General academic wording
define,True,General academic wording
defined,True,General academic wording
defines,True,General academic wording
defining,True,General academic wording
definitions,True,General academic wording
definitive,True,General academic wording
definitively,True,General academic wording
deflection,False,"Topic, technical term, proper name, abbreviation or metadata"
defocus,False,"Topic, technical term, proper name, abbreviation or metadata"
deformability,False,"Topic, technical term, proper name, abbreviation or metadata"
deformable,False,"Topic, technical term, proper name, abbreviation or metadata"
deformation,False,"Topic, technical term, proper name, abbreviation or metadata"
deformed,False,"Topic, technical term, proper name, abbreviation or metadata"
deformities,False,"Topic, technical term, proper name, abbreviation or metadata"
deg,False,"Topic, technical term, proper name, abbreviation or metadata"
degeneration,False,"Topic, technical term, proper name, abbreviation or metadata"
degradability,False,"Topic, technical term, proper name, abbreviation or metadata"
degradable,False,"Topic, technical term, proper name, abbreviation or metadata"
degradation,False,"Topic, technical term, proper name, abbreviation or metadata"
degrade,False,"Topic, technical term, proper name, abbreviation or metadata"
degrader,False,"Topic, technical term, proper name, abbreviation or metadata"
degraders,False,"Topic, technical term, proper name, abbreviation or metadata"
degrades,False,"Topic, technical term, proper name, abbreviation or metadata"
degrading,False,"Topic, technical term, proper name, abbreviation or metadata"
degree,True,General academic wording
degrees,True,General academic wording
degs,False,"Topic, technical term, proper name, abbreviation or metadata"
dehiscence,False,"Topic, technical term, proper name, abbreviation or metadata"
dehp,False,"Topic, technical term, proper name, abbreviation or metadata"
dehydroepiandrosterone,False,"Topic, technical term, proper name, abbreviation or metadata"
dehydrogenation,False,"Topic, technical term, proper name, abbreviation or metadata"
deidentified,False,"Topic, technical term, proper name, abbreviation or metadata"
delamination,False,"Topic, technical term, proper name, abbreviation or metadata"
delayed,True,General academic wording
delaying,True,General academic wording
delays,True,General academic wording
deleting,True,General academic wording
deletion,True,General academic wording
deliberate,True,General academic wording
deliberately,True,General academic wording
delicate,True,General academic wording
delimitation,True,General academic wording
delineate,True,General academic wording
delineates,True,General academic wording
delineating,True,General academic wording
delineation,True,General academic wording
delirium,False,"Topic, technical term, proper name, abbreviation or metadata"
deliver,True,General academic wording
delivered,True,General academic wording
delivering,True,General academic wording
delivers,True,General academic wording
delivery,True,General academic wording
delocalization,False,"Topic, technical term, proper name, abbreviation or metadata"
delocalized,False,"Topic, technical term, proper name, abbreviation or metadata"
delong,False,"Topic, technical term, proper name, abbreviation or metadata"
delong's,False,"Topic, technical term, proper name, abbreviation or metadata"
delphi,False,"Topic, technical term, proper name, abbreviation or metadata"
delta,False,"Topic, technical term, proper name, abbreviation or metadata"
deltoid,False,"Topic, technical term, proper name, abbreviation or metadata"
delve,True,General academic wording
delved,True,General academic wording
delves,True,General academic wording
delving,True,General academic wording
dem,False,"Topic, technical term, proper name, abbreviation or metadata"
demand,True,General academic wording
demanding,True,General academic wording
demands,True,General academic wording
demarcated,True,General academic wording
dementia,False,"Topic, technical term, proper name, abbreviation or metadata"
dementias,False,"Topic, technical term, proper name, abbreviation or metadata"
demethylase,False,"Topic, technical term, proper name, abbreviation or metadata"
demineralization,False,"Topic, technical term, proper name, abbreviation or metadata"
demineralized,False,"Topic, technical term, proper name, abbreviation or metadata"
demise,True,General academic wording
democratic,False,"Topic, technical term, proper name, abbreviation or metadata"
demographic,False,"Topic, technical term, proper name, abbreviation or metadata"
demographically,False,"Topic, technical term, proper name, abbreviation or metadata"
demographics,False,"Topic, technical term, proper name, abbreviation or metadata"
demonstrate,True,General academic wording
demonstrated,True,General academic wording
demonstrates,True,General academic wording
demonstrating,True,General academic wording
demonstrations,True,General academic wording
dems,False,"Topic, technical term, proper name, abbreviation or metadata"
demyelination,False,"Topic, technical term, proper name, abbreviation or metadata"
denaturation,False,"Topic, technical term, proper name, abbreviation or metadata"
dendrite,False,"Topic, technical term, proper name, abbreviation or metadata"
dendritic,False,"Topic, technical term, proper name, abbreviation or metadata"
denial,True,General academic wording
denied,True,General academic wording
denitrifying,False,"Topic, technical term, proper name, abbreviation or metadata"
denoising,False,"Topic, technical term, proper name, abbreviation or metadata"
denosumab,False,"Topic, technical term, proper name, abbreviation or metadata"
denotes,True,General academic wording
denoting,True,General academic wording
dense,False,"Topic, technical term, proper name, abbreviation or metadata"
densely,True,General academic wording
densenet,False,"Topic, technical term, proper name, abbreviation or metadata"
denser,True,General academic wording
densification,False,"Topic, technical term, proper name, abbreviation or metadata"
density,False,"Topic, technical term, proper name, abbreviation or metadata"
dent,False,"Topic, technical term, proper name, abbreviation or metadata"
dental,False,"Topic, technical term, proper name, abbreviation or metadata"
dentist,False,"Topic, technical term, proper name, abbreviation or metadata"
dentistry,False,"Topic, technical term, proper name, abbreviation or metadata"
dentition,False,"Topic, technical term, proper name, abbreviation or metadata"
dentures,False,"Topic, technical term, proper name, abbreviation or metadata"
denv,False,"Topic, technical term, proper name, abbreviation or metadata"
deoxyguanosine,False,"Topic, technical term, proper name, abbreviation or metadata"
deoxynivalenol,False,"Topic, technical term, proper name, abbreviation or metadata"
deoxyribonucleic,False,"Topic, technical term, proper name, abbreviation or metadata"
deoxyuridine,False,"Topic, technical term, proper name, abbreviation or metadata"
dep,False,"Topic, technical term, proper name, abbreviation or metadata"
departmental,False,"Topic, technical term, proper name, abbreviation or metadata"
departure,True,General academic wording
depend,True,General academic wording
dependable,True,General academic wording
dependence,True,General academic wording
dependencies,True,General academic wording
dependency,True,General academic wording
dependent,True,General academic wording
depending,True,General academic wording
depends,True,General academic wording
depersonalization,False,"Topic, technical term, proper name, abbreviation or metadata"
dephosphorylation,False,"Topic, technical term, proper name, abbreviation or metadata"
depicting,True,General academic wording
depiction,True,General academic wording
depicts,True,General academic wording
deplete,True,General academic wording
depletes,True,General academic wording
depleting,True,General academic wording
depletion,False,"Topic, technical term, proper name, abbreviation or metadata"
deployable,False,"Topic, technical term, proper name, abbreviation or metadata"
deployed,True,General academic wording
deploying,True,General academic wording
deployment,False,"Topic, technical term, proper name, abbreviation or metadata"
deployments,True,General academic wording
depolymerization,False,"Topic, technical term, proper name, abbreviation or metadata"
depositing,False,"Topic, technical term, proper name, abbreviation or metadata"
deposition,False,"Topic, technical term, proper name, abbreviation or metadata"
depot,False,"Topic, technical term, proper name, abbreviation or metadata"
depots,False,"Topic, technical term, proper name, abbreviation or metadata"
deprescribing,False,"Topic, technical term, proper name, abbreviation or metadata"
depression,False,"Topic, technical term, proper name, abbreviation or metadata"
depressive,False,"Topic, technical term, proper name, abbreviation or metadata"
deprivation,False,"Topic, technical term, proper name, abbreviation or metadata"
deprotonation,False,"Topic, technical term, proper name, abbreviation or metadata"
deps,False,"Topic, technical term, proper name, abbreviation or metadata"
depth,True,General academic wording
der,False,"Topic, technical term, proper name, abbreviation or metadata"
derangements,False,"Topic, technical term, proper name, abbreviation or metadata"
derivative,True,General academic wording
derivatives,True,General academic wording
derivatization,False,"Topic, technical term, proper name, abbreviation or metadata"
derive,True,General academic wording
derived,True,General academic wording
derives,True,General academic wording
dermatitis,False,"Topic, technical term, proper name, abbreviation or metadata"
dermatologic,False,"Topic, technical term, proper name, abbreviation or metadata"
dermatological,False,"Topic, technical term, proper name, abbreviation or metadata"
dermatomyositis,False,"Topic, technical term, proper name, abbreviation or metadata"
dermatoses,False,"Topic, technical term, proper name, abbreviation or metadata"
dermatosis,False,"Topic, technical term, proper name, abbreviation or metadata"
dermoscopic,False,"Topic, technical term, proper name, abbreviation or metadata"
dermoscopy,False,"Topic, technical term, proper name, abbreviation or metadata"
dersimonian,False,"Topic, technical term, proper name, abbreviation or metadata"
deruxtecan,False,"Topic, technical term, proper name, abbreviation or metadata"
desalination,False,"Topic, technical term, proper name, abbreviation or metadata"
desaturase,False,"Topic, technical term, proper name, abbreviation or metadata"
describes,True,General academic wording
descriptive,True,General academic wording
descriptively,True,General academic wording
descriptor,True,General academic wording
descriptors,False,"Topic, technical term, proper name, abbreviation or metadata"
desensitization,False,"Topic, technical term, proper name, abbreviation or metadata"
desiccation,False,"Topic, technical term, proper name, abbreviation or metadata"
design,True,General academic wording
designated,True,General academic wording
designed,True,General academic wording
designer,False,"Topic, technical term, proper name, abbreviation or metadata"
designing,True,General academic wording
designs,True,General academic wording
desirability,True,General academic wording
desired,True,General academic wording
desires,True,General academic wording
desktop,False,"Topic, technical term, proper name, abbreviation or metadata"
desmin,False,"Topic, technical term, proper name, abbreviation or metadata"
desolvation,False,"Topic, technical term, proper name, abbreviation or metadata"
despite,True,General academic wording
dess,False,"Topic, technical term, proper name, abbreviation or metadata"
destabilization,True,General academic wording
destabilize,True,General academic wording
destabilized,True,General academic wording
destabilizes,True,General academic wording
destabilizing,True,General academic wording
destinations,False,"Topic, technical term, proper name, abbreviation or metadata"
destroying,False,"Topic, technical term, proper name, abbreviation or metadata"
destructive,True,General academic wording
detached,True,General academic wording
detail,True,General academic wording
detailed,True,General academic wording
detailing,True,General academic wording
details,True,General academic wording
detect,True,General academic wording
detectability,True,General academic wording
detectable,True,General academic wording
detecting,False,"Topic, technical term, proper name, abbreviation or metadata"
detection,False,"Topic, technical term, proper name, abbreviation or metadata"
detections,True,General academic wording
detectivity,False,"Topic, technical term, proper name, abbreviation or metadata"
deter,True,General academic wording
detergent,False,"Topic, technical term, proper name, abbreviation or metadata"
deteriorates,True,General academic wording
deterioration,True,General academic wording
determinant,True,General academic wording
determinants,True,General academic wording
determining,True,General academic wording
deterministic,False,"Topic, technical term, proper name, abbreviation or metadata"
detoxification,False,"Topic, technical term, proper name, abbreviation or metadata"
detoxifying,False,"Topic, technical term, proper name, abbreviation or metadata"
detrimental,True,General academic wording
deubiquitinase,False,"Topic, technical term, proper name, abbreviation or metadata"
deubiquitinating,False,"Topic, technical term, proper name, abbreviation or metadata"
deubiquitination,False,"Topic, technical term, proper name, abbreviation or metadata"
deuterated,False,"Topic, technical term, proper name, abbreviation or metadata"
deuterium,False,"Topic, technical term, proper name, abbreviation or metadata"
develop,True,General academic wording
developed,True,General academic wording
developers,True,General academic wording
developing,True,General academic wording
development,True,General academic wording
developmental,False,"Topic, technical term, proper name, abbreviation or metadata"
developmentally,False,"Topic, technical term, proper name, abbreviation or metadata"
develops,True,General academic wording
deviate,True,General academic wording
deviates,True,General academic wording
deviating,True,General academic wording
deviation,True,General academic wording
deviations,True,General academic wording
device,True,General academic wording
device's,False,"Topic, technical term, proper name, abbreviation or metadata"
devices,True,General academic wording
devise,True,General academic wording
devised,True,General academic wording
devising,True,General academic wording
devoid,True,General academic wording
dexmedetomidine,False,"Topic, technical term, proper name, abbreviation or metadata"
dexterity,False,"Topic, technical term, proper name, abbreviation or metadata"
dextrose,False,"Topic, technical term, proper name, abbreviation or metadata"
dft,False,"Topic, technical term, proper name, abbreviation or metadata"
dfu,False,"Topic, technical term, proper name, abbreviation or metadata"
dfus,False,"Topic, technical term, proper name, abbreviation or metadata"
dhaka,False,"Topic, technical term, proper name, abbreviation or metadata"
dhs,False,"Topic, technical term, proper name, abbreviation or metadata"
dht,False,"Topic, technical term, proper name, abbreviation or metadata"
dia,False,"Topic, technical term, proper name, abbreviation or metadata"
diabetes,False,"Topic, technical term, proper name, abbreviation or metadata"
diabetic,False,"Topic, technical term, proper name, abbreviation or metadata"
diacylglycerol,False,"Topic, technical term, proper name, abbreviation or metadata"
diagnose,False,"Topic, technical term, proper name, abbreviation or metadata"
diagnosed,False,"Topic, technical term, proper name, abbreviation or metadata"
diagnoses,False,"Topic, technical term, proper name, abbreviation or metadata"
diagnosing,False,"Topic, technical term, proper name, abbreviation or metadata"
diagnosis,False,"Topic, technical term, proper name, abbreviation or metadata"
diagnostic,False,"Topic, technical term, proper name, abbreviation or metadata"
diagnostically,False,"Topic, technical term, proper name, abbreviation or metadata"
diagnostics,False,"Topic, technical term, proper name, abbreviation or metadata"
diagonal,False,"Topic, technical term, proper name, abbreviation or metadata"
dialogue,True,General academic wording
dialysis,False,"Topic, technical term, proper name, abbreviation or metadata"
diameter,False,"Topic, technical term, proper name, abbreviation or metadata"
diamine,False,"Topic, technical term, proper name, abbreviation or metadata"
diaphragmatic,False,"Topic, technical term, proper name, abbreviation or metadata"
diatom,False,"Topic, technical term, proper name, abbreviation or metadata"
diazepam,False,"Topic, technical term, proper name, abbreviation or metadata"
dic,False,"Topic, technical term, proper name, abbreviation or metadata"
dicarboxylic,False,"Topic, technical term, proper name, abbreviation or metadata"
dice,False,"Topic, technical term, proper name, abbreviation or metadata"
dichalcogenides,False,"Topic, technical term, proper name, abbreviation or metadata"
dichloromethane,False,"Topic, technical term, proper name, abbreviation or metadata"
dichotomy,True,General academic wording
dicom,False,"Topic, technical term, proper name, abbreviation or metadata"
dictate,True,General academic wording
dictated,True,General academic wording
dictates,True,General academic wording
dictating,True,General academic wording
dictionary,True,General academic wording
didn't,True,General academic wording
dielectric,False,"Topic, technical term, proper name, abbreviation or metadata"
diels,False,"Topic, technical term, proper name, abbreviation or metadata"
diet,False,"Topic, technical term, proper name, abbreviation or metadata"
dietary,False,"Topic, technical term, proper name, abbreviation or metadata"
diethyl,False,"Topic, technical term, proper name, abbreviation or metadata"
dietitian,False,"Topic, technical term, proper name, abbreviation or metadata"
dietitians,False,"Topic, technical term, proper name, abbreviation or metadata"
diets,False,"Topic, technical term, proper name, abbreviation or metadata"
differ,True,General academic wording
differed,True,General academic wording
difference,True,General academic wording
differences,True,General academic wording
different,True,General academic wording
differentiable,True,General academic wording
differential,True,General academic wording
differentially,True,General academic wording
differentials,True,General academic wording
differentiated,True,General academic wording
differentiates,True,General academic wording
differentiating,True,General academic wording
differentiation,False,"Topic, technical term, proper name, abbreviation or metadata"
differing,True,General academic wording
difficult,True,General academic wording
difficulties,True,General academic wording
difficulty,True,General academic wording
diffraction,False,"Topic, technical term, proper name, abbreviation or metadata"
diffuse,False,"Topic, technical term, proper name, abbreviation or metadata"
diffusion,False,"Topic, technical term, proper name, abbreviation or metadata"
digestibility,False,"Topic, technical term, proper name, abbreviation or metadata"
digestible,False,"Topic, technical term, proper name, abbreviation or metadata"
digestion,False,"Topic, technical term, proper name, abbreviation or metadata"
digestive,False,"Topic, technical term, proper name, abbreviation or metadata"
digital,False,"Topic, technical term, proper name, abbreviation or metadata"
digitalization,False,"Topic, technical term, proper name, abbreviation or metadata"
digitally,True,General academic wording
digitization,True,General academic wording
digitized,True,General academic wording
digitorum,False,"Topic, technical term, proper name, abbreviation or metadata"
digits,False,"Topic, technical term, proper name, abbreviation or metadata"
dignity,True,General academic wording
dihedral,False,"Topic, technical term, proper name, abbreviation or metadata"
dihydro,False,"Topic, technical term, proper name, abbreviation or metadata"
dii,False,"Topic, technical term, proper name, abbreviation or metadata"
dilemmas,True,General academic wording
dili,False,"Topic, technical term, proper name, abbreviation or metadata"
dim,False,"Topic, technical term, proper name, abbreviation or metadata"
dimension,True,General academic wording
dimensional,False,"Topic, technical term, proper name, abbreviation or metadata"
dimensionality,True,General academic wording
dimensionally,True,General academic wording
dimensionless,True,General academic wording
dimensions,False,"Topic, technical term, proper name, abbreviation or metadata"
dimerization,False,"Topic, technical term, proper name, abbreviation or metadata"
diminished,True,General academic wording
diminishes,True,General academic wording
diminishing,True,General academic wording
dindo,False,"Topic, technical term, proper name, abbreviation or metadata"
dinger,False,"Topic, technical term, proper name, abbreviation or metadata"
dinuclear,False,"Topic, technical term, proper name, abbreviation or metadata"
dione,False,"Topic, technical term, proper name, abbreviation or metadata"
diopters,False,"Topic, technical term, proper name, abbreviation or metadata"
dioxide,False,"Topic, technical term, proper name, abbreviation or metadata"
dip,False,"Topic, technical term, proper name, abbreviation or metadata"
dipeptide,False,"Topic, technical term, proper name, abbreviation or metadata"
diphosphatidylglycerol,False,"Topic, technical term, proper name, abbreviation or metadata"
diplopia,False,"Topic, technical term, proper name, abbreviation or metadata"
dipolar,False,"Topic, technical term, proper name, abbreviation or metadata"
dipoles,False,"Topic, technical term, proper name, abbreviation or metadata"
diptera,False,"Topic, technical term, proper name, abbreviation or metadata"
direct,True,General academic wording
directed,True,General academic wording
direction,True,General academic wording
directional,True,General academic wording
directionality,True,General academic wording
directionally,True,General academic wording
directions,True,General academic wording
directives,True,General academic wording
directly,True,General academic wording
directs,True,General academic wording
dirichlet,False,"Topic, technical term, proper name, abbreviation or metadata"
dis,False,"Topic, technical term, proper name, abbreviation or metadata"
disabilities,False,"Topic, technical term, proper name, abbreviation or metadata"
disability,False,"Topic, technical term, proper name, abbreviation or metadata"
disaggregated,True,General academic wording
disagree,True,General academic wording
disagreed,True,General academic wording
disagreements,True,General academic wording
disassembly,False,"Topic, technical term, proper name, abbreviation or metadata"
discarded,True,General academic wording
discectomy,False,"Topic, technical term, proper name, abbreviation or metadata"
discern,True,General academic wording
discerned,True,General academic wording
discernible,True,General academic wording
discerning,True,General academic wording
discharging,False,"Topic, technical term, proper name, abbreviation or metadata"
disclosure,True,General academic wording
disclosures,True,General academic wording
discoloration,False,"Topic, technical term, proper name, abbreviation or metadata"
discomfort,True,General academic wording
disconnect,True,General academic wording
disconnected,True,General academic wording
disconnection,True,General academic wording
discontinuation,False,"Topic, technical term, proper name, abbreviation or metadata"
discontinuations,True,General academic wording
discontinued,True,General academic wording
discontinuing,True,General academic wording
discontinuities,True,General academic wording
discordance,True,General academic wording
discordant,True,General academic wording
discount,True,General academic wording
discounted,True,General academic wording
discourse,True,General academic wording
discourses,True,General academic wording
discover,True,General academic wording
discovered,True,General academic wording
discovering,True,General academic wording
discovery,True,General academic wording
discrepancies,True,General academic wording
discrete,True,General academic wording
discretion,True,General academic wording
discriminability,False,"Topic, technical term, proper name, abbreviation or metadata"
discrimination,False,"Topic, technical term, proper name, abbreviation or metadata"
discriminative,False,"Topic, technical term, proper name, abbreviation or metadata"
discriminator,False,"Topic, technical term, proper name, abbreviation or metadata"
discriminatory,False,"Topic, technical term, proper name, abbreviation or metadata"
discussed,True,General academic wording
discusses,True,General academic wording
discussing,True,General academic wording
discussion,True,General academic wording
discussions,True,General academic wording
disease's,False,"Topic, technical term, proper name, abbreviation or metadata"
diseases,False,"Topic, technical term, proper name, abbreviation or metadata"
disengagement,True,General academic wording
disentangle,True,General academic wording
disentangling,True,General academic wording
disequilibrium,False,"Topic, technical term, proper name, abbreviation or metadata"
disgust,False,"Topic, technical term, proper name, abbreviation or metadata"
dishes,False,"Topic, technical term, proper name, abbreviation or metadata"
disilicate,False,"Topic, technical term, proper name, abbreviation or metadata"
disinfectant,False,"Topic, technical term, proper name, abbreviation or metadata"
disinfectants,False,"Topic, technical term, proper name, abbreviation or metadata"
disoproxil,False,"Topic, technical term, proper name, abbreviation or metadata"
disorder,False,"Topic, technical term, proper name, abbreviation or metadata"
disordered,True,General academic wording
disorders,False,"Topic, technical term, proper name, abbreviation or metadata"
disorganization,True,General academic wording
disorganized,True,General academic wording
disparities,True,General academic wording
disparity,True,General academic wording
dispensed,False,"Topic, technical term, proper name, abbreviation or metadata"
disperse,False,"Topic, technical term, proper name, abbreviation or metadata"
dispersibility,False,"Topic, technical term, proper name, abbreviation or metadata"
dispersing,False,"Topic, technical term, proper name, abbreviation or metadata"
dispersion,False,"Topic, technical term, proper name, abbreviation or metadata"
dispersive,False,"Topic, technical term, proper name, abbreviation or metadata"
displacement,False,"Topic, technical term, proper name, abbreviation or metadata"
displacing,True,General academic wording
displayed,True,General academic wording
displaying,True,General academic wording
disproportionality,True,General academic wording
disproportionally,True,General academic wording
disproportionate,True,General academic wording
disproportionately,True,General academic wording
disregarded,True,General academic wording
disrupt,True,General academic wording
disrupted,True,General academic wording
disrupting,True,General academic wording
disruption,True,General academic wording
disruptions,True,General academic wording
disruptors,True,General academic wording
disrupts,True,General academic wording
dissatisfaction,True,General academic wording
dissect,True,General academic wording
dissecting,True,General academic wording
dissection,False,"Topic, technical term, proper name, abbreviation or metadata"
disseminating,True,General academic wording
dissemination,True,General academic wording
dissertations,True,General academic wording
dissimilarity,True,General academic wording
dissipation,False,"Topic, technical term, proper name, abbreviation or metadata"
dissipative,False,"Topic, technical term, proper name, abbreviation or metadata"
dissociation,False,"Topic, technical term, proper name, abbreviation or metadata"
dissolution,False,"Topic, technical term, proper name, abbreviation or metadata"
dissolve,False,"Topic, technical term, proper name, abbreviation or metadata"
dissolved,False,"Topic, technical term, proper name, abbreviation or metadata"
dissolving,False,"Topic, technical term, proper name, abbreviation or metadata"
distal,False,"Topic, technical term, proper name, abbreviation or metadata"
distally,False,"Topic, technical term, proper name, abbreviation or metadata"
distension,False,"Topic, technical term, proper name, abbreviation or metadata"
distention,False,"Topic, technical term, proper name, abbreviation or metadata"
distillation,False,"Topic, technical term, proper name, abbreviation or metadata"
distinct,True,General academic wording
distinction,True,General academic wording
distinctions,True,General academic wording
distinctive,True,General academic wording
distinctiveness,True,General academic wording
distinguish,True,General academic wording
distinguished,True,General academic wording
distinguishes,True,General academic wording
distinguishing,True,General academic wording
distort,True,General academic wording
distorted,True,General academic wording
distortion,True,General academic wording
distortions,True,General academic wording
distress,True,General academic wording
distressing,True,General academic wording
distributed,True,General academic wording
distributing,True,General academic wording
distribution,False,"Topic, technical term, proper name, abbreviation or metadata"
distributional,True,General academic wording
distributions,False,"Topic, technical term, proper name, abbreviation or metadata"
distrust,True,General academic wording
disturbance,True,General academic wording
disturbances,False,"Topic, technical term, proper name, abbreviation or metadata"
disubstituted,False,"Topic, technical term, proper name, abbreviation or metadata"
diterpenoid,False,"Topic, technical term, proper name, abbreviation or metadata"
diterpenoids,False,"Topic, technical term, proper name, abbreviation or metadata"
divalent,False,"Topic, technical term, proper name, abbreviation or metadata"
diverge,True,General academic wording
diverged,True,General academic wording
divergence,True,General academic wording
divergences,True,General academic wording
divergent,True,General academic wording
diverging,True,General academic wording
diverse,True,General academic wording
diversification,True,General academic wording
diversify,True,General academic wording
diversifying,True,General academic wording
diversity,True,General academic wording
diverticulitis,False,"Topic, technical term, proper name, abbreviation or metadata"
diverticulum,False,"Topic, technical term, proper name, abbreviation or metadata"
diverting,True,General academic wording
divided,True,General academic wording
divides,True,General academic wording
diving,False,"Topic, technical term, proper name, abbreviation or metadata"
divorced,False,"Topic, technical term, proper name, abbreviation or metadata"
dka,False,"Topic, technical term, proper name, abbreviation or metadata"
dkd,False,"Topic, technical term, proper name, abbreviation or metadata"
dlb,False,"Topic, technical term, proper name, abbreviation or metadata"
dlco,False,"Topic, technical term, proper name, abbreviation or metadata"
dld,False,"Topic, technical term, proper name, abbreviation or metadata"
dlp,False,"Topic, technical term, proper name, abbreviation or metadata"
dlpfc,False,"Topic, technical term, proper name, abbreviation or metadata"
dlqi,False,"Topic, technical term, proper name, abbreviation or metadata"
dma,False,"Topic, technical term, proper name, abbreviation or metadata"
dmards,False,"Topic, technical term, proper name, abbreviation or metadata"
dme,False,"Topic, technical term, proper name, abbreviation or metadata"
dmft,False,"Topic, technical term, proper name, abbreviation or metadata"
dmi,False,"Topic, technical term, proper name, abbreviation or metadata"
dmmr,False,"Topic, technical term, proper name, abbreviation or metadata"
dmn,False,"Topic, technical term, proper name, abbreviation or metadata"
dms,False,"Topic, technical term, proper name, abbreviation or metadata"
dmt,False,"Topic, technical term, proper name, abbreviation or metadata"
dna,False,"Topic, technical term, proper name, abbreviation or metadata"
dnam,False,"Topic, technical term, proper name, abbreviation or metadata"
dnase,False,"Topic, technical term, proper name, abbreviation or metadata"
dnn,False,"Topic, technical term, proper name, abbreviation or metadata"
doac,False,"Topic, technical term, proper name, abbreviation or metadata"
docetaxel,False,"Topic, technical term, proper name, abbreviation or metadata"
docked,False,"Topic, technical term, proper name, abbreviation or metadata"
docking,False,"Topic, technical term, proper name, abbreviation or metadata"
doctor's,False,"Topic, technical term, proper name, abbreviation or metadata"
doctoral,False,"Topic, technical term, proper name, abbreviation or metadata"
documentation,True,General academic wording
documented,True,General academic wording
documents,True,General academic wording
doe,False,"Topic, technical term, proper name, abbreviation or metadata"
dof,False,"Topic, technical term, proper name, abbreviation or metadata"
dolutegravir,False,"Topic, technical term, proper name, abbreviation or metadata"
dom,False,"Topic, technical term, proper name, abbreviation or metadata"
domain,True,General academic wording
domains,True,General academic wording
domesticated,False,"Topic, technical term, proper name, abbreviation or metadata"
dominance,True,General academic wording
dominant,True,General academic wording
dominate,True,General academic wording
dominated,True,General academic wording
dominates,True,General academic wording
don't,True,General academic wording
donate,False,"Topic, technical term, proper name, abbreviation or metadata"
donating,False,"Topic, technical term, proper name, abbreviation or metadata"
donepezil,False,"Topic, technical term, proper name, abbreviation or metadata"
donor,False,"Topic, technical term, proper name, abbreviation or metadata"
donors,False,"Topic, technical term, proper name, abbreviation or metadata"
dopa,False,"Topic, technical term, proper name, abbreviation or metadata"
dopamine,False,"Topic, technical term, proper name, abbreviation or metadata"
dopaminergic,False,"Topic, technical term, proper name, abbreviation or metadata"
dopants,False,"Topic, technical term, proper name, abbreviation or metadata"
doped,False,"Topic, technical term, proper name, abbreviation or metadata"
doping,False,"Topic, technical term, proper name, abbreviation or metadata"
dor,False,"Topic, technical term, proper name, abbreviation or metadata"
dormancy,False,"Topic, technical term, proper name, abbreviation or metadata"
dorsi,False,"Topic, technical term, proper name, abbreviation or metadata"
dorsiflexion,False,"Topic, technical term, proper name, abbreviation or metadata"
dorsomedial,False,"Topic, technical term, proper name, abbreviation or metadata"
dos,False,"Topic, technical term, proper name, abbreviation or metadata"
dosage,False,"Topic, technical term, proper name, abbreviation or metadata"
dose,False,"Topic, technical term, proper name, abbreviation or metadata"
doses,False,"Topic, technical term, proper name, abbreviation or metadata"
dosing,False,"Topic, technical term, proper name, abbreviation or metadata"
dota,False,"Topic, technical term, proper name, abbreviation or metadata"
dots,False,"Topic, technical term, proper name, abbreviation or metadata"
double,True,General academic wording
doubles,True,General academic wording
doublet,False,"Topic, technical term, proper name, abbreviation or metadata"
doubly,True,General academic wording
doubts,True,General academic wording
dough,False,"Topic, technical term, proper name, abbreviation or metadata"
downregulated,False,"Topic, technical term, proper name, abbreviation or metadata"
downregulates,False,"Topic, technical term, proper name, abbreviation or metadata"
downregulating,False,"Topic, technical term, proper name, abbreviation or metadata"
downregulation,False,"Topic, technical term, proper name, abbreviation or metadata"
downstaging,False,"Topic, technical term, proper name, abbreviation or metadata"
downstream,False,"Topic, technical term, proper name, abbreviation or metadata"
dpa,False,"Topic, technical term, proper name, abbreviation or metadata"
dpi,False,"Topic, technical term, proper name, abbreviation or metadata"
dpn,False,"Topic, technical term, proper name, abbreviation or metadata"
dpp,False,"Topic, technical term, proper name, abbreviation or metadata"
dpph,False,"Topic, technical term, proper name, abbreviation or metadata"
dpv,False,"Topic, technical term, proper name, abbreviation or metadata"
drainage,False,"Topic, technical term, proper name, abbreviation or metadata"
drains,False,"Topic, technical term, proper name, abbreviation or metadata"
drawback,True,General academic wording
drawbacks,True,General academic wording
drawing,True,General academic wording
drc,False,"Topic, technical term, proper name, abbreviation or metadata"
dre,False,"Topic, technical term, proper name, abbreviation or metadata"
dream,False,"Topic, technical term, proper name, abbreviation or metadata"
dressing,False,"Topic, technical term, proper name, abbreviation or metadata"
dressings,False,"Topic, technical term, proper name, abbreviation or metadata"
drg,False,"Topic, technical term, proper name, abbreviation or metadata"
drift,True,General academic wording
drifts,True,General academic wording
drill,False,"Topic, technical term, proper name, abbreviation or metadata"
drilling,False,"Topic, technical term, proper name, abbreviation or metadata"
drip,False,"Topic, technical term, proper name, abbreviation or metadata"
drive,True,General academic wording
driven,True,General academic wording
driver,True,General academic wording
drivers,True,General academic wording
drives,True,General academic wording
driving,True,General academic wording
drks,False,"Topic, technical term, proper name, abbreviation or metadata"
drone,False,"Topic, technical term, proper name, abbreviation or metadata"
droplet,False,"Topic, technical term, proper name, abbreviation or metadata"
dropout,False,"Topic, technical term, proper name, abbreviation or metadata"
dropouts,False,"Topic, technical term, proper name, abbreviation or metadata"
dropping,True,General academic wording
drought,False,"Topic, technical term, proper name, abbreviation or metadata"
droughts,False,"Topic, technical term, proper name, abbreviation or metadata"
drove,True,General academic wording
drowsiness,False,"Topic, technical term, proper name, abbreviation or metadata"
drs,False,"Topic, technical term, proper name, abbreviation or metadata"
drug,False,"Topic, technical term, proper name, abbreviation or metadata"
drug's,False,"Topic, technical term, proper name, abbreviation or metadata"
druggability,False,"Topic, technical term, proper name, abbreviation or metadata"
druggable,False,"Topic, technical term, proper name, abbreviation or metadata"
drugs,False,"Topic, technical term, proper name, abbreviation or metadata"
dry,False,"Topic, technical term, proper name, abbreviation or metadata"
dryness,False,"Topic, technical term, proper name, abbreviation or metadata"
dsa,False,"Topic, technical term, proper name, abbreviation or metadata"
dsc,False,"Topic, technical term, proper name, abbreviation or metadata"
dsp,False,"Topic, technical term, proper name, abbreviation or metadata"
dst,False,"Topic, technical term, proper name, abbreviation or metadata"
dta,False,"Topic, technical term, proper name, abbreviation or metadata"
dtc,False,"Topic, technical term, proper name, abbreviation or metadata"
dtg,False,"Topic, technical term, proper name, abbreviation or metadata"
dti,False,"Topic, technical term, proper name, abbreviation or metadata"
dtpa,False,"Topic, technical term, proper name, abbreviation or metadata"
dual,True,General academic wording
duality,True,General academic wording
duchenne,False,"Topic, technical term, proper name, abbreviation or metadata"
duck,False,"Topic, technical term, proper name, abbreviation or metadata"
ducks,False,"Topic, technical term, proper name, abbreviation or metadata"
ductal,False,"Topic, technical term, proper name, abbreviation or metadata"
ductile,False,"Topic, technical term, proper name, abbreviation or metadata"
ductility,False,"Topic, technical term, proper name, abbreviation or metadata"
due,True,General academic wording
dunn,False,"Topic, technical term, proper name, abbreviation or metadata"
dunn's,False,"Topic, technical term, proper name, abbreviation or metadata"
dupilumab,False,"Topic, technical term, proper name, abbreviation or metadata"
duplicate,True,General academic wording
duplicates,True,General academic wording
duplications,True,General academic wording
durability,True,General academic wording
durable,True,General academic wording
duration,True,General academic wording
durations,False,"Topic, technical term, proper name, abbreviation or metadata"
durvalumab,False,"Topic, technical term, proper name, abbreviation or metadata"
dwell,False,"Topic, technical term, proper name, abbreviation or metadata"
dxd,False,"Topic, technical term, proper name, abbreviation or metadata"
dyadic,True,General academic wording
dynamic,True,General academic wording
dynamical,True,General academic wording
dynamically,True,General academic wording
dynamics,True,General academic wording
dynamin,False,"Topic, technical term, proper name, abbreviation or metadata"
dysarthria,False,"Topic, technical term, proper name, abbreviation or metadata"
dysbiosis,False,"Topic, technical term, proper name, abbreviation or metadata"
dysbiotic,False,"Topic, technical term, proper name, abbreviation or metadata"
dysfunction,False,"Topic, technical term, proper name, abbreviation or metadata"
dyskinesia,False,"Topic, technical term, proper name, abbreviation or metadata"
dyslipidaemia,False,"Topic, technical term, proper name, abbreviation or metadata"
dyslipidemia,False,"Topic, technical term, proper name, abbreviation or metadata"
dysmenorrhea,False,"Topic, technical term, proper name, abbreviation or metadata"
dysmorphic,False,"Topic, technical term, proper name, abbreviation or metadata"
dyspepsia,False,"Topic, technical term, proper name, abbreviation or metadata"
dysphonia,False,"Topic, technical term, proper name, abbreviation or metadata"
dysphoria,False,"Topic, technical term, proper name, abbreviation or metadata"
dysplastic,False,"Topic, technical term, proper name, abbreviation or metadata"
dysregulated,False,"Topic, technical term, proper name, abbreviation or metadata"
dysregulation,False,"Topic, technical term, proper name, abbreviation or metadata"
dysregulations,False,"Topic, technical term, proper name, abbreviation or metadata"
dystrophic,False,"Topic, technical term, proper name, abbreviation or metadata"
dystrophin,False,"Topic, technical term, proper name, abbreviation or metadata"
dysuria,False,"Topic, technical term, proper name, abbreviation or metadata"
eapc,False,"Topic, technical term, proper name, abbreviation or metadata"
earlier,True,General academic wording
early,True,General academic wording
earth's,False,"Topic, technical term, proper name, abbreviation or metadata"
earthquake,False,"Topic, technical term, proper name, abbreviation or metadata"
earthquakes,False,"Topic, technical term, proper name, abbreviation or metadata"
earthworms,False,"Topic, technical term, proper name, abbreviation or metadata"
eas,False,"Topic, technical term, proper name, abbreviation or metadata"
ease,True,General academic wording
easily,True,General academic wording
easing,True,General academic wording
eastern,False,"Topic, technical term, proper name, abbreviation or metadata"
easy,True,General academic wording
eat,False,"Topic, technical term, proper name, abbreviation or metadata"
eating,False,"Topic, technical term, proper name, abbreviation or metadata"
ebsco,False,"Topic, technical term, proper name, abbreviation or metadata"
ebscohost,False,"Topic, technical term, proper name, abbreviation or metadata"
eca,False,"Topic, technical term, proper name, abbreviation or metadata"
ecc,False,"Topic, technical term, proper name, abbreviation or metadata"
eccentricity,False,"Topic, technical term, proper name, abbreviation or metadata"
ecd,False,"Topic, technical term, proper name, abbreviation or metadata"
ech,False,"Topic, technical term, proper name, abbreviation or metadata"
echinococcosis,False,"Topic, technical term, proper name, abbreviation or metadata"
echinococcus,False,"Topic, technical term, proper name, abbreviation or metadata"
echocardiograms,False,"Topic, technical term, proper name, abbreviation or metadata"
echocardiographic,False,"Topic, technical term, proper name, abbreviation or metadata"
echocardiography,False,"Topic, technical term, proper name, abbreviation or metadata"
echogenicity,False,"Topic, technical term, proper name, abbreviation or metadata"
ecl,False,"Topic, technical term, proper name, abbreviation or metadata"
eclampsia,False,"Topic, technical term, proper name, abbreviation or metadata"
ecm,False,"Topic, technical term, proper name, abbreviation or metadata"
eco,False,"Topic, technical term, proper name, abbreviation or metadata"
ecological,False,"Topic, technical term, proper name, abbreviation or metadata"
ecologically,True,General academic wording
ecology,False,"Topic, technical term, proper name, abbreviation or metadata"
econometric,False,"Topic, technical term, proper name, abbreviation or metadata"
economic,True,General academic wording
economy,False,"Topic, technical term, proper name, abbreviation or metadata"
ecosystem,False,"Topic, technical term, proper name, abbreviation or metadata"
ecosystems,False,"Topic, technical term, proper name, abbreviation or metadata"
ecotoxicity,False,"Topic, technical term, proper name, abbreviation or metadata"
ecotoxicological,False,"Topic, technical term, proper name, abbreviation or metadata"
ect,False,"Topic, technical term, proper name, abbreviation or metadata"
ecuador,False,"Topic, technical term, proper name, abbreviation or metadata"
ecules,False,"Topic, technical term, proper name, abbreviation or metadata"
ecv,False,"Topic, technical term, proper name, abbreviation or metadata"
eczema,False,"Topic, technical term, proper name, abbreviation or metadata"
eda,False,"Topic, technical term, proper name, abbreviation or metadata"
edc,False,"Topic, technical term, proper name, abbreviation or metadata"
edcs,False,"Topic, technical term, proper name, abbreviation or metadata"
eddy,False,"Topic, technical term, proper name, abbreviation or metadata"
edema,False,"Topic, technical term, proper name, abbreviation or metadata"
edentulous,False,"Topic, technical term, proper name, abbreviation or metadata"
edge,False,"Topic, technical term, proper name, abbreviation or metadata"
edged,False,"Topic, technical term, proper name, abbreviation or metadata"
edi,False,"Topic, technical term, proper name, abbreviation or metadata"
edinburgh,False,"Topic, technical term, proper name, abbreviation or metadata"
edit,True,General academic wording
edited,True,General academic wording
editing,True,General academic wording
editor,False,"Topic, technical term, proper name, abbreviation or metadata"
editorial,False,"Topic, technical term, proper name, abbreviation or metadata"
editorials,False,"Topic, technical term, proper name, abbreviation or metadata"
editors,False,"Topic, technical term, proper name, abbreviation or metadata"
edna,False,"Topic, technical term, proper name, abbreviation or metadata"
eds,False,"Topic, technical term, proper name, abbreviation or metadata"
educating,True,General academic wording
education,True,General academic wording
educational,False,"Topic, technical term, proper name, abbreviation or metadata"
educator,False,"Topic, technical term, proper name, abbreviation or metadata"
educators,False,"Topic, technical term, proper name, abbreviation or metadata"
eeg,False,"Topic, technical term, proper name, abbreviation or metadata"
efa,False,"Topic, technical term, proper name, abbreviation or metadata"
effect,True,General academic wording
effective,True,General academic wording
effectively,True,General academic wording
effectiveness,True,General academic wording
effector,False,"Topic, technical term, proper name, abbreviation or metadata"
effects,True,General academic wording
efferocytosis,False,"Topic, technical term, proper name, abbreviation or metadata"
efficacy,True,General academic wording
efficiencies,True,General academic wording
efficiency,True,General academic wording
efficient,True,General academic wording
efficiently,True,General academic wording
efficientnet,False,"Topic, technical term, proper name, abbreviation or metadata"
efforts,True,General academic wording
effusions,False,"Topic, technical term, proper name, abbreviation or metadata"
efsa,False,"Topic, technical term, proper name, abbreviation or metadata"
egcg,False,"Topic, technical term, proper name, abbreviation or metadata"
egd,False,"Topic, technical term, proper name, abbreviation or metadata"
egfp,False,"Topic, technical term, proper name, abbreviation or metadata"
egfr,False,"Topic, technical term, proper name, abbreviation or metadata"
egger,False,"Topic, technical term, proper name, abbreviation or metadata"
egger's,False,"Topic, technical term, proper name, abbreviation or metadata"
eggshell,False,"Topic, technical term, proper name, abbreviation or metadata"
ehr,False,"Topic, technical term, proper name, abbreviation or metadata"
ehrs,False,"Topic, technical term, proper name, abbreviation or metadata"
eigenvalues,False,"Topic, technical term, proper name, abbreviation or metadata"
eighth,False,"Topic, technical term, proper name, abbreviation or metadata"
eimeria,False,"Topic, technical term, proper name, abbreviation or metadata"
einstein,False,"Topic, technical term, proper name, abbreviation or metadata"
eis,False,"Topic, technical term, proper name, abbreviation or metadata"
ejection,False,"Topic, technical term, proper name, abbreviation or metadata"
elaborates,True,General academic wording
elapsed,True,General academic wording
elastase,False,"Topic, technical term, proper name, abbreviation or metadata"
elastic,False,"Topic, technical term, proper name, abbreviation or metadata"
elastomer,False,"Topic, technical term, proper name, abbreviation or metadata"
elastomers,False,"Topic, technical term, proper name, abbreviation or metadata"
elderly,False,"Topic, technical term, proper name, abbreviation or metadata"
elders,False,"Topic, technical term, proper name, abbreviation or metadata"
elected,False,"Topic, technical term, proper name, abbreviation or metadata"
electric,False,"Topic, technical term, proper name, abbreviation or metadata"
electrical,False,"Topic, technical term, proper name, abbreviation or metadata"
electrically,False,"Topic, technical term, proper name, abbreviation or metadata"
electro,False,"Topic, technical term, proper name, abbreviation or metadata"
electroactive,False,"Topic, technical term, proper name, abbreviation or metadata"
electroacupuncture,False,"Topic, technical term, proper name, abbreviation or metadata"
electrocardiograms,False,"Topic, technical term, proper name, abbreviation or metadata"
electrocardiographic,False,"Topic, technical term, proper name, abbreviation or metadata"
electrocardiography,False,"Topic, technical term, proper name, abbreviation or metadata"
electrocatalysis,False,"Topic, technical term, proper name, abbreviation or metadata"
electrocatalyst,False,"Topic, technical term, proper name, abbreviation or metadata"
electrocatalysts,False,"Topic, technical term, proper name, abbreviation or metadata"
electrocatalytic,False,"Topic, technical term, proper name, abbreviation or metadata"
electrochemical,False,"Topic, technical term, proper name, abbreviation or metadata"
electrochemiluminescence,False,"Topic, technical term, proper name, abbreviation or metadata"
electrochemistry,False,"Topic, technical term, proper name, abbreviation or metadata"
electroconvulsive,False,"Topic, technical term, proper name, abbreviation or metadata"
electrode,False,"Topic, technical term, proper name, abbreviation or metadata"
electrodeposition,False,"Topic, technical term, proper name, abbreviation or metadata"
electrodes,False,"Topic, technical term, proper name, abbreviation or metadata"
electroencephalography,False,"Topic, technical term, proper name, abbreviation or metadata"
electrolysis,False,"Topic, technical term, proper name, abbreviation or metadata"
electrolyte,False,"Topic, technical term, proper name, abbreviation or metadata"
electrolytes,False,"Topic, technical term, proper name, abbreviation or metadata"
electrolytic,False,"Topic, technical term, proper name, abbreviation or metadata"
electrolyzer,False,"Topic, technical term, proper name, abbreviation or metadata"
electromagnetic,False,"Topic, technical term, proper name, abbreviation or metadata"
electromechanical,False,"Topic, technical term, proper name, abbreviation or metadata"
electromyographic,False,"Topic, technical term, proper name, abbreviation or metadata"
electron,False,"Topic, technical term, proper name, abbreviation or metadata"
electronegativity,False,"Topic, technical term, proper name, abbreviation or metadata"
electronic,True,General academic wording
electronics,False,"Topic, technical term, proper name, abbreviation or metadata"
electrons,False,"Topic, technical term, proper name, abbreviation or metadata"
electrophiles,False,"Topic, technical term, proper name, abbreviation or metadata"
electrophilic,False,"Topic, technical term, proper name, abbreviation or metadata"
electrophoretic,False,"Topic, technical term, proper name, abbreviation or metadata"
electrophysiological,False,"Topic, technical term, proper name, abbreviation or metadata"
electrophysiology,False,"Topic, technical term, proper name, abbreviation or metadata"
electroporation,False,"Topic, technical term, proper name, abbreviation or metadata"
electroreduction,False,"Topic, technical term, proper name, abbreviation or metadata"
electrostatic,False,"Topic, technical term, proper name, abbreviation or metadata"
electrosynthesis,False,"Topic, technical term, proper name, abbreviation or metadata"
elegant,True,General academic wording
element,True,General academic wording
elements,True,General academic wording
elephant,False,"Topic, technical term, proper name, abbreviation or metadata"
elevate,True,General academic wording
elevated,True,General academic wording
elevates,True,General academic wording
elevating,True,General academic wording
elevation,True,General academic wording
elevations,True,General academic wording
eligibility,False,"Topic, technical term, proper name, abbreviation or metadata"
eligible,True,General academic wording
eliminates,True,General academic wording
eliminating,True,General academic wording
elimination,True,General academic wording
elisa,False,"Topic, technical term, proper name, abbreviation or metadata"
ellagic,False,"Topic, technical term, proper name, abbreviation or metadata"
elliptical,False,"Topic, technical term, proper name, abbreviation or metadata"
elongation,False,"Topic, technical term, proper name, abbreviation or metadata"
else,True,General academic wording
elucidate,True,General academic wording
elucidated,True,General academic wording
elucidates,True,General academic wording
elucidating,True,General academic wording
elusive,True,General academic wording
ema,False,"Topic, technical term, proper name, abbreviation or metadata"
email,False,"Topic, technical term, proper name, abbreviation or metadata"
embase,False,"Topic, technical term, proper name, abbreviation or metadata"
embed,True,General academic wording
embedded,False,"Topic, technical term, proper name, abbreviation or metadata"
embedding,False,"Topic, technical term, proper name, abbreviation or metadata"
embeddings,False,"Topic, technical term, proper name, abbreviation or metadata"
embeds,True,General academic wording
embodied,True,General academic wording
embodiment,True,General academic wording
embolic,False,"Topic, technical term, proper name, abbreviation or metadata"
embrace,True,General academic wording
embraced,True,General academic wording
embracing,True,General academic wording
embryological,False,"Topic, technical term, proper name, abbreviation or metadata"
embryonal,False,"Topic, technical term, proper name, abbreviation or metadata"
emerge,True,General academic wording
emerged,True,General academic wording
emergence,True,General academic wording
emerges,True,General academic wording
emerging,True,General academic wording
emi,False,"Topic, technical term, proper name, abbreviation or metadata"
emirates,False,"Topic, technical term, proper name, abbreviation or metadata"
emission,False,"Topic, technical term, proper name, abbreviation or metadata"
emissions,False,"Topic, technical term, proper name, abbreviation or metadata"
emissive,False,"Topic, technical term, proper name, abbreviation or metadata"
emitters,False,"Topic, technical term, proper name, abbreviation or metadata"
emitting,False,"Topic, technical term, proper name, abbreviation or metadata"
emmett,False,"Topic, technical term, proper name, abbreviation or metadata"
emotion,True,General academic wording
emotional,False,"Topic, technical term, proper name, abbreviation or metadata"
emotionally,True,General academic wording
emotions,True,General academic wording
empagliflozin,False,"Topic, technical term, proper name, abbreviation or metadata"
empathetic,True,General academic wording
empathic,True,General academic wording
empathy,True,General academic wording
emphasis,True,General academic wording
emphasise,True,General academic wording
emphasised,True,General academic wording
emphasises,True,General academic wording
emphasising,True,General academic wording
emphasize,True,General academic wording
emphasized,False,"Topic, technical term, proper name, abbreviation or metadata"
emphasizes,True,General academic wording
emphasizing,True,General academic wording
empiric,True,General academic wording
empirical,True,General academic wording
empirically,True,General academic wording
employ,True,General academic wording
employed,True,General academic wording
employing,True,General academic wording
employs,True,General academic wording
empower,True,General academic wording
empowered,True,General academic wording
empowering,True,General academic wording
empowerment,True,General academic wording
empowers,True,General academic wording
emptying,False,"Topic, technical term, proper name, abbreviation or metadata"
empyema,False,"Topic, technical term, proper name, abbreviation or metadata"
ems,False,"Topic, technical term, proper name, abbreviation or metadata"
emsa,False,"Topic, technical term, proper name, abbreviation or metadata"
emulate,True,General academic wording
emulating,True,General academic wording
emulation,True,General academic wording
emulsification,False,"Topic, technical term, proper name, abbreviation or metadata"
emulsifier,False,"Topic, technical term, proper name, abbreviation or metadata"
emulsifiers,False,"Topic, technical term, proper name, abbreviation or metadata"
emulsifying,False,"Topic, technical term, proper name, abbreviation or metadata"
emulsions,False,"Topic, technical term, proper name, abbreviation or metadata"
enable,True,General academic wording
enabled,True,General academic wording
enablers,True,General academic wording
enables,True,General academic wording
enabling,True,General academic wording
enacted,True,General academic wording
enantiomeric,False,"Topic, technical term, proper name, abbreviation or metadata"
enantioselective,False,"Topic, technical term, proper name, abbreviation or metadata"
enantioselectivity,False,"Topic, technical term, proper name, abbreviation or metadata"
encapsulate,True,General academic wording
encapsulated,False,"Topic, technical term, proper name, abbreviation or metadata"
encapsulates,True,General academic wording
encapsulating,False,"Topic, technical term, proper name, abbreviation or metadata"
encapsulation,False,"Topic, technical term, proper name, abbreviation or metadata"
enclosed,True,General academic wording
encoded,False,"Topic, technical term, proper name, abbreviation or metadata"
encoder,False,"Topic, technical term, proper name, abbreviation or metadata"
encoders,False,"Topic, technical term, proper name, abbreviation or metadata"
encodes,False,"Topic, technical term, proper name, abbreviation or metadata"
encompass,True,General academic wording
encompassed,True,General academic wording
encompasses,True,General academic wording
encompassing,True,General academic wording
encounter,True,General academic wording
encountered,True,General academic wording
encountering,True,General academic wording
encounters,True,General academic wording
encourage,True,General academic wording
encouragement,True,General academic wording
encrypted,False,"Topic, technical term, proper name, abbreviation or metadata"
encryption,False,"Topic, technical term, proper name, abbreviation or metadata"
encyclopedia,False,"Topic, technical term, proper name, abbreviation or metadata"
endanger,True,General academic wording
endangers,True,General academic wording
endeavor,True,General academic wording
endeavors,True,General academic wording
endeavours,True,General academic wording
endemic,False,"Topic, technical term, proper name, abbreviation or metadata"
endemicity,False,"Topic, technical term, proper name, abbreviation or metadata"
endobronchial,False,"Topic, technical term, proper name, abbreviation or metadata"
endocrine,False,"Topic, technical term, proper name, abbreviation or metadata"
endocrinologists,False,"Topic, technical term, proper name, abbreviation or metadata"
endocrinology,False,"Topic, technical term, proper name, abbreviation or metadata"
endodontic,False,"Topic, technical term, proper name, abbreviation or metadata"
endodontics,False,"Topic, technical term, proper name, abbreviation or metadata"
endogenous,False,"Topic, technical term, proper name, abbreviation or metadata"
endometrial,False,"Topic, technical term, proper name, abbreviation or metadata"
endometrioid,False,"Topic, technical term, proper name, abbreviation or metadata"
endometritis,False,"Topic, technical term, proper name, abbreviation or metadata"
endonasal,False,"Topic, technical term, proper name, abbreviation or metadata"
endoplasmic,False,"Topic, technical term, proper name, abbreviation or metadata"
endorsement,True,General academic wording
endorsing,True,General academic wording
endoscopic,False,"Topic, technical term, proper name, abbreviation or metadata"
endoscopists,False,"Topic, technical term, proper name, abbreviation or metadata"
endosomes,False,"Topic, technical term, proper name, abbreviation or metadata"
endothelial,False,"Topic, technical term, proper name, abbreviation or metadata"
endothelin,False,"Topic, technical term, proper name, abbreviation or metadata"
endothermic,False,"Topic, technical term, proper name, abbreviation or metadata"
endotype,False,"Topic, technical term, proper name, abbreviation or metadata"
endotypes,False,"Topic, technical term, proper name, abbreviation or metadata"
endovascular,False,"Topic, technical term, proper name, abbreviation or metadata"
endow,True,General academic wording
endowing,True,General academic wording
endows,True,General academic wording
endplate,False,"Topic, technical term, proper name, abbreviation or metadata"
endpoint,False,"Topic, technical term, proper name, abbreviation or metadata"
endpoints,False,"Topic, technical term, proper name, abbreviation or metadata"
endure,True,General academic wording
enduring,True,General academic wording
enemies,False,"Topic, technical term, proper name, abbreviation or metadata"
energetic,True,General academic wording
energetics,False,"Topic, technical term, proper name, abbreviation or metadata"
energies,False,"Topic, technical term, proper name, abbreviation or metadata"
energy,True,General academic wording
enforce,True,General academic wording
enforces,True,General academic wording
enforcing,True,General academic wording
engage,True,General academic wording
engaged,True,General academic wording
engagement,True,General academic wording
engages,True,General academic wording
engaging,True,General academic wording
engineer,False,"Topic, technical term, proper name, abbreviation or metadata"
engineered,False,"Topic, technical term, proper name, abbreviation or metadata"
engineering,False,"Topic, technical term, proper name, abbreviation or metadata"
english,False,"Topic, technical term, proper name, abbreviation or metadata"
enhance,True,General academic wording
enhanced,True,General academic wording
enhancement,True,General academic wording
enhancements,True,General academic wording
enhances,True,General academic wording
enhancing,True,General academic wording
enjoy,True,General academic wording
enjoyable,True,General academic wording
enjoyment,True,General academic wording
enlargement,True,General academic wording
enlarging,True,General academic wording
enolase,False,"Topic, technical term, proper name, abbreviation or metadata"
enriched,False,"Topic, technical term, proper name, abbreviation or metadata"
enriches,True,General academic wording
enriching,True,General academic wording
enrichment,False,"Topic, technical term, proper name, abbreviation or metadata"
enroll,True,General academic wording
enrolling,True,General academic wording
ensemble,False,"Topic, technical term, proper name, abbreviation or metadata"
ensembles,False,"Topic, technical term, proper name, abbreviation or metadata"
ensure,True,General academic wording
ensured,True,General academic wording
ensures,True,General academic wording
ensuring,True,General academic wording
ent,False,"Topic, technical term, proper name, abbreviation or metadata"
entail,True,General academic wording
entailed,True,General academic wording
entangled,False,"Topic, technical term, proper name, abbreviation or metadata"
entanglement,False,"Topic, technical term, proper name, abbreviation or metadata"
enteritidis,False,"Topic, technical term, proper name, abbreviation or metadata"
enteritis,False,"Topic, technical term, proper name, abbreviation or metadata"
enterobacter,False,"Topic, technical term, proper name, abbreviation or metadata"
enterobacterales,False,"Topic, technical term, proper name, abbreviation or metadata"
enterococci,False,"Topic, technical term, proper name, abbreviation or metadata"
enterocolitis,False,"Topic, technical term, proper name, abbreviation or metadata"
enteropathy,False,"Topic, technical term, proper name, abbreviation or metadata"
enterprise,False,"Topic, technical term, proper name, abbreviation or metadata"
enterprises,False,"Topic, technical term, proper name, abbreviation or metadata"
entertainment,False,"Topic, technical term, proper name, abbreviation or metadata"
enthalpy,False,"Topic, technical term, proper name, abbreviation or metadata"
entire,True,General academic wording
entirety,True,General academic wording
entitled,True,General academic wording
entomological,False,"Topic, technical term, proper name, abbreviation or metadata"
entomopathogenic,False,"Topic, technical term, proper name, abbreviation or metadata"
entrenched,True,General academic wording
entrepreneurship,False,"Topic, technical term, proper name, abbreviation or metadata"
entries,True,General academic wording
entropic,False,"Topic, technical term, proper name, abbreviation or metadata"
entropy,True,General academic wording
enucleation,False,"Topic, technical term, proper name, abbreviation or metadata"
envenomation,False,"Topic, technical term, proper name, abbreviation or metadata"
environ,False,"Topic, technical term, proper name, abbreviation or metadata"
environment,True,General academic wording
environmental,False,"Topic, technical term, proper name, abbreviation or metadata"
environmentally,False,"Topic, technical term, proper name, abbreviation or metadata"
environments,False,"Topic, technical term, proper name, abbreviation or metadata"
envisaged,True,General academic wording
envision,True,General academic wording
enzalutamide,False,"Topic, technical term, proper name, abbreviation or metadata"
enzymatic,False,"Topic, technical term, proper name, abbreviation or metadata"
enzymatically,False,"Topic, technical term, proper name, abbreviation or metadata"
enzyme,False,"Topic, technical term, proper name, abbreviation or metadata"
enzyme's,False,"Topic, technical term, proper name, abbreviation or metadata"
enzymes,False,"Topic, technical term, proper name, abbreviation or metadata"
eol,False,"Topic, technical term, proper name, abbreviation or metadata"
eos,False,"Topic, technical term, proper name, abbreviation or metadata"
eosin,False,"Topic, technical term, proper name, abbreviation or metadata"
eosinophil,False,"Topic, technical term, proper name, abbreviation or metadata"
eosinophilia,False,"Topic, technical term, proper name, abbreviation or metadata"
epcam,False,"Topic, technical term, proper name, abbreviation or metadata"
epds,False,"Topic, technical term, proper name, abbreviation or metadata"
epic,False,"Topic, technical term, proper name, abbreviation or metadata"
epicardial,False,"Topic, technical term, proper name, abbreviation or metadata"
epidemiological,False,"Topic, technical term, proper name, abbreviation or metadata"
epidemiologically,False,"Topic, technical term, proper name, abbreviation or metadata"
epidermal,False,"Topic, technical term, proper name, abbreviation or metadata"
epigastric,False,"Topic, technical term, proper name, abbreviation or metadata"
epigenetic,False,"Topic, technical term, proper name, abbreviation or metadata"
epigenetically,False,"Topic, technical term, proper name, abbreviation or metadata"
epigenomic,False,"Topic, technical term, proper name, abbreviation or metadata"
epilepsies,False,"Topic, technical term, proper name, abbreviation or metadata"
epilepsy,False,"Topic, technical term, proper name, abbreviation or metadata"
epileptiform,False,"Topic, technical term, proper name, abbreviation or metadata"
epileptogenic,False,"Topic, technical term, proper name, abbreviation or metadata"
epinephrine,False,"Topic, technical term, proper name, abbreviation or metadata"
epiretinal,False,"Topic, technical term, proper name, abbreviation or metadata"
epistaxis,False,"Topic, technical term, proper name, abbreviation or metadata"
epistemic,True,General academic wording
epitaxial,False,"Topic, technical term, proper name, abbreviation or metadata"
epithelial,False,"Topic, technical term, proper name, abbreviation or metadata"
epithelialization,False,"Topic, technical term, proper name, abbreviation or metadata"
epitranscriptomic,False,"Topic, technical term, proper name, abbreviation or metadata"
epo,False,"Topic, technical term, proper name, abbreviation or metadata"
epochs,True,General academic wording
epoxide,False,"Topic, technical term, proper name, abbreviation or metadata"
epr,False,"Topic, technical term, proper name, abbreviation or metadata"
epsilon,False,"Topic, technical term, proper name, abbreviation or metadata"
epworth,False,"Topic, technical term, proper name, abbreviation or metadata"
eqe,False,"Topic, technical term, proper name, abbreviation or metadata"
eqtl,False,"Topic, technical term, proper name, abbreviation or metadata"
eqtls,False,"Topic, technical term, proper name, abbreviation or metadata"
equalization,True,General academic wording
equation,True,General academic wording
equations,True,General academic wording
equatorial,False,"Topic, technical term, proper name, abbreviation or metadata"
equilibration,False,"Topic, technical term, proper name, abbreviation or metadata"
equilibria,False,"Topic, technical term, proper name, abbreviation or metadata"
equilibrium,False,"Topic, technical term, proper name, abbreviation or metadata"
equip,True,General academic wording
equipping,True,General academic wording
equitable,True,General academic wording
equity,True,General academic wording
equivalence,True,General academic wording
equivalent,True,General academic wording
eradicated,True,General academic wording
eradicating,True,General academic wording
eras,True,General academic wording
erastin,False,"Topic, technical term, proper name, abbreviation or metadata"
ercp,False,"Topic, technical term, proper name, abbreviation or metadata"
erector,False,"Topic, technical term, proper name, abbreviation or metadata"
erf,False,"Topic, technical term, proper name, abbreviation or metadata"
ergometer,False,"Topic, technical term, proper name, abbreviation or metadata"
ergonomic,False,"Topic, technical term, proper name, abbreviation or metadata"
ergonomics,False,"Topic, technical term, proper name, abbreviation or metadata"
ergosterol,False,"Topic, technical term, proper name, abbreviation or metadata"
eric,False,"Topic, technical term, proper name, abbreviation or metadata"
erm,False,"Topic, technical term, proper name, abbreviation or metadata"
erosion,False,"Topic, technical term, proper name, abbreviation or metadata"
erosions,False,"Topic, technical term, proper name, abbreviation or metadata"
erosive,False,"Topic, technical term, proper name, abbreviation or metadata"
error,True,General academic wording
errors,True,General academic wording
ers,False,"Topic, technical term, proper name, abbreviation or metadata"
eruption,False,"Topic, technical term, proper name, abbreviation or metadata"
eruptions,False,"Topic, technical term, proper name, abbreviation or metadata"
erythematous,False,"Topic, technical term, proper name, abbreviation or metadata"
erythromycin,False,"Topic, technical term, proper name, abbreviation or metadata"
esc,False,"Topic, technical term, proper name, abbreviation or metadata"
escalate,True,General academic wording
escalated,True,General academic wording
escalating,True,General academic wording
escalation,True,General academic wording
escape,True,General academic wording
escaping,True,General academic wording
escherichia,False,"Topic, technical term, proper name, abbreviation or metadata"
esd,False,"Topic, technical term, proper name, abbreviation or metadata"
eskd,False,"Topic, technical term, proper name, abbreviation or metadata"
esketamine,False,"Topic, technical term, proper name, abbreviation or metadata"
esm,False,"Topic, technical term, proper name, abbreviation or metadata"
esophagitis,False,"Topic, technical term, proper name, abbreviation or metadata"
esophagogastric,False,"Topic, technical term, proper name, abbreviation or metadata"
esophagogastroduodenoscopy,False,"Topic, technical term, proper name, abbreviation or metadata"
esp,False,"Topic, technical term, proper name, abbreviation or metadata"
especially,True,General academic wording
ess,False,"Topic, technical term, proper name, abbreviation or metadata"
essence,True,General academic wording
essential,True,General academic wording
est,False,"Topic, technical term, proper name, abbreviation or metadata"
establish,True,General academic wording
established,True,General academic wording
establishes,True,General academic wording
establishing,True,General academic wording
ester,False,"Topic, technical term, proper name, abbreviation or metadata"
esterase,False,"Topic, technical term, proper name, abbreviation or metadata"
esters,False,"Topic, technical term, proper name, abbreviation or metadata"
esthetic,False,"Topic, technical term, proper name, abbreviation or metadata"
esthetics,False,"Topic, technical term, proper name, abbreviation or metadata"
estimated,True,General academic wording
estimates,True,General academic wording
estimating,True,General academic wording
estimation,True,General academic wording
estrogens,False,"Topic, technical term, proper name, abbreviation or metadata"
estrous,False,"Topic, technical term, proper name, abbreviation or metadata"
estrus,False,"Topic, technical term, proper name, abbreviation or metadata"
estuaries,False,"Topic, technical term, proper name, abbreviation or metadata"
estuarine,False,"Topic, technical term, proper name, abbreviation or metadata"
estuary,False,"Topic, technical term, proper name, abbreviation or metadata"
eta,False,"Topic, technical term, proper name, abbreviation or metadata"
etc,False,"Topic, technical term, proper name, abbreviation or metadata"
etch,False,"Topic, technical term, proper name, abbreviation or metadata"
etched,False,"Topic, technical term, proper name, abbreviation or metadata"
ethical,True,General academic wording
ethically,True,General academic wording
ethics,False,"Topic, technical term, proper name, abbreviation or metadata"
ethiopian,False,"Topic, technical term, proper name, abbreviation or metadata"
ethnicity,False,"Topic, technical term, proper name, abbreviation or metadata"
ethnopharmacological,False,"Topic, technical term, proper name, abbreviation or metadata"
ethylbenzothiazoline,False,"Topic, technical term, proper name, abbreviation or metadata"
ethylenedioxythiophene,False,"Topic, technical term, proper name, abbreviation or metadata"
ethynyl,False,"Topic, technical term, proper name, abbreviation or metadata"
eti,False,"Topic, technical term, proper name, abbreviation or metadata"
etiological,False,"Topic, technical term, proper name, abbreviation or metadata"
etiologies,False,"Topic, technical term, proper name, abbreviation or metadata"
etiology,False,"Topic, technical term, proper name, abbreviation or metadata"
etiopathogenesis,False,"Topic, technical term, proper name, abbreviation or metadata"
etoh,False,"Topic, technical term, proper name, abbreviation or metadata"
eubacterium,False,"Topic, technical term, proper name, abbreviation or metadata"
eucalyptus,False,"Topic, technical term, proper name, abbreviation or metadata"
euclidean,False,"Topic, technical term, proper name, abbreviation or metadata"
eugenol,False,"Topic, technical term, proper name, abbreviation or metadata"
eular,False,"Topic, technical term, proper name, abbreviation or metadata"
eurasian,False,"Topic, technical term, proper name, abbreviation or metadata"
eus,False,"Topic, technical term, proper name, abbreviation or metadata"
eutectic,False,"Topic, technical term, proper name, abbreviation or metadata"
euthanasia,False,"Topic, technical term, proper name, abbreviation or metadata"
eutrophic,False,"Topic, technical term, proper name, abbreviation or metadata"
eutrophication,False,"Topic, technical term, proper name, abbreviation or metadata"
evacuation,False,"Topic, technical term, proper name, abbreviation or metadata"
evade,False,"Topic, technical term, proper name, abbreviation or metadata"
evading,False,"Topic, technical term, proper name, abbreviation or metadata"
evaluable,True,General academic wording
evaluate,True,General academic wording
evaluated,True,General academic wording
evaluates,True,General academic wording
evaluating,True,General academic wording
evaluation,True,General academic wording
evaluations,True,General academic wording
evaluative,True,General academic wording
evaluator,True,General academic wording
evaluators,True,General academic wording
evans,False,"Topic, technical term, proper name, abbreviation or metadata"
evapotranspiration,False,"Topic, technical term, proper name, abbreviation or metadata"
evar,False,"Topic, technical term, proper name, abbreviation or metadata"
evasion,False,"Topic, technical term, proper name, abbreviation or metadata"
evd,False,"Topic, technical term, proper name, abbreviation or metadata"
even,True,General academic wording
evenness,True,General academic wording
event,False,"Topic, technical term, proper name, abbreviation or metadata"
events,False,"Topic, technical term, proper name, abbreviation or metadata"
evergreen,False,"Topic, technical term, proper name, abbreviation or metadata"
everyday,True,General academic wording
evidence,True,General academic wording
evidenced,True,General academic wording
evident,True,General academic wording
evidentiary,True,General academic wording
evolution,False,"Topic, technical term, proper name, abbreviation or metadata"
evolutionary,False,"Topic, technical term, proper name, abbreviation or metadata"
evolve,True,General academic wording
evolved,True,General academic wording
evolves,True,General academic wording
evolving,True,General academic wording
evs,False,"Topic, technical term, proper name, abbreviation or metadata"
evt,False,"Topic, technical term, proper name, abbreviation or metadata"
ewes,False,"Topic, technical term, proper name, abbreviation or metadata"
ewing,False,"Topic, technical term, proper name, abbreviation or metadata"
exacerbate,True,General academic wording
exacerbated,False,"Topic, technical term, proper name, abbreviation or metadata"
exacerbates,True,General academic wording
exacerbating,True,General academic wording
exact,True,General academic wording
exactive,False,"Topic, technical term, proper name, abbreviation or metadata"
examination,True,General academic wording
examinations,True,General academic wording
examine,True,General academic wording
examined,True,General academic wording
examiner,True,General academic wording
examines,True,General academic wording
examining,True,General academic wording
example,True,General academic wording
examples,True,General academic wording
excavation,False,"Topic, technical term, proper name, abbreviation or metadata"
exceeded,True,General academic wording
exceeding,True,General academic wording
exceedingly,True,General academic wording
excel,True,General academic wording
excelled,True,General academic wording
excellent,True,General academic wording
excels,True,General academic wording
exceptional,True,General academic wording
exceptionally,True,General academic wording
excessive,True,General academic wording
excessively,True,General academic wording
exchange,True,General academic wording
exchangeable,True,General academic wording
exchanged,True,General academic wording
exchanger,False,"Topic, technical term, proper name, abbreviation or metadata"
exchanging,True,General academic wording
excipient,False,"Topic, technical term, proper name, abbreviation or metadata"
excision,False,"Topic, technical term, proper name, abbreviation or metadata"
excisional,False,"Topic, technical term, proper name, abbreviation or metadata"
excitation,False,"Topic, technical term, proper name, abbreviation or metadata"
excitations,False,"Topic, technical term, proper name, abbreviation or metadata"
excite,False,"Topic, technical term, proper name, abbreviation or metadata"
excited,False,"Topic, technical term, proper name, abbreviation or metadata"
exciton,False,"Topic, technical term, proper name, abbreviation or metadata"
excitonic,False,"Topic, technical term, proper name, abbreviation or metadata"
excitons,False,"Topic, technical term, proper name, abbreviation or metadata"
excitotoxicity,False,"Topic, technical term, proper name, abbreviation or metadata"
excluded,True,General academic wording
excludes,True,General academic wording
excluding,True,General academic wording
exclusion,True,General academic wording
exclusions,True,General academic wording
exclusively,True,General academic wording
excursions,False,"Topic, technical term, proper name, abbreviation or metadata"
executing,True,General academic wording
execution,True,General academic wording
executive,False,"Topic, technical term, proper name, abbreviation or metadata"
exemplar,True,General academic wording
exemplary,True,General academic wording
exemplified,True,General academic wording
exemplifies,True,General academic wording
exemplify,True,General academic wording
exercise,False,"Topic, technical term, proper name, abbreviation or metadata"
exercises,False,"Topic, technical term, proper name, abbreviation or metadata"
exert,True,General academic wording
exerted,True,General academic wording
exerting,True,General academic wording
exertional,False,"Topic, technical term, proper name, abbreviation or metadata"
exerts,True,General academic wording
exfoliated,False,"Topic, technical term, proper name, abbreviation or metadata"
exhausted,True,General academic wording
exhaustion,False,"Topic, technical term, proper name, abbreviation or metadata"
exhibit,True,General academic wording
exhibited,True,General academic wording
exhibiting,True,General academic wording
exhibits,True,General academic wording
exist,True,General academic wording
existential,True,General academic wording
existing,True,General academic wording
exo,False,"Topic, technical term, proper name, abbreviation or metadata"
exogenous,False,"Topic, technical term, proper name, abbreviation or metadata"
exogenously,False,"Topic, technical term, proper name, abbreviation or metadata"
exonuclease,False,"Topic, technical term, proper name, abbreviation or metadata"
exopolysaccharide,False,"Topic, technical term, proper name, abbreviation or metadata"
exopolysaccharides,False,"Topic, technical term, proper name, abbreviation or metadata"
exos,False,"Topic, technical term, proper name, abbreviation or metadata"
exoskeleton,False,"Topic, technical term, proper name, abbreviation or metadata"
exoskeletons,False,"Topic, technical term, proper name, abbreviation or metadata"
exosome,False,"Topic, technical term, proper name, abbreviation or metadata"
exosomes,False,"Topic, technical term, proper name, abbreviation or metadata"
exothermic,False,"Topic, technical term, proper name, abbreviation or metadata"
exp,False,"Topic, technical term, proper name, abbreviation or metadata"
expand,True,General academic wording
expandable,True,General academic wording
expanded,True,General academic wording
expanding,True,General academic wording
expands,True,General academic wording
expansion,True,General academic wording
expansions,True,General academic wording
expansive,True,General academic wording
expectancies,True,General academic wording
expectant,False,"Topic, technical term, proper name, abbreviation or metadata"
expectations,True,General academic wording
expected,True,General academic wording
expedite,True,General academic wording
expedited,True,General academic wording
expediting,True,General academic wording
expenses,True,General academic wording
expensive,True,General academic wording
experience,True,General academic wording
experienced,True,General academic wording
experiences,True,General academic wording
experiencing,True,General academic wording
experiential,True,General academic wording
experiment,True,General academic wording
experimental,False,"Topic, technical term, proper name, abbreviation or metadata"
experimentally,True,General academic wording
experiments,True,General academic wording
expert,True,General academic wording
expertise,True,General academic wording
experts,True,General academic wording
expiration,False,"Topic, technical term, proper name, abbreviation or metadata"
explain,True,General academic wording
explainability,True,General academic wording
explainable,False,"Topic, technical term, proper name, abbreviation or metadata"
explained,True,General academic wording
explaining,True,General academic wording
explanations,True,General academic wording
explanatory,True,General academic wording
explant,False,"Topic, technical term, proper name, abbreviation or metadata"
explantation,False,"Topic, technical term, proper name, abbreviation or metadata"
explicit,True,General academic wording
explicitly,True,General academic wording
exploit,True,General academic wording
exploits,True,General academic wording
exploration,True,General academic wording
explorations,True,General academic wording
explorative,True,General academic wording
exploratory,True,General academic wording
explore,True,General academic wording
explored,True,General academic wording
explores,True,General academic wording
exploring,True,General academic wording
explosion,False,"Topic, technical term, proper name, abbreviation or metadata"
exponent,False,"Topic, technical term, proper name, abbreviation or metadata"
exponents,False,"Topic, technical term, proper name, abbreviation or metadata"
exposes,True,General academic wording
exposome,False,"Topic, technical term, proper name, abbreviation or metadata"
exposure,False,"Topic, technical term, proper name, abbreviation or metadata"
exposures,True,General academic wording
expressive,True,General academic wording
expulsion,False,"Topic, technical term, proper name, abbreviation or metadata"
extend,True,General academic wording
extended,True,General academic wording
extending,True,General academic wording
extends,True,General academic wording
extensible,True,General academic wording
extension,True,General academic wording
extensions,True,General academic wording
extensive,True,General academic wording
extensively,True,General academic wording
extensors,False,"Topic, technical term, proper name, abbreviation or metadata"
external,True,General academic wording
externally,True,General academic wording
extinct,False,"Topic, technical term, proper name, abbreviation or metadata"
extracellular,False,"Topic, technical term, proper name, abbreviation or metadata"
extract,True,General academic wording
extractable,True,General academic wording
extracted,True,General academic wording
extracting,True,General academic wording
extraction,False,"Topic, technical term, proper name, abbreviation or metadata"
extractions,True,General academic wording
extractor,False,"Topic, technical term, proper name, abbreviation or metadata"
extracts,True,General academic wording
extraintestinal,False,"Topic, technical term, proper name, abbreviation or metadata"
extramedullary,False,"Topic, technical term, proper name, abbreviation or metadata"
extranodal,False,"Topic, technical term, proper name, abbreviation or metadata"
extraocular,False,"Topic, technical term, proper name, abbreviation or metadata"
extraperitoneal,False,"Topic, technical term, proper name, abbreviation or metadata"
extrapolated,True,General academic wording
extrapolating,True,General academic wording
extrapolation,True,General academic wording
extraversion,False,"Topic, technical term, proper name, abbreviation or metadata"
extreme,True,General academic wording
extremely,True,General academic wording
extremes,True,General academic wording
extruded,False,"Topic, technical term, proper name, abbreviation or metadata"
extubated,False,"Topic, technical term, proper name, abbreviation or metadata"
extubation,False,"Topic, technical term, proper name, abbreviation or metadata"
exudate,False,"Topic, technical term, proper name, abbreviation or metadata"
exudative,False,"Topic, technical term, proper name, abbreviation or metadata"
eye,False,"Topic, technical term, proper name, abbreviation or metadata"
eyelid,False,"Topic, technical term, proper name, abbreviation or metadata"
ezetimibe,False,"Topic, technical term, proper name, abbreviation or metadata"
fab,False,"Topic, technical term, proper name, abbreviation or metadata"
fabric,False,"Topic, technical term, proper name, abbreviation or metadata"
fabricated,False,"Topic, technical term, proper name, abbreviation or metadata"
fabricating,False,"Topic, technical term, proper name, abbreviation or metadata"
fabrication,False,"Topic, technical term, proper name, abbreviation or metadata"
fabrics,False,"Topic, technical term, proper name, abbreviation or metadata"
fabry,False,"Topic, technical term, proper name, abbreviation or metadata"
fac,False,"Topic, technical term, proper name, abbreviation or metadata"
face,True,General academic wording
faced,True,General academic wording
faces,True,General academic wording
faceted,True,General academic wording
facial,False,"Topic, technical term, proper name, abbreviation or metadata"
facile,True,General academic wording
facilely,True,General academic wording
facilitate,True,General academic wording
facilitated,True,General academic wording
facilitates,True,General academic wording
facilitating,True,General academic wording
facilitators,True,General academic wording
facing,True,General academic wording
factories,False,"Topic, technical term, proper name, abbreviation or metadata"
factorization,False,"Topic, technical term, proper name, abbreviation or metadata"
factors,True,General academic wording
factual,True,General academic wording
faculty,False,"Topic, technical term, proper name, abbreviation or metadata"
fad,False,"Topic, technical term, proper name, abbreviation or metadata"
fading,True,General academic wording
faecalibacterium,False,"Topic, technical term, proper name, abbreviation or metadata"
faecium,False,"Topic, technical term, proper name, abbreviation or metadata"
faers,False,"Topic, technical term, proper name, abbreviation or metadata"
fail,True,General academic wording
failing,True,General academic wording
fails,True,General academic wording
failure,True,General academic wording
failures,True,General academic wording
fairness,True,General academic wording
faith,False,"Topic, technical term, proper name, abbreviation or metadata"
faithful,True,General academic wording
faithfully,True,General academic wording
fake,True,General academic wording
fall,False,"Topic, technical term, proper name, abbreviation or metadata"
fallopian,False,"Topic, technical term, proper name, abbreviation or metadata"
fallot,False,"Topic, technical term, proper name, abbreviation or metadata"
false,True,General academic wording
fam,False,"Topic, technical term, proper name, abbreviation or metadata"
familiarity,True,General academic wording
families,False,"Topic, technical term, proper name, abbreviation or metadata"
family,False,"Topic, technical term, proper name, abbreviation or metadata"
family's,False,"Topic, technical term, proper name, abbreviation or metadata"
fan,False,"Topic, technical term, proper name, abbreviation or metadata"
fao,False,"Topic, technical term, proper name, abbreviation or metadata"
fap,False,"Topic, technical term, proper name, abbreviation or metadata"
fapi,False,"Topic, technical term, proper name, abbreviation or metadata"
faradaic,False,"Topic, technical term, proper name, abbreviation or metadata"
faraday,False,"Topic, technical term, proper name, abbreviation or metadata"
farming,False,"Topic, technical term, proper name, abbreviation or metadata"
farmland,False,"Topic, technical term, proper name, abbreviation or metadata"
farnesoid,False,"Topic, technical term, proper name, abbreviation or metadata"
farther,True,General academic wording
fascial,False,"Topic, technical term, proper name, abbreviation or metadata"
fasciitis,False,"Topic, technical term, proper name, abbreviation or metadata"
fasn,False,"Topic, technical term, proper name, abbreviation or metadata"
faso,False,"Topic, technical term, proper name, abbreviation or metadata"
fast,True,General academic wording
faster,True,General academic wording
fasting,False,"Topic, technical term, proper name, abbreviation or metadata"
fat,False,"Topic, technical term, proper name, abbreviation or metadata"
fate,False,"Topic, technical term, proper name, abbreviation or metadata"
fatigue,False,"Topic, technical term, proper name, abbreviation or metadata"
fats,False,"Topic, technical term, proper name, abbreviation or metadata"
fatty,False,"Topic, technical term, proper name, abbreviation or metadata"
fault,True,General academic wording
faults,True,General academic wording
favorable,True,General academic wording
favored,True,General academic wording
favoring,True,General academic wording
favors,True,General academic wording
favourable,True,General academic wording
favouring,True,General academic wording
fcc,False,"Topic, technical term, proper name, abbreviation or metadata"
fcm,False,"Topic, technical term, proper name, abbreviation or metadata"
fcr,False,"Topic, technical term, proper name, abbreviation or metadata"
fcs,False,"Topic, technical term, proper name, abbreviation or metadata"
fda,False,"Topic, technical term, proper name, abbreviation or metadata"
fdm,False,"Topic, technical term, proper name, abbreviation or metadata"
fdr,False,"Topic, technical term, proper name, abbreviation or metadata"
fea,False,"Topic, technical term, proper name, abbreviation or metadata"
fears,False,"Topic, technical term, proper name, abbreviation or metadata"
feasibility,True,General academic wording
feasible,True,General academic wording
feather,False,"Topic, technical term, proper name, abbreviation or metadata"
feature,True,General academic wording
featured,True,General academic wording
features,True,General academic wording
featuring,True,General academic wording
fecal,False,"Topic, technical term, proper name, abbreviation or metadata"
fed,False,"Topic, technical term, proper name, abbreviation or metadata"
federally,False,"Topic, technical term, proper name, abbreviation or metadata"
federated,False,"Topic, technical term, proper name, abbreviation or metadata"
feed,False,"Topic, technical term, proper name, abbreviation or metadata"
feedback,False,"Topic, technical term, proper name, abbreviation or metadata"
feedbacks,False,"Topic, technical term, proper name, abbreviation or metadata"
feeder,False,"Topic, technical term, proper name, abbreviation or metadata"
feedforward,False,"Topic, technical term, proper name, abbreviation or metadata"
feedstocks,False,"Topic, technical term, proper name, abbreviation or metadata"
feline,False,"Topic, technical term, proper name, abbreviation or metadata"
fell,False,"Topic, technical term, proper name, abbreviation or metadata"
fem,False,"Topic, technical term, proper name, abbreviation or metadata"
female,False,"Topic, technical term, proper name, abbreviation or metadata"
females,False,"Topic, technical term, proper name, abbreviation or metadata"
feminist,False,"Topic, technical term, proper name, abbreviation or metadata"
femoral,False,"Topic, technical term, proper name, abbreviation or metadata"
femoris,False,"Topic, technical term, proper name, abbreviation or metadata"
fenestrated,False,"Topic, technical term, proper name, abbreviation or metadata"
fenestration,False,"Topic, technical term, proper name, abbreviation or metadata"
fentanyl,False,"Topic, technical term, proper name, abbreviation or metadata"
fenton,False,"Topic, technical term, proper name, abbreviation or metadata"
fep,False,"Topic, technical term, proper name, abbreviation or metadata"
fer,False,"Topic, technical term, proper name, abbreviation or metadata"
fermentable,False,"Topic, technical term, proper name, abbreviation or metadata"
fermentation,False,"Topic, technical term, proper name, abbreviation or metadata"
fermentative,False,"Topic, technical term, proper name, abbreviation or metadata"
fermented,False,"Topic, technical term, proper name, abbreviation or metadata"
fermenting,False,"Topic, technical term, proper name, abbreviation or metadata"
fermi,False,"Topic, technical term, proper name, abbreviation or metadata"
ferrite,False,"Topic, technical term, proper name, abbreviation or metadata"
ferrocene,False,"Topic, technical term, proper name, abbreviation or metadata"
ferroelectric,False,"Topic, technical term, proper name, abbreviation or metadata"
ferroptosis,False,"Topic, technical term, proper name, abbreviation or metadata"
ferroptotic,False,"Topic, technical term, proper name, abbreviation or metadata"
ferrostatin,False,"Topic, technical term, proper name, abbreviation or metadata"
ferrous,False,"Topic, technical term, proper name, abbreviation or metadata"
fertile,False,"Topic, technical term, proper name, abbreviation or metadata"
fertility,False,"Topic, technical term, proper name, abbreviation or metadata"
fertilized,False,"Topic, technical term, proper name, abbreviation or metadata"
ferulic,False,"Topic, technical term, proper name, abbreviation or metadata"
fes,False,"Topic, technical term, proper name, abbreviation or metadata"
fesem,False,"Topic, technical term, proper name, abbreviation or metadata"
fetal,False,"Topic, technical term, proper name, abbreviation or metadata"
few,True,General academic wording
fewer,True,General academic wording
fewest,True,General academic wording
ffa,False,"Topic, technical term, proper name, abbreviation or metadata"
ffm,False,"Topic, technical term, proper name, abbreviation or metadata"
ffpe,False,"Topic, technical term, proper name, abbreviation or metadata"
ffq,False,"Topic, technical term, proper name, abbreviation or metadata"
ffr,False,"Topic, technical term, proper name, abbreviation or metadata"
fgds,False,"Topic, technical term, proper name, abbreviation or metadata"
fgfr,False,"Topic, technical term, proper name, abbreviation or metadata"
fgr,False,"Topic, technical term, proper name, abbreviation or metadata"
fib,False,"Topic, technical term, proper name, abbreviation or metadata"
fiber,False,"Topic, technical term, proper name, abbreviation or metadata"
fibers,False,"Topic, technical term, proper name, abbreviation or metadata"
fibrillar,False,"Topic, technical term, proper name, abbreviation or metadata"
fibrillary,False,"Topic, technical term, proper name, abbreviation or metadata"
fibrillation,False,"Topic, technical term, proper name, abbreviation or metadata"
fibro,False,"Topic, technical term, proper name, abbreviation or metadata"
fibroblast,False,"Topic, technical term, proper name, abbreviation or metadata"
fibroblasts,False,"Topic, technical term, proper name, abbreviation or metadata"
fibrogenesis,False,"Topic, technical term, proper name, abbreviation or metadata"
fibrogenic,False,"Topic, technical term, proper name, abbreviation or metadata"
fibroid,False,"Topic, technical term, proper name, abbreviation or metadata"
fibroids,False,"Topic, technical term, proper name, abbreviation or metadata"
fibroin,False,"Topic, technical term, proper name, abbreviation or metadata"
fibromyalgia,False,"Topic, technical term, proper name, abbreviation or metadata"
fibrosis,False,"Topic, technical term, proper name, abbreviation or metadata"
fibrotic,False,"Topic, technical term, proper name, abbreviation or metadata"
fibrous,False,"Topic, technical term, proper name, abbreviation or metadata"
fibular,False,"Topic, technical term, proper name, abbreviation or metadata"
fid,False,"Topic, technical term, proper name, abbreviation or metadata"
fidelity,True,General academic wording
field,True,General academic wording
field's,False,"Topic, technical term, proper name, abbreviation or metadata"
fields,True,General academic wording
fieldwork,True,General academic wording
fifth,False,"Topic, technical term, proper name, abbreviation or metadata"
fig,False,"Topic, technical term, proper name, abbreviation or metadata"
fills,True,General academic wording
film,False,"Topic, technical term, proper name, abbreviation or metadata"
films,False,"Topic, technical term, proper name, abbreviation or metadata"
filtering,False,"Topic, technical term, proper name, abbreviation or metadata"
fim,False,"Topic, technical term, proper name, abbreviation or metadata"
fin,False,"Topic, technical term, proper name, abbreviation or metadata"
final,True,General academic wording
finalized,True,General academic wording
finally,True,General academic wording
finance,False,"Topic, technical term, proper name, abbreviation or metadata"
finances,False,"Topic, technical term, proper name, abbreviation or metadata"
financial,True,General academic wording
financing,False,"Topic, technical term, proper name, abbreviation or metadata"
find,True,General academic wording
findings,True,General academic wording
finds,True,General academic wording
fine,True,General academic wording
finer,True,General academic wording
fingerprinting,False,"Topic, technical term, proper name, abbreviation or metadata"
fingerprints,False,"Topic, technical term, proper name, abbreviation or metadata"
finished,True,General academic wording
finishing,True,General academic wording
finite,True,General academic wording
finngen,False,"Topic, technical term, proper name, abbreviation or metadata"
fins,False,"Topic, technical term, proper name, abbreviation or metadata"
firearm,False,"Topic, technical term, proper name, abbreviation or metadata"
firefighters,False,"Topic, technical term, proper name, abbreviation or metadata"
fires,False,"Topic, technical term, proper name, abbreviation or metadata"
firmness,True,General academic wording
firms,False,"Topic, technical term, proper name, abbreviation or metadata"
firstly,True,General academic wording
firth,False,"Topic, technical term, proper name, abbreviation or metadata"
firth's,False,"Topic, technical term, proper name, abbreviation or metadata"
fiscal,False,"Topic, technical term, proper name, abbreviation or metadata"
fischer,False,"Topic, technical term, proper name, abbreviation or metadata"
fish,False,"Topic, technical term, proper name, abbreviation or metadata"
fisher's,False,"Topic, technical term, proper name, abbreviation or metadata"
fishery,False,"Topic, technical term, proper name, abbreviation or metadata"
fissure,False,"Topic, technical term, proper name, abbreviation or metadata"
fissures,False,"Topic, technical term, proper name, abbreviation or metadata"
fistulas,False,"Topic, technical term, proper name, abbreviation or metadata"
fit,True,General academic wording
fitting,True,General academic wording
five,False,"Topic, technical term, proper name, abbreviation or metadata"
fivefold,True,General academic wording
fix,True,General academic wording
fixation,False,"Topic, technical term, proper name, abbreviation or metadata"
fixed,True,General academic wording
flag,True,General academic wording
flagella,False,"Topic, technical term, proper name, abbreviation or metadata"
flagellar,False,"Topic, technical term, proper name, abbreviation or metadata"
flagged,True,General academic wording
flags,True,General academic wording
flair,True,General academic wording
flakes,False,"Topic, technical term, proper name, abbreviation or metadata"
flank,False,"Topic, technical term, proper name, abbreviation or metadata"
flap,False,"Topic, technical term, proper name, abbreviation or metadata"
flares,False,"Topic, technical term, proper name, abbreviation or metadata"
flash,False,"Topic, technical term, proper name, abbreviation or metadata"
flask,False,"Topic, technical term, proper name, abbreviation or metadata"
flattening,False,"Topic, technical term, proper name, abbreviation or metadata"
flatus,False,"Topic, technical term, proper name, abbreviation or metadata"
flavin,False,"Topic, technical term, proper name, abbreviation or metadata"
flavone,False,"Topic, technical term, proper name, abbreviation or metadata"
flavonoid,False,"Topic, technical term, proper name, abbreviation or metadata"
flavonoids,False,"Topic, technical term, proper name, abbreviation or metadata"
flavonol,False,"Topic, technical term, proper name, abbreviation or metadata"
flavonols,False,"Topic, technical term, proper name, abbreviation or metadata"
flavor,False,"Topic, technical term, proper name, abbreviation or metadata"
flavors,False,"Topic, technical term, proper name, abbreviation or metadata"
flavour,False,"Topic, technical term, proper name, abbreviation or metadata"
flavus,False,"Topic, technical term, proper name, abbreviation or metadata"
fleiss,False,"Topic, technical term, proper name, abbreviation or metadata"
flesch,False,"Topic, technical term, proper name, abbreviation or metadata"
flesh,False,"Topic, technical term, proper name, abbreviation or metadata"
flex,False,"Topic, technical term, proper name, abbreviation or metadata"
flexibility,True,General academic wording
flexible,True,General academic wording
flexibly,True,General academic wording
flexural,False,"Topic, technical term, proper name, abbreviation or metadata"
flip,False,"Topic, technical term, proper name, abbreviation or metadata"
flipped,False,"Topic, technical term, proper name, abbreviation or metadata"
flocculation,False,"Topic, technical term, proper name, abbreviation or metadata"
flocks,False,"Topic, technical term, proper name, abbreviation or metadata"
flood,False,"Topic, technical term, proper name, abbreviation or metadata"
flooding,False,"Topic, technical term, proper name, abbreviation or metadata"
floods,False,"Topic, technical term, proper name, abbreviation or metadata"
floral,False,"Topic, technical term, proper name, abbreviation or metadata"
flotation,False,"Topic, technical term, proper name, abbreviation or metadata"
flour,False,"Topic, technical term, proper name, abbreviation or metadata"
flourishing,True,General academic wording
flow,False,"Topic, technical term, proper name, abbreviation or metadata"
fls,False,"Topic, technical term, proper name, abbreviation or metadata"
fluctuate,True,General academic wording
fluctuating,True,General academic wording
fluctuations,True,General academic wording
flue,False,"Topic, technical term, proper name, abbreviation or metadata"
fluence,False,"Topic, technical term, proper name, abbreviation or metadata"
fluent,True,General academic wording
fluid,False,"Topic, technical term, proper name, abbreviation or metadata"
fluidic,False,"Topic, technical term, proper name, abbreviation or metadata"
fluidity,True,General academic wording
fluorescence,False,"Topic, technical term, proper name, abbreviation or metadata"
fluorescent,False,"Topic, technical term, proper name, abbreviation or metadata"
fluorinated,False,"Topic, technical term, proper name, abbreviation or metadata"
fluorination,False,"Topic, technical term, proper name, abbreviation or metadata"
fluorine,False,"Topic, technical term, proper name, abbreviation or metadata"
fluorogenic,False,"Topic, technical term, proper name, abbreviation or metadata"
fluorometric,False,"Topic, technical term, proper name, abbreviation or metadata"
fluoroquinolone,False,"Topic, technical term, proper name, abbreviation or metadata"
fluoroquinolones,False,"Topic, technical term, proper name, abbreviation or metadata"
fluoroscopic,False,"Topic, technical term, proper name, abbreviation or metadata"
flushing,False,"Topic, technical term, proper name, abbreviation or metadata"
flux,False,"Topic, technical term, proper name, abbreviation or metadata"
flying,False,"Topic, technical term, proper name, abbreviation or metadata"
fma,False,"Topic, technical term, proper name, abbreviation or metadata"
fms,False,"Topic, technical term, proper name, abbreviation or metadata"
fmt,False,"Topic, technical term, proper name, abbreviation or metadata"
fnirs,False,"Topic, technical term, proper name, abbreviation or metadata"
foaming,False,"Topic, technical term, proper name, abbreviation or metadata"
focal,False,"Topic, technical term, proper name, abbreviation or metadata"
focus,True,General academic wording
focused,True,General academic wording
focuses,True,General academic wording
focusing,True,General academic wording
fog,False,"Topic, technical term, proper name, abbreviation or metadata"
foil,False,"Topic, technical term, proper name, abbreviation or metadata"
fold,False,"Topic, technical term, proper name, abbreviation or metadata"
foliar,False,"Topic, technical term, proper name, abbreviation or metadata"
follow,True,General academic wording
followed,True,General academic wording
followers,True,General academic wording
following,True,General academic wording
fontan,False,"Topic, technical term, proper name, abbreviation or metadata"
food,False,"Topic, technical term, proper name, abbreviation or metadata"
foods,False,"Topic, technical term, proper name, abbreviation or metadata"
foodstuffs,False,"Topic, technical term, proper name, abbreviation or metadata"
foot,False,"Topic, technical term, proper name, abbreviation or metadata"
footprint,True,General academic wording
footprints,True,General academic wording
footwear,False,"Topic, technical term, proper name, abbreviation or metadata"
forbidden,True,General academic wording
force,True,General academic wording
forceps,False,"Topic, technical term, proper name, abbreviation or metadata"
forces,True,General academic wording
forcing,True,General academic wording
forecast,True,General academic wording
forecasted,True,General academic wording
forecasting,True,General academic wording
forecasts,True,General academic wording
forelimb,False,"Topic, technical term, proper name, abbreviation or metadata"
foremost,True,General academic wording
forensic,False,"Topic, technical term, proper name, abbreviation or metadata"
forest,False,"Topic, technical term, proper name, abbreviation or metadata"
forestry,False,"Topic, technical term, proper name, abbreviation or metadata"
forgetting,False,"Topic, technical term, proper name, abbreviation or metadata"
form,True,General academic wording
formal,True,General academic wording
formalism,True,General academic wording
formalized,True,General academic wording
formally,True,General academic wording
formate,False,"Topic, technical term, proper name, abbreviation or metadata"
formation,True,General academic wording
formations,True,General academic wording
formative,True,General academic wording
formats,False,"Topic, technical term, proper name, abbreviation or metadata"
formed,True,General academic wording
formic,False,"Topic, technical term, proper name, abbreviation or metadata"
formidable,True,General academic wording
forming,False,"Topic, technical term, proper name, abbreviation or metadata"
forms,True,General academic wording
formula,True,General academic wording
formulating,True,General academic wording
formulation,False,"Topic, technical term, proper name, abbreviation or metadata"
formulations,False,"Topic, technical term, proper name, abbreviation or metadata"
forthcoming,True,General academic wording
fortification,False,"Topic, technical term, proper name, abbreviation or metadata"
fortified,False,"Topic, technical term, proper name, abbreviation or metadata"
fortunately,True,General academic wording
forum,False,"Topic, technical term, proper name, abbreviation or metadata"
forums,False,"Topic, technical term, proper name, abbreviation or metadata"
forward,True,General academic wording
fosfomycin,False,"Topic, technical term, proper name, abbreviation or metadata"
foster,True,General academic wording
fostered,True,General academic wording
fostering,True,General academic wording
fosters,True,General academic wording
found,True,General academic wording
foundation,True,General academic wording
foundational,True,General academic wording
foundations,True,General academic wording
founded,True,General academic wording
four,False,"Topic, technical term, proper name, abbreviation or metadata"
fourfold,True,General academic wording
fourier,False,"Topic, technical term, proper name, abbreviation or metadata"
fov,False,"Topic, technical term, proper name, abbreviation or metadata"
fovea,False,"Topic, technical term, proper name, abbreviation or metadata"
foxo,False,"Topic, technical term, proper name, abbreviation or metadata"
fpn,False,"Topic, technical term, proper name, abbreviation or metadata"
fps,False,"Topic, technical term, proper name, abbreviation or metadata"
fraction,True,General academic wording
fractions,True,General academic wording
fracture,False,"Topic, technical term, proper name, abbreviation or metadata"
fractures,False,"Topic, technical term, proper name, abbreviation or metadata"
fracturing,False,"Topic, technical term, proper name, abbreviation or metadata"
fragilis,False,"Topic, technical term, proper name, abbreviation or metadata"
fragility,True,General academic wording
fragmentation,True,General academic wording
fragmented,True,General academic wording
fragrance,False,"Topic, technical term, proper name, abbreviation or metadata"
frailty,False,"Topic, technical term, proper name, abbreviation or metadata"
framed,True,General academic wording
framework,True,General academic wording
framework's,True,General academic wording
frameworks,True,General academic wording
framing,True,General academic wording
framingham,False,"Topic, technical term, proper name, abbreviation or metadata"
frap,False,"Topic, technical term, proper name, abbreviation or metadata"
fraud,False,"Topic, technical term, proper name, abbreviation or metadata"
fraught,True,General academic wording
free,True,General academic wording
frequent,True,General academic wording
frequentist,False,"Topic, technical term, proper name, abbreviation or metadata"
frequently,True,General academic wording
fresh,True,General academic wording
freshness,False,"Topic, technical term, proper name, abbreviation or metadata"
freshwater,False,"Topic, technical term, proper name, abbreviation or metadata"
freund's,False,"Topic, technical term, proper name, abbreviation or metadata"
frey,False,"Topic, technical term, proper name, abbreviation or metadata"
frictional,False,"Topic, technical term, proper name, abbreviation or metadata"
fried,False,"Topic, technical term, proper name, abbreviation or metadata"
friedman,False,"Topic, technical term, proper name, abbreviation or metadata"
friendliness,True,General academic wording
friendly,True,General academic wording
fringe,True,General academic wording
frog,False,"Topic, technical term, proper name, abbreviation or metadata"
frogs,False,"Topic, technical term, proper name, abbreviation or metadata"
frontier,True,General academic wording
frontiers,True,General academic wording
frontoparietal,False,"Topic, technical term, proper name, abbreviation or metadata"
frugiperda,False,"Topic, technical term, proper name, abbreviation or metadata"
fruit,False,"Topic, technical term, proper name, abbreviation or metadata"
fruitful,True,General academic wording
fruiting,False,"Topic, technical term, proper name, abbreviation or metadata"
fruits,False,"Topic, technical term, proper name, abbreviation or metadata"
fruity,False,"Topic, technical term, proper name, abbreviation or metadata"
frustrated,True,General academic wording
fss,False,"Topic, technical term, proper name, abbreviation or metadata"
ftc,False,"Topic, technical term, proper name, abbreviation or metadata"
ftd,False,"Topic, technical term, proper name, abbreviation or metadata"
ftir,False,"Topic, technical term, proper name, abbreviation or metadata"
fto,False,"Topic, technical term, proper name, abbreviation or metadata"
fucoidan,False,"Topic, technical term, proper name, abbreviation or metadata"
fucose,False,"Topic, technical term, proper name, abbreviation or metadata"
fudan,False,"Topic, technical term, proper name, abbreviation or metadata"
fueling,True,General academic wording
fugl,False,"Topic, technical term, proper name, abbreviation or metadata"
fujian,False,"Topic, technical term, proper name, abbreviation or metadata"
fulfil,True,General academic wording
fulfillment,True,General academic wording
full,True,General academic wording
fullerene,False,"Topic, technical term, proper name, abbreviation or metadata"
fullness,False,"Topic, technical term, proper name, abbreviation or metadata"
fully,True,General academic wording
fulminant,False,"Topic, technical term, proper name, abbreviation or metadata"
function,False,"Topic, technical term, proper name, abbreviation or metadata"
functional,False,"Topic, technical term, proper name, abbreviation or metadata"
functionalities,True,General academic wording
functionality,True,General academic wording
functionalization,False,"Topic, technical term, proper name, abbreviation or metadata"
functionalized,False,"Topic, technical term, proper name, abbreviation or metadata"
functionalizing,False,"Topic, technical term, proper name, abbreviation or metadata"
functionally,False,"Topic, technical term, proper name, abbreviation or metadata"
functionals,False,"Topic, technical term, proper name, abbreviation or metadata"
functioned,True,General academic wording
functioning,True,General academic wording
functions,True,General academic wording
fundamental,True,General academic wording
fundamentally,True,General academic wording
fundamentals,True,General academic wording
funders,False,"Topic, technical term, proper name, abbreviation or metadata"
funds,False,"Topic, technical term, proper name, abbreviation or metadata"
fungal,False,"Topic, technical term, proper name, abbreviation or metadata"
fungi,False,"Topic, technical term, proper name, abbreviation or metadata"
fungicidal,False,"Topic, technical term, proper name, abbreviation or metadata"
fungicide,False,"Topic, technical term, proper name, abbreviation or metadata"
fungicides,False,"Topic, technical term, proper name, abbreviation or metadata"
funnel,False,"Topic, technical term, proper name, abbreviation or metadata"
fur,False,"Topic, technical term, proper name, abbreviation or metadata"
furan,False,"Topic, technical term, proper name, abbreviation or metadata"
furnace,False,"Topic, technical term, proper name, abbreviation or metadata"
furnish,True,General academic wording
furosemide,False,"Topic, technical term, proper name, abbreviation or metadata"
further,True,General academic wording
furthering,True,General academic wording
furthermore,True,General academic wording
fus,False,"Topic, technical term, proper name, abbreviation or metadata"
fusarium,False,"Topic, technical term, proper name, abbreviation or metadata"
fuse,False,"Topic, technical term, proper name, abbreviation or metadata"
fused,False,"Topic, technical term, proper name, abbreviation or metadata"
fuses,False,"Topic, technical term, proper name, abbreviation or metadata"
fusing,False,"Topic, technical term, proper name, abbreviation or metadata"
fusion,False,"Topic, technical term, proper name, abbreviation or metadata"
fusobacterium,False,"Topic, technical term, proper name, abbreviation or metadata"
future,True,General academic wording
fwhm,False,"Topic, technical term, proper name, abbreviation or metadata"
fxr,False,"Topic, technical term, proper name, abbreviation or metadata"
gae,False,"Topic, technical term, proper name, abbreviation or metadata"
gain,True,General academic wording
gained,True,General academic wording
gaining,True,General academic wording
gains,True,General academic wording
gait,False,"Topic, technical term, proper name, abbreviation or metadata"
galectin,False,"Topic, technical term, proper name, abbreviation or metadata"
gallate,False,"Topic, technical term, proper name, abbreviation or metadata"
gallbladder,False,"Topic, technical term, proper name, abbreviation or metadata"
galleria,False,"Topic, technical term, proper name, abbreviation or metadata"
gallic,False,"Topic, technical term, proper name, abbreviation or metadata"
gallium,False,"Topic, technical term, proper name, abbreviation or metadata"
gallstone,False,"Topic, technical term, proper name, abbreviation or metadata"
gallstones,False,"Topic, technical term, proper name, abbreviation or metadata"
galvanic,False,"Topic, technical term, proper name, abbreviation or metadata"
gam,False,"Topic, technical term, proper name, abbreviation or metadata"
gametes,False,"Topic, technical term, proper name, abbreviation or metadata"
gamification,False,"Topic, technical term, proper name, abbreviation or metadata"
gamified,False,"Topic, technical term, proper name, abbreviation or metadata"
gaming,False,"Topic, technical term, proper name, abbreviation or metadata"
gammaproteobacteria,False,"Topic, technical term, proper name, abbreviation or metadata"
gammopathy,False,"Topic, technical term, proper name, abbreviation or metadata"
gan,False,"Topic, technical term, proper name, abbreviation or metadata"
ganoderma,False,"Topic, technical term, proper name, abbreviation or metadata"
gans,False,"Topic, technical term, proper name, abbreviation or metadata"
gansu,False,"Topic, technical term, proper name, abbreviation or metadata"
gap,True,General academic wording
gaps,True,General academic wording
gardens,False,"Topic, technical term, proper name, abbreviation or metadata"
garlic,False,"Topic, technical term, proper name, abbreviation or metadata"
garnered,True,General academic wording
garnering,True,General academic wording
garnet,False,"Topic, technical term, proper name, abbreviation or metadata"
gas,False,"Topic, technical term, proper name, abbreviation or metadata"
gasdermin,False,"Topic, technical term, proper name, abbreviation or metadata"
gastric,False,"Topic, technical term, proper name, abbreviation or metadata"
gastroesophageal,False,"Topic, technical term, proper name, abbreviation or metadata"
gastrointestinal,False,"Topic, technical term, proper name, abbreviation or metadata"
gastroscopy,False,"Topic, technical term, proper name, abbreviation or metadata"
gastrostomy,False,"Topic, technical term, proper name, abbreviation or metadata"
gated,False,"Topic, technical term, proper name, abbreviation or metadata"
gatekeeper,False,"Topic, technical term, proper name, abbreviation or metadata"
gates,False,"Topic, technical term, proper name, abbreviation or metadata"
gather,True,General academic wording
gathered,True,General academic wording
gating,False,"Topic, technical term, proper name, abbreviation or metadata"
gauged,True,General academic wording
gaussian,False,"Topic, technical term, proper name, abbreviation or metadata"
gauze,False,"Topic, technical term, proper name, abbreviation or metadata"
gbd,False,"Topic, technical term, proper name, abbreviation or metadata"
gbsa,False,"Topic, technical term, proper name, abbreviation or metadata"
gca,False,"Topic, technical term, proper name, abbreviation or metadata"
gce,False,"Topic, technical term, proper name, abbreviation or metadata"
gcn,False,"Topic, technical term, proper name, abbreviation or metadata"
gds,False,"Topic, technical term, proper name, abbreviation or metadata"
gear,False,"Topic, technical term, proper name, abbreviation or metadata"
geared,True,General academic wording
gee,False,"Topic, technical term, proper name, abbreviation or metadata"
gel,False,"Topic, technical term, proper name, abbreviation or metadata"
gelatinization,False,"Topic, technical term, proper name, abbreviation or metadata"
gelation,False,"Topic, technical term, proper name, abbreviation or metadata"
gelling,False,"Topic, technical term, proper name, abbreviation or metadata"
gelma,False,"Topic, technical term, proper name, abbreviation or metadata"
gels,False,"Topic, technical term, proper name, abbreviation or metadata"
gem,False,"Topic, technical term, proper name, abbreviation or metadata"
gemini,False,"Topic, technical term, proper name, abbreviation or metadata"
gender,False,"Topic, technical term, proper name, abbreviation or metadata"
gendered,False,"Topic, technical term, proper name, abbreviation or metadata"
gene,False,"Topic, technical term, proper name, abbreviation or metadata"
genecards,False,"Topic, technical term, proper name, abbreviation or metadata"
genera,False,"Topic, technical term, proper name, abbreviation or metadata"
generalisability,True,General academic wording
generalist,False,"Topic, technical term, proper name, abbreviation or metadata"
generality,True,General academic wording
generalizability,True,General academic wording
generalizable,True,General academic wording
generalization,True,General academic wording
generalize,True,General academic wording
generalized,True,General academic wording
generalizes,True,General academic wording
generalizing,True,General academic wording
generally,True,General academic wording
generate,True,General academic wording
generated,True,General academic wording
generates,True,General academic wording
generating,True,General academic wording
generation,True,General academic wording
generational,True,General academic wording
generative,False,"Topic, technical term, proper name, abbreviation or metadata"
generators,False,"Topic, technical term, proper name, abbreviation or metadata"
genes,False,"Topic, technical term, proper name, abbreviation or metadata"
genetic,False,"Topic, technical term, proper name, abbreviation or metadata"
genetically,False,"Topic, technical term, proper name, abbreviation or metadata"
genetics,False,"Topic, technical term, proper name, abbreviation or metadata"
genitalia,False,"Topic, technical term, proper name, abbreviation or metadata"
genitourinary,False,"Topic, technical term, proper name, abbreviation or metadata"
genome,False,"Topic, technical term, proper name, abbreviation or metadata"
genomes,False,"Topic, technical term, proper name, abbreviation or metadata"
genomic,False,"Topic, technical term, proper name, abbreviation or metadata"
genomics,False,"Topic, technical term, proper name, abbreviation or metadata"
gentle,True,General academic wording
genuine,True,General academic wording
genus,False,"Topic, technical term, proper name, abbreviation or metadata"
geo,False,"Topic, technical term, proper name, abbreviation or metadata"
geographic,False,"Topic, technical term, proper name, abbreviation or metadata"
geographically,False,"Topic, technical term, proper name, abbreviation or metadata"
geography,False,"Topic, technical term, proper name, abbreviation or metadata"
geological,False,"Topic, technical term, proper name, abbreviation or metadata"
geometric,False,"Topic, technical term, proper name, abbreviation or metadata"
geometrically,False,"Topic, technical term, proper name, abbreviation or metadata"
geometries,False,"Topic, technical term, proper name, abbreviation or metadata"
geometry,False,"Topic, technical term, proper name, abbreviation or metadata"
geopolitical,False,"Topic, technical term, proper name, abbreviation or metadata"
geospatial,False,"Topic, technical term, proper name, abbreviation or metadata"
gerd,False,"Topic, technical term, proper name, abbreviation or metadata"
geriatr,False,"Topic, technical term, proper name, abbreviation or metadata"
geriatric,False,"Topic, technical term, proper name, abbreviation or metadata"
geriatrics,False,"Topic, technical term, proper name, abbreviation or metadata"
germanium,False,"Topic, technical term, proper name, abbreviation or metadata"
germinated,False,"Topic, technical term, proper name, abbreviation or metadata"
germplasm,False,"Topic, technical term, proper name, abbreviation or metadata"
gestation,False,"Topic, technical term, proper name, abbreviation or metadata"
gestational,False,"Topic, technical term, proper name, abbreviation or metadata"
gesture,False,"Topic, technical term, proper name, abbreviation or metadata"
gestures,False,"Topic, technical term, proper name, abbreviation or metadata"
gfap,False,"Topic, technical term, proper name, abbreviation or metadata"
gfi,False,"Topic, technical term, proper name, abbreviation or metadata"
ggt,False,"Topic, technical term, proper name, abbreviation or metadata"
ghg,False,"Topic, technical term, proper name, abbreviation or metadata"
ghost,False,"Topic, technical term, proper name, abbreviation or metadata"
ghz,False,"Topic, technical term, proper name, abbreviation or metadata"
giardia,False,"Topic, technical term, proper name, abbreviation or metadata"
gibberellin,False,"Topic, technical term, proper name, abbreviation or metadata"
gibbs,False,"Topic, technical term, proper name, abbreviation or metadata"
gills,False,"Topic, technical term, proper name, abbreviation or metadata"
ginger,False,"Topic, technical term, proper name, abbreviation or metadata"
gingiva,False,"Topic, technical term, proper name, abbreviation or metadata"
gingivalis,False,"Topic, technical term, proper name, abbreviation or metadata"
gingivitis,False,"Topic, technical term, proper name, abbreviation or metadata"
gini,False,"Topic, technical term, proper name, abbreviation or metadata"
ginsenoside,False,"Topic, technical term, proper name, abbreviation or metadata"
gip,False,"Topic, technical term, proper name, abbreviation or metadata"
git,False,"Topic, technical term, proper name, abbreviation or metadata"
github,False,"Topic, technical term, proper name, abbreviation or metadata"
gla,False,"Topic, technical term, proper name, abbreviation or metadata"
glabrata,False,"Topic, technical term, proper name, abbreviation or metadata"
glacial,False,"Topic, technical term, proper name, abbreviation or metadata"
glandular,False,"Topic, technical term, proper name, abbreviation or metadata"
glasses,False,"Topic, technical term, proper name, abbreviation or metadata"
glassy,False,"Topic, technical term, proper name, abbreviation or metadata"
gleaned,True,General academic wording
glenohumeral,False,"Topic, technical term, proper name, abbreviation or metadata"
glial,False,"Topic, technical term, proper name, abbreviation or metadata"
glm,False,"Topic, technical term, proper name, abbreviation or metadata"
global,True,General academic wording
globally,True,General academic wording
globin,False,"Topic, technical term, proper name, abbreviation or metadata"
glomerulonephritis,False,"Topic, technical term, proper name, abbreviation or metadata"
glomerulosclerosis,False,"Topic, technical term, proper name, abbreviation or metadata"
glp,False,"Topic, technical term, proper name, abbreviation or metadata"
glu,False,"Topic, technical term, proper name, abbreviation or metadata"
glucagon,False,"Topic, technical term, proper name, abbreviation or metadata"
glucocorticoid,False,"Topic, technical term, proper name, abbreviation or metadata"
gluconeogenesis,False,"Topic, technical term, proper name, abbreviation or metadata"
glucosamine,False,"Topic, technical term, proper name, abbreviation or metadata"
glucose,False,"Topic, technical term, proper name, abbreviation or metadata"
glue,False,"Topic, technical term, proper name, abbreviation or metadata"
glutamic,False,"Topic, technical term, proper name, abbreviation or metadata"
glutathione,False,"Topic, technical term, proper name, abbreviation or metadata"
gluteal,False,"Topic, technical term, proper name, abbreviation or metadata"
gluten,False,"Topic, technical term, proper name, abbreviation or metadata"
gluteus,False,"Topic, technical term, proper name, abbreviation or metadata"
gly,False,"Topic, technical term, proper name, abbreviation or metadata"
glycaemic,False,"Topic, technical term, proper name, abbreviation or metadata"
glycemia,False,"Topic, technical term, proper name, abbreviation or metadata"
glycemic,False,"Topic, technical term, proper name, abbreviation or metadata"
glycerophospholipid,False,"Topic, technical term, proper name, abbreviation or metadata"
glycerophospholipids,False,"Topic, technical term, proper name, abbreviation or metadata"
glycocalyx,False,"Topic, technical term, proper name, abbreviation or metadata"
glycolipid,False,"Topic, technical term, proper name, abbreviation or metadata"
glycolysis,False,"Topic, technical term, proper name, abbreviation or metadata"
glycolytic,False,"Topic, technical term, proper name, abbreviation or metadata"
glycosaminoglycan,False,"Topic, technical term, proper name, abbreviation or metadata"
glycosides,False,"Topic, technical term, proper name, abbreviation or metadata"
glycosidic,False,"Topic, technical term, proper name, abbreviation or metadata"
glycosyl,False,"Topic, technical term, proper name, abbreviation or metadata"
glycosyltransferase,False,"Topic, technical term, proper name, abbreviation or metadata"
glycosyltransferases,False,"Topic, technical term, proper name, abbreviation or metadata"
glymphatic,False,"Topic, technical term, proper name, abbreviation or metadata"
gmm,False,"Topic, technical term, proper name, abbreviation or metadata"
gmp,False,"Topic, technical term, proper name, abbreviation or metadata"
gmv,False,"Topic, technical term, proper name, abbreviation or metadata"
gnn,False,"Topic, technical term, proper name, abbreviation or metadata"
gnns,False,"Topic, technical term, proper name, abbreviation or metadata"
goal,True,General academic wording
goals,True,General academic wording
goats,False,"Topic, technical term, proper name, abbreviation or metadata"
goblet,False,"Topic, technical term, proper name, abbreviation or metadata"
goiter,False,"Topic, technical term, proper name, abbreviation or metadata"
gold,False,"Topic, technical term, proper name, abbreviation or metadata"
gonad,False,"Topic, technical term, proper name, abbreviation or metadata"
gone,True,General academic wording
good,True,General academic wording
goodness,True,General academic wording
google,False,"Topic, technical term, proper name, abbreviation or metadata"
goose,False,"Topic, technical term, proper name, abbreviation or metadata"
gos,False,"Topic, technical term, proper name, abbreviation or metadata"
gout,False,"Topic, technical term, proper name, abbreviation or metadata"
gov,False,"Topic, technical term, proper name, abbreviation or metadata"
govern,True,General academic wording
governance,True,General academic wording
governed,True,General academic wording
governing,True,General academic wording
government,False,"Topic, technical term, proper name, abbreviation or metadata"
governs,True,General academic wording
gox,False,"Topic, technical term, proper name, abbreviation or metadata"
gpc,False,"Topic, technical term, proper name, abbreviation or metadata"
gpr,False,"Topic, technical term, proper name, abbreviation or metadata"
gpt,False,"Topic, technical term, proper name, abbreviation or metadata"
gpu,False,"Topic, technical term, proper name, abbreviation or metadata"
gqs,False,"Topic, technical term, proper name, abbreviation or metadata"
gracilis,False,"Topic, technical term, proper name, abbreviation or metadata"
grad,False,"Topic, technical term, proper name, abbreviation or metadata"
grade,False,"Topic, technical term, proper name, abbreviation or metadata"
graded,False,"Topic, technical term, proper name, abbreviation or metadata"
grades,False,"Topic, technical term, proper name, abbreviation or metadata"
gradient,False,"Topic, technical term, proper name, abbreviation or metadata"
gradients,False,"Topic, technical term, proper name, abbreviation or metadata"
grading,True,General academic wording
gradual,True,General academic wording
gradually,True,General academic wording
graduated,False,"Topic, technical term, proper name, abbreviation or metadata"
graduation,False,"Topic, technical term, proper name, abbreviation or metadata"
grafting,False,"Topic, technical term, proper name, abbreviation or metadata"
grain,False,"Topic, technical term, proper name, abbreviation or metadata"
grained,False,"Topic, technical term, proper name, abbreviation or metadata"
gram,False,"Topic, technical term, proper name, abbreviation or metadata"
graminearum,False,"Topic, technical term, proper name, abbreviation or metadata"
grams,False,"Topic, technical term, proper name, abbreviation or metadata"
grand,True,General academic wording
grants,False,"Topic, technical term, proper name, abbreviation or metadata"
granularity,True,General academic wording
granulation,False,"Topic, technical term, proper name, abbreviation or metadata"
granulocytes,False,"Topic, technical term, proper name, abbreviation or metadata"
granulomatosis,False,"Topic, technical term, proper name, abbreviation or metadata"
granulosa,False,"Topic, technical term, proper name, abbreviation or metadata"
granzyme,False,"Topic, technical term, proper name, abbreviation or metadata"
grapevine,False,"Topic, technical term, proper name, abbreviation or metadata"
graph,False,"Topic, technical term, proper name, abbreviation or metadata"
graphical,True,General academic wording
graphically,True,General academic wording
graphics,False,"Topic, technical term, proper name, abbreviation or metadata"
graphpad,False,"Topic, technical term, proper name, abbreviation or metadata"
graphs,False,"Topic, technical term, proper name, abbreviation or metadata"
grappling,True,General academic wording
grasp,True,General academic wording
grasping,True,General academic wording
grasslands,False,"Topic, technical term, proper name, abbreviation or metadata"
grating,False,"Topic, technical term, proper name, abbreviation or metadata"
gratings,False,"Topic, technical term, proper name, abbreviation or metadata"
gratitude,True,General academic wording
grave,True,General academic wording
graves,False,"Topic, technical term, proper name, abbreviation or metadata"
gravis,False,"Topic, technical term, proper name, abbreviation or metadata"
gravitational,False,"Topic, technical term, proper name, abbreviation or metadata"
gray,False,"Topic, technical term, proper name, abbreviation or metadata"
grayscale,False,"Topic, technical term, proper name, abbreviation or metadata"
great,True,General academic wording
greater,True,General academic wording
greatest,True,General academic wording
greatly,True,General academic wording
green,False,"Topic, technical term, proper name, abbreviation or metadata"
greener,False,"Topic, technical term, proper name, abbreviation or metadata"
greenhouse,False,"Topic, technical term, proper name, abbreviation or metadata"
greening,False,"Topic, technical term, proper name, abbreviation or metadata"
greenness,False,"Topic, technical term, proper name, abbreviation or metadata"
gren's,False,"Topic, technical term, proper name, abbreviation or metadata"
grid,False,"Topic, technical term, proper name, abbreviation or metadata"
grids,False,"Topic, technical term, proper name, abbreviation or metadata"
grief,False,"Topic, technical term, proper name, abbreviation or metadata"
grinding,False,"Topic, technical term, proper name, abbreviation or metadata"
grooming,False,"Topic, technical term, proper name, abbreviation or metadata"
grooves,False,"Topic, technical term, proper name, abbreviation or metadata"
ground,True,General academic wording
groundbreaking,True,General academic wording
grounded,True,General academic wording
grounding,True,General academic wording
groundwork,True,General academic wording
group,True,General academic wording
group's,True,General academic wording
groupings,True,General academic wording
groups,True,General academic wording
growers,False,"Topic, technical term, proper name, abbreviation or metadata"
growing,True,General academic wording
grows,True,General academic wording
growth,True,General academic wording
gru,False,"Topic, technical term, proper name, abbreviation or metadata"
gsdmd,False,"Topic, technical term, proper name, abbreviation or metadata"
gsh,False,"Topic, technical term, proper name, abbreviation or metadata"
gssg,False,"Topic, technical term, proper name, abbreviation or metadata"
gsva,False,"Topic, technical term, proper name, abbreviation or metadata"
gtex,False,"Topic, technical term, proper name, abbreviation or metadata"
gtr,False,"Topic, technical term, proper name, abbreviation or metadata"
gtv,False,"Topic, technical term, proper name, abbreviation or metadata"
guangdong,False,"Topic, technical term, proper name, abbreviation or metadata"
guangxi,False,"Topic, technical term, proper name, abbreviation or metadata"
guangzhou,False,"Topic, technical term, proper name, abbreviation or metadata"
guaranteeing,True,General academic wording
guarantees,True,General academic wording
guard,False,"Topic, technical term, proper name, abbreviation or metadata"
guardian,False,"Topic, technical term, proper name, abbreviation or metadata"
guardians,False,"Topic, technical term, proper name, abbreviation or metadata"
guidance,True,General academic wording
guide,True,General academic wording
guided,True,General academic wording
guideline,True,General academic wording
guidelines,True,General academic wording
guides,True,General academic wording
guidewire,False,"Topic, technical term, proper name, abbreviation or metadata"
guiding,True,General academic wording
guilt,False,"Topic, technical term, proper name, abbreviation or metadata"
guizhou,False,"Topic, technical term, proper name, abbreviation or metadata"
gum,False,"Topic, technical term, proper name, abbreviation or metadata"
gun,False,"Topic, technical term, proper name, abbreviation or metadata"
gunshot,False,"Topic, technical term, proper name, abbreviation or metadata"
gut,False,"Topic, technical term, proper name, abbreviation or metadata"
gvhd,False,"Topic, technical term, proper name, abbreviation or metadata"
gwas,False,"Topic, technical term, proper name, abbreviation or metadata"
gwass,False,"Topic, technical term, proper name, abbreviation or metadata"
gynaecology,False,"Topic, technical term, proper name, abbreviation or metadata"
gyra,False,"Topic, technical term, proper name, abbreviation or metadata"
gyration,False,"Topic, technical term, proper name, abbreviation or metadata"
gyri,False,"Topic, technical term, proper name, abbreviation or metadata"
habitat,False,"Topic, technical term, proper name, abbreviation or metadata"
habitats,False,"Topic, technical term, proper name, abbreviation or metadata"
habits,True,General academic wording
habituation,False,"Topic, technical term, proper name, abbreviation or metadata"
hacat,False,"Topic, technical term, proper name, abbreviation or metadata"
haemodialysis,False,"Topic, technical term, proper name, abbreviation or metadata"
haemolytic,False,"Topic, technical term, proper name, abbreviation or metadata"
haemostasis,False,"Topic, technical term, proper name, abbreviation or metadata"
haenszel,False,"Topic, technical term, proper name, abbreviation or metadata"
hai,False,"Topic, technical term, proper name, abbreviation or metadata"
hainan,False,"Topic, technical term, proper name, abbreviation or metadata"
hair,False,"Topic, technical term, proper name, abbreviation or metadata"
hairs,False,"Topic, technical term, proper name, abbreviation or metadata"
hairy,False,"Topic, technical term, proper name, abbreviation or metadata"
hais,False,"Topic, technical term, proper name, abbreviation or metadata"
halide,False,"Topic, technical term, proper name, abbreviation or metadata"
halides,False,"Topic, technical term, proper name, abbreviation or metadata"
hall,False,"Topic, technical term, proper name, abbreviation or metadata"
hallmark,True,General academic wording
hallucination,False,"Topic, technical term, proper name, abbreviation or metadata"
hallucinations,False,"Topic, technical term, proper name, abbreviation or metadata"
hallux,False,"Topic, technical term, proper name, abbreviation or metadata"
halogen,False,"Topic, technical term, proper name, abbreviation or metadata"
halogenated,False,"Topic, technical term, proper name, abbreviation or metadata"
halting,True,General academic wording
ham,False,"Topic, technical term, proper name, abbreviation or metadata"
hama,False,"Topic, technical term, proper name, abbreviation or metadata"
hamd,False,"Topic, technical term, proper name, abbreviation or metadata"
hamilton,False,"Topic, technical term, proper name, abbreviation or metadata"
hamiltonian,False,"Topic, technical term, proper name, abbreviation or metadata"
hampers,True,General academic wording
hamster,False,"Topic, technical term, proper name, abbreviation or metadata"
handbook,True,General academic wording
handcrafted,True,General academic wording
handedness,False,"Topic, technical term, proper name, abbreviation or metadata"
handgrip,False,"Topic, technical term, proper name, abbreviation or metadata"
handles,True,General academic wording
handling,True,General academic wording
hanging,False,"Topic, technical term, proper name, abbreviation or metadata"
hangzhou,False,"Topic, technical term, proper name, abbreviation or metadata"
haploid,False,"Topic, technical term, proper name, abbreviation or metadata"
haploidentical,False,"Topic, technical term, proper name, abbreviation or metadata"
haploinsufficiency,False,"Topic, technical term, proper name, abbreviation or metadata"
haptic,False,"Topic, technical term, proper name, abbreviation or metadata"
haptoglobin,False,"Topic, technical term, proper name, abbreviation or metadata"
harassment,False,"Topic, technical term, proper name, abbreviation or metadata"
harboured,False,"Topic, technical term, proper name, abbreviation or metadata"
hardening,False,"Topic, technical term, proper name, abbreviation or metadata"
harding,False,"Topic, technical term, proper name, abbreviation or metadata"
hardness,False,"Topic, technical term, proper name, abbreviation or metadata"
hardship,True,General academic wording
hardware,False,"Topic, technical term, proper name, abbreviation or metadata"
hardy,False,"Topic, technical term, proper name, abbreviation or metadata"
harm,True,General academic wording
harmful,True,General academic wording
harming,True,General academic wording
harmless,True,General academic wording
harmonics,False,"Topic, technical term, proper name, abbreviation or metadata"
harmonious,True,General academic wording
harmonisation,True,General academic wording
harmonised,True,General academic wording
harmonization,True,General academic wording
harmonize,True,General academic wording
harmonized,True,General academic wording
harmonizing,True,General academic wording
harmony,True,General academic wording
harness,True,General academic wording
harnesses,True,General academic wording
harnessing,True,General academic wording
harrell's,False,"Topic, technical term, proper name, abbreviation or metadata"
hartung,False,"Topic, technical term, proper name, abbreviation or metadata"
harvard,False,"Topic, technical term, proper name, abbreviation or metadata"
harvesting,False,"Topic, technical term, proper name, abbreviation or metadata"
hashimoto's,False,"Topic, technical term, proper name, abbreviation or metadata"
hat,False,"Topic, technical term, proper name, abbreviation or metadata"
hausdorff,False,"Topic, technical term, proper name, abbreviation or metadata"
hawaiian,False,"Topic, technical term, proper name, abbreviation or metadata"
hay,False,"Topic, technical term, proper name, abbreviation or metadata"
hazard,False,"Topic, technical term, proper name, abbreviation or metadata"
hazardous,True,General academic wording
hazards,False,"Topic, technical term, proper name, abbreviation or metadata"
hca,False,"Topic, technical term, proper name, abbreviation or metadata"
hcc,False,"Topic, technical term, proper name, abbreviation or metadata"
hcm,False,"Topic, technical term, proper name, abbreviation or metadata"
hcov,False,"Topic, technical term, proper name, abbreviation or metadata"
hcps,False,"Topic, technical term, proper name, abbreviation or metadata"
hcy,False,"Topic, technical term, proper name, abbreviation or metadata"
hdacs,False,"Topic, technical term, proper name, abbreviation or metadata"
hdp,False,"Topic, technical term, proper name, abbreviation or metadata"
hdr,False,"Topic, technical term, proper name, abbreviation or metadata"
head,True,General academic wording
headaches,False,"Topic, technical term, proper name, abbreviation or metadata"
headed,True,General academic wording
heading,True,General academic wording
headings,True,General academic wording
healing,False,"Topic, technical term, proper name, abbreviation or metadata"
health,False,"Topic, technical term, proper name, abbreviation or metadata"
healthcare,False,"Topic, technical term, proper name, abbreviation or metadata"
healthier,False,"Topic, technical term, proper name, abbreviation or metadata"
healthspan,False,"Topic, technical term, proper name, abbreviation or metadata"
heard,False,"Topic, technical term, proper name, abbreviation or metadata"
heart,False,"Topic, technical term, proper name, abbreviation or metadata"
heartbeat,False,"Topic, technical term, proper name, abbreviation or metadata"
heat,False,"Topic, technical term, proper name, abbreviation or metadata"
heating,False,"Topic, technical term, proper name, abbreviation or metadata"
heatmap,False,"Topic, technical term, proper name, abbreviation or metadata"
heatmaps,False,"Topic, technical term, proper name, abbreviation or metadata"
heatwaves,False,"Topic, technical term, proper name, abbreviation or metadata"
heavily,True,General academic wording
heavy,True,General academic wording
hebei,False,"Topic, technical term, proper name, abbreviation or metadata"
hedges,False,"Topic, technical term, proper name, abbreviation or metadata"
hedonic,False,"Topic, technical term, proper name, abbreviation or metadata"
hei,False,"Topic, technical term, proper name, abbreviation or metadata"
height,False,"Topic, technical term, proper name, abbreviation or metadata"
heighten,True,General academic wording
heightened,True,General academic wording
heightens,True,General academic wording
hek,False,"Topic, technical term, proper name, abbreviation or metadata"
held,True,General academic wording
helical,False,"Topic, technical term, proper name, abbreviation or metadata"
helium,False,"Topic, technical term, proper name, abbreviation or metadata"
help,True,General academic wording
helpful,True,General academic wording
helping,True,General academic wording
helplessness,False,"Topic, technical term, proper name, abbreviation or metadata"
helps,True,General academic wording
hemagglutination,False,"Topic, technical term, proper name, abbreviation or metadata"
hematogenous,False,"Topic, technical term, proper name, abbreviation or metadata"
hematologic,False,"Topic, technical term, proper name, abbreviation or metadata"
hematological,False,"Topic, technical term, proper name, abbreviation or metadata"
hematology,False,"Topic, technical term, proper name, abbreviation or metadata"
hematomas,False,"Topic, technical term, proper name, abbreviation or metadata"
hematuria,False,"Topic, technical term, proper name, abbreviation or metadata"
hemi,False,"Topic, technical term, proper name, abbreviation or metadata"
hemiarthroplasty,False,"Topic, technical term, proper name, abbreviation or metadata"
hemicellulose,False,"Topic, technical term, proper name, abbreviation or metadata"
hemicolectomy,False,"Topic, technical term, proper name, abbreviation or metadata"
hemiparesis,False,"Topic, technical term, proper name, abbreviation or metadata"
hemiplegia,False,"Topic, technical term, proper name, abbreviation or metadata"
hemiptera,False,"Topic, technical term, proper name, abbreviation or metadata"
hemocompatibility,False,"Topic, technical term, proper name, abbreviation or metadata"
hemocytes,False,"Topic, technical term, proper name, abbreviation or metadata"
hemodynamic,False,"Topic, technical term, proper name, abbreviation or metadata"
hemodynamically,False,"Topic, technical term, proper name, abbreviation or metadata"
hemoglobin,False,"Topic, technical term, proper name, abbreviation or metadata"
hemolysis,False,"Topic, technical term, proper name, abbreviation or metadata"
hemolytic,False,"Topic, technical term, proper name, abbreviation or metadata"
hemophagocytic,False,"Topic, technical term, proper name, abbreviation or metadata"
hemophilia,False,"Topic, technical term, proper name, abbreviation or metadata"
hemoptysis,False,"Topic, technical term, proper name, abbreviation or metadata"
hemorrhage,False,"Topic, technical term, proper name, abbreviation or metadata"
hemorrhagic,False,"Topic, technical term, proper name, abbreviation or metadata"
hemostatic,False,"Topic, technical term, proper name, abbreviation or metadata"
hemp,False,"Topic, technical term, proper name, abbreviation or metadata"
hen,False,"Topic, technical term, proper name, abbreviation or metadata"
henan,False,"Topic, technical term, proper name, abbreviation or metadata"
hence,True,General academic wording
hens,False,"Topic, technical term, proper name, abbreviation or metadata"
heparan,False,"Topic, technical term, proper name, abbreviation or metadata"
hepatic,False,"Topic, technical term, proper name, abbreviation or metadata"
hepato,False,"Topic, technical term, proper name, abbreviation or metadata"
hepatobiliary,False,"Topic, technical term, proper name, abbreviation or metadata"
hepatocellular,False,"Topic, technical term, proper name, abbreviation or metadata"
hepatology,False,"Topic, technical term, proper name, abbreviation or metadata"
hepatomegaly,False,"Topic, technical term, proper name, abbreviation or metadata"
hepatopancreas,False,"Topic, technical term, proper name, abbreviation or metadata"
hepatoprotective,False,"Topic, technical term, proper name, abbreviation or metadata"
hepatorenal,False,"Topic, technical term, proper name, abbreviation or metadata"
hepatotoxic,False,"Topic, technical term, proper name, abbreviation or metadata"
hepatotoxicity,False,"Topic, technical term, proper name, abbreviation or metadata"
hepcidin,False,"Topic, technical term, proper name, abbreviation or metadata"
her,True,General academic wording
herbaceous,False,"Topic, technical term, proper name, abbreviation or metadata"
herbicides,False,"Topic, technical term, proper name, abbreviation or metadata"
herbivore,False,"Topic, technical term, proper name, abbreviation or metadata"
herbivory,False,"Topic, technical term, proper name, abbreviation or metadata"
herds,False,"Topic, technical term, proper name, abbreviation or metadata"
hereditary,False,"Topic, technical term, proper name, abbreviation or metadata"
herein,True,General academic wording
heritage,False,"Topic, technical term, proper name, abbreviation or metadata"
hernias,False,"Topic, technical term, proper name, abbreviation or metadata"
herpesvirus,False,"Topic, technical term, proper name, abbreviation or metadata"
hesitancy,True,General academic wording
hesitant,True,General academic wording
hesperidin,False,"Topic, technical term, proper name, abbreviation or metadata"
heteroatom,False,"Topic, technical term, proper name, abbreviation or metadata"
heteroatoms,False,"Topic, technical term, proper name, abbreviation or metadata"
heterochromatin,False,"Topic, technical term, proper name, abbreviation or metadata"
heterocycles,False,"Topic, technical term, proper name, abbreviation or metadata"
heterocyclic,False,"Topic, technical term, proper name, abbreviation or metadata"
heterogeneity,False,"Topic, technical term, proper name, abbreviation or metadata"
heterogeneous,False,"Topic, technical term, proper name, abbreviation or metadata"
heterojunction,False,"Topic, technical term, proper name, abbreviation or metadata"
heterojunctions,False,"Topic, technical term, proper name, abbreviation or metadata"
heterologously,False,"Topic, technical term, proper name, abbreviation or metadata"
heterostructure,False,"Topic, technical term, proper name, abbreviation or metadata"
heterostructures,False,"Topic, technical term, proper name, abbreviation or metadata"
heterotopic,False,"Topic, technical term, proper name, abbreviation or metadata"
heterozygous,False,"Topic, technical term, proper name, abbreviation or metadata"
heuristic,True,General academic wording
heuristics,True,General academic wording
hev,False,"Topic, technical term, proper name, abbreviation or metadata"
hexavalent,False,"Topic, technical term, proper name, abbreviation or metadata"
hexokinase,False,"Topic, technical term, proper name, abbreviation or metadata"
hfpef,False,"Topic, technical term, proper name, abbreviation or metadata"
hfref,False,"Topic, technical term, proper name, abbreviation or metadata"
hfs,False,"Topic, technical term, proper name, abbreviation or metadata"
hgb,False,"Topic, technical term, proper name, abbreviation or metadata"
hgs,False,"Topic, technical term, proper name, abbreviation or metadata"
hgt,False,"Topic, technical term, proper name, abbreviation or metadata"
hhs,False,"Topic, technical term, proper name, abbreviation or metadata"
hiatal,False,"Topic, technical term, proper name, abbreviation or metadata"
hidradenitis,False,"Topic, technical term, proper name, abbreviation or metadata"
hie,False,"Topic, technical term, proper name, abbreviation or metadata"
hierarchical,False,"Topic, technical term, proper name, abbreviation or metadata"
hierarchically,True,General academic wording
hierarchies,True,General academic wording
hierarchy,True,General academic wording
hifi,False,"Topic, technical term, proper name, abbreviation or metadata"
high,True,General academic wording
higher,True,General academic wording
highest,True,General academic wording
highlight,True,General academic wording
highlighted,True,General academic wording
highlighting,True,General academic wording
highlights,True,General academic wording
highly,True,General academic wording
highway,False,"Topic, technical term, proper name, abbreviation or metadata"
hiit,False,"Topic, technical term, proper name, abbreviation or metadata"
hilar,False,"Topic, technical term, proper name, abbreviation or metadata"
hill,False,"Topic, technical term, proper name, abbreviation or metadata"
himalayan,False,"Topic, technical term, proper name, abbreviation or metadata"
hind,False,"Topic, technical term, proper name, abbreviation or metadata"
hinder,True,General academic wording
hindered,True,General academic wording
hindering,True,General academic wording
hinders,True,General academic wording
hindfoot,False,"Topic, technical term, proper name, abbreviation or metadata"
hindrance,True,General academic wording
hinge,True,General academic wording
hinges,True,General academic wording
hint,True,General academic wording
hinting,True,General academic wording
hip,False,"Topic, technical term, proper name, abbreviation or metadata"
hipec,False,"Topic, technical term, proper name, abbreviation or metadata"
hipsc,False,"Topic, technical term, proper name, abbreviation or metadata"
hipscs,False,"Topic, technical term, proper name, abbreviation or metadata"
hirshfeld,False,"Topic, technical term, proper name, abbreviation or metadata"
hispanic,False,"Topic, technical term, proper name, abbreviation or metadata"
histiocytosis,False,"Topic, technical term, proper name, abbreviation or metadata"
histocompatibility,False,"Topic, technical term, proper name, abbreviation or metadata"
histograms,False,"Topic, technical term, proper name, abbreviation or metadata"
histological,False,"Topic, technical term, proper name, abbreviation or metadata"
histologically,False,"Topic, technical term, proper name, abbreviation or metadata"
histology,False,"Topic, technical term, proper name, abbreviation or metadata"
histomorphology,False,"Topic, technical term, proper name, abbreviation or metadata"
histone,False,"Topic, technical term, proper name, abbreviation or metadata"
histopathological,False,"Topic, technical term, proper name, abbreviation or metadata"
histopathologically,False,"Topic, technical term, proper name, abbreviation or metadata"
histopathology,False,"Topic, technical term, proper name, abbreviation or metadata"
historical,True,General academic wording
historically,True,General academic wording
history,True,General academic wording
hlh,False,"Topic, technical term, proper name, abbreviation or metadata"
hmf,False,"Topic, technical term, proper name, abbreviation or metadata"
hms,False,"Topic, technical term, proper name, abbreviation or metadata"
hnc,False,"Topic, technical term, proper name, abbreviation or metadata"
hne,False,"Topic, technical term, proper name, abbreviation or metadata"
hoarseness,False,"Topic, technical term, proper name, abbreviation or metadata"
hoc,False,"Topic, technical term, proper name, abbreviation or metadata"
hochberg,False,"Topic, technical term, proper name, abbreviation or metadata"
hold,True,General academic wording
holders,True,General academic wording
holding,True,General academic wording
holds,True,General academic wording
hole,False,"Topic, technical term, proper name, abbreviation or metadata"
holistic,True,General academic wording
holistically,True,General academic wording
holm,False,"Topic, technical term, proper name, abbreviation or metadata"
holmium,False,"Topic, technical term, proper name, abbreviation or metadata"
holographic,False,"Topic, technical term, proper name, abbreviation or metadata"
holography,False,"Topic, technical term, proper name, abbreviation or metadata"
holter,False,"Topic, technical term, proper name, abbreviation or metadata"
homemade,False,"Topic, technical term, proper name, abbreviation or metadata"
homeostasis,False,"Topic, technical term, proper name, abbreviation or metadata"
hominis,False,"Topic, technical term, proper name, abbreviation or metadata"
homogeneous,True,General academic wording
homogeneously,True,General academic wording
homogenization,True,General academic wording
homogenized,True,General academic wording
homozygosity,False,"Topic, technical term, proper name, abbreviation or metadata"
honeycomb,False,"Topic, technical term, proper name, abbreviation or metadata"
hook,False,"Topic, technical term, proper name, abbreviation or metadata"
hop,False,"Topic, technical term, proper name, abbreviation or metadata"
hopelessness,False,"Topic, technical term, proper name, abbreviation or metadata"
hoping,True,General academic wording
hopping,False,"Topic, technical term, proper name, abbreviation or metadata"
horizons,True,General academic wording
horizontal,False,"Topic, technical term, proper name, abbreviation or metadata"
hormonal,False,"Topic, technical term, proper name, abbreviation or metadata"
hormone,False,"Topic, technical term, proper name, abbreviation or metadata"
horseradish,False,"Topic, technical term, proper name, abbreviation or metadata"
horticultural,False,"Topic, technical term, proper name, abbreviation or metadata"
hosmer,False,"Topic, technical term, proper name, abbreviation or metadata"
hospital,False,"Topic, technical term, proper name, abbreviation or metadata"
hospital's,False,"Topic, technical term, proper name, abbreviation or metadata"
hospitalization,False,"Topic, technical term, proper name, abbreviation or metadata"
host,False,"Topic, technical term, proper name, abbreviation or metadata"
host's,False,"Topic, technical term, proper name, abbreviation or metadata"
hostile,True,General academic wording
hosting,True,General academic wording
hot,True,General academic wording
hotspot,False,"Topic, technical term, proper name, abbreviation or metadata"
hotspots,False,"Topic, technical term, proper name, abbreviation or metadata"
hounsfield,False,"Topic, technical term, proper name, abbreviation or metadata"
hour,False,"Topic, technical term, proper name, abbreviation or metadata"
housekeeping,False,"Topic, technical term, proper name, abbreviation or metadata"
however,True,General academic wording
hpf,False,"Topic, technical term, proper name, abbreviation or metadata"
hpi,False,"Topic, technical term, proper name, abbreviation or metadata"
hps,False,"Topic, technical term, proper name, abbreviation or metadata"
hpv,False,"Topic, technical term, proper name, abbreviation or metadata"
hrd,False,"Topic, technical term, proper name, abbreviation or metadata"
hresims,False,"Topic, technical term, proper name, abbreviation or metadata"
hrms,False,"Topic, technical term, proper name, abbreviation or metadata"
hrp,False,"Topic, technical term, proper name, abbreviation or metadata"
hrr,False,"Topic, technical term, proper name, abbreviation or metadata"
hrs,False,"Topic, technical term, proper name, abbreviation or metadata"
hrt,False,"Topic, technical term, proper name, abbreviation or metadata"
hsc,False,"Topic, technical term, proper name, abbreviation or metadata"
hscrp,False,"Topic, technical term, proper name, abbreviation or metadata"
hsd,False,"Topic, technical term, proper name, abbreviation or metadata"
hsi,False,"Topic, technical term, proper name, abbreviation or metadata"
hspcs,False,"Topic, technical term, proper name, abbreviation or metadata"
hss,False,"Topic, technical term, proper name, abbreviation or metadata"
hta,False,"Topic, technical term, proper name, abbreviation or metadata"
htl,False,"Topic, technical term, proper name, abbreviation or metadata"
html,False,"Topic, technical term, proper name, abbreviation or metadata"
htn,False,"Topic, technical term, proper name, abbreviation or metadata"
hts,False,"Topic, technical term, proper name, abbreviation or metadata"
hua,False,"Topic, technical term, proper name, abbreviation or metadata"
huang,False,"Topic, technical term, proper name, abbreviation or metadata"
hub,False,"Topic, technical term, proper name, abbreviation or metadata"
hubs,False,"Topic, technical term, proper name, abbreviation or metadata"
hue,False,"Topic, technical term, proper name, abbreviation or metadata"
humanistic,True,General academic wording
humanitarian,False,"Topic, technical term, proper name, abbreviation or metadata"
humanized,False,"Topic, technical term, proper name, abbreviation or metadata"
humid,False,"Topic, technical term, proper name, abbreviation or metadata"
humidity,False,"Topic, technical term, proper name, abbreviation or metadata"
humility,True,General academic wording
humor,True,General academic wording
hunan,False,"Topic, technical term, proper name, abbreviation or metadata"
hungarian,False,"Topic, technical term, proper name, abbreviation or metadata"
hungary,False,"Topic, technical term, proper name, abbreviation or metadata"
hunger,False,"Topic, technical term, proper name, abbreviation or metadata"
hunt,False,"Topic, technical term, proper name, abbreviation or metadata"
hunting,False,"Topic, technical term, proper name, abbreviation or metadata"
huntington's,False,"Topic, technical term, proper name, abbreviation or metadata"
hurdle,True,General academic wording
hurdles,True,General academic wording
husbandry,False,"Topic, technical term, proper name, abbreviation or metadata"
husk,False,"Topic, technical term, proper name, abbreviation or metadata"
huvec,False,"Topic, technical term, proper name, abbreviation or metadata"
hyaluronic,False,"Topic, technical term, proper name, abbreviation or metadata"
hyaluronidase,False,"Topic, technical term, proper name, abbreviation or metadata"
hybrid,False,"Topic, technical term, proper name, abbreviation or metadata"
hybridization,False,"Topic, technical term, proper name, abbreviation or metadata"
hydatid,False,"Topic, technical term, proper name, abbreviation or metadata"
hydrate,False,"Topic, technical term, proper name, abbreviation or metadata"
hydrated,False,"Topic, technical term, proper name, abbreviation or metadata"
hydration,False,"Topic, technical term, proper name, abbreviation or metadata"
hydrazine,False,"Topic, technical term, proper name, abbreviation or metadata"
hydrazone,False,"Topic, technical term, proper name, abbreviation or metadata"
hydride,False,"Topic, technical term, proper name, abbreviation or metadata"
hydro,False,"Topic, technical term, proper name, abbreviation or metadata"
hydrochloric,False,"Topic, technical term, proper name, abbreviation or metadata"
hydrocortisone,False,"Topic, technical term, proper name, abbreviation or metadata"
hydrodynamic,False,"Topic, technical term, proper name, abbreviation or metadata"
hydrodynamics,False,"Topic, technical term, proper name, abbreviation or metadata"
hydrogel,False,"Topic, technical term, proper name, abbreviation or metadata"
hydrogel's,False,"Topic, technical term, proper name, abbreviation or metadata"
hydrogels,False,"Topic, technical term, proper name, abbreviation or metadata"
hydrogen,False,"Topic, technical term, proper name, abbreviation or metadata"
hydrogenation,False,"Topic, technical term, proper name, abbreviation or metadata"
hydrological,False,"Topic, technical term, proper name, abbreviation or metadata"
hydrolysate,False,"Topic, technical term, proper name, abbreviation or metadata"
hydrolysis,False,"Topic, technical term, proper name, abbreviation or metadata"
hydrolyzed,False,"Topic, technical term, proper name, abbreviation or metadata"
hydronephrosis,False,"Topic, technical term, proper name, abbreviation or metadata"
hydrophilicity,False,"Topic, technical term, proper name, abbreviation or metadata"
hydrophobic,False,"Topic, technical term, proper name, abbreviation or metadata"
hydrophobicity,False,"Topic, technical term, proper name, abbreviation or metadata"
hydroponic,False,"Topic, technical term, proper name, abbreviation or metadata"
hydrostatic,False,"Topic, technical term, proper name, abbreviation or metadata"
hydroxides,False,"Topic, technical term, proper name, abbreviation or metadata"
hydroxyethyl,False,"Topic, technical term, proper name, abbreviation or metadata"
hydroxyl,False,"Topic, technical term, proper name, abbreviation or metadata"
hydroxylated,False,"Topic, technical term, proper name, abbreviation or metadata"
hydroxylation,False,"Topic, technical term, proper name, abbreviation or metadata"
hydroxymethyl,False,"Topic, technical term, proper name, abbreviation or metadata"
hydroxymethylfurfural,False,"Topic, technical term, proper name, abbreviation or metadata"
hydroxyproline,False,"Topic, technical term, proper name, abbreviation or metadata"
hydroxytryptamine,False,"Topic, technical term, proper name, abbreviation or metadata"
hydroxyurea,False,"Topic, technical term, proper name, abbreviation or metadata"
hymenoptera,False,"Topic, technical term, proper name, abbreviation or metadata"
hyperactivation,False,"Topic, technical term, proper name, abbreviation or metadata"
hyperactive,False,"Topic, technical term, proper name, abbreviation or metadata"
hyperandrogenism,False,"Topic, technical term, proper name, abbreviation or metadata"
hyperbaric,False,"Topic, technical term, proper name, abbreviation or metadata"
hyperbilirubinemia,False,"Topic, technical term, proper name, abbreviation or metadata"
hyperbolic,False,"Topic, technical term, proper name, abbreviation or metadata"
hypercalcemia,False,"Topic, technical term, proper name, abbreviation or metadata"
hypercapnia,False,"Topic, technical term, proper name, abbreviation or metadata"
hyperemia,False,"Topic, technical term, proper name, abbreviation or metadata"
hyperexcitability,False,"Topic, technical term, proper name, abbreviation or metadata"
hyperglycaemia,False,"Topic, technical term, proper name, abbreviation or metadata"
hyperinsulinemia,False,"Topic, technical term, proper name, abbreviation or metadata"
hyperintensities,False,"Topic, technical term, proper name, abbreviation or metadata"
hyperintensity,False,"Topic, technical term, proper name, abbreviation or metadata"
hyperkalemia,False,"Topic, technical term, proper name, abbreviation or metadata"
hypermetabolic,False,"Topic, technical term, proper name, abbreviation or metadata"
hyperparameter,False,"Topic, technical term, proper name, abbreviation or metadata"
hyperparameters,False,"Topic, technical term, proper name, abbreviation or metadata"
hyperphosphorylated,False,"Topic, technical term, proper name, abbreviation or metadata"
hyperphosphorylation,False,"Topic, technical term, proper name, abbreviation or metadata"
hyperpigmentation,False,"Topic, technical term, proper name, abbreviation or metadata"
hyperplasia,False,"Topic, technical term, proper name, abbreviation or metadata"
hyperplastic,False,"Topic, technical term, proper name, abbreviation or metadata"
hyperresponsiveness,False,"Topic, technical term, proper name, abbreviation or metadata"
hyperspectral,False,"Topic, technical term, proper name, abbreviation or metadata"
hypertension,False,"Topic, technical term, proper name, abbreviation or metadata"
hyperthermic,False,"Topic, technical term, proper name, abbreviation or metadata"
hyperthyroidism,False,"Topic, technical term, proper name, abbreviation or metadata"
hypertriglyceridemia,False,"Topic, technical term, proper name, abbreviation or metadata"
hyperuricemia,False,"Topic, technical term, proper name, abbreviation or metadata"
hypervirulent,False,"Topic, technical term, proper name, abbreviation or metadata"
hyphal,False,"Topic, technical term, proper name, abbreviation or metadata"
hypoalbuminemia,False,"Topic, technical term, proper name, abbreviation or metadata"
hypocalcemia,False,"Topic, technical term, proper name, abbreviation or metadata"
hypochlorite,False,"Topic, technical term, proper name, abbreviation or metadata"
hypoechoic,False,"Topic, technical term, proper name, abbreviation or metadata"
hypogonadism,False,"Topic, technical term, proper name, abbreviation or metadata"
hypokalemia,False,"Topic, technical term, proper name, abbreviation or metadata"
hypomethylation,False,"Topic, technical term, proper name, abbreviation or metadata"
hyponatremia,False,"Topic, technical term, proper name, abbreviation or metadata"
hypoparathyroidism,False,"Topic, technical term, proper name, abbreviation or metadata"
hypoperfusion,False,"Topic, technical term, proper name, abbreviation or metadata"
hypoplastic,False,"Topic, technical term, proper name, abbreviation or metadata"
hypothalamic,False,"Topic, technical term, proper name, abbreviation or metadata"
hypothesis,False,"Topic, technical term, proper name, abbreviation or metadata"
hypothesise,True,General academic wording
hypothesizing,True,General academic wording
hypotonia,False,"Topic, technical term, proper name, abbreviation or metadata"
hypoxemia,False,"Topic, technical term, proper name, abbreviation or metadata"
hypoxia,False,"Topic, technical term, proper name, abbreviation or metadata"
hysteroscopic,False,"Topic, technical term, proper name, abbreviation or metadata"
hysteroscopy,False,"Topic, technical term, proper name, abbreviation or metadata"
iaa,False,"Topic, technical term, proper name, abbreviation or metadata"
iadl,False,"Topic, technical term, proper name, abbreviation or metadata"
ias,False,"Topic, technical term, proper name, abbreviation or metadata"
iav,False,"Topic, technical term, proper name, abbreviation or metadata"
iba,False,"Topic, technical term, proper name, abbreviation or metadata"
ibd,False,"Topic, technical term, proper name, abbreviation or metadata"
ibm,False,"Topic, technical term, proper name, abbreviation or metadata"
ibs,False,"Topic, technical term, proper name, abbreviation or metadata"
icb,False,"Topic, technical term, proper name, abbreviation or metadata"
icc,False,"Topic, technical term, proper name, abbreviation or metadata"
iccs,False,"Topic, technical term, proper name, abbreviation or metadata"
icd,False,"Topic, technical term, proper name, abbreviation or metadata"
icers,False,"Topic, technical term, proper name, abbreviation or metadata"
icf,False,"Topic, technical term, proper name, abbreviation or metadata"
ich,False,"Topic, technical term, proper name, abbreviation or metadata"
ici,False,"Topic, technical term, proper name, abbreviation or metadata"
icis,False,"Topic, technical term, proper name, abbreviation or metadata"
icr,False,"Topic, technical term, proper name, abbreviation or metadata"
icsi,False,"Topic, technical term, proper name, abbreviation or metadata"
ict,False,"Topic, technical term, proper name, abbreviation or metadata"
icu,False,"Topic, technical term, proper name, abbreviation or metadata"
ida,False,"Topic, technical term, proper name, abbreviation or metadata"
idd,False,"Topic, technical term, proper name, abbreviation or metadata"
ide,False,"Topic, technical term, proper name, abbreviation or metadata"
ideal,True,General academic wording
idealized,True,General academic wording
ideals,True,General academic wording
ideas,True,General academic wording
identical,True,General academic wording
identifiable,True,General academic wording
identification,True,General academic wording
identifications,True,General academic wording
identified,True,General academic wording
identifier,True,General academic wording
identifiers,True,General academic wording
identifies,True,General academic wording
identify,True,General academic wording
identifying,True,General academic wording
identity,True,General academic wording
ideological,False,"Topic, technical term, proper name, abbreviation or metadata"
idh,False,"Topic, technical term, proper name, abbreviation or metadata"
idi,False,"Topic, technical term, proper name, abbreviation or metadata"
idiopathic,False,"Topic, technical term, proper name, abbreviation or metadata"
ids,False,"Topic, technical term, proper name, abbreviation or metadata"
iec,False,"Topic, technical term, proper name, abbreviation or metadata"
ieee,False,"Topic, technical term, proper name, abbreviation or metadata"
ifi,False,"Topic, technical term, proper name, abbreviation or metadata"
igan,False,"Topic, technical term, proper name, abbreviation or metadata"
igd,False,"Topic, technical term, proper name, abbreviation or metadata"
ignition,False,"Topic, technical term, proper name, abbreviation or metadata"
ignore,True,General academic wording
ihd,False,"Topic, technical term, proper name, abbreviation or metadata"
iief,False,"Topic, technical term, proper name, abbreviation or metadata"
ikdc,False,"Topic, technical term, proper name, abbreviation or metadata"
ild,False,"Topic, technical term, proper name, abbreviation or metadata"
ile,False,"Topic, technical term, proper name, abbreviation or metadata"
ileus,False,"Topic, technical term, proper name, abbreviation or metadata"
illinois,False,"Topic, technical term, proper name, abbreviation or metadata"
illnesses,False,"Topic, technical term, proper name, abbreviation or metadata"
illuminate,True,General academic wording
illuminated,True,General academic wording
illuminates,True,General academic wording
illuminating,True,General academic wording
illumination,True,General academic wording
illustrates,True,General academic wording
illustrating,True,General academic wording
illustrations,True,General academic wording
illustrative,True,General academic wording
ils,False,"Topic, technical term, proper name, abbreviation or metadata"
image,False,"Topic, technical term, proper name, abbreviation or metadata"
imagej,False,"Topic, technical term, proper name, abbreviation or metadata"
imagenet,False,"Topic, technical term, proper name, abbreviation or metadata"
imagery,False,"Topic, technical term, proper name, abbreviation or metadata"
images,False,"Topic, technical term, proper name, abbreviation or metadata"
imaginary,True,General academic wording
imagined,True,General academic wording
imaging,False,"Topic, technical term, proper name, abbreviation or metadata"
imbalance,False,"Topic, technical term, proper name, abbreviation or metadata"
imbalanced,True,General academic wording
imbalances,False,"Topic, technical term, proper name, abbreviation or metadata"
imd,False,"Topic, technical term, proper name, abbreviation or metadata"
imidacloprid,False,"Topic, technical term, proper name, abbreviation or metadata"
imidazolate,False,"Topic, technical term, proper name, abbreviation or metadata"
imidazole,False,"Topic, technical term, proper name, abbreviation or metadata"
imidazolium,False,"Topic, technical term, proper name, abbreviation or metadata"
imide,False,"Topic, technical term, proper name, abbreviation or metadata"
imine,False,"Topic, technical term, proper name, abbreviation or metadata"
imiquimod,False,"Topic, technical term, proper name, abbreviation or metadata"
immediate,True,General academic wording
immense,True,General academic wording
immersion,False,"Topic, technical term, proper name, abbreviation or metadata"
immersive,True,General academic wording
imminent,True,General academic wording
immobility,False,"Topic, technical term, proper name, abbreviation or metadata"
immobilization,False,"Topic, technical term, proper name, abbreviation or metadata"
immobilizing,False,"Topic, technical term, proper name, abbreviation or metadata"
immune,False,"Topic, technical term, proper name, abbreviation or metadata"
immunity,False,"Topic, technical term, proper name, abbreviation or metadata"
immunochemotherapy,False,"Topic, technical term, proper name, abbreviation or metadata"
immunocompromised,False,"Topic, technical term, proper name, abbreviation or metadata"
immunodeficient,False,"Topic, technical term, proper name, abbreviation or metadata"
immunofluorescence,False,"Topic, technical term, proper name, abbreviation or metadata"
immunogenic,False,"Topic, technical term, proper name, abbreviation or metadata"
immunogenicity,False,"Topic, technical term, proper name, abbreviation or metadata"
immunoglobulin,False,"Topic, technical term, proper name, abbreviation or metadata"
immunohistochemistry,False,"Topic, technical term, proper name, abbreviation or metadata"
immunological,False,"Topic, technical term, proper name, abbreviation or metadata"
immunologically,False,"Topic, technical term, proper name, abbreviation or metadata"
immunology,False,"Topic, technical term, proper name, abbreviation or metadata"
immunometabolic,False,"Topic, technical term, proper name, abbreviation or metadata"
immunometabolism,False,"Topic, technical term, proper name, abbreviation or metadata"
immunomodulation,False,"Topic, technical term, proper name, abbreviation or metadata"
immunomodulator,False,"Topic, technical term, proper name, abbreviation or metadata"
immunomodulatory,False,"Topic, technical term, proper name, abbreviation or metadata"
immunopathogenesis,False,"Topic, technical term, proper name, abbreviation or metadata"
immunopathology,False,"Topic, technical term, proper name, abbreviation or metadata"
immunophenotype,False,"Topic, technical term, proper name, abbreviation or metadata"
immunophenotypic,False,"Topic, technical term, proper name, abbreviation or metadata"
immunophenotyping,False,"Topic, technical term, proper name, abbreviation or metadata"
immunoregulatory,False,"Topic, technical term, proper name, abbreviation or metadata"
immunosenescence,False,"Topic, technical term, proper name, abbreviation or metadata"
immunosensor,False,"Topic, technical term, proper name, abbreviation or metadata"
immunostimulatory,False,"Topic, technical term, proper name, abbreviation or metadata"
immunosuppressants,False,"Topic, technical term, proper name, abbreviation or metadata"
immunosuppression,False,"Topic, technical term, proper name, abbreviation or metadata"
immunosuppressive,False,"Topic, technical term, proper name, abbreviation or metadata"
immunotherapeutic,False,"Topic, technical term, proper name, abbreviation or metadata"
immunotherapies,False,"Topic, technical term, proper name, abbreviation or metadata"
immunotherapy,False,"Topic, technical term, proper name, abbreviation or metadata"
impact,True,General academic wording
impacted,True,General academic wording
impactful,True,General academic wording
impacting,True,General academic wording
impaction,False,"Topic, technical term, proper name, abbreviation or metadata"
impacts,True,General academic wording
impair,False,"Topic, technical term, proper name, abbreviation or metadata"
impaired,False,"Topic, technical term, proper name, abbreviation or metadata"
impairing,False,"Topic, technical term, proper name, abbreviation or metadata"
impairment,False,"Topic, technical term, proper name, abbreviation or metadata"
impairments,False,"Topic, technical term, proper name, abbreviation or metadata"
impairs,False,"Topic, technical term, proper name, abbreviation or metadata"
imparted,True,General academic wording
imparting,True,General academic wording
imparts,True,General academic wording
impedance,False,"Topic, technical term, proper name, abbreviation or metadata"
impede,True,General academic wording
impeded,True,General academic wording
impedes,True,General academic wording
impediments,True,General academic wording
impeding,True,General academic wording
imperative,True,General academic wording
imperfect,True,General academic wording
imperfecta,False,"Topic, technical term, proper name, abbreviation or metadata"
implant,False,"Topic, technical term, proper name, abbreviation or metadata"
implantitis,False,"Topic, technical term, proper name, abbreviation or metadata"
implants,False,"Topic, technical term, proper name, abbreviation or metadata"
implementable,True,General academic wording
implementation,True,General academic wording
implementations,True,General academic wording
implementing,True,General academic wording
implements,True,General academic wording
implicated,True,General academic wording
implicates,True,General academic wording
implicating,True,General academic wording
implications,True,General academic wording
implicitly,True,General academic wording
importance,True,General academic wording
importantly,True,General academic wording
impose,True,General academic wording
imposes,True,General academic wording
imposing,True,General academic wording
impractical,True,General academic wording
imprecise,True,General academic wording
imprecision,True,General academic wording
impregnation,False,"Topic, technical term, proper name, abbreviation or metadata"
impressive,True,General academic wording
impressively,True,General academic wording
improper,True,General academic wording
improve,True,General academic wording
improved,True,General academic wording
improvement,True,General academic wording
improvements,True,General academic wording
improves,True,General academic wording
improving,True,General academic wording
impulsivity,False,"Topic, technical term, proper name, abbreviation or metadata"
impurity,False,"Topic, technical term, proper name, abbreviation or metadata"
imputation,False,"Topic, technical term, proper name, abbreviation or metadata"
imputed,False,"Topic, technical term, proper name, abbreviation or metadata"
ims,False,"Topic, technical term, proper name, abbreviation or metadata"
imu,False,"Topic, technical term, proper name, abbreviation or metadata"
inaccessible,True,General academic wording
inaccuracies,True,General academic wording
inaccuracy,True,General academic wording
inadequacy,True,General academic wording
inadequate,True,General academic wording
inadequately,True,General academic wording
inadvertent,True,General academic wording
inadvertently,True,General academic wording
inattention,False,"Topic, technical term, proper name, abbreviation or metadata"
inaugural,True,General academic wording
inborn,False,"Topic, technical term, proper name, abbreviation or metadata"
inbreeding,False,"Topic, technical term, proper name, abbreviation or metadata"
incapable,True,General academic wording
incarcerated,False,"Topic, technical term, proper name, abbreviation or metadata"
incarceration,False,"Topic, technical term, proper name, abbreviation or metadata"
inception,False,"Topic, technical term, proper name, abbreviation or metadata"
inch,False,"Topic, technical term, proper name, abbreviation or metadata"
incidence,False,"Topic, technical term, proper name, abbreviation or metadata"
incident,False,"Topic, technical term, proper name, abbreviation or metadata"
incidentally,True,General academic wording
incidents,True,General academic wording
incineration,False,"Topic, technical term, proper name, abbreviation or metadata"
incisions,False,"Topic, technical term, proper name, abbreviation or metadata"
incisor,False,"Topic, technical term, proper name, abbreviation or metadata"
inclined,True,General academic wording
include,True,General academic wording
included,True,General academic wording
includes,True,General academic wording
including,True,General academic wording
inclusion,True,General academic wording
inclusive,True,General academic wording
inclusivity,True,General academic wording
income,False,"Topic, technical term, proper name, abbreviation or metadata"
incompatibility,True,General academic wording
incomplete,True,General academic wording
incompletely,True,General academic wording
inconclusive,True,General academic wording
inconsistencies,True,General academic wording
inconsistent,True,General academic wording
inconsistently,True,General academic wording
incorporate,True,General academic wording
incorporated,True,General academic wording
incorporates,True,General academic wording
incorporating,True,General academic wording
incorporation,True,General academic wording
increase,True,General academic wording
increased,True,General academic wording
increases,True,General academic wording
increasing,True,General academic wording
increasingly,True,General academic wording
incremental,True,General academic wording
incrementally,True,General academic wording
incretin,False,"Topic, technical term, proper name, abbreviation or metadata"
incur,True,General academic wording
incurring,True,General academic wording
ind,False,"Topic, technical term, proper name, abbreviation or metadata"
indels,False,"Topic, technical term, proper name, abbreviation or metadata"
indentation,False,"Topic, technical term, proper name, abbreviation or metadata"
independence,True,General academic wording
independent,True,General academic wording
independently,True,General academic wording
indeterminate,True,General academic wording
index,True,General academic wording
indexing,True,General academic wording
india,False,"Topic, technical term, proper name, abbreviation or metadata"
india's,False,"Topic, technical term, proper name, abbreviation or metadata"
indians,False,"Topic, technical term, proper name, abbreviation or metadata"
indicate,True,General academic wording
indicated,True,General academic wording
indicates,True,General academic wording
indicating,True,General academic wording
indicative,True,General academic wording
indicator,True,General academic wording
indicators,False,"Topic, technical term, proper name, abbreviation or metadata"
indices,False,"Topic, technical term, proper name, abbreviation or metadata"
indirect,True,General academic wording
indiscriminate,True,General academic wording
individual,True,General academic wording
individualised,True,General academic wording
individualize,True,General academic wording
individualized,False,"Topic, technical term, proper name, abbreviation or metadata"
individuals,False,"Topic, technical term, proper name, abbreviation or metadata"
indole,False,"Topic, technical term, proper name, abbreviation or metadata"
indoles,False,"Topic, technical term, proper name, abbreviation or metadata"
indomethacin,False,"Topic, technical term, proper name, abbreviation or metadata"
indonesian,False,"Topic, technical term, proper name, abbreviation or metadata"
induce,True,General academic wording
induced,False,"Topic, technical term, proper name, abbreviation or metadata"
inducers,False,"Topic, technical term, proper name, abbreviation or metadata"
induces,False,"Topic, technical term, proper name, abbreviation or metadata"
inducing,False,"Topic, technical term, proper name, abbreviation or metadata"
inductive,True,General academic wording
industrial,False,"Topic, technical term, proper name, abbreviation or metadata"
industrialization,False,"Topic, technical term, proper name, abbreviation or metadata"
industrially,False,"Topic, technical term, proper name, abbreviation or metadata"
industries,False,"Topic, technical term, proper name, abbreviation or metadata"
industry,False,"Topic, technical term, proper name, abbreviation or metadata"
ineffective,True,General academic wording
ineffectiveness,True,General academic wording
inefficiencies,True,General academic wording
inefficiency,True,General academic wording
inefficient,True,General academic wording
ineligible,True,General academic wording
inequalities,True,General academic wording
inequitable,True,General academic wording
inequities,True,General academic wording
inertia,False,"Topic, technical term, proper name, abbreviation or metadata"
inertial,False,"Topic, technical term, proper name, abbreviation or metadata"
inertness,False,"Topic, technical term, proper name, abbreviation or metadata"
infant,False,"Topic, technical term, proper name, abbreviation or metadata"
infarctions,False,"Topic, technical term, proper name, abbreviation or metadata"
infarcts,False,"Topic, technical term, proper name, abbreviation or metadata"
infeasible,True,General academic wording
infections,False,"Topic, technical term, proper name, abbreviation or metadata"
inference,False,"Topic, technical term, proper name, abbreviation or metadata"
inferential,True,General academic wording
inferior,True,General academic wording
inferiority,True,General academic wording
inferred,False,"Topic, technical term, proper name, abbreviation or metadata"
infertility,False,"Topic, technical term, proper name, abbreviation or metadata"
infestations,False,"Topic, technical term, proper name, abbreviation or metadata"
infested,False,"Topic, technical term, proper name, abbreviation or metadata"
infiltration,False,"Topic, technical term, proper name, abbreviation or metadata"
infiltrations,False,"Topic, technical term, proper name, abbreviation or metadata"
infiltrative,False,"Topic, technical term, proper name, abbreviation or metadata"
infinity,False,"Topic, technical term, proper name, abbreviation or metadata"
inflammaging,False,"Topic, technical term, proper name, abbreviation or metadata"
inflammasome,False,"Topic, technical term, proper name, abbreviation or metadata"
inflammation,False,"Topic, technical term, proper name, abbreviation or metadata"
inflammatory,False,"Topic, technical term, proper name, abbreviation or metadata"
inflated,True,General academic wording
inflation,True,General academic wording
inflection,True,General academic wording
influence,True,General academic wording
influenced,True,General academic wording
influencers,False,"Topic, technical term, proper name, abbreviation or metadata"
influences,True,General academic wording
influencing,True,General academic wording
influent,False,"Topic, technical term, proper name, abbreviation or metadata"
influential,True,General academic wording
inform,True,General academic wording
informal,True,General academic wording
informants,True,General academic wording
informatics,False,"Topic, technical term, proper name, abbreviation or metadata"
information,True,General academic wording
informational,True,General academic wording
informative,True,General academic wording
informed,True,General academic wording
informing,True,General academic wording
informs,True,General academic wording
infrared,False,"Topic, technical term, proper name, abbreviation or metadata"
infrastructural,True,General academic wording
infrastructure,False,"Topic, technical term, proper name, abbreviation or metadata"
infrastructures,True,General academic wording
ingesting,False,"Topic, technical term, proper name, abbreviation or metadata"
ingredient,False,"Topic, technical term, proper name, abbreviation or metadata"
ingredients,False,"Topic, technical term, proper name, abbreviation or metadata"
inhabited,False,"Topic, technical term, proper name, abbreviation or metadata"
inhaler,False,"Topic, technical term, proper name, abbreviation or metadata"
inherent,True,General academic wording
inherently,True,General academic wording
inhibit,False,"Topic, technical term, proper name, abbreviation or metadata"
inhibiting,False,"Topic, technical term, proper name, abbreviation or metadata"
inhibition,False,"Topic, technical term, proper name, abbreviation or metadata"
inhibitor,False,"Topic, technical term, proper name, abbreviation or metadata"
inhibitors,False,"Topic, technical term, proper name, abbreviation or metadata"
inhibitory,False,"Topic, technical term, proper name, abbreviation or metadata"
inhibits,False,"Topic, technical term, proper name, abbreviation or metadata"
inhomogeneity,False,"Topic, technical term, proper name, abbreviation or metadata"
initial,True,General academic wording
initialization,False,"Topic, technical term, proper name, abbreviation or metadata"
initially,True,General academic wording
initiated,True,General academic wording
initiating,True,General academic wording
initiation,True,General academic wording
initiative,True,General academic wording
initiatives,True,General academic wording
initiators,False,"Topic, technical term, proper name, abbreviation or metadata"
inject,False,"Topic, technical term, proper name, abbreviation or metadata"
injectability,False,"Topic, technical term, proper name, abbreviation or metadata"
injectable,False,"Topic, technical term, proper name, abbreviation or metadata"
injections,False,"Topic, technical term, proper name, abbreviation or metadata"
injuries,False,"Topic, technical term, proper name, abbreviation or metadata"
injury,False,"Topic, technical term, proper name, abbreviation or metadata"
injustice,True,General academic wording
ink,False,"Topic, technical term, proper name, abbreviation or metadata"
inks,False,"Topic, technical term, proper name, abbreviation or metadata"
inland,False,"Topic, technical term, proper name, abbreviation or metadata"
innate,False,"Topic, technical term, proper name, abbreviation or metadata"
inner,True,General academic wording
innervated,False,"Topic, technical term, proper name, abbreviation or metadata"
innovation,True,General academic wording
innovations,True,General academic wording
innovative,True,General academic wording
innovatively,True,General academic wording
inorganic,False,"Topic, technical term, proper name, abbreviation or metadata"
inosine,False,"Topic, technical term, proper name, abbreviation or metadata"
input,True,General academic wording
inputs,True,General academic wording
inquiries,True,General academic wording
inquiry,True,General academic wording
inr,False,"Topic, technical term, proper name, abbreviation or metadata"
insecta,False,"Topic, technical term, proper name, abbreviation or metadata"
insensitivity,True,General academic wording
inserting,False,"Topic, technical term, proper name, abbreviation or metadata"
insidious,False,"Topic, technical term, proper name, abbreviation or metadata"
insight,True,General academic wording
insightful,True,General academic wording
insights,True,General academic wording
inspections,True,General academic wording
inspiration,True,General academic wording
inspiratory,False,"Topic, technical term, proper name, abbreviation or metadata"
inspire,True,General academic wording
inspired,True,General academic wording
inspiring,True,General academic wording
instabilities,True,General academic wording
instability,True,General academic wording
instagram,False,"Topic, technical term, proper name, abbreviation or metadata"
install,False,"Topic, technical term, proper name, abbreviation or metadata"
instance,True,General academic wording
instances,True,General academic wording
instead,True,General academic wording
institute,False,"Topic, technical term, proper name, abbreviation or metadata"
institute's,False,"Topic, technical term, proper name, abbreviation or metadata"
institution's,False,"Topic, technical term, proper name, abbreviation or metadata"
institutional,False,"Topic, technical term, proper name, abbreviation or metadata"
institutions,False,"Topic, technical term, proper name, abbreviation or metadata"
instructional,True,General academic wording
instructive,True,General academic wording
instructor,False,"Topic, technical term, proper name, abbreviation or metadata"
instrument,True,General academic wording
instrumental,True,General academic wording
instruments,False,"Topic, technical term, proper name, abbreviation or metadata"
insufficient,True,General academic wording
insufficiently,True,General academic wording
insulating,False,"Topic, technical term, proper name, abbreviation or metadata"
insulation,False,"Topic, technical term, proper name, abbreviation or metadata"
insulators,False,"Topic, technical term, proper name, abbreviation or metadata"
insulin,False,"Topic, technical term, proper name, abbreviation or metadata"
insulinotropic,False,"Topic, technical term, proper name, abbreviation or metadata"
insurance,False,"Topic, technical term, proper name, abbreviation or metadata"
int,False,"Topic, technical term, proper name, abbreviation or metadata"
intact,True,General academic wording
integer,True,General academic wording
integral,True,General academic wording
integrate,True,General academic wording
integrated,True,General academic wording
integrates,True,General academic wording
integrating,True,General academic wording
integration,True,General academic wording
integrative,True,General academic wording
integrator,False,"Topic, technical term, proper name, abbreviation or metadata"
integrity,True,General academic wording
intelligence,False,"Topic, technical term, proper name, abbreviation or metadata"
intelligent,False,"Topic, technical term, proper name, abbreviation or metadata"
intend,True,General academic wording
intended,True,General academic wording
intending,True,General academic wording
intends,True,General academic wording
intensification,True,General academic wording
intensified,True,General academic wording
intensifies,True,General academic wording
intensify,True,General academic wording
intensifying,True,General academic wording
intensities,True,General academic wording
intensity,True,General academic wording
intensive,True,General academic wording
intent,True,General academic wording
intention,True,General academic wording
intentional,True,General academic wording
intentionally,True,General academic wording
inter,False,"Topic, technical term, proper name, abbreviation or metadata"
interact,True,General academic wording
interaction,False,"Topic, technical term, proper name, abbreviation or metadata"
interactions,False,"Topic, technical term, proper name, abbreviation or metadata"
interactive,True,General academic wording
interactivity,True,General academic wording
interactors,False,"Topic, technical term, proper name, abbreviation or metadata"
interacts,True,General academic wording
interannual,True,General academic wording
interatomic,False,"Topic, technical term, proper name, abbreviation or metadata"
interbody,False,"Topic, technical term, proper name, abbreviation or metadata"
intercalation,False,"Topic, technical term, proper name, abbreviation or metadata"
intercellular,False,"Topic, technical term, proper name, abbreviation or metadata"
intercept,False,"Topic, technical term, proper name, abbreviation or metadata"
interception,False,"Topic, technical term, proper name, abbreviation or metadata"
intercepts,False,"Topic, technical term, proper name, abbreviation or metadata"
interchangeable,True,General academic wording
interconnected,True,General academic wording
interconnectedness,True,General academic wording
interconnection,True,General academic wording
interconnections,True,General academic wording
interconversion,False,"Topic, technical term, proper name, abbreviation or metadata"
intercostal,False,"Topic, technical term, proper name, abbreviation or metadata"
interdependence,True,General academic wording
interdependencies,True,General academic wording
interdependent,True,General academic wording
interdisciplinary,True,General academic wording
interest,True,General academic wording
interface,False,"Topic, technical term, proper name, abbreviation or metadata"
interfaces,False,"Topic, technical term, proper name, abbreviation or metadata"
interfacial,False,"Topic, technical term, proper name, abbreviation or metadata"
interfacing,False,"Topic, technical term, proper name, abbreviation or metadata"
interference,False,"Topic, technical term, proper name, abbreviation or metadata"
interferences,True,General academic wording
interferometer,False,"Topic, technical term, proper name, abbreviation or metadata"
interferometric,False,"Topic, technical term, proper name, abbreviation or metadata"
interferometry,False,"Topic, technical term, proper name, abbreviation or metadata"
interferon,False,"Topic, technical term, proper name, abbreviation or metadata"
intergenerational,False,"Topic, technical term, proper name, abbreviation or metadata"
intergroup,True,General academic wording
interhemispheric,False,"Topic, technical term, proper name, abbreviation or metadata"
interictal,False,"Topic, technical term, proper name, abbreviation or metadata"
interindividual,True,General academic wording
interlayer,False,"Topic, technical term, proper name, abbreviation or metadata"
interleukins,False,"Topic, technical term, proper name, abbreviation or metadata"
interlinked,True,General academic wording
interlocking,False,"Topic, technical term, proper name, abbreviation or metadata"
intermediary,True,General academic wording
intermediate,True,General academic wording
intermediates,False,"Topic, technical term, proper name, abbreviation or metadata"
intermetallic,False,"Topic, technical term, proper name, abbreviation or metadata"
intermittent,True,General academic wording
intermittently,True,General academic wording
intermolecular,False,"Topic, technical term, proper name, abbreviation or metadata"
internal,True,General academic wording
internally,True,General academic wording
international,True,General academic wording
interneuron,False,"Topic, technical term, proper name, abbreviation or metadata"
interns,False,"Topic, technical term, proper name, abbreviation or metadata"
interoception,False,"Topic, technical term, proper name, abbreviation or metadata"
interoceptive,False,"Topic, technical term, proper name, abbreviation or metadata"
interoperability,True,General academic wording
interoperable,True,General academic wording
interparticle,False,"Topic, technical term, proper name, abbreviation or metadata"
interpenetrating,False,"Topic, technical term, proper name, abbreviation or metadata"
interpersonal,True,General academic wording
interphalangeal,False,"Topic, technical term, proper name, abbreviation or metadata"
interphase,False,"Topic, technical term, proper name, abbreviation or metadata"
interplay,True,General academic wording
interposition,False,"Topic, technical term, proper name, abbreviation or metadata"
interpret,True,General academic wording
interpretability,True,General academic wording
interpretable,True,General academic wording
interpretation,True,General academic wording
interpretative,True,General academic wording
interpreted,True,General academic wording
interpreting,True,General academic wording
interpretive,True,General academic wording
interprofessional,False,"Topic, technical term, proper name, abbreviation or metadata"
interrelated,True,General academic wording
interrelationship,True,General academic wording
interrelationships,True,General academic wording
interrogating,True,General academic wording
interrogation,True,General academic wording
interrupt,True,General academic wording
interrupting,True,General academic wording
interruptions,True,General academic wording
intersect,True,General academic wording
intersected,True,General academic wording
intersecting,True,General academic wording
intersection,True,General academic wording
intersectional,False,"Topic, technical term, proper name, abbreviation or metadata"
intersectionality,False,"Topic, technical term, proper name, abbreviation or metadata"
intersections,True,General academic wording
intersectoral,False,"Topic, technical term, proper name, abbreviation or metadata"
interspecies,False,"Topic, technical term, proper name, abbreviation or metadata"
interspersed,True,General academic wording
interstitial,False,"Topic, technical term, proper name, abbreviation or metadata"
intersystem,False,"Topic, technical term, proper name, abbreviation or metadata"
intertidal,False,"Topic, technical term, proper name, abbreviation or metadata"
intertrochanteric,False,"Topic, technical term, proper name, abbreviation or metadata"
intertwined,True,General academic wording
intervals,False,"Topic, technical term, proper name, abbreviation or metadata"
intervene,True,General academic wording
intervention,False,"Topic, technical term, proper name, abbreviation or metadata"
intervention's,False,"Topic, technical term, proper name, abbreviation or metadata"
interventional,False,"Topic, technical term, proper name, abbreviation or metadata"
interventions,False,"Topic, technical term, proper name, abbreviation or metadata"
interventricular,False,"Topic, technical term, proper name, abbreviation or metadata"
interviews,False,"Topic, technical term, proper name, abbreviation or metadata"
intestinal,False,"Topic, technical term, proper name, abbreviation or metadata"
intestines,False,"Topic, technical term, proper name, abbreviation or metadata"
intimacy,False,"Topic, technical term, proper name, abbreviation or metadata"
intimal,False,"Topic, technical term, proper name, abbreviation or metadata"
intimately,True,General academic wording
intolerant,False,"Topic, technical term, proper name, abbreviation or metadata"
intracardiac,False,"Topic, technical term, proper name, abbreviation or metadata"
intracellular,False,"Topic, technical term, proper name, abbreviation or metadata"
intracellularly,False,"Topic, technical term, proper name, abbreviation or metadata"
intraclass,False,"Topic, technical term, proper name, abbreviation or metadata"
intracranial,False,"Topic, technical term, proper name, abbreviation or metadata"
intraductal,False,"Topic, technical term, proper name, abbreviation or metadata"
intragroup,True,General academic wording
intralesional,False,"Topic, technical term, proper name, abbreviation or metadata"
intraluminal,False,"Topic, technical term, proper name, abbreviation or metadata"
intramolecular,False,"Topic, technical term, proper name, abbreviation or metadata"
intramural,False,"Topic, technical term, proper name, abbreviation or metadata"
intramuscularly,False,"Topic, technical term, proper name, abbreviation or metadata"
intraoperative,False,"Topic, technical term, proper name, abbreviation or metadata"
intraoral,False,"Topic, technical term, proper name, abbreviation or metadata"
intraosseous,False,"Topic, technical term, proper name, abbreviation or metadata"
intrapartum,False,"Topic, technical term, proper name, abbreviation or metadata"
intrapersonal,False,"Topic, technical term, proper name, abbreviation or metadata"
intraprocedural,False,"Topic, technical term, proper name, abbreviation or metadata"
intrarenal,False,"Topic, technical term, proper name, abbreviation or metadata"
intraretinal,False,"Topic, technical term, proper name, abbreviation or metadata"
intrathoracic,False,"Topic, technical term, proper name, abbreviation or metadata"
intratracheal,False,"Topic, technical term, proper name, abbreviation or metadata"
intratumoral,False,"Topic, technical term, proper name, abbreviation or metadata"
intravenous,False,"Topic, technical term, proper name, abbreviation or metadata"
intravesical,False,"Topic, technical term, proper name, abbreviation or metadata"
intricacies,True,General academic wording
intricate,True,General academic wording
intricately,True,General academic wording
intriguing,True,General academic wording
intrinsic,True,General academic wording
intrinsically,True,General academic wording
introduce,True,General academic wording
introduced,True,General academic wording
introduces,True,General academic wording
introducing,True,General academic wording
introductions,True,General academic wording
intronic,False,"Topic, technical term, proper name, abbreviation or metadata"
intrusion,True,General academic wording
intrusive,True,General academic wording
intuition,True,General academic wording
intuitively,True,General academic wording
intussusception,False,"Topic, technical term, proper name, abbreviation or metadata"
inulin,False,"Topic, technical term, proper name, abbreviation or metadata"
invaluable,True,General academic wording
invariance,True,General academic wording
invasive,False,"Topic, technical term, proper name, abbreviation or metadata"
inventories,True,General academic wording
inverse,False,"Topic, technical term, proper name, abbreviation or metadata"
inversion,False,"Topic, technical term, proper name, abbreviation or metadata"
inversions,False,"Topic, technical term, proper name, abbreviation or metadata"
invested,True,General academic wording
investigate,True,General academic wording
investigated,True,General academic wording
investigates,True,General academic wording
investigating,True,General academic wording
investigation,True,General academic wording
investigational,True,General academic wording
investigations,True,General academic wording
investigative,True,General academic wording
investing,True,General academic wording
investment,True,General academic wording
investors,False,"Topic, technical term, proper name, abbreviation or metadata"
invisible,True,General academic wording
invite,True,General academic wording
involuntary,True,General academic wording
involve,True,General academic wording
involved,True,General academic wording
involvement,True,General academic wording
involves,True,General academic wording
involving,True,General academic wording
iols,False,"Topic, technical term, proper name, abbreviation or metadata"
ion,False,"Topic, technical term, proper name, abbreviation or metadata"
ionic,False,"Topic, technical term, proper name, abbreviation or metadata"
ionizable,False,"Topic, technical term, proper name, abbreviation or metadata"
ionomer,False,"Topic, technical term, proper name, abbreviation or metadata"
ions,False,"Topic, technical term, proper name, abbreviation or metadata"
ios,False,"Topic, technical term, proper name, abbreviation or metadata"
iot,False,"Topic, technical term, proper name, abbreviation or metadata"
iou,False,"Topic, technical term, proper name, abbreviation or metadata"
iowa,False,"Topic, technical term, proper name, abbreviation or metadata"
ipa,False,"Topic, technical term, proper name, abbreviation or metadata"
ipaq,False,"Topic, technical term, proper name, abbreviation or metadata"
ipc,False,"Topic, technical term, proper name, abbreviation or metadata"
ipd,False,"Topic, technical term, proper name, abbreviation or metadata"
ipi,False,"Topic, technical term, proper name, abbreviation or metadata"
ipl,False,"Topic, technical term, proper name, abbreviation or metadata"
ipsc,False,"Topic, technical term, proper name, abbreviation or metadata"
ipss,False,"Topic, technical term, proper name, abbreviation or metadata"
iptw,False,"Topic, technical term, proper name, abbreviation or metadata"
iqr,False,"Topic, technical term, proper name, abbreviation or metadata"
irae,False,"Topic, technical term, proper name, abbreviation or metadata"
iraes,False,"Topic, technical term, proper name, abbreviation or metadata"
iraq,False,"Topic, technical term, proper name, abbreviation or metadata"
irct,False,"Topic, technical term, proper name, abbreviation or metadata"
iridium,False,"Topic, technical term, proper name, abbreviation or metadata"
irisin,False,"Topic, technical term, proper name, abbreviation or metadata"
iron,False,"Topic, technical term, proper name, abbreviation or metadata"
irr,False,"Topic, technical term, proper name, abbreviation or metadata"
irradiance,False,"Topic, technical term, proper name, abbreviation or metadata"
irradiation,False,"Topic, technical term, proper name, abbreviation or metadata"
irrational,True,General academic wording
irregular,True,General academic wording
irregularities,True,General academic wording
irregularity,True,General academic wording
irregularly,True,General academic wording
irreplaceable,True,General academic wording
irreversible,True,General academic wording
irrid,False,"Topic, technical term, proper name, abbreviation or metadata"
irrigated,False,"Topic, technical term, proper name, abbreviation or metadata"
irritant,False,"Topic, technical term, proper name, abbreviation or metadata"
irritation,False,"Topic, technical term, proper name, abbreviation or metadata"
irrs,False,"Topic, technical term, proper name, abbreviation or metadata"
irt,False,"Topic, technical term, proper name, abbreviation or metadata"
isc,False,"Topic, technical term, proper name, abbreviation or metadata"
ischemia,False,"Topic, technical term, proper name, abbreviation or metadata"
ischemic,False,"Topic, technical term, proper name, abbreviation or metadata"
isgs,False,"Topic, technical term, proper name, abbreviation or metadata"
ising,False,"Topic, technical term, proper name, abbreviation or metadata"
islander,False,"Topic, technical term, proper name, abbreviation or metadata"
isoelectric,False,"Topic, technical term, proper name, abbreviation or metadata"
isoflurane,False,"Topic, technical term, proper name, abbreviation or metadata"
isokinetic,False,"Topic, technical term, proper name, abbreviation or metadata"
isolate,True,General academic wording
isolates,False,"Topic, technical term, proper name, abbreviation or metadata"
isolating,True,General academic wording
isoleucine,False,"Topic, technical term, proper name, abbreviation or metadata"
isomerase,False,"Topic, technical term, proper name, abbreviation or metadata"
isomeric,False,"Topic, technical term, proper name, abbreviation or metadata"
isomerization,False,"Topic, technical term, proper name, abbreviation or metadata"
isoproterenol,False,"Topic, technical term, proper name, abbreviation or metadata"
isotherm,False,"Topic, technical term, proper name, abbreviation or metadata"
isotherms,False,"Topic, technical term, proper name, abbreviation or metadata"
isotype,False,"Topic, technical term, proper name, abbreviation or metadata"
isr,False,"Topic, technical term, proper name, abbreviation or metadata"
issue,True,General academic wording
issues,True,General academic wording
istanbul,False,"Topic, technical term, proper name, abbreviation or metadata"
isthmus,False,"Topic, technical term, proper name, abbreviation or metadata"
it's,True,General academic wording
itc,False,"Topic, technical term, proper name, abbreviation or metadata"
itch,False,"Topic, technical term, proper name, abbreviation or metadata"
itching,False,"Topic, technical term, proper name, abbreviation or metadata"
item,False,"Topic, technical term, proper name, abbreviation or metadata"
items,True,General academic wording
iteration,True,General academic wording
iterations,True,General academic wording
iterative,True,General academic wording
iteratively,True,General academic wording
ito,False,"Topic, technical term, proper name, abbreviation or metadata"
itp,False,"Topic, technical term, proper name, abbreviation or metadata"
itraconazole,False,"Topic, technical term, proper name, abbreviation or metadata"
itt,False,"Topic, technical term, proper name, abbreviation or metadata"
iucn,False,"Topic, technical term, proper name, abbreviation or metadata"
ivacaftor,False,"Topic, technical term, proper name, abbreviation or metadata"
ivb,False,"Topic, technical term, proper name, abbreviation or metadata"
ivdd,False,"Topic, technical term, proper name, abbreviation or metadata"
ivm,False,"Topic, technical term, proper name, abbreviation or metadata"
ivs,False,"Topic, technical term, proper name, abbreviation or metadata"
ivt,False,"Topic, technical term, proper name, abbreviation or metadata"
ivw,False,"Topic, technical term, proper name, abbreviation or metadata"
iwj,False,"Topic, technical term, proper name, abbreviation or metadata"
ixodes,False,"Topic, technical term, proper name, abbreviation or metadata"
jaccard,False,"Topic, technical term, proper name, abbreviation or metadata"
jak,False,"Topic, technical term, proper name, abbreviation or metadata"
janeiro,False,"Topic, technical term, proper name, abbreviation or metadata"
january,False,"Topic, technical term, proper name, abbreviation or metadata"
janus,False,"Topic, technical term, proper name, abbreviation or metadata"
japan,False,"Topic, technical term, proper name, abbreviation or metadata"
japan's,False,"Topic, technical term, proper name, abbreviation or metadata"
japonica,False,"Topic, technical term, proper name, abbreviation or metadata"
japonicus,False,"Topic, technical term, proper name, abbreviation or metadata"
jasmonate,False,"Topic, technical term, proper name, abbreviation or metadata"
jasmonic,False,"Topic, technical term, proper name, abbreviation or metadata"
java,False,"Topic, technical term, proper name, abbreviation or metadata"
jaws,False,"Topic, technical term, proper name, abbreviation or metadata"
jbi,False,"Topic, technical term, proper name, abbreviation or metadata"
jcm,False,"Topic, technical term, proper name, abbreviation or metadata"
jeddah,False,"Topic, technical term, proper name, abbreviation or metadata"
jejunal,False,"Topic, technical term, proper name, abbreviation or metadata"
jelly,False,"Topic, technical term, proper name, abbreviation or metadata"
jersey,False,"Topic, technical term, proper name, abbreviation or metadata"
jiangsu,False,"Topic, technical term, proper name, abbreviation or metadata"
jiangxi,False,"Topic, technical term, proper name, abbreviation or metadata"
jitter,False,"Topic, technical term, proper name, abbreviation or metadata"
joa,False,"Topic, technical term, proper name, abbreviation or metadata"
joanna,False,"Topic, technical term, proper name, abbreviation or metadata"
john,False,"Topic, technical term, proper name, abbreviation or metadata"
johnson,False,"Topic, technical term, proper name, abbreviation or metadata"
joinpoint,False,"Topic, technical term, proper name, abbreviation or metadata"
joint,True,General academic wording
jointly,True,General academic wording
jones,False,"Topic, technical term, proper name, abbreviation or metadata"
jordan,False,"Topic, technical term, proper name, abbreviation or metadata"
jordanian,False,"Topic, technical term, proper name, abbreviation or metadata"
joule,False,"Topic, technical term, proper name, abbreviation or metadata"
journal's,False,"Topic, technical term, proper name, abbreviation or metadata"
journals,False,"Topic, technical term, proper name, abbreviation or metadata"
journey,True,General academic wording
journeys,True,General academic wording
judging,True,General academic wording
judgment,True,General academic wording
judgments,True,General academic wording
judicial,False,"Topic, technical term, proper name, abbreviation or metadata"
judicious,True,General academic wording
juices,False,"Topic, technical term, proper name, abbreviation or metadata"
july,False,"Topic, technical term, proper name, abbreviation or metadata"
jumps,False,"Topic, technical term, proper name, abbreviation or metadata"
junction,False,"Topic, technical term, proper name, abbreviation or metadata"
june,False,"Topic, technical term, proper name, abbreviation or metadata"
jurisdictions,False,"Topic, technical term, proper name, abbreviation or metadata"
justification,True,General academic wording
kaempferol,False,"Topic, technical term, proper name, abbreviation or metadata"
kaiser,False,"Topic, technical term, proper name, abbreviation or metadata"
kalman,False,"Topic, technical term, proper name, abbreviation or metadata"
kansas,False,"Topic, technical term, proper name, abbreviation or metadata"
kap,False,"Topic, technical term, proper name, abbreviation or metadata"
kaplan,False,"Topic, technical term, proper name, abbreviation or metadata"
karachi,False,"Topic, technical term, proper name, abbreviation or metadata"
karst,False,"Topic, technical term, proper name, abbreviation or metadata"
karyotyping,False,"Topic, technical term, proper name, abbreviation or metadata"
kazakhstan,False,"Topic, technical term, proper name, abbreviation or metadata"
kcal,False,"Topic, technical term, proper name, abbreviation or metadata"
kcl,False,"Topic, technical term, proper name, abbreviation or metadata"
kctc,False,"Topic, technical term, proper name, abbreviation or metadata"
kdigo,False,"Topic, technical term, proper name, abbreviation or metadata"
kegg,False,"Topic, technical term, proper name, abbreviation or metadata"
keith,False,"Topic, technical term, proper name, abbreviation or metadata"
kelch,False,"Topic, technical term, proper name, abbreviation or metadata"
kellgren,False,"Topic, technical term, proper name, abbreviation or metadata"
keloid,False,"Topic, technical term, proper name, abbreviation or metadata"
kelvin,False,"Topic, technical term, proper name, abbreviation or metadata"
kendall,False,"Topic, technical term, proper name, abbreviation or metadata"
kendall's,False,"Topic, technical term, proper name, abbreviation or metadata"
kerala,False,"Topic, technical term, proper name, abbreviation or metadata"
keratin,False,"Topic, technical term, proper name, abbreviation or metadata"
keratinized,False,"Topic, technical term, proper name, abbreviation or metadata"
keratinocyte,False,"Topic, technical term, proper name, abbreviation or metadata"
keratoconus,False,"Topic, technical term, proper name, abbreviation or metadata"
keratometry,False,"Topic, technical term, proper name, abbreviation or metadata"
kernel,False,"Topic, technical term, proper name, abbreviation or metadata"
kernels,False,"Topic, technical term, proper name, abbreviation or metadata"
keto,False,"Topic, technical term, proper name, abbreviation or metadata"
ketoacidosis,False,"Topic, technical term, proper name, abbreviation or metadata"
ketogenic,False,"Topic, technical term, proper name, abbreviation or metadata"
ketoglutarate,False,"Topic, technical term, proper name, abbreviation or metadata"
ketones,False,"Topic, technical term, proper name, abbreviation or metadata"
ketosis,False,"Topic, technical term, proper name, abbreviation or metadata"
kev,False,"Topic, technical term, proper name, abbreviation or metadata"
kexin,False,"Topic, technical term, proper name, abbreviation or metadata"
key,True,General academic wording
keys,True,General academic wording
keystone,True,General academic wording
kidney,False,"Topic, technical term, proper name, abbreviation or metadata"
kids,False,"Topic, technical term, proper name, abbreviation or metadata"
kills,False,"Topic, technical term, proper name, abbreviation or metadata"
kilobases,False,"Topic, technical term, proper name, abbreviation or metadata"
kilogram,False,"Topic, technical term, proper name, abbreviation or metadata"
kim,False,"Topic, technical term, proper name, abbreviation or metadata"
kincaid,False,"Topic, technical term, proper name, abbreviation or metadata"
kinesin,False,"Topic, technical term, proper name, abbreviation or metadata"
kinesiophobia,False,"Topic, technical term, proper name, abbreviation or metadata"
kinetic,False,"Topic, technical term, proper name, abbreviation or metadata"
kinetically,False,"Topic, technical term, proper name, abbreviation or metadata"
kinetics,False,"Topic, technical term, proper name, abbreviation or metadata"
king,False,"Topic, technical term, proper name, abbreviation or metadata"
kinship,False,"Topic, technical term, proper name, abbreviation or metadata"
kirby,False,"Topic, technical term, proper name, abbreviation or metadata"
klebsiella,False,"Topic, technical term, proper name, abbreviation or metadata"
klotho,False,"Topic, technical term, proper name, abbreviation or metadata"
knapp,False,"Topic, technical term, proper name, abbreviation or metadata"
knee,False,"Topic, technical term, proper name, abbreviation or metadata"
knife,False,"Topic, technical term, proper name, abbreviation or metadata"
knn,False,"Topic, technical term, proper name, abbreviation or metadata"
knockdown,False,"Topic, technical term, proper name, abbreviation or metadata"
knockout,False,"Topic, technical term, proper name, abbreviation or metadata"
knockouts,False,"Topic, technical term, proper name, abbreviation or metadata"
knot,False,"Topic, technical term, proper name, abbreviation or metadata"
knowledge,True,General academic wording
knowledgeable,True,General academic wording
koa,False,"Topic, technical term, proper name, abbreviation or metadata"
koh,False,"Topic, technical term, proper name, abbreviation or metadata"
kolmogorov,False,"Topic, technical term, proper name, abbreviation or metadata"
koos,False,"Topic, technical term, proper name, abbreviation or metadata"
kpa,False,"Topic, technical term, proper name, abbreviation or metadata"
kruskal,False,"Topic, technical term, proper name, abbreviation or metadata"
kss,False,"Topic, technical term, proper name, abbreviation or metadata"
kunming,False,"Topic, technical term, proper name, abbreviation or metadata"
kupffer,False,"Topic, technical term, proper name, abbreviation or metadata"
kwh,False,"Topic, technical term, proper name, abbreviation or metadata"
kynurenine,False,"Topic, technical term, proper name, abbreviation or metadata"
kyoto,False,"Topic, technical term, proper name, abbreviation or metadata"
kyphosis,False,"Topic, technical term, proper name, abbreviation or metadata"
laa,False,"Topic, technical term, proper name, abbreviation or metadata"
label,False,"Topic, technical term, proper name, abbreviation or metadata"
labeled,True,General academic wording
labeling,True,General academic wording
labels,True,General academic wording
labial,False,"Topic, technical term, proper name, abbreviation or metadata"
labile,False,"Topic, technical term, proper name, abbreviation or metadata"
labor,False,"Topic, technical term, proper name, abbreviation or metadata"
laboratory,False,"Topic, technical term, proper name, abbreviation or metadata"
labs,False,"Topic, technical term, proper name, abbreviation or metadata"
lac,False,"Topic, technical term, proper name, abbreviation or metadata"
laccase,False,"Topic, technical term, proper name, abbreviation or metadata"
laceration,False,"Topic, technical term, proper name, abbreviation or metadata"
lachnospiraceae,False,"Topic, technical term, proper name, abbreviation or metadata"
lack,True,General academic wording
lacked,True,General academic wording
lacking,True,General academic wording
lacks,True,General academic wording
lacrimal,False,"Topic, technical term, proper name, abbreviation or metadata"
lactam,False,"Topic, technical term, proper name, abbreviation or metadata"
lactamases,False,"Topic, technical term, proper name, abbreviation or metadata"
lactate,False,"Topic, technical term, proper name, abbreviation or metadata"
lacticaseibacillus,False,"Topic, technical term, proper name, abbreviation or metadata"
lactiplantibacillus,False,"Topic, technical term, proper name, abbreviation or metadata"
lactis,False,"Topic, technical term, proper name, abbreviation or metadata"
lactobacillus,False,"Topic, technical term, proper name, abbreviation or metadata"
lactoferrin,False,"Topic, technical term, proper name, abbreviation or metadata"
lactone,False,"Topic, technical term, proper name, abbreviation or metadata"
lactones,False,"Topic, technical term, proper name, abbreviation or metadata"
lactylation,False,"Topic, technical term, proper name, abbreviation or metadata"
lad,False,"Topic, technical term, proper name, abbreviation or metadata"
ladder,True,General academic wording
lagged,True,General academic wording
lags,True,General academic wording
lahore,False,"Topic, technical term, proper name, abbreviation or metadata"
lai,False,"Topic, technical term, proper name, abbreviation or metadata"
laird,False,"Topic, technical term, proper name, abbreviation or metadata"
lam,False,"Topic, technical term, proper name, abbreviation or metadata"
lamb,False,"Topic, technical term, proper name, abbreviation or metadata"
lambda,False,"Topic, technical term, proper name, abbreviation or metadata"
lambs,False,"Topic, technical term, proper name, abbreviation or metadata"
lamellae,False,"Topic, technical term, proper name, abbreviation or metadata"
lameness,False,"Topic, technical term, proper name, abbreviation or metadata"
laminar,False,"Topic, technical term, proper name, abbreviation or metadata"
laminin,False,"Topic, technical term, proper name, abbreviation or metadata"
lancet,False,"Topic, technical term, proper name, abbreviation or metadata"
land,False,"Topic, technical term, proper name, abbreviation or metadata"
landau,False,"Topic, technical term, proper name, abbreviation or metadata"
landfills,False,"Topic, technical term, proper name, abbreviation or metadata"
landmark,True,General academic wording
lands,False,"Topic, technical term, proper name, abbreviation or metadata"
landsat,False,"Topic, technical term, proper name, abbreviation or metadata"
landscape,True,General academic wording
landscapes,True,General academic wording
lane,False,"Topic, technical term, proper name, abbreviation or metadata"
langerhans,False,"Topic, technical term, proper name, abbreviation or metadata"
language,False,"Topic, technical term, proper name, abbreviation or metadata"
lanthanide,False,"Topic, technical term, proper name, abbreviation or metadata"
lanthanum,False,"Topic, technical term, proper name, abbreviation or metadata"
lap,False,"Topic, technical term, proper name, abbreviation or metadata"
laparoscopic,False,"Topic, technical term, proper name, abbreviation or metadata"
laplace,False,"Topic, technical term, proper name, abbreviation or metadata"
laplacian,False,"Topic, technical term, proper name, abbreviation or metadata"
larc,False,"Topic, technical term, proper name, abbreviation or metadata"
largely,True,General academic wording
larger,True,General academic wording
largest,True,General academic wording
larva,False,"Topic, technical term, proper name, abbreviation or metadata"
laryngoscope,False,"Topic, technical term, proper name, abbreviation or metadata"
laryngoscopy,False,"Topic, technical term, proper name, abbreviation or metadata"
laser,False,"Topic, technical term, proper name, abbreviation or metadata"
lasing,False,"Topic, technical term, proper name, abbreviation or metadata"
lasso,False,"Topic, technical term, proper name, abbreviation or metadata"
last,True,General academic wording
lasting,True,General academic wording
lastly,True,General academic wording
late,True,General academic wording
lately,True,General academic wording
latency,False,"Topic, technical term, proper name, abbreviation or metadata"
latent,False,"Topic, technical term, proper name, abbreviation or metadata"
later,True,General academic wording
lateral,False,"Topic, technical term, proper name, abbreviation or metadata"
laterality,False,"Topic, technical term, proper name, abbreviation or metadata"
lateralization,False,"Topic, technical term, proper name, abbreviation or metadata"
lateralized,False,"Topic, technical term, proper name, abbreviation or metadata"
latest,True,General academic wording
latino,False,"Topic, technical term, proper name, abbreviation or metadata"
latinos,False,"Topic, technical term, proper name, abbreviation or metadata"
latitudes,False,"Topic, technical term, proper name, abbreviation or metadata"
lattice,False,"Topic, technical term, proper name, abbreviation or metadata"
lattices,False,"Topic, technical term, proper name, abbreviation or metadata"
launch,True,General academic wording
lawrence,False,"Topic, technical term, proper name, abbreviation or metadata"
laxity,False,"Topic, technical term, proper name, abbreviation or metadata"
layer,True,General academic wording
layered,True,General academic wording
layers,True,General academic wording
laying,True,General academic wording
layouts,True,General academic wording
lays,True,General academic wording
lbd,False,"Topic, technical term, proper name, abbreviation or metadata"
lbw,False,"Topic, technical term, proper name, abbreviation or metadata"
lca,False,"Topic, technical term, proper name, abbreviation or metadata"
lcs,False,"Topic, technical term, proper name, abbreviation or metadata"
lda,False,"Topic, technical term, proper name, abbreviation or metadata"
ldha,False,"Topic, technical term, proper name, abbreviation or metadata"
ldl,False,"Topic, technical term, proper name, abbreviation or metadata"
lds,False,"Topic, technical term, proper name, abbreviation or metadata"
leachate,False,"Topic, technical term, proper name, abbreviation or metadata"
leached,False,"Topic, technical term, proper name, abbreviation or metadata"
lead,True,General academic wording
leadership,True,General academic wording
leading,True,General academic wording
leads,True,General academic wording
leaf,False,"Topic, technical term, proper name, abbreviation or metadata"
leaflet,False,"Topic, technical term, proper name, abbreviation or metadata"
leaflets,False,"Topic, technical term, proper name, abbreviation or metadata"
leafy,False,"Topic, technical term, proper name, abbreviation or metadata"
leakage,False,"Topic, technical term, proper name, abbreviation or metadata"
leaks,False,"Topic, technical term, proper name, abbreviation or metadata"
leaky,False,"Topic, technical term, proper name, abbreviation or metadata"
leap,True,General academic wording
learn,True,General academic wording
learnable,True,General academic wording
learner,True,General academic wording
learners,True,General academic wording
learning,True,General academic wording
learnings,True,General academic wording
learns,True,General academic wording
least,True,General academic wording
leave,True,General academic wording
leaves,True,General academic wording
leaving,True,General academic wording
lecithin,False,"Topic, technical term, proper name, abbreviation or metadata"
lectins,False,"Topic, technical term, proper name, abbreviation or metadata"
led,True,General academic wording
leds,False,"Topic, technical term, proper name, abbreviation or metadata"
lefse,False,"Topic, technical term, proper name, abbreviation or metadata"
left,True,General academic wording
legacy,True,General academic wording
legal,True,General academic wording
legally,False,"Topic, technical term, proper name, abbreviation or metadata"
legislative,False,"Topic, technical term, proper name, abbreviation or metadata"
legitimacy,True,General academic wording
legitimate,True,General academic wording
legume,False,"Topic, technical term, proper name, abbreviation or metadata"
leiomyoma,False,"Topic, technical term, proper name, abbreviation or metadata"
lemeshow,False,"Topic, technical term, proper name, abbreviation or metadata"
lemon,False,"Topic, technical term, proper name, abbreviation or metadata"
lend,True,General academic wording
lengths,True,General academic wording
lengthy,True,General academic wording
lens,True,General academic wording
lenvatinib,False,"Topic, technical term, proper name, abbreviation or metadata"
lepidoptera,False,"Topic, technical term, proper name, abbreviation or metadata"
leptomeningeal,False,"Topic, technical term, proper name, abbreviation or metadata"
les,False,"Topic, technical term, proper name, abbreviation or metadata"
lesbian,False,"Topic, technical term, proper name, abbreviation or metadata"
lesion,False,"Topic, technical term, proper name, abbreviation or metadata"
lesional,False,"Topic, technical term, proper name, abbreviation or metadata"
lesions,False,"Topic, technical term, proper name, abbreviation or metadata"
lessened,True,General academic wording
lethal,False,"Topic, technical term, proper name, abbreviation or metadata"
lethargy,False,"Topic, technical term, proper name, abbreviation or metadata"
letrozole,False,"Topic, technical term, proper name, abbreviation or metadata"
lettuce,False,"Topic, technical term, proper name, abbreviation or metadata"
leukemias,False,"Topic, technical term, proper name, abbreviation or metadata"
leukocytosis,False,"Topic, technical term, proper name, abbreviation or metadata"
leukopenia,False,"Topic, technical term, proper name, abbreviation or metadata"
level,True,General academic wording
levels,False,"Topic, technical term, proper name, abbreviation or metadata"
lever,True,General academic wording
leverage,True,General academic wording
leveraged,True,General academic wording
leverages,True,General academic wording
leveraging,True,General academic wording
levers,True,General academic wording
levetiracetam,False,"Topic, technical term, proper name, abbreviation or metadata"
levodopa,False,"Topic, technical term, proper name, abbreviation or metadata"
levofloxacin,False,"Topic, technical term, proper name, abbreviation or metadata"
levothyroxine,False,"Topic, technical term, proper name, abbreviation or metadata"
lewy,False,"Topic, technical term, proper name, abbreviation or metadata"
lexicon,True,General academic wording
leydig,False,"Topic, technical term, proper name, abbreviation or metadata"
lfp,False,"Topic, technical term, proper name, abbreviation or metadata"
lga,False,"Topic, technical term, proper name, abbreviation or metadata"
lgbtq,False,"Topic, technical term, proper name, abbreviation or metadata"
lge,False,"Topic, technical term, proper name, abbreviation or metadata"
liabilities,True,General academic wording
liability,True,General academic wording
liberation,True,General academic wording
library,True,General academic wording
libs,False,"Topic, technical term, proper name, abbreviation or metadata"
licensing,False,"Topic, technical term, proper name, abbreviation or metadata"
licensure,False,"Topic, technical term, proper name, abbreviation or metadata"
lichen,False,"Topic, technical term, proper name, abbreviation or metadata"
licl,False,"Topic, technical term, proper name, abbreviation or metadata"
lid,False,"Topic, technical term, proper name, abbreviation or metadata"
lidar,False,"Topic, technical term, proper name, abbreviation or metadata"
lies,True,General academic wording
lif,False,"Topic, technical term, proper name, abbreviation or metadata"
life,False,"Topic, technical term, proper name, abbreviation or metadata"
life's,False,"Topic, technical term, proper name, abbreviation or metadata"
lifecycle,True,General academic wording
lifelong,True,General academic wording
lifesaving,False,"Topic, technical term, proper name, abbreviation or metadata"
lifespan,False,"Topic, technical term, proper name, abbreviation or metadata"
lifespans,False,"Topic, technical term, proper name, abbreviation or metadata"
lifestyle,False,"Topic, technical term, proper name, abbreviation or metadata"
lifetime,True,General academic wording
lifetimes,True,General academic wording
ligament,False,"Topic, technical term, proper name, abbreviation or metadata"
ligamentous,False,"Topic, technical term, proper name, abbreviation or metadata"
ligand,False,"Topic, technical term, proper name, abbreviation or metadata"
ligands,False,"Topic, technical term, proper name, abbreviation or metadata"
ligase,False,"Topic, technical term, proper name, abbreviation or metadata"
ligases,False,"Topic, technical term, proper name, abbreviation or metadata"
light,False,"Topic, technical term, proper name, abbreviation or metadata"
lighter,True,General academic wording
lightgbm,False,"Topic, technical term, proper name, abbreviation or metadata"
lighting,False,"Topic, technical term, proper name, abbreviation or metadata"
lightness,True,General academic wording
lightweight,False,"Topic, technical term, proper name, abbreviation or metadata"
lignans,False,"Topic, technical term, proper name, abbreviation or metadata"
lignocellulose,False,"Topic, technical term, proper name, abbreviation or metadata"
like,True,General academic wording
likelihood,True,General academic wording
likeness,True,General academic wording
likert,False,"Topic, technical term, proper name, abbreviation or metadata"
likes,True,General academic wording
liking,True,General academic wording
limb,False,"Topic, technical term, proper name, abbreviation or metadata"
lime,False,"Topic, technical term, proper name, abbreviation or metadata"
limestone,False,"Topic, technical term, proper name, abbreviation or metadata"
limit,True,General academic wording
limitation,True,General academic wording
limitations,True,General academic wording
limited,True,General academic wording
limiting,True,General academic wording
limits,True,General academic wording
limma,False,"Topic, technical term, proper name, abbreviation or metadata"
limonene,False,"Topic, technical term, proper name, abbreviation or metadata"
limosilactobacillus,False,"Topic, technical term, proper name, abbreviation or metadata"
lin,False,"Topic, technical term, proper name, abbreviation or metadata"
linac,False,"Topic, technical term, proper name, abbreviation or metadata"
linalool,False,"Topic, technical term, proper name, abbreviation or metadata"
line,True,General academic wording
lineage,False,"Topic, technical term, proper name, abbreviation or metadata"
lineages,False,"Topic, technical term, proper name, abbreviation or metadata"
linear,False,"Topic, technical term, proper name, abbreviation or metadata"
linearity,True,General academic wording
lined,False,"Topic, technical term, proper name, abbreviation or metadata"
linewidth,False,"Topic, technical term, proper name, abbreviation or metadata"
linezolid,False,"Topic, technical term, proper name, abbreviation or metadata"
linguistic,True,General academic wording
linguistically,True,General academic wording
link,True,General academic wording
linked,True,General academic wording
linker,False,"Topic, technical term, proper name, abbreviation or metadata"
linkers,False,"Topic, technical term, proper name, abbreviation or metadata"
linking,True,General academic wording
links,True,General academic wording
linnaeus,False,"Topic, technical term, proper name, abbreviation or metadata"
linoleic,False,"Topic, technical term, proper name, abbreviation or metadata"
linolenic,False,"Topic, technical term, proper name, abbreviation or metadata"
lipid,False,"Topic, technical term, proper name, abbreviation or metadata"
lipidome,False,"Topic, technical term, proper name, abbreviation or metadata"
lipidomic,False,"Topic, technical term, proper name, abbreviation or metadata"
lipidomics,False,"Topic, technical term, proper name, abbreviation or metadata"
lipinski's,False,"Topic, technical term, proper name, abbreviation or metadata"
lipogenic,False,"Topic, technical term, proper name, abbreviation or metadata"
lipoic,False,"Topic, technical term, proper name, abbreviation or metadata"
lipolysis,False,"Topic, technical term, proper name, abbreviation or metadata"
lipoma,False,"Topic, technical term, proper name, abbreviation or metadata"
lipophilicity,False,"Topic, technical term, proper name, abbreviation or metadata"
lipoprotein,False,"Topic, technical term, proper name, abbreviation or metadata"
liposarcoma,False,"Topic, technical term, proper name, abbreviation or metadata"
liposomal,False,"Topic, technical term, proper name, abbreviation or metadata"
liposome,False,"Topic, technical term, proper name, abbreviation or metadata"
lipotoxicity,False,"Topic, technical term, proper name, abbreviation or metadata"
lipoxygenase,False,"Topic, technical term, proper name, abbreviation or metadata"
lips,False,"Topic, technical term, proper name, abbreviation or metadata"
liquid,False,"Topic, technical term, proper name, abbreviation or metadata"
liquor,False,"Topic, technical term, proper name, abbreviation or metadata"
liraglutide,False,"Topic, technical term, proper name, abbreviation or metadata"
listened,True,General academic wording
liter,False,"Topic, technical term, proper name, abbreviation or metadata"
literacy,False,"Topic, technical term, proper name, abbreviation or metadata"
literature,True,General academic wording
lithium,False,"Topic, technical term, proper name, abbreviation or metadata"
lithography,False,"Topic, technical term, proper name, abbreviation or metadata"
lithotripsy,False,"Topic, technical term, proper name, abbreviation or metadata"
liu,False,"Topic, technical term, proper name, abbreviation or metadata"
lived,False,"Topic, technical term, proper name, abbreviation or metadata"
livelihood,False,"Topic, technical term, proper name, abbreviation or metadata"
livelihoods,False,"Topic, technical term, proper name, abbreviation or metadata"
liver,False,"Topic, technical term, proper name, abbreviation or metadata"
livestock,False,"Topic, technical term, proper name, abbreviation or metadata"
living,False,"Topic, technical term, proper name, abbreviation or metadata"
llama,False,"Topic, technical term, proper name, abbreviation or metadata"
ller,False,"Topic, technical term, proper name, abbreviation or metadata"
llerian,False,"Topic, technical term, proper name, abbreviation or metadata"
llm,False,"Topic, technical term, proper name, abbreviation or metadata"
llms,False,"Topic, technical term, proper name, abbreviation or metadata"
llps,False,"Topic, technical term, proper name, abbreviation or metadata"
lmics,False,"Topic, technical term, proper name, abbreviation or metadata"
lmr,False,"Topic, technical term, proper name, abbreviation or metadata"
lms,False,"Topic, technical term, proper name, abbreviation or metadata"
lnm,False,"Topic, technical term, proper name, abbreviation or metadata"
lnp,False,"Topic, technical term, proper name, abbreviation or metadata"
lnps,False,"Topic, technical term, proper name, abbreviation or metadata"
loa,False,"Topic, technical term, proper name, abbreviation or metadata"
load,True,General academic wording
loaded,True,General academic wording
loading,True,General academic wording
loadings,True,General academic wording
lobular,False,"Topic, technical term, proper name, abbreviation or metadata"
loc,False,"Topic, technical term, proper name, abbreviation or metadata"
local,True,General academic wording
localisation,True,General academic wording
localization,False,"Topic, technical term, proper name, abbreviation or metadata"
localizations,True,General academic wording
localized,False,"Topic, technical term, proper name, abbreviation or metadata"
localizes,True,General academic wording
localizing,True,General academic wording
locally,True,General academic wording
locating,True,General academic wording
location,True,General academic wording
locations,True,General academic wording
loci,False,"Topic, technical term, proper name, abbreviation or metadata"
lockdowns,False,"Topic, technical term, proper name, abbreviation or metadata"
locomotor,False,"Topic, technical term, proper name, abbreviation or metadata"
locus,False,"Topic, technical term, proper name, abbreviation or metadata"
lod,False,"Topic, technical term, proper name, abbreviation or metadata"
lods,False,"Topic, technical term, proper name, abbreviation or metadata"
loess,False,"Topic, technical term, proper name, abbreviation or metadata"
log,False,"Topic, technical term, proper name, abbreviation or metadata"
logarithm,False,"Topic, technical term, proper name, abbreviation or metadata"
logarithmic,False,"Topic, technical term, proper name, abbreviation or metadata"
logging,False,"Topic, technical term, proper name, abbreviation or metadata"
logic,False,"Topic, technical term, proper name, abbreviation or metadata"
logistic,False,"Topic, technical term, proper name, abbreviation or metadata"
logistical,True,General academic wording
logit,False,"Topic, technical term, proper name, abbreviation or metadata"
logs,False,"Topic, technical term, proper name, abbreviation or metadata"
lone,True,General academic wording
long,True,General academic wording
longa,False,"Topic, technical term, proper name, abbreviation or metadata"
longer,True,General academic wording
longevity,False,"Topic, technical term, proper name, abbreviation or metadata"
longissimus,False,"Topic, technical term, proper name, abbreviation or metadata"
longitudinal,False,"Topic, technical term, proper name, abbreviation or metadata"
longstanding,True,General academic wording
longum,False,"Topic, technical term, proper name, abbreviation or metadata"
longus,False,"Topic, technical term, proper name, abbreviation or metadata"
loop,False,"Topic, technical term, proper name, abbreviation or metadata"
loose,True,General academic wording
loosely,True,General academic wording
loq,False,"Topic, technical term, proper name, abbreviation or metadata"
lordosis,False,"Topic, technical term, proper name, abbreviation or metadata"
loses,True,General academic wording
loss,False,"Topic, technical term, proper name, abbreviation or metadata"
losses,True,General academic wording
lotus,False,"Topic, technical term, proper name, abbreviation or metadata"
love,False,"Topic, technical term, proper name, abbreviation or metadata"
low,True,General academic wording
lower,True,General academic wording
lowered,True,General academic wording
lowering,True,General academic wording
lowers,True,General academic wording
lowest,True,General academic wording
lowly,True,General academic wording
lox,False,"Topic, technical term, proper name, abbreviation or metadata"
lpa,False,"Topic, technical term, proper name, abbreviation or metadata"
lpc,False,"Topic, technical term, proper name, abbreviation or metadata"
lpl,False,"Topic, technical term, proper name, abbreviation or metadata"
lpo,False,"Topic, technical term, proper name, abbreviation or metadata"
lps,False,"Topic, technical term, proper name, abbreviation or metadata"
lsd,False,"Topic, technical term, proper name, abbreviation or metadata"
lsm,False,"Topic, technical term, proper name, abbreviation or metadata"
lspr,False,"Topic, technical term, proper name, abbreviation or metadata"
lss,False,"Topic, technical term, proper name, abbreviation or metadata"
lstm,False,"Topic, technical term, proper name, abbreviation or metadata"
lsu,False,"Topic, technical term, proper name, abbreviation or metadata"
ltc,False,"Topic, technical term, proper name, abbreviation or metadata"
ltr,False,"Topic, technical term, proper name, abbreviation or metadata"
luad,False,"Topic, technical term, proper name, abbreviation or metadata"
lubricant,False,"Topic, technical term, proper name, abbreviation or metadata"
lubrication,False,"Topic, technical term, proper name, abbreviation or metadata"
luc,False,"Topic, technical term, proper name, abbreviation or metadata"
lumbar,False,"Topic, technical term, proper name, abbreviation or metadata"
lumbosacral,False,"Topic, technical term, proper name, abbreviation or metadata"
luminance,False,"Topic, technical term, proper name, abbreviation or metadata"
luminescence,False,"Topic, technical term, proper name, abbreviation or metadata"
luminescent,False,"Topic, technical term, proper name, abbreviation or metadata"
luminex,False,"Topic, technical term, proper name, abbreviation or metadata"
lumo,False,"Topic, technical term, proper name, abbreviation or metadata"
lump,False,"Topic, technical term, proper name, abbreviation or metadata"
lung,False,"Topic, technical term, proper name, abbreviation or metadata"
luteal,False,"Topic, technical term, proper name, abbreviation or metadata"
lutein,False,"Topic, technical term, proper name, abbreviation or metadata"
luteolin,False,"Topic, technical term, proper name, abbreviation or metadata"
luts,False,"Topic, technical term, proper name, abbreviation or metadata"
lvad,False,"Topic, technical term, proper name, abbreviation or metadata"
lvo,False,"Topic, technical term, proper name, abbreviation or metadata"
lyapunov,False,"Topic, technical term, proper name, abbreviation or metadata"
lyase,False,"Topic, technical term, proper name, abbreviation or metadata"
lycopene,False,"Topic, technical term, proper name, abbreviation or metadata"
lycopersicum,False,"Topic, technical term, proper name, abbreviation or metadata"
lyme,False,"Topic, technical term, proper name, abbreviation or metadata"
lymphadenectomy,False,"Topic, technical term, proper name, abbreviation or metadata"
lymphadenopathy,False,"Topic, technical term, proper name, abbreviation or metadata"
lymphedema,False,"Topic, technical term, proper name, abbreviation or metadata"
lymphocyte,False,"Topic, technical term, proper name, abbreviation or metadata"
lymphohistiocytosis,False,"Topic, technical term, proper name, abbreviation or metadata"
lymphoma,False,"Topic, technical term, proper name, abbreviation or metadata"
lyophilization,False,"Topic, technical term, proper name, abbreviation or metadata"
lysholm,False,"Topic, technical term, proper name, abbreviation or metadata"
lysosomal,False,"Topic, technical term, proper name, abbreviation or metadata"
lysozyme,False,"Topic, technical term, proper name, abbreviation or metadata"
lytic,False,"Topic, technical term, proper name, abbreviation or metadata"
mace,False,"Topic, technical term, proper name, abbreviation or metadata"
maceration,False,"Topic, technical term, proper name, abbreviation or metadata"
maces,False,"Topic, technical term, proper name, abbreviation or metadata"
mach,False,"Topic, technical term, proper name, abbreviation or metadata"
machine,False,"Topic, technical term, proper name, abbreviation or metadata"
machining,False,"Topic, technical term, proper name, abbreviation or metadata"
macro,False,"Topic, technical term, proper name, abbreviation or metadata"
macroalgae,False,"Topic, technical term, proper name, abbreviation or metadata"
macrocycle,False,"Topic, technical term, proper name, abbreviation or metadata"
macrocycles,False,"Topic, technical term, proper name, abbreviation or metadata"
macrocyclic,False,"Topic, technical term, proper name, abbreviation or metadata"
macrolide,False,"Topic, technical term, proper name, abbreviation or metadata"
macrolides,False,"Topic, technical term, proper name, abbreviation or metadata"
macromolecular,False,"Topic, technical term, proper name, abbreviation or metadata"
macromolecule,False,"Topic, technical term, proper name, abbreviation or metadata"
macronutrients,False,"Topic, technical term, proper name, abbreviation or metadata"
macrophage,False,"Topic, technical term, proper name, abbreviation or metadata"
macrophages,False,"Topic, technical term, proper name, abbreviation or metadata"
macroporous,False,"Topic, technical term, proper name, abbreviation or metadata"
macroscale,False,"Topic, technical term, proper name, abbreviation or metadata"
macroscopic,False,"Topic, technical term, proper name, abbreviation or metadata"
macroscopically,False,"Topic, technical term, proper name, abbreviation or metadata"
macrosomia,False,"Topic, technical term, proper name, abbreviation or metadata"
macrovascular,False,"Topic, technical term, proper name, abbreviation or metadata"
mad,False,"Topic, technical term, proper name, abbreviation or metadata"
made,True,General academic wording
mae,False,"Topic, technical term, proper name, abbreviation or metadata"
maf,False,"Topic, technical term, proper name, abbreviation or metadata"
mafld,False,"Topic, technical term, proper name, abbreviation or metadata"
mag,False,"Topic, technical term, proper name, abbreviation or metadata"
mage,False,"Topic, technical term, proper name, abbreviation or metadata"
magna,False,"Topic, technical term, proper name, abbreviation or metadata"
magnetic,False,"Topic, technical term, proper name, abbreviation or metadata"
magnetically,False,"Topic, technical term, proper name, abbreviation or metadata"
magnetism,False,"Topic, technical term, proper name, abbreviation or metadata"
magnetite,False,"Topic, technical term, proper name, abbreviation or metadata"
magneto,False,"Topic, technical term, proper name, abbreviation or metadata"
magnetoencephalography,False,"Topic, technical term, proper name, abbreviation or metadata"
magnets,False,"Topic, technical term, proper name, abbreviation or metadata"
magnitude,True,General academic wording
mags,False,"Topic, technical term, proper name, abbreviation or metadata"
mah,False,"Topic, technical term, proper name, abbreviation or metadata"
mailed,False,"Topic, technical term, proper name, abbreviation or metadata"
maillard,False,"Topic, technical term, proper name, abbreviation or metadata"
main,True,General academic wording
mainly,True,General academic wording
maintain,True,General academic wording
maintained,True,General academic wording
maintaining,True,General academic wording
maintains,True,General academic wording
maintenance,True,General academic wording
major,True,General academic wording
make,True,General academic wording
makes,True,General academic wording
makeup,True,General academic wording
making,True,General academic wording
mal,False,"Topic, technical term, proper name, abbreviation or metadata"
malabsorption,False,"Topic, technical term, proper name, abbreviation or metadata"
maladaptive,False,"Topic, technical term, proper name, abbreviation or metadata"
malalignment,False,"Topic, technical term, proper name, abbreviation or metadata"
malawi,False,"Topic, technical term, proper name, abbreviation or metadata"
malaysian,False,"Topic, technical term, proper name, abbreviation or metadata"
male,False,"Topic, technical term, proper name, abbreviation or metadata"
males,False,"Topic, technical term, proper name, abbreviation or metadata"
mali,False,"Topic, technical term, proper name, abbreviation or metadata"
malic,False,"Topic, technical term, proper name, abbreviation or metadata"
malicious,True,General academic wording
malignancies,False,"Topic, technical term, proper name, abbreviation or metadata"
malignancy,False,"Topic, technical term, proper name, abbreviation or metadata"
malignant,False,"Topic, technical term, proper name, abbreviation or metadata"
malnutrition,False,"Topic, technical term, proper name, abbreviation or metadata"
malocclusion,False,"Topic, technical term, proper name, abbreviation or metadata"
malondialdehyde,False,"Topic, technical term, proper name, abbreviation or metadata"
malposition,False,"Topic, technical term, proper name, abbreviation or metadata"
maltodextrin,False,"Topic, technical term, proper name, abbreviation or metadata"
man,False,"Topic, technical term, proper name, abbreviation or metadata"
manage,True,General academic wording
manageable,True,General academic wording
managed,True,General academic wording
management,False,"Topic, technical term, proper name, abbreviation or metadata"
managerial,True,General academic wording
manages,True,General academic wording
managing,True,General academic wording
mandarin,False,"Topic, technical term, proper name, abbreviation or metadata"
mandate,True,General academic wording
mandates,True,General academic wording
mandibular,False,"Topic, technical term, proper name, abbreviation or metadata"
manganese,False,"Topic, technical term, proper name, abbreviation or metadata"
mango,False,"Topic, technical term, proper name, abbreviation or metadata"
mangrove,False,"Topic, technical term, proper name, abbreviation or metadata"
mania,False,"Topic, technical term, proper name, abbreviation or metadata"
manifest,True,General academic wording
manifestations,False,"Topic, technical term, proper name, abbreviation or metadata"
manifesting,True,General academic wording
manifests,True,General academic wording
manifold,True,General academic wording
manipulating,True,General academic wording
manipulation,True,General academic wording
manipulative,True,General academic wording
mann,False,"Topic, technical term, proper name, abbreviation or metadata"
manners,True,General academic wording
manova,False,"Topic, technical term, proper name, abbreviation or metadata"
mantel,False,"Topic, technical term, proper name, abbreviation or metadata"
manual,False,"Topic, technical term, proper name, abbreviation or metadata"
manufacturability,False,"Topic, technical term, proper name, abbreviation or metadata"
manufacturer's,False,"Topic, technical term, proper name, abbreviation or metadata"
manufacturing,False,"Topic, technical term, proper name, abbreviation or metadata"
mao,False,"Topic, technical term, proper name, abbreviation or metadata"
map,False,"Topic, technical term, proper name, abbreviation or metadata"
mape,False,"Topic, technical term, proper name, abbreviation or metadata"
mapk,False,"Topic, technical term, proper name, abbreviation or metadata"
mapks,False,"Topic, technical term, proper name, abbreviation or metadata"
mapped,False,"Topic, technical term, proper name, abbreviation or metadata"
mapping,False,"Topic, technical term, proper name, abbreviation or metadata"
mappings,True,General academic wording
maps,False,"Topic, technical term, proper name, abbreviation or metadata"
margin,True,General academic wording
marginal,True,General academic wording
marginalised,True,General academic wording
marginalization,True,General academic wording
marginalized,True,General academic wording
margins,True,General academic wording
marie,False,"Topic, technical term, proper name, abbreviation or metadata"
marine,False,"Topic, technical term, proper name, abbreviation or metadata"
marital,False,"Topic, technical term, proper name, abbreviation or metadata"
maritime,False,"Topic, technical term, proper name, abbreviation or metadata"
marked,True,General academic wording
markedly,True,General academic wording
marker,False,"Topic, technical term, proper name, abbreviation or metadata"
markers,False,"Topic, technical term, proper name, abbreviation or metadata"
market,False,"Topic, technical term, proper name, abbreviation or metadata"
marking,True,General academic wording
marks,True,General academic wording
mars,False,"Topic, technical term, proper name, abbreviation or metadata"
mart,False,"Topic, technical term, proper name, abbreviation or metadata"
mash,False,"Topic, technical term, proper name, abbreviation or metadata"
masking,True,General academic wording
masld,False,"Topic, technical term, proper name, abbreviation or metadata"
mass,False,"Topic, technical term, proper name, abbreviation or metadata"
massage,False,"Topic, technical term, proper name, abbreviation or metadata"
masses,False,"Topic, technical term, proper name, abbreviation or metadata"
masseter,False,"Topic, technical term, proper name, abbreviation or metadata"
masson,False,"Topic, technical term, proper name, abbreviation or metadata"
masson's,False,"Topic, technical term, proper name, abbreviation or metadata"
master's,False,"Topic, technical term, proper name, abbreviation or metadata"
mastery,True,General academic wording
mastitis,False,"Topic, technical term, proper name, abbreviation or metadata"
matched,False,"Topic, technical term, proper name, abbreviation or metadata"
matching,False,"Topic, technical term, proper name, abbreviation or metadata"
mate,False,"Topic, technical term, proper name, abbreviation or metadata"
mater,False,"Topic, technical term, proper name, abbreviation or metadata"
material,True,General academic wording
material's,False,"Topic, technical term, proper name, abbreviation or metadata"
materially,True,General academic wording
materials,True,General academic wording
maternal,False,"Topic, technical term, proper name, abbreviation or metadata"
maternally,False,"Topic, technical term, proper name, abbreviation or metadata"
math,False,"Topic, technical term, proper name, abbreviation or metadata"
matrices,False,"Topic, technical term, proper name, abbreviation or metadata"
matrix,False,"Topic, technical term, proper name, abbreviation or metadata"
matter,True,General academic wording
matthews,False,"Topic, technical term, proper name, abbreviation or metadata"
maturation,False,"Topic, technical term, proper name, abbreviation or metadata"
maturing,True,General academic wording
maturity,True,General academic wording
maxent,False,"Topic, technical term, proper name, abbreviation or metadata"
maxillary,False,"Topic, technical term, proper name, abbreviation or metadata"
maxima,True,General academic wording
maximize,True,General academic wording
maximized,True,General academic wording
maximizes,True,General academic wording
maximizing,True,General academic wording
maximum,True,General academic wording
maximus,False,"Topic, technical term, proper name, abbreviation or metadata"
maxqda,False,"Topic, technical term, proper name, abbreviation or metadata"
mays,False,"Topic, technical term, proper name, abbreviation or metadata"
mbc,False,"Topic, technical term, proper name, abbreviation or metadata"
mbi,False,"Topic, technical term, proper name, abbreviation or metadata"
mbl,False,"Topic, technical term, proper name, abbreviation or metadata"
mbq,False,"Topic, technical term, proper name, abbreviation or metadata"
mbs,False,"Topic, technical term, proper name, abbreviation or metadata"
mcao,False,"Topic, technical term, proper name, abbreviation or metadata"
mcc,False,"Topic, technical term, proper name, abbreviation or metadata"
mcd,False,"Topic, technical term, proper name, abbreviation or metadata"
mcdonald's,False,"Topic, technical term, proper name, abbreviation or metadata"
mch,False,"Topic, technical term, proper name, abbreviation or metadata"
mcherry,False,"Topic, technical term, proper name, abbreviation or metadata"
mcid,False,"Topic, technical term, proper name, abbreviation or metadata"
mcl,False,"Topic, technical term, proper name, abbreviation or metadata"
mcm,False,"Topic, technical term, proper name, abbreviation or metadata"
mcnemar,False,"Topic, technical term, proper name, abbreviation or metadata"
mcnemar's,False,"Topic, technical term, proper name, abbreviation or metadata"
mcr,False,"Topic, technical term, proper name, abbreviation or metadata"
mcrpc,False,"Topic, technical term, proper name, abbreviation or metadata"
mct,False,"Topic, technical term, proper name, abbreviation or metadata"
mcv,False,"Topic, technical term, proper name, abbreviation or metadata"
mda,False,"Topic, technical term, proper name, abbreviation or metadata"
mdc,False,"Topic, technical term, proper name, abbreviation or metadata"
mdd,False,"Topic, technical term, proper name, abbreviation or metadata"
mdr,False,"Topic, technical term, proper name, abbreviation or metadata"
mds,False,"Topic, technical term, proper name, abbreviation or metadata"
mdsc,False,"Topic, technical term, proper name, abbreviation or metadata"
mdscs,False,"Topic, technical term, proper name, abbreviation or metadata"
mdt,False,"Topic, technical term, proper name, abbreviation or metadata"
mea,False,"Topic, technical term, proper name, abbreviation or metadata"
mean,False,"Topic, technical term, proper name, abbreviation or metadata"
meaningful,True,General academic wording
meaningfully,True,General academic wording
meantime,True,General academic wording
meanwhile,True,General academic wording
measurable,True,General academic wording
measurement,True,General academic wording
measurements,True,General academic wording
measuring,True,General academic wording
meat,False,"Topic, technical term, proper name, abbreviation or metadata"
mec,False,"Topic, technical term, proper name, abbreviation or metadata"
mechanical,False,"Topic, technical term, proper name, abbreviation or metadata"
mechanically,False,"Topic, technical term, proper name, abbreviation or metadata"
mechanics,False,"Topic, technical term, proper name, abbreviation or metadata"
mechanism,True,General academic wording
mechanisms,False,"Topic, technical term, proper name, abbreviation or metadata"
mechanistic,False,"Topic, technical term, proper name, abbreviation or metadata"
mechanistically,False,"Topic, technical term, proper name, abbreviation or metadata"
mechano,False,"Topic, technical term, proper name, abbreviation or metadata"
mechanobiology,False,"Topic, technical term, proper name, abbreviation or metadata"
mechanochemical,False,"Topic, technical term, proper name, abbreviation or metadata"
mechanosensitive,False,"Topic, technical term, proper name, abbreviation or metadata"
mechanotransduction,False,"Topic, technical term, proper name, abbreviation or metadata"
media,False,"Topic, technical term, proper name, abbreviation or metadata"
median,True,General academic wording
medians,True,General academic wording
mediastinum,False,"Topic, technical term, proper name, abbreviation or metadata"
mediate,True,General academic wording
mediated,False,"Topic, technical term, proper name, abbreviation or metadata"
mediates,False,"Topic, technical term, proper name, abbreviation or metadata"
mediating,False,"Topic, technical term, proper name, abbreviation or metadata"
mediation,False,"Topic, technical term, proper name, abbreviation or metadata"
mediator,False,"Topic, technical term, proper name, abbreviation or metadata"
mediators,False,"Topic, technical term, proper name, abbreviation or metadata"
medicago,False,"Topic, technical term, proper name, abbreviation or metadata"
medical,False,"Topic, technical term, proper name, abbreviation or metadata"
medication,False,"Topic, technical term, proper name, abbreviation or metadata"
medications,False,"Topic, technical term, proper name, abbreviation or metadata"
medicinal,False,"Topic, technical term, proper name, abbreviation or metadata"
medicine,False,"Topic, technical term, proper name, abbreviation or metadata"
medico,False,"Topic, technical term, proper name, abbreviation or metadata"
medicolegal,False,"Topic, technical term, proper name, abbreviation or metadata"
mediolateral,False,"Topic, technical term, proper name, abbreviation or metadata"
meditation,False,"Topic, technical term, proper name, abbreviation or metadata"
medium,True,General academic wording
medulloblastoma,False,"Topic, technical term, proper name, abbreviation or metadata"
meet,True,General academic wording
meeting,True,General academic wording
meg,False,"Topic, technical term, proper name, abbreviation or metadata"
megabases,False,"Topic, technical term, proper name, abbreviation or metadata"
meibomian,False,"Topic, technical term, proper name, abbreviation or metadata"
meier,False,"Topic, technical term, proper name, abbreviation or metadata"
meiotic,False,"Topic, technical term, proper name, abbreviation or metadata"
meja,False,"Topic, technical term, proper name, abbreviation or metadata"
mel,False,"Topic, technical term, proper name, abbreviation or metadata"
melamine,False,"Topic, technical term, proper name, abbreviation or metadata"
melanocyte,False,"Topic, technical term, proper name, abbreviation or metadata"
melanocytes,False,"Topic, technical term, proper name, abbreviation or metadata"
melanocytic,False,"Topic, technical term, proper name, abbreviation or metadata"
melanogenesis,False,"Topic, technical term, proper name, abbreviation or metadata"
melanoma,False,"Topic, technical term, proper name, abbreviation or metadata"
mellifera,False,"Topic, technical term, proper name, abbreviation or metadata"
mellitus,False,"Topic, technical term, proper name, abbreviation or metadata"
mellonella,False,"Topic, technical term, proper name, abbreviation or metadata"
membered,False,"Topic, technical term, proper name, abbreviation or metadata"
membership,True,General academic wording
membrane,False,"Topic, technical term, proper name, abbreviation or metadata"
membranes,False,"Topic, technical term, proper name, abbreviation or metadata"
memory,True,General academic wording
memristor,False,"Topic, technical term, proper name, abbreviation or metadata"
mems,False,"Topic, technical term, proper name, abbreviation or metadata"
menarche,False,"Topic, technical term, proper name, abbreviation or metadata"
mendelian,False,"Topic, technical term, proper name, abbreviation or metadata"
meningeal,False,"Topic, technical term, proper name, abbreviation or metadata"
meningococcal,False,"Topic, technical term, proper name, abbreviation or metadata"
meningoencephalitis,False,"Topic, technical term, proper name, abbreviation or metadata"
meniscal,False,"Topic, technical term, proper name, abbreviation or metadata"
meniscus,False,"Topic, technical term, proper name, abbreviation or metadata"
menstruation,False,"Topic, technical term, proper name, abbreviation or metadata"
mental,False,"Topic, technical term, proper name, abbreviation or metadata"
menthol,False,"Topic, technical term, proper name, abbreviation or metadata"
mentioning,True,General academic wording
mentorship,True,General academic wording
meoh,False,"Topic, technical term, proper name, abbreviation or metadata"
mep,False,"Topic, technical term, proper name, abbreviation or metadata"
meps,False,"Topic, technical term, proper name, abbreviation or metadata"
meq,False,"Topic, technical term, proper name, abbreviation or metadata"
mer,False,"Topic, technical term, proper name, abbreviation or metadata"
mere,True,General academic wording
merely,True,General academic wording
merge,True,General academic wording
merging,True,General academic wording
merip,False,"Topic, technical term, proper name, abbreviation or metadata"
meropenem,False,"Topic, technical term, proper name, abbreviation or metadata"
mes,False,"Topic, technical term, proper name, abbreviation or metadata"
mesangial,False,"Topic, technical term, proper name, abbreviation or metadata"
mesentery,False,"Topic, technical term, proper name, abbreviation or metadata"
meshes,False,"Topic, technical term, proper name, abbreviation or metadata"
mesial,False,"Topic, technical term, proper name, abbreviation or metadata"
mesoderm,False,"Topic, technical term, proper name, abbreviation or metadata"
mesopores,False,"Topic, technical term, proper name, abbreviation or metadata"
mesoscale,False,"Topic, technical term, proper name, abbreviation or metadata"
mesoscopic,False,"Topic, technical term, proper name, abbreviation or metadata"
message,True,General academic wording
met,False,"Topic, technical term, proper name, abbreviation or metadata"
meta,False,"Topic, technical term, proper name, abbreviation or metadata"
metabarcoding,False,"Topic, technical term, proper name, abbreviation or metadata"
metabolic,False,"Topic, technical term, proper name, abbreviation or metadata"
metabolically,False,"Topic, technical term, proper name, abbreviation or metadata"
metabolism,False,"Topic, technical term, proper name, abbreviation or metadata"
metabolite,False,"Topic, technical term, proper name, abbreviation or metadata"
metabolites,False,"Topic, technical term, proper name, abbreviation or metadata"
metabolome,False,"Topic, technical term, proper name, abbreviation or metadata"
metabolomic,False,"Topic, technical term, proper name, abbreviation or metadata"
metabolomics,False,"Topic, technical term, proper name, abbreviation or metadata"
metachronous,False,"Topic, technical term, proper name, abbreviation or metadata"
metacognitive,False,"Topic, technical term, proper name, abbreviation or metadata"
metadata,True,General academic wording
metagenome,False,"Topic, technical term, proper name, abbreviation or metadata"
metagenomes,False,"Topic, technical term, proper name, abbreviation or metadata"
metagenomic,False,"Topic, technical term, proper name, abbreviation or metadata"
metagenomics,False,"Topic, technical term, proper name, abbreviation or metadata"
metaheuristic,False,"Topic, technical term, proper name, abbreviation or metadata"
metal,False,"Topic, technical term, proper name, abbreviation or metadata"
metallic,False,"Topic, technical term, proper name, abbreviation or metadata"
metallo,False,"Topic, technical term, proper name, abbreviation or metadata"
metals,False,"Topic, technical term, proper name, abbreviation or metadata"
metamaterial,False,"Topic, technical term, proper name, abbreviation or metadata"
metamaterials,False,"Topic, technical term, proper name, abbreviation or metadata"
metaplasia,False,"Topic, technical term, proper name, abbreviation or metadata"
metastases,False,"Topic, technical term, proper name, abbreviation or metadata"
metastasize,False,"Topic, technical term, proper name, abbreviation or metadata"
metastatic,False,"Topic, technical term, proper name, abbreviation or metadata"
metasurface,False,"Topic, technical term, proper name, abbreviation or metadata"
metasurfaces,False,"Topic, technical term, proper name, abbreviation or metadata"
metatarsal,False,"Topic, technical term, proper name, abbreviation or metadata"
metathesis,False,"Topic, technical term, proper name, abbreviation or metadata"
meter,False,"Topic, technical term, proper name, abbreviation or metadata"
meters,False,"Topic, technical term, proper name, abbreviation or metadata"
methacryloyl,False,"Topic, technical term, proper name, abbreviation or metadata"
methadone,False,"Topic, technical term, proper name, abbreviation or metadata"
methanogenesis,False,"Topic, technical term, proper name, abbreviation or metadata"
methanogenic,False,"Topic, technical term, proper name, abbreviation or metadata"
methanogens,False,"Topic, technical term, proper name, abbreviation or metadata"
methanolic,False,"Topic, technical term, proper name, abbreviation or metadata"
method's,True,General academic wording
methodological,False,"Topic, technical term, proper name, abbreviation or metadata"
methodologically,True,General academic wording
methodologies,False,"Topic, technical term, proper name, abbreviation or metadata"
methodology,True,General academic wording
methodsa,False,"Topic, technical term, proper name, abbreviation or metadata"
methodsthis,False,"Topic, technical term, proper name, abbreviation or metadata"
methyl,False,"Topic, technical term, proper name, abbreviation or metadata"
methyladenosine,False,"Topic, technical term, proper name, abbreviation or metadata"
methylation,False,"Topic, technical term, proper name, abbreviation or metadata"
methylcellulose,False,"Topic, technical term, proper name, abbreviation or metadata"
methylcytosine,False,"Topic, technical term, proper name, abbreviation or metadata"
methylglyoxal,False,"Topic, technical term, proper name, abbreviation or metadata"
methylimidazolium,False,"Topic, technical term, proper name, abbreviation or metadata"
methylome,False,"Topic, technical term, proper name, abbreviation or metadata"
methyltransferases,False,"Topic, technical term, proper name, abbreviation or metadata"
meticulous,True,General academic wording
meticulously,True,General academic wording
metric,False,"Topic, technical term, proper name, abbreviation or metadata"
metrics,False,"Topic, technical term, proper name, abbreviation or metadata"
metrology,False,"Topic, technical term, proper name, abbreviation or metadata"
metronidazole,False,"Topic, technical term, proper name, abbreviation or metadata"
mfc,False,"Topic, technical term, proper name, abbreviation or metadata"
mfi,False,"Topic, technical term, proper name, abbreviation or metadata"
mges,False,"Topic, technical term, proper name, abbreviation or metadata"
mgmt,False,"Topic, technical term, proper name, abbreviation or metadata"
mgo,False,"Topic, technical term, proper name, abbreviation or metadata"
mgy,False,"Topic, technical term, proper name, abbreviation or metadata"
mhd,False,"Topic, technical term, proper name, abbreviation or metadata"
mia,False,"Topic, technical term, proper name, abbreviation or metadata"
mic,False,"Topic, technical term, proper name, abbreviation or metadata"
mice,False,"Topic, technical term, proper name, abbreviation or metadata"
micelle,False,"Topic, technical term, proper name, abbreviation or metadata"
michael,False,"Topic, technical term, proper name, abbreviation or metadata"
michaelis,False,"Topic, technical term, proper name, abbreviation or metadata"
micro,False,"Topic, technical term, proper name, abbreviation or metadata"
microalgal,False,"Topic, technical term, proper name, abbreviation or metadata"
microangiopathy,False,"Topic, technical term, proper name, abbreviation or metadata"
microarchitecture,False,"Topic, technical term, proper name, abbreviation or metadata"
microbalance,False,"Topic, technical term, proper name, abbreviation or metadata"
microbe,False,"Topic, technical term, proper name, abbreviation or metadata"
microbes,False,"Topic, technical term, proper name, abbreviation or metadata"
microbial,False,"Topic, technical term, proper name, abbreviation or metadata"
microbially,False,"Topic, technical term, proper name, abbreviation or metadata"
microbiological,False,"Topic, technical term, proper name, abbreviation or metadata"
microbiologically,False,"Topic, technical term, proper name, abbreviation or metadata"
microbiome,False,"Topic, technical term, proper name, abbreviation or metadata"
microbiomes,False,"Topic, technical term, proper name, abbreviation or metadata"
microbiota,False,"Topic, technical term, proper name, abbreviation or metadata"
microbubble,False,"Topic, technical term, proper name, abbreviation or metadata"
microcapsules,False,"Topic, technical term, proper name, abbreviation or metadata"
microcirculatory,False,"Topic, technical term, proper name, abbreviation or metadata"
microcomputed,False,"Topic, technical term, proper name, abbreviation or metadata"
microcosm,False,"Topic, technical term, proper name, abbreviation or metadata"
microcrystalline,False,"Topic, technical term, proper name, abbreviation or metadata"
microdilution,False,"Topic, technical term, proper name, abbreviation or metadata"
microelectrode,False,"Topic, technical term, proper name, abbreviation or metadata"
microenvironment,False,"Topic, technical term, proper name, abbreviation or metadata"
microenvironmental,False,"Topic, technical term, proper name, abbreviation or metadata"
microenvironments,False,"Topic, technical term, proper name, abbreviation or metadata"
microflora,False,"Topic, technical term, proper name, abbreviation or metadata"
microfluidic,False,"Topic, technical term, proper name, abbreviation or metadata"
microfluidics,False,"Topic, technical term, proper name, abbreviation or metadata"
microglia,False,"Topic, technical term, proper name, abbreviation or metadata"
microglial,False,"Topic, technical term, proper name, abbreviation or metadata"
microglobulin,False,"Topic, technical term, proper name, abbreviation or metadata"
microgravity,False,"Topic, technical term, proper name, abbreviation or metadata"
microhardness,False,"Topic, technical term, proper name, abbreviation or metadata"
micrometer,False,"Topic, technical term, proper name, abbreviation or metadata"
micromolar,False,"Topic, technical term, proper name, abbreviation or metadata"
micron,False,"Topic, technical term, proper name, abbreviation or metadata"
microneedle,False,"Topic, technical term, proper name, abbreviation or metadata"
microneedles,False,"Topic, technical term, proper name, abbreviation or metadata"
micronutrient,False,"Topic, technical term, proper name, abbreviation or metadata"
microorganisms,False,"Topic, technical term, proper name, abbreviation or metadata"
microparticle,False,"Topic, technical term, proper name, abbreviation or metadata"
microplastic,False,"Topic, technical term, proper name, abbreviation or metadata"
microplastics,False,"Topic, technical term, proper name, abbreviation or metadata"
microplate,False,"Topic, technical term, proper name, abbreviation or metadata"
micropollutants,False,"Topic, technical term, proper name, abbreviation or metadata"
micropores,False,"Topic, technical term, proper name, abbreviation or metadata"
microporous,False,"Topic, technical term, proper name, abbreviation or metadata"
microscale,False,"Topic, technical term, proper name, abbreviation or metadata"
microscopes,False,"Topic, technical term, proper name, abbreviation or metadata"
microscopic,False,"Topic, technical term, proper name, abbreviation or metadata"
microscopy,False,"Topic, technical term, proper name, abbreviation or metadata"
microsecond,False,"Topic, technical term, proper name, abbreviation or metadata"
microsoft,False,"Topic, technical term, proper name, abbreviation or metadata"
microsomal,False,"Topic, technical term, proper name, abbreviation or metadata"
microsphere,False,"Topic, technical term, proper name, abbreviation or metadata"
microstructural,False,"Topic, technical term, proper name, abbreviation or metadata"
microstructure,False,"Topic, technical term, proper name, abbreviation or metadata"
microsurgery,False,"Topic, technical term, proper name, abbreviation or metadata"
microsurgical,False,"Topic, technical term, proper name, abbreviation or metadata"
microvascular,False,"Topic, technical term, proper name, abbreviation or metadata"
microvessels,False,"Topic, technical term, proper name, abbreviation or metadata"
mics,False,"Topic, technical term, proper name, abbreviation or metadata"
mid,True,General academic wording
midazolam,False,"Topic, technical term, proper name, abbreviation or metadata"
middle,True,General academic wording
midgut,False,"Topic, technical term, proper name, abbreviation or metadata"
midlife,False,"Topic, technical term, proper name, abbreviation or metadata"
midline,False,"Topic, technical term, proper name, abbreviation or metadata"
midpoint,True,General academic wording
midterm,True,General academic wording
midwest,False,"Topic, technical term, proper name, abbreviation or metadata"
midwife,False,"Topic, technical term, proper name, abbreviation or metadata"
midwives,False,"Topic, technical term, proper name, abbreviation or metadata"
mie,False,"Topic, technical term, proper name, abbreviation or metadata"
mif,False,"Topic, technical term, proper name, abbreviation or metadata"
migraines,False,"Topic, technical term, proper name, abbreviation or metadata"
migration,False,"Topic, technical term, proper name, abbreviation or metadata"
mil,False,"Topic, technical term, proper name, abbreviation or metadata"
milan,False,"Topic, technical term, proper name, abbreviation or metadata"
mild,True,General academic wording
mildew,False,"Topic, technical term, proper name, abbreviation or metadata"
milestone,True,General academic wording
military,False,"Topic, technical term, proper name, abbreviation or metadata"
milk,False,"Topic, technical term, proper name, abbreviation or metadata"
milking,False,"Topic, technical term, proper name, abbreviation or metadata"
millennia,False,"Topic, technical term, proper name, abbreviation or metadata"
millennium,False,"Topic, technical term, proper name, abbreviation or metadata"
miller,False,"Topic, technical term, proper name, abbreviation or metadata"
millet,False,"Topic, technical term, proper name, abbreviation or metadata"
millimeter,False,"Topic, technical term, proper name, abbreviation or metadata"
milling,False,"Topic, technical term, proper name, abbreviation or metadata"
million,False,"Topic, technical term, proper name, abbreviation or metadata"
millisecond,False,"Topic, technical term, proper name, abbreviation or metadata"
milliseconds,False,"Topic, technical term, proper name, abbreviation or metadata"
miltiorrhiza,False,"Topic, technical term, proper name, abbreviation or metadata"
mimetic,False,"Topic, technical term, proper name, abbreviation or metadata"
mimetics,False,"Topic, technical term, proper name, abbreviation or metadata"
mimic,True,General academic wording
mimicked,True,General academic wording
mimicking,True,General academic wording
mimicry,True,General academic wording
min,False,"Topic, technical term, proper name, abbreviation or metadata"
minas,False,"Topic, technical term, proper name, abbreviation or metadata"
mindful,True,General academic wording
mindset,True,General academic wording
mined,False,"Topic, technical term, proper name, abbreviation or metadata"
mineral,False,"Topic, technical term, proper name, abbreviation or metadata"
mineralization,False,"Topic, technical term, proper name, abbreviation or metadata"
mineralocorticoid,False,"Topic, technical term, proper name, abbreviation or metadata"
mines,False,"Topic, technical term, proper name, abbreviation or metadata"
mini,False,"Topic, technical term, proper name, abbreviation or metadata"
miniature,True,General academic wording
miniaturization,False,"Topic, technical term, proper name, abbreviation or metadata"
minima,False,"Topic, technical term, proper name, abbreviation or metadata"
minimal,True,General academic wording
minimally,True,General academic wording
minimising,True,General academic wording
minimize,True,General academic wording
minimized,True,General academic wording
minimizes,True,General academic wording
minimizing,True,General academic wording
minocycline,False,"Topic, technical term, proper name, abbreviation or metadata"
minor,True,General academic wording
minoritized,False,"Topic, technical term, proper name, abbreviation or metadata"
minors,False,"Topic, technical term, proper name, abbreviation or metadata"
mins,False,"Topic, technical term, proper name, abbreviation or metadata"
minus,True,General academic wording
minute,False,"Topic, technical term, proper name, abbreviation or metadata"
minutes,False,"Topic, technical term, proper name, abbreviation or metadata"
miou,False,"Topic, technical term, proper name, abbreviation or metadata"
mips,False,"Topic, technical term, proper name, abbreviation or metadata"
mirabilis,False,"Topic, technical term, proper name, abbreviation or metadata"
mirrored,True,General academic wording
mirroring,True,General academic wording
mirrors,True,General academic wording
misaligned,True,General academic wording
misalignment,True,General academic wording
miscarriage,False,"Topic, technical term, proper name, abbreviation or metadata"
miscarriages,False,"Topic, technical term, proper name, abbreviation or metadata"
miscellaneous,True,General academic wording
misclassification,True,General academic wording
misclassified,True,General academic wording
misconceptions,True,General academic wording
misdiagnoses,False,"Topic, technical term, proper name, abbreviation or metadata"
misdiagnosis,False,"Topic, technical term, proper name, abbreviation or metadata"
mises,False,"Topic, technical term, proper name, abbreviation or metadata"
misfolding,False,"Topic, technical term, proper name, abbreviation or metadata"
misinformation,False,"Topic, technical term, proper name, abbreviation or metadata"
misinterpretation,True,General academic wording
mismatch,True,General academic wording
mismatched,True,General academic wording
mismatches,True,General academic wording
missed,True,General academic wording
missing,True,General academic wording
missingness,True,General academic wording
mission,True,General academic wording
mistaken,True,General academic wording
mistrust,True,General academic wording
mitigate,True,General academic wording
mitigated,True,General academic wording
mitigates,True,General academic wording
mitigating,True,General academic wording
mitigation,True,General academic wording
mito,False,"Topic, technical term, proper name, abbreviation or metadata"
mitochondrial,False,"Topic, technical term, proper name, abbreviation or metadata"
mitogenomes,False,"Topic, technical term, proper name, abbreviation or metadata"
mitophagy,False,"Topic, technical term, proper name, abbreviation or metadata"
miu,False,"Topic, technical term, proper name, abbreviation or metadata"
mixed,True,General academic wording
mixes,True,General academic wording
mixture,True,General academic wording
mixtures,True,General academic wording
mlkl,False,"Topic, technical term, proper name, abbreviation or metadata"
mlp,False,"Topic, technical term, proper name, abbreviation or metadata"
mlr,False,"Topic, technical term, proper name, abbreviation or metadata"
mma,False,"Topic, technical term, proper name, abbreviation or metadata"
mmc,False,"Topic, technical term, proper name, abbreviation or metadata"
mmd,False,"Topic, technical term, proper name, abbreviation or metadata"
mme,False,"Topic, technical term, proper name, abbreviation or metadata"
mmf,False,"Topic, technical term, proper name, abbreviation or metadata"
mmol,False,"Topic, technical term, proper name, abbreviation or metadata"
mmr,False,"Topic, technical term, proper name, abbreviation or metadata"
mms,False,"Topic, technical term, proper name, abbreviation or metadata"
mmt,False,"Topic, technical term, proper name, abbreviation or metadata"
mna,False,"Topic, technical term, proper name, abbreviation or metadata"
mngs,False,"Topic, technical term, proper name, abbreviation or metadata"
mnp,False,"Topic, technical term, proper name, abbreviation or metadata"
mnps,False,"Topic, technical term, proper name, abbreviation or metadata"
mns,False,"Topic, technical term, proper name, abbreviation or metadata"
mobilisation,True,General academic wording
mobility,False,"Topic, technical term, proper name, abbreviation or metadata"
mobilization,True,General academic wording
mobilize,True,General academic wording
mobilizing,True,General academic wording
moca,False,"Topic, technical term, proper name, abbreviation or metadata"
mod,False,"Topic, technical term, proper name, abbreviation or metadata"
modal,False,"Topic, technical term, proper name, abbreviation or metadata"
modalities,False,"Topic, technical term, proper name, abbreviation or metadata"
modality,False,"Topic, technical term, proper name, abbreviation or metadata"
mode,True,General academic wording
model,False,"Topic, technical term, proper name, abbreviation or metadata"
model's,False,"Topic, technical term, proper name, abbreviation or metadata"
modeled,False,"Topic, technical term, proper name, abbreviation or metadata"
modeling,False,"Topic, technical term, proper name, abbreviation or metadata"
modelling,True,General academic wording
models,False,"Topic, technical term, proper name, abbreviation or metadata"
moderate,True,General academic wording
moderated,True,General academic wording
moderates,True,General academic wording
moderating,True,General academic wording
moderation,True,General academic wording
moderators,True,General academic wording
modern,True,General academic wording
moderna,False,"Topic, technical term, proper name, abbreviation or metadata"
modernization,True,General academic wording
modes,True,General academic wording
modest,True,General academic wording
modestly,True,General academic wording
modifiable,True,General academic wording
modification,True,General academic wording
modifications,True,General academic wording
modified,True,General academic wording
modifiers,True,General academic wording
modifies,True,General academic wording
modifying,True,General academic wording
modular,False,"Topic, technical term, proper name, abbreviation or metadata"
modularity,True,General academic wording
modulate,False,"Topic, technical term, proper name, abbreviation or metadata"
modulated,False,"Topic, technical term, proper name, abbreviation or metadata"
modulates,False,"Topic, technical term, proper name, abbreviation or metadata"
modulating,False,"Topic, technical term, proper name, abbreviation or metadata"
modulation,False,"Topic, technical term, proper name, abbreviation or metadata"
modulator,False,"Topic, technical term, proper name, abbreviation or metadata"
modulators,False,"Topic, technical term, proper name, abbreviation or metadata"
module,False,"Topic, technical term, proper name, abbreviation or metadata"
modules,False,"Topic, technical term, proper name, abbreviation or metadata"
modulus,False,"Topic, technical term, proper name, abbreviation or metadata"
moe,False,"Topic, technical term, proper name, abbreviation or metadata"
mof,False,"Topic, technical term, proper name, abbreviation or metadata"
mofetil,False,"Topic, technical term, proper name, abbreviation or metadata"
mofs,False,"Topic, technical term, proper name, abbreviation or metadata"
mog,False,"Topic, technical term, proper name, abbreviation or metadata"
moi,False,"Topic, technical term, proper name, abbreviation or metadata"
moir,False,"Topic, technical term, proper name, abbreviation or metadata"
moist,False,"Topic, technical term, proper name, abbreviation or metadata"
moisture,False,"Topic, technical term, proper name, abbreviation or metadata"
mol,False,"Topic, technical term, proper name, abbreviation or metadata"
molding,False,"Topic, technical term, proper name, abbreviation or metadata"
molds,False,"Topic, technical term, proper name, abbreviation or metadata"
molecular,False,"Topic, technical term, proper name, abbreviation or metadata"
molecularly,False,"Topic, technical term, proper name, abbreviation or metadata"
molecule,False,"Topic, technical term, proper name, abbreviation or metadata"
molecules,False,"Topic, technical term, proper name, abbreviation or metadata"
molten,False,"Topic, technical term, proper name, abbreviation or metadata"
molybdenum,False,"Topic, technical term, proper name, abbreviation or metadata"
momentary,True,General academic wording
mongolia,False,"Topic, technical term, proper name, abbreviation or metadata"
monitor,True,General academic wording
monitoring,True,General academic wording
monkeypox,False,"Topic, technical term, proper name, abbreviation or metadata"
monocentric,False,"Topic, technical term, proper name, abbreviation or metadata"
monochromatic,False,"Topic, technical term, proper name, abbreviation or metadata"
monoclinic,False,"Topic, technical term, proper name, abbreviation or metadata"
monocular,False,"Topic, technical term, proper name, abbreviation or metadata"
monoculture,False,"Topic, technical term, proper name, abbreviation or metadata"
monocytic,False,"Topic, technical term, proper name, abbreviation or metadata"
monodisperse,False,"Topic, technical term, proper name, abbreviation or metadata"
monolithic,False,"Topic, technical term, proper name, abbreviation or metadata"
mononucleotide,False,"Topic, technical term, proper name, abbreviation or metadata"
monophyly,False,"Topic, technical term, proper name, abbreviation or metadata"
monosaccharide,False,"Topic, technical term, proper name, abbreviation or metadata"
monosaccharides,False,"Topic, technical term, proper name, abbreviation or metadata"
monosodium,False,"Topic, technical term, proper name, abbreviation or metadata"
monoterpenes,False,"Topic, technical term, proper name, abbreviation or metadata"
monotherapies,False,"Topic, technical term, proper name, abbreviation or metadata"
monotherapy,False,"Topic, technical term, proper name, abbreviation or metadata"
monotonic,True,General academic wording
monotonically,True,General academic wording
monounsaturated,False,"Topic, technical term, proper name, abbreviation or metadata"
monovalent,False,"Topic, technical term, proper name, abbreviation or metadata"
monsoon,False,"Topic, technical term, proper name, abbreviation or metadata"
monte,False,"Topic, technical term, proper name, abbreviation or metadata"
montgomery,False,"Topic, technical term, proper name, abbreviation or metadata"
month,False,"Topic, technical term, proper name, abbreviation or metadata"
montmorillonite,False,"Topic, technical term, proper name, abbreviation or metadata"
montreal,False,"Topic, technical term, proper name, abbreviation or metadata"
mor,False,"Topic, technical term, proper name, abbreviation or metadata"
moral,True,General academic wording
moran's,False,"Topic, technical term, proper name, abbreviation or metadata"
morbidity,False,"Topic, technical term, proper name, abbreviation or metadata"
moreover,True,General academic wording
mori,False,"Topic, technical term, proper name, abbreviation or metadata"
moringa,False,"Topic, technical term, proper name, abbreviation or metadata"
moroccan,False,"Topic, technical term, proper name, abbreviation or metadata"
morocco,False,"Topic, technical term, proper name, abbreviation or metadata"
morpho,False,"Topic, technical term, proper name, abbreviation or metadata"
morphological,False,"Topic, technical term, proper name, abbreviation or metadata"
morphology,False,"Topic, technical term, proper name, abbreviation or metadata"
morphometric,False,"Topic, technical term, proper name, abbreviation or metadata"
morphometrics,False,"Topic, technical term, proper name, abbreviation or metadata"
mortality,False,"Topic, technical term, proper name, abbreviation or metadata"
mortar,False,"Topic, technical term, proper name, abbreviation or metadata"
mos,False,"Topic, technical term, proper name, abbreviation or metadata"
mosaicism,False,"Topic, technical term, proper name, abbreviation or metadata"
moss,False,"Topic, technical term, proper name, abbreviation or metadata"
moth,False,"Topic, technical term, proper name, abbreviation or metadata"
motif,False,"Topic, technical term, proper name, abbreviation or metadata"
motifs,False,"Topic, technical term, proper name, abbreviation or metadata"
motility,False,"Topic, technical term, proper name, abbreviation or metadata"
motion,False,"Topic, technical term, proper name, abbreviation or metadata"
motivates,True,General academic wording
motivating,True,General academic wording
motivation,True,General academic wording
motivational,True,General academic wording
motivators,True,General academic wording
motives,True,General academic wording
motor,False,"Topic, technical term, proper name, abbreviation or metadata"
motors,False,"Topic, technical term, proper name, abbreviation or metadata"
moud,False,"Topic, technical term, proper name, abbreviation or metadata"
mountain,False,"Topic, technical term, proper name, abbreviation or metadata"
mountainous,False,"Topic, technical term, proper name, abbreviation or metadata"
mouse,False,"Topic, technical term, proper name, abbreviation or metadata"
movement,True,General academic wording
movements,True,General academic wording
moving,True,General academic wording
moxifloxacin,False,"Topic, technical term, proper name, abbreviation or metadata"
moyamoya,False,"Topic, technical term, proper name, abbreviation or metadata"
mozambique,False,"Topic, technical term, proper name, abbreviation or metadata"
mpa,False,"Topic, technical term, proper name, abbreviation or metadata"
mpc,False,"Topic, technical term, proper name, abbreviation or metadata"
mpfc,False,"Topic, technical term, proper name, abbreviation or metadata"
mpfs,False,"Topic, technical term, proper name, abbreviation or metadata"
mpi,False,"Topic, technical term, proper name, abbreviation or metadata"
mpmri,False,"Topic, technical term, proper name, abbreviation or metadata"
mpo,False,"Topic, technical term, proper name, abbreviation or metadata"
mpp,False,"Topic, technical term, proper name, abbreviation or metadata"
mpr,False,"Topic, technical term, proper name, abbreviation or metadata"
mps,False,"Topic, technical term, proper name, abbreviation or metadata"
mptp,False,"Topic, technical term, proper name, abbreviation or metadata"
mpv,False,"Topic, technical term, proper name, abbreviation or metadata"
mra,False,"Topic, technical term, proper name, abbreviation or metadata"
mrd,False,"Topic, technical term, proper name, abbreviation or metadata"
mre,False,"Topic, technical term, proper name, abbreviation or metadata"
mri,False,"Topic, technical term, proper name, abbreviation or metadata"
msa,False,"Topic, technical term, proper name, abbreviation or metadata"
msd,False,"Topic, technical term, proper name, abbreviation or metadata"
mse,False,"Topic, technical term, proper name, abbreviation or metadata"
msi,False,"Topic, technical term, proper name, abbreviation or metadata"
msk,False,"Topic, technical term, proper name, abbreviation or metadata"
msn,False,"Topic, technical term, proper name, abbreviation or metadata"
mss,False,"Topic, technical term, proper name, abbreviation or metadata"
mssa,False,"Topic, technical term, proper name, abbreviation or metadata"
mst,False,"Topic, technical term, proper name, abbreviation or metadata"
mtb,False,"Topic, technical term, proper name, abbreviation or metadata"
mtc,False,"Topic, technical term, proper name, abbreviation or metadata"
mtdna,False,"Topic, technical term, proper name, abbreviation or metadata"
mtor,False,"Topic, technical term, proper name, abbreviation or metadata"
muciniphila,False,"Topic, technical term, proper name, abbreviation or metadata"
mucinous,False,"Topic, technical term, proper name, abbreviation or metadata"
mucoadhesive,False,"Topic, technical term, proper name, abbreviation or metadata"
mucocutaneous,False,"Topic, technical term, proper name, abbreviation or metadata"
mucormycosis,False,"Topic, technical term, proper name, abbreviation or metadata"
mucosal,False,"Topic, technical term, proper name, abbreviation or metadata"
mud,False,"Topic, technical term, proper name, abbreviation or metadata"
mulberry,False,"Topic, technical term, proper name, abbreviation or metadata"
multi,False,"Topic, technical term, proper name, abbreviation or metadata"
multicenter,False,"Topic, technical term, proper name, abbreviation or metadata"
multicentre,False,"Topic, technical term, proper name, abbreviation or metadata"
multichannel,False,"Topic, technical term, proper name, abbreviation or metadata"
multiclass,False,"Topic, technical term, proper name, abbreviation or metadata"
multicollinearity,False,"Topic, technical term, proper name, abbreviation or metadata"
multicolor,False,"Topic, technical term, proper name, abbreviation or metadata"
multicomponent,False,"Topic, technical term, proper name, abbreviation or metadata"
multidimensional,True,General academic wording
multidirectional,True,General academic wording
multidisciplinary,True,General academic wording
multidomain,True,General academic wording
multidrug,False,"Topic, technical term, proper name, abbreviation or metadata"
multifaceted,True,General academic wording
multifactorial,True,General academic wording
multifunctional,True,General academic wording
multifunctionality,True,General academic wording
multigene,False,"Topic, technical term, proper name, abbreviation or metadata"
multilayer,True,General academic wording
multilayered,False,"Topic, technical term, proper name, abbreviation or metadata"
multilevel,True,General academic wording
multilingual,True,General academic wording
multimedia,False,"Topic, technical term, proper name, abbreviation or metadata"
multimodal,False,"Topic, technical term, proper name, abbreviation or metadata"
multimodality,False,"Topic, technical term, proper name, abbreviation or metadata"
multimode,False,"Topic, technical term, proper name, abbreviation or metadata"
multimorbidity,False,"Topic, technical term, proper name, abbreviation or metadata"
multinational,True,General academic wording
multinucleated,False,"Topic, technical term, proper name, abbreviation or metadata"
multiomic,False,"Topic, technical term, proper name, abbreviation or metadata"
multiomics,False,"Topic, technical term, proper name, abbreviation or metadata"
multiorgan,False,"Topic, technical term, proper name, abbreviation or metadata"
multiparameter,False,"Topic, technical term, proper name, abbreviation or metadata"
multiparametric,False,"Topic, technical term, proper name, abbreviation or metadata"
multiparous,False,"Topic, technical term, proper name, abbreviation or metadata"
multiphase,False,"Topic, technical term, proper name, abbreviation or metadata"
multiphysics,False,"Topic, technical term, proper name, abbreviation or metadata"
multiplanar,False,"Topic, technical term, proper name, abbreviation or metadata"
multiple,True,General academic wording
multiplex,False,"Topic, technical term, proper name, abbreviation or metadata"
multiplexed,False,"Topic, technical term, proper name, abbreviation or metadata"
multiplexing,False,"Topic, technical term, proper name, abbreviation or metadata"
multiplication,True,General academic wording
multiplicative,True,General academic wording
multiplicity,True,General academic wording
multiplied,True,General academic wording
multiplying,True,General academic wording
multiracial,False,"Topic, technical term, proper name, abbreviation or metadata"
multiscale,False,"Topic, technical term, proper name, abbreviation or metadata"
multisectoral,True,General academic wording
multisensory,False,"Topic, technical term, proper name, abbreviation or metadata"
multisite,True,General academic wording
multispecies,False,"Topic, technical term, proper name, abbreviation or metadata"
multispectral,False,"Topic, technical term, proper name, abbreviation or metadata"
multistate,False,"Topic, technical term, proper name, abbreviation or metadata"
multisystem,True,General academic wording
multitarget,False,"Topic, technical term, proper name, abbreviation or metadata"
multivalent,False,"Topic, technical term, proper name, abbreviation or metadata"
multivariable,False,"Topic, technical term, proper name, abbreviation or metadata"
multivariate,False,"Topic, technical term, proper name, abbreviation or metadata"
multivessel,False,"Topic, technical term, proper name, abbreviation or metadata"
mural,False,"Topic, technical term, proper name, abbreviation or metadata"
muribaculaceae,False,"Topic, technical term, proper name, abbreviation or metadata"
murine,False,"Topic, technical term, proper name, abbreviation or metadata"
muscarinic,False,"Topic, technical term, proper name, abbreviation or metadata"
muscle,False,"Topic, technical term, proper name, abbreviation or metadata"
muscles,False,"Topic, technical term, proper name, abbreviation or metadata"
musculature,False,"Topic, technical term, proper name, abbreviation or metadata"
musculoskeletal,False,"Topic, technical term, proper name, abbreviation or metadata"
museum,False,"Topic, technical term, proper name, abbreviation or metadata"
mushroom,False,"Topic, technical term, proper name, abbreviation or metadata"
mushrooms,False,"Topic, technical term, proper name, abbreviation or metadata"
musical,False,"Topic, technical term, proper name, abbreviation or metadata"
must,True,General academic wording
mutagenesis,False,"Topic, technical term, proper name, abbreviation or metadata"
mutans,False,"Topic, technical term, proper name, abbreviation or metadata"
mutants,False,"Topic, technical term, proper name, abbreviation or metadata"
mutational,False,"Topic, technical term, proper name, abbreviation or metadata"
mutations,False,"Topic, technical term, proper name, abbreviation or metadata"
mva,False,"Topic, technical term, proper name, abbreviation or metadata"
mvd,False,"Topic, technical term, proper name, abbreviation or metadata"
mwa,False,"Topic, technical term, proper name, abbreviation or metadata"
mwcnt,False,"Topic, technical term, proper name, abbreviation or metadata"
mwm,False,"Topic, technical term, proper name, abbreviation or metadata"
mxene,False,"Topic, technical term, proper name, abbreviation or metadata"
mxenes,False,"Topic, technical term, proper name, abbreviation or metadata"
myasthenia,False,"Topic, technical term, proper name, abbreviation or metadata"
myb,False,"Topic, technical term, proper name, abbreviation or metadata"
mycelia,False,"Topic, technical term, proper name, abbreviation or metadata"
mycelial,False,"Topic, technical term, proper name, abbreviation or metadata"
mycelium,False,"Topic, technical term, proper name, abbreviation or metadata"
mycophenolate,False,"Topic, technical term, proper name, abbreviation or metadata"
mycorrhizal,False,"Topic, technical term, proper name, abbreviation or metadata"
mycosis,False,"Topic, technical term, proper name, abbreviation or metadata"
mycotoxin,False,"Topic, technical term, proper name, abbreviation or metadata"
myelination,False,"Topic, technical term, proper name, abbreviation or metadata"
myelitis,False,"Topic, technical term, proper name, abbreviation or metadata"
myelofibrosis,False,"Topic, technical term, proper name, abbreviation or metadata"
myeloid,False,"Topic, technical term, proper name, abbreviation or metadata"
myeloproliferative,False,"Topic, technical term, proper name, abbreviation or metadata"
myelosuppression,False,"Topic, technical term, proper name, abbreviation or metadata"
myoblast,False,"Topic, technical term, proper name, abbreviation or metadata"
myocardial,False,"Topic, technical term, proper name, abbreviation or metadata"
myofascial,False,"Topic, technical term, proper name, abbreviation or metadata"
myofiber,False,"Topic, technical term, proper name, abbreviation or metadata"
myofibrillar,False,"Topic, technical term, proper name, abbreviation or metadata"
myofibroblast,False,"Topic, technical term, proper name, abbreviation or metadata"
myogenesis,False,"Topic, technical term, proper name, abbreviation or metadata"
myogenic,False,"Topic, technical term, proper name, abbreviation or metadata"
myometrial,False,"Topic, technical term, proper name, abbreviation or metadata"
myometrium,False,"Topic, technical term, proper name, abbreviation or metadata"
myopathies,False,"Topic, technical term, proper name, abbreviation or metadata"
myopia,False,"Topic, technical term, proper name, abbreviation or metadata"
myopic,False,"Topic, technical term, proper name, abbreviation or metadata"
myositis,False,"Topic, technical term, proper name, abbreviation or metadata"
myths,True,General academic wording
myxoid,False,"Topic, technical term, proper name, abbreviation or metadata"
naa,False,"Topic, technical term, proper name, abbreviation or metadata"
nab,False,"Topic, technical term, proper name, abbreviation or metadata"
nadh,False,"Topic, technical term, proper name, abbreviation or metadata"
nadu,False,"Topic, technical term, proper name, abbreviation or metadata"
naf,False,"Topic, technical term, proper name, abbreviation or metadata"
nafld,False,"Topic, technical term, proper name, abbreviation or metadata"
nails,False,"Topic, technical term, proper name, abbreviation or metadata"
naltrexone,False,"Topic, technical term, proper name, abbreviation or metadata"
nam,False,"Topic, technical term, proper name, abbreviation or metadata"
namd,False,"Topic, technical term, proper name, abbreviation or metadata"
named,True,General academic wording
namely,True,General academic wording
naming,True,General academic wording
nanjing,False,"Topic, technical term, proper name, abbreviation or metadata"
nano,False,"Topic, technical term, proper name, abbreviation or metadata"
nanobodies,False,"Topic, technical term, proper name, abbreviation or metadata"
nanobody,False,"Topic, technical term, proper name, abbreviation or metadata"
nanocarrier,False,"Topic, technical term, proper name, abbreviation or metadata"
nanocarriers,False,"Topic, technical term, proper name, abbreviation or metadata"
nanocellulose,False,"Topic, technical term, proper name, abbreviation or metadata"
nanocluster,False,"Topic, technical term, proper name, abbreviation or metadata"
nanoclusters,False,"Topic, technical term, proper name, abbreviation or metadata"
nanocrystal,False,"Topic, technical term, proper name, abbreviation or metadata"
nanocrystalline,False,"Topic, technical term, proper name, abbreviation or metadata"
nanoemulsion,False,"Topic, technical term, proper name, abbreviation or metadata"
nanoemulsions,False,"Topic, technical term, proper name, abbreviation or metadata"
nanofluid,False,"Topic, technical term, proper name, abbreviation or metadata"
nanoformulation,False,"Topic, technical term, proper name, abbreviation or metadata"
nanoformulations,False,"Topic, technical term, proper name, abbreviation or metadata"
nanogenerators,False,"Topic, technical term, proper name, abbreviation or metadata"
nanomaterial,False,"Topic, technical term, proper name, abbreviation or metadata"
nanomaterials,False,"Topic, technical term, proper name, abbreviation or metadata"
nanomedicine,False,"Topic, technical term, proper name, abbreviation or metadata"
nanomedicines,False,"Topic, technical term, proper name, abbreviation or metadata"
nanoparticle,False,"Topic, technical term, proper name, abbreviation or metadata"
nanoparticles,False,"Topic, technical term, proper name, abbreviation or metadata"
nanoplastics,False,"Topic, technical term, proper name, abbreviation or metadata"
nanoplatform,False,"Topic, technical term, proper name, abbreviation or metadata"
nanoplatforms,False,"Topic, technical term, proper name, abbreviation or metadata"
nanopore,False,"Topic, technical term, proper name, abbreviation or metadata"
nanoporous,False,"Topic, technical term, proper name, abbreviation or metadata"
nanoprobe,False,"Topic, technical term, proper name, abbreviation or metadata"
nanorod,False,"Topic, technical term, proper name, abbreviation or metadata"
nanoscale,False,"Topic, technical term, proper name, abbreviation or metadata"
nanosecond,False,"Topic, technical term, proper name, abbreviation or metadata"
nanosheet,False,"Topic, technical term, proper name, abbreviation or metadata"
nanospheres,False,"Topic, technical term, proper name, abbreviation or metadata"
nanosystem,False,"Topic, technical term, proper name, abbreviation or metadata"
nanosystems,False,"Topic, technical term, proper name, abbreviation or metadata"
nanotechnology,False,"Topic, technical term, proper name, abbreviation or metadata"
nanotherapeutic,False,"Topic, technical term, proper name, abbreviation or metadata"
nanovesicles,False,"Topic, technical term, proper name, abbreviation or metadata"
nanozyme,False,"Topic, technical term, proper name, abbreviation or metadata"
nanozymes,False,"Topic, technical term, proper name, abbreviation or metadata"
nap,False,"Topic, technical term, proper name, abbreviation or metadata"
napus,False,"Topic, technical term, proper name, abbreviation or metadata"
nar,False,"Topic, technical term, proper name, abbreviation or metadata"
naringenin,False,"Topic, technical term, proper name, abbreviation or metadata"
narrative,True,General academic wording
narratively,True,General academic wording
narratives,True,General academic wording
narrow,True,General academic wording
narrowband,False,"Topic, technical term, proper name, abbreviation or metadata"
narrowed,True,General academic wording
narrower,True,General academic wording
narrowing,True,General academic wording
narrowly,True,General academic wording
narrows,True,General academic wording
nasa,False,"Topic, technical term, proper name, abbreviation or metadata"
nasogastric,False,"Topic, technical term, proper name, abbreviation or metadata"
nat,False,"Topic, technical term, proper name, abbreviation or metadata"
national,True,General academic wording
nationality,False,"Topic, technical term, proper name, abbreviation or metadata"
nationally,True,General academic wording
nationwide,True,General academic wording
native,False,"Topic, technical term, proper name, abbreviation or metadata"
natural,True,General academic wording
naturalistic,True,General academic wording
naturally,True,General academic wording
nature,True,General academic wording
nausea,False,"Topic, technical term, proper name, abbreviation or metadata"
navigate,True,General academic wording
navigated,True,General academic wording
navigating,True,General academic wording
navigation,True,General academic wording
navigator,True,General academic wording
nbs,False,"Topic, technical term, proper name, abbreviation or metadata"
nbsp,False,"Topic, technical term, proper name, abbreviation or metadata"
ncc,False,"Topic, technical term, proper name, abbreviation or metadata"
nccn,False,"Topic, technical term, proper name, abbreviation or metadata"
ncd,False,"Topic, technical term, proper name, abbreviation or metadata"
ncds,False,"Topic, technical term, proper name, abbreviation or metadata"
ncrna,False,"Topic, technical term, proper name, abbreviation or metadata"
nct,False,"Topic, technical term, proper name, abbreviation or metadata"
ndd,False,"Topic, technical term, proper name, abbreviation or metadata"
ndds,False,"Topic, technical term, proper name, abbreviation or metadata"
ndi,False,"Topic, technical term, proper name, abbreviation or metadata"
ndm,False,"Topic, technical term, proper name, abbreviation or metadata"
nds,False,"Topic, technical term, proper name, abbreviation or metadata"
ndvi,False,"Topic, technical term, proper name, abbreviation or metadata"
near,True,General academic wording
nearly,True,General academic wording
neat,True,General academic wording
necessary,True,General academic wording
necessitate,True,General academic wording
necessitated,True,General academic wording
necessitates,True,General academic wording
necessitating,True,General academic wording
necessity,True,General academic wording
neck,False,"Topic, technical term, proper name, abbreviation or metadata"
necroptosis,False,"Topic, technical term, proper name, abbreviation or metadata"
necrotizing,False,"Topic, technical term, proper name, abbreviation or metadata"
nectar,False,"Topic, technical term, proper name, abbreviation or metadata"
need,True,General academic wording
needed,True,General academic wording
needs,True,General academic wording
negated,True,General academic wording
negative,True,General academic wording
negatively,True,General academic wording
negatives,True,General academic wording
neglecting,True,General academic wording
negligible,True,General academic wording
negotiated,True,General academic wording
negotiation,True,General academic wording
neighbors,False,"Topic, technical term, proper name, abbreviation or metadata"
neighbourhood,False,"Topic, technical term, proper name, abbreviation or metadata"
nematic,False,"Topic, technical term, proper name, abbreviation or metadata"
neoadjuvant,False,"Topic, technical term, proper name, abbreviation or metadata"
neoantigen,False,"Topic, technical term, proper name, abbreviation or metadata"
neoantigens,False,"Topic, technical term, proper name, abbreviation or metadata"
neocortical,False,"Topic, technical term, proper name, abbreviation or metadata"
neoformans,False,"Topic, technical term, proper name, abbreviation or metadata"
neonatal,False,"Topic, technical term, proper name, abbreviation or metadata"
neonicotinoid,False,"Topic, technical term, proper name, abbreviation or metadata"
neoplasms,False,"Topic, technical term, proper name, abbreviation or metadata"
neovascular,False,"Topic, technical term, proper name, abbreviation or metadata"
nephrolithiasis,False,"Topic, technical term, proper name, abbreviation or metadata"
nephrolithotomy,False,"Topic, technical term, proper name, abbreviation or metadata"
nephrologists,False,"Topic, technical term, proper name, abbreviation or metadata"
nephrology,False,"Topic, technical term, proper name, abbreviation or metadata"
nephron,False,"Topic, technical term, proper name, abbreviation or metadata"
nephroprotective,False,"Topic, technical term, proper name, abbreviation or metadata"
nephrotoxic,False,"Topic, technical term, proper name, abbreviation or metadata"
nephrotoxicity,False,"Topic, technical term, proper name, abbreviation or metadata"
neprilysin,False,"Topic, technical term, proper name, abbreviation or metadata"
ner,False,"Topic, technical term, proper name, abbreviation or metadata"
nerve,False,"Topic, technical term, proper name, abbreviation or metadata"
nervous,False,"Topic, technical term, proper name, abbreviation or metadata"
nested,True,General academic wording
nesting,False,"Topic, technical term, proper name, abbreviation or metadata"
nests,False,"Topic, technical term, proper name, abbreviation or metadata"
net,False,"Topic, technical term, proper name, abbreviation or metadata"
netosis,False,"Topic, technical term, proper name, abbreviation or metadata"
network,False,"Topic, technical term, proper name, abbreviation or metadata"
network's,False,"Topic, technical term, proper name, abbreviation or metadata"
networked,False,"Topic, technical term, proper name, abbreviation or metadata"
networks,False,"Topic, technical term, proper name, abbreviation or metadata"
neu,False,"Topic, technical term, proper name, abbreviation or metadata"
neural,False,"Topic, technical term, proper name, abbreviation or metadata"
neuralgia,False,"Topic, technical term, proper name, abbreviation or metadata"
neuraminidase,False,"Topic, technical term, proper name, abbreviation or metadata"
neuraxial,False,"Topic, technical term, proper name, abbreviation or metadata"
neurite,False,"Topic, technical term, proper name, abbreviation or metadata"
neuritis,False,"Topic, technical term, proper name, abbreviation or metadata"
neuroactive,False,"Topic, technical term, proper name, abbreviation or metadata"
neuroanatomical,False,"Topic, technical term, proper name, abbreviation or metadata"
neurobehavioral,False,"Topic, technical term, proper name, abbreviation or metadata"
neurobiological,False,"Topic, technical term, proper name, abbreviation or metadata"
neurobiology,False,"Topic, technical term, proper name, abbreviation or metadata"
neurochemical,False,"Topic, technical term, proper name, abbreviation or metadata"
neurodegeneration,False,"Topic, technical term, proper name, abbreviation or metadata"
neurodegenerative,False,"Topic, technical term, proper name, abbreviation or metadata"
neurodevelopment,False,"Topic, technical term, proper name, abbreviation or metadata"
neurodevelopmental,False,"Topic, technical term, proper name, abbreviation or metadata"
neuroendocrine,False,"Topic, technical term, proper name, abbreviation or metadata"
neurofibrillary,False,"Topic, technical term, proper name, abbreviation or metadata"
neurofilament,False,"Topic, technical term, proper name, abbreviation or metadata"
neuroimaging,False,"Topic, technical term, proper name, abbreviation or metadata"
neuroimmune,False,"Topic, technical term, proper name, abbreviation or metadata"
neuroinflammation,False,"Topic, technical term, proper name, abbreviation or metadata"
neuroinflammatory,False,"Topic, technical term, proper name, abbreviation or metadata"
neurological,False,"Topic, technical term, proper name, abbreviation or metadata"
neurologically,False,"Topic, technical term, proper name, abbreviation or metadata"
neuromodulation,False,"Topic, technical term, proper name, abbreviation or metadata"
neuromodulatory,False,"Topic, technical term, proper name, abbreviation or metadata"
neuromonitoring,False,"Topic, technical term, proper name, abbreviation or metadata"
neuromorphic,False,"Topic, technical term, proper name, abbreviation or metadata"
neuromuscular,False,"Topic, technical term, proper name, abbreviation or metadata"
neuromyelitis,False,"Topic, technical term, proper name, abbreviation or metadata"
neuron,False,"Topic, technical term, proper name, abbreviation or metadata"
neuronal,False,"Topic, technical term, proper name, abbreviation or metadata"
neurons,False,"Topic, technical term, proper name, abbreviation or metadata"
neuropathy,False,"Topic, technical term, proper name, abbreviation or metadata"
neuropeptides,False,"Topic, technical term, proper name, abbreviation or metadata"
neurophysiological,False,"Topic, technical term, proper name, abbreviation or metadata"
neurophysiology,False,"Topic, technical term, proper name, abbreviation or metadata"
neuroplastic,False,"Topic, technical term, proper name, abbreviation or metadata"
neuroplasticity,False,"Topic, technical term, proper name, abbreviation or metadata"
neuroprotection,False,"Topic, technical term, proper name, abbreviation or metadata"
neuroprotective,False,"Topic, technical term, proper name, abbreviation or metadata"
neuropsychiatric,False,"Topic, technical term, proper name, abbreviation or metadata"
neuroradiologists,False,"Topic, technical term, proper name, abbreviation or metadata"
neurorehabilitation,False,"Topic, technical term, proper name, abbreviation or metadata"
neuroscience,False,"Topic, technical term, proper name, abbreviation or metadata"
neurostimulation,False,"Topic, technical term, proper name, abbreviation or metadata"
neurotoxicity,False,"Topic, technical term, proper name, abbreviation or metadata"
neurotransmitter,False,"Topic, technical term, proper name, abbreviation or metadata"
neurotropic,False,"Topic, technical term, proper name, abbreviation or metadata"
neurotypical,False,"Topic, technical term, proper name, abbreviation or metadata"
neurovascular,False,"Topic, technical term, proper name, abbreviation or metadata"
neutral,True,General academic wording
neutralising,False,"Topic, technical term, proper name, abbreviation or metadata"
neutrality,True,General academic wording
neutrophil,False,"Topic, technical term, proper name, abbreviation or metadata"
neutrophilic,False,"Topic, technical term, proper name, abbreviation or metadata"
nevertheless,True,General academic wording
new,True,General academic wording
newcastle,False,"Topic, technical term, proper name, abbreviation or metadata"
next,True,General academic wording
nexus,True,General academic wording
nfl,False,"Topic, technical term, proper name, abbreviation or metadata"
nfs,False,"Topic, technical term, proper name, abbreviation or metadata"
ngal,False,"Topic, technical term, proper name, abbreviation or metadata"
ngf,False,"Topic, technical term, proper name, abbreviation or metadata"
nhanes,False,"Topic, technical term, proper name, abbreviation or metadata"
nhc,False,"Topic, technical term, proper name, abbreviation or metadata"
nhp,False,"Topic, technical term, proper name, abbreviation or metadata"
nic,False,"Topic, technical term, proper name, abbreviation or metadata"
niche,False,"Topic, technical term, proper name, abbreviation or metadata"
niches,True,General academic wording
nickel,False,"Topic, technical term, proper name, abbreviation or metadata"
nicus,False,"Topic, technical term, proper name, abbreviation or metadata"
nife,False,"Topic, technical term, proper name, abbreviation or metadata"
nighttime,False,"Topic, technical term, proper name, abbreviation or metadata"
nihr,False,"Topic, technical term, proper name, abbreviation or metadata"
nile,False,"Topic, technical term, proper name, abbreviation or metadata"
niloticus,False,"Topic, technical term, proper name, abbreviation or metadata"
nine,False,"Topic, technical term, proper name, abbreviation or metadata"
nio,False,"Topic, technical term, proper name, abbreviation or metadata"
niobate,False,"Topic, technical term, proper name, abbreviation or metadata"
nipple,False,"Topic, technical term, proper name, abbreviation or metadata"
nir,False,"Topic, technical term, proper name, abbreviation or metadata"
nis,False,"Topic, technical term, proper name, abbreviation or metadata"
nissl,False,"Topic, technical term, proper name, abbreviation or metadata"
nitrile,False,"Topic, technical term, proper name, abbreviation or metadata"
nitrogen,False,"Topic, technical term, proper name, abbreviation or metadata"
niv,False,"Topic, technical term, proper name, abbreviation or metadata"
nlo,False,"Topic, technical term, proper name, abbreviation or metadata"
nlp,False,"Topic, technical term, proper name, abbreviation or metadata"
nma,False,"Topic, technical term, proper name, abbreviation or metadata"
nmibc,False,"Topic, technical term, proper name, abbreviation or metadata"
nmosd,False,"Topic, technical term, proper name, abbreviation or metadata"
nmr,False,"Topic, technical term, proper name, abbreviation or metadata"
nms,False,"Topic, technical term, proper name, abbreviation or metadata"
nnu,False,"Topic, technical term, proper name, abbreviation or metadata"
nodal,False,"Topic, technical term, proper name, abbreviation or metadata"
node,True,General academic wording
nodes,True,General academic wording
nodules,False,"Topic, technical term, proper name, abbreviation or metadata"
noise,False,"Topic, technical term, proper name, abbreviation or metadata"
noises,False,"Topic, technical term, proper name, abbreviation or metadata"
nominal,True,General academic wording
nominally,True,General academic wording
nominate,True,General academic wording
nominated,True,General academic wording
nomogram,False,"Topic, technical term, proper name, abbreviation or metadata"
nomograms,False,"Topic, technical term, proper name, abbreviation or metadata"
non,False,"Topic, technical term, proper name, abbreviation or metadata"
nonadherence,False,"Topic, technical term, proper name, abbreviation or metadata"
nonadiabatic,False,"Topic, technical term, proper name, abbreviation or metadata"
nonbinary,False,"Topic, technical term, proper name, abbreviation or metadata"
noncancerous,False,"Topic, technical term, proper name, abbreviation or metadata"
noncanonical,False,"Topic, technical term, proper name, abbreviation or metadata"
noncardiac,False,"Topic, technical term, proper name, abbreviation or metadata"
noncommunicable,False,"Topic, technical term, proper name, abbreviation or metadata"
noncovalent,False,"Topic, technical term, proper name, abbreviation or metadata"
nondestructive,False,"Topic, technical term, proper name, abbreviation or metadata"
nonequilibrium,False,"Topic, technical term, proper name, abbreviation or metadata"
nonetheless,True,General academic wording
noninferior,False,"Topic, technical term, proper name, abbreviation or metadata"
noninferiority,False,"Topic, technical term, proper name, abbreviation or metadata"
noninvasive,False,"Topic, technical term, proper name, abbreviation or metadata"
nonlinear,False,"Topic, technical term, proper name, abbreviation or metadata"
nonlinearities,False,"Topic, technical term, proper name, abbreviation or metadata"
nonlinearity,False,"Topic, technical term, proper name, abbreviation or metadata"
nonlinearly,False,"Topic, technical term, proper name, abbreviation or metadata"
nonlocal,False,"Topic, technical term, proper name, abbreviation or metadata"
nonmetastatic,False,"Topic, technical term, proper name, abbreviation or metadata"
nonparametric,False,"Topic, technical term, proper name, abbreviation or metadata"
nonpharmacological,False,"Topic, technical term, proper name, abbreviation or metadata"
nonpolar,False,"Topic, technical term, proper name, abbreviation or metadata"
nonradiative,False,"Topic, technical term, proper name, abbreviation or metadata"
nonresponders,False,"Topic, technical term, proper name, abbreviation or metadata"
nonsignificant,True,General academic wording
nonspecific,False,"Topic, technical term, proper name, abbreviation or metadata"
nonstructural,False,"Topic, technical term, proper name, abbreviation or metadata"
nonsurgical,False,"Topic, technical term, proper name, abbreviation or metadata"
nonsynonymous,False,"Topic, technical term, proper name, abbreviation or metadata"
nontarget,False,"Topic, technical term, proper name, abbreviation or metadata"
nontargeted,False,"Topic, technical term, proper name, abbreviation or metadata"
nontrivial,True,General academic wording
nontuberculous,False,"Topic, technical term, proper name, abbreviation or metadata"
nonuniform,True,General academic wording
nonunion,False,"Topic, technical term, proper name, abbreviation or metadata"
nonusers,False,"Topic, technical term, proper name, abbreviation or metadata"
nonvolatile,False,"Topic, technical term, proper name, abbreviation or metadata"
norepinephrine,False,"Topic, technical term, proper name, abbreviation or metadata"
normalisation,True,General academic wording
normalised,True,General academic wording
normality,True,General academic wording
normalization,False,"Topic, technical term, proper name, abbreviation or metadata"
normalize,True,General academic wording
normalized,False,"Topic, technical term, proper name, abbreviation or metadata"
normalizing,True,General academic wording
normative,True,General academic wording
normothermic,False,"Topic, technical term, proper name, abbreviation or metadata"
normoxic,False,"Topic, technical term, proper name, abbreviation or metadata"
norms,True,General academic wording
norovirus,False,"Topic, technical term, proper name, abbreviation or metadata"
north,False,"Topic, technical term, proper name, abbreviation or metadata"
northern,False,"Topic, technical term, proper name, abbreviation or metadata"
northwestern,False,"Topic, technical term, proper name, abbreviation or metadata"
nos,False,"Topic, technical term, proper name, abbreviation or metadata"
notable,True,General academic wording
notably,True,General academic wording
noted,True,General academic wording
notes,True,General academic wording
noteworthy,True,General academic wording
notice,True,General academic wording
noticeable,True,General academic wording
noticeably,True,General academic wording
notification,True,General academic wording
notifications,True,General academic wording
noting,True,General academic wording
notorious,True,General academic wording
notoriously,True,General academic wording
nov,False,"Topic, technical term, proper name, abbreviation or metadata"
nova,False,"Topic, technical term, proper name, abbreviation or metadata"
novel,True,General academic wording
november,False,"Topic, technical term, proper name, abbreviation or metadata"
novice,True,General academic wording
novices,True,General academic wording
novo,False,"Topic, technical term, proper name, abbreviation or metadata"
nox,False,"Topic, technical term, proper name, abbreviation or metadata"
nozzle,False,"Topic, technical term, proper name, abbreviation or metadata"
npcs,False,"Topic, technical term, proper name, abbreviation or metadata"
npi,False,"Topic, technical term, proper name, abbreviation or metadata"
nps,False,"Topic, technical term, proper name, abbreviation or metadata"
nras,False,"Topic, technical term, proper name, abbreviation or metadata"
nrem,False,"Topic, technical term, proper name, abbreviation or metadata"
nri,False,"Topic, technical term, proper name, abbreviation or metadata"
nrs,False,"Topic, technical term, proper name, abbreviation or metadata"
nsaid,False,"Topic, technical term, proper name, abbreviation or metadata"
nscs,False,"Topic, technical term, proper name, abbreviation or metadata"
nse,False,"Topic, technical term, proper name, abbreviation or metadata"
nsqip,False,"Topic, technical term, proper name, abbreviation or metadata"
nss,False,"Topic, technical term, proper name, abbreviation or metadata"
nssi,False,"Topic, technical term, proper name, abbreviation or metadata"
nsted,False,"Topic, technical term, proper name, abbreviation or metadata"
nstemi,False,"Topic, technical term, proper name, abbreviation or metadata"
nta,False,"Topic, technical term, proper name, abbreviation or metadata"
ntd,False,"Topic, technical term, proper name, abbreviation or metadata"
ntm,False,"Topic, technical term, proper name, abbreviation or metadata"
nts,False,"Topic, technical term, proper name, abbreviation or metadata"
nuanced,True,General academic wording
nuances,True,General academic wording
nucleases,False,"Topic, technical term, proper name, abbreviation or metadata"
nucleation,False,"Topic, technical term, proper name, abbreviation or metadata"
nucleatum,False,"Topic, technical term, proper name, abbreviation or metadata"
nucleic,False,"Topic, technical term, proper name, abbreviation or metadata"
nucleophiles,False,"Topic, technical term, proper name, abbreviation or metadata"
nucleophilic,False,"Topic, technical term, proper name, abbreviation or metadata"
nucleosides,False,"Topic, technical term, proper name, abbreviation or metadata"
nucleosome,False,"Topic, technical term, proper name, abbreviation or metadata"
nucleus,False,"Topic, technical term, proper name, abbreviation or metadata"
null,True,General academic wording
numerical,True,General academic wording
numerically,False,"Topic, technical term, proper name, abbreviation or metadata"
numerous,True,General academic wording
nurse,False,"Topic, technical term, proper name, abbreviation or metadata"
nursery,False,"Topic, technical term, proper name, abbreviation or metadata"
nurses,False,"Topic, technical term, proper name, abbreviation or metadata"
nursing,False,"Topic, technical term, proper name, abbreviation or metadata"
nurturing,True,General academic wording
nut,False,"Topic, technical term, proper name, abbreviation or metadata"
nutraceutical,False,"Topic, technical term, proper name, abbreviation or metadata"
nutraceuticals,False,"Topic, technical term, proper name, abbreviation or metadata"
nutrient,False,"Topic, technical term, proper name, abbreviation or metadata"
nutrition,False,"Topic, technical term, proper name, abbreviation or metadata"
nutritional,False,"Topic, technical term, proper name, abbreviation or metadata"
nutritionally,False,"Topic, technical term, proper name, abbreviation or metadata"
nutritious,False,"Topic, technical term, proper name, abbreviation or metadata"
nuts,False,"Topic, technical term, proper name, abbreviation or metadata"
nvivo,False,"Topic, technical term, proper name, abbreviation or metadata"
nyha,False,"Topic, technical term, proper name, abbreviation or metadata"
nylon,False,"Topic, technical term, proper name, abbreviation or metadata"
o'malley,False,"Topic, technical term, proper name, abbreviation or metadata"
oab,False,"Topic, technical term, proper name, abbreviation or metadata"
oak,False,"Topic, technical term, proper name, abbreviation or metadata"
oar,False,"Topic, technical term, proper name, abbreviation or metadata"
oars,False,"Topic, technical term, proper name, abbreviation or metadata"
oasis,False,"Topic, technical term, proper name, abbreviation or metadata"
obesity,False,"Topic, technical term, proper name, abbreviation or metadata"
object,True,General academic wording
objectiveto,False,"Topic, technical term, proper name, abbreviation or metadata"
objectivity,True,General academic wording
objects,True,General academic wording
obligation,True,General academic wording
obligations,True,General academic wording
obliteration,False,"Topic, technical term, proper name, abbreviation or metadata"
obs,False,"Topic, technical term, proper name, abbreviation or metadata"
obscure,True,General academic wording
obscured,True,General academic wording
obscures,True,General academic wording
obscuring,True,General academic wording
observable,True,General academic wording
observables,True,General academic wording
observational,False,"Topic, technical term, proper name, abbreviation or metadata"
observations,True,General academic wording
observatory,False,"Topic, technical term, proper name, abbreviation or metadata"
observe,True,General academic wording
observed,True,General academic wording
obstacles,True,General academic wording
obstetric,False,"Topic, technical term, proper name, abbreviation or metadata"
obstetrical,False,"Topic, technical term, proper name, abbreviation or metadata"
obstructed,True,General academic wording
obstructing,True,General academic wording
obstruction,False,"Topic, technical term, proper name, abbreviation or metadata"
obstructions,True,General academic wording
obstructive,False,"Topic, technical term, proper name, abbreviation or metadata"
obtain,True,General academic wording
obtainable,True,General academic wording
obtained,True,General academic wording
obtaining,True,General academic wording
obtains,True,General academic wording
obvious,True,General academic wording
occludens,False,"Topic, technical term, proper name, abbreviation or metadata"
occludin,False,"Topic, technical term, proper name, abbreviation or metadata"
occlusion,False,"Topic, technical term, proper name, abbreviation or metadata"
occlusions,False,"Topic, technical term, proper name, abbreviation or metadata"
occult,False,"Topic, technical term, proper name, abbreviation or metadata"
occupancy,True,General academic wording
occupational,False,"Topic, technical term, proper name, abbreviation or metadata"
occupations,False,"Topic, technical term, proper name, abbreviation or metadata"
occupies,True,General academic wording
occupy,True,General academic wording
occupying,True,General academic wording
occurred,True,General academic wording
occurrence,True,General academic wording
occurrences,True,General academic wording
occurring,True,General academic wording
oceania,False,"Topic, technical term, proper name, abbreviation or metadata"
oceanic,False,"Topic, technical term, proper name, abbreviation or metadata"
ocn,False,"Topic, technical term, proper name, abbreviation or metadata"
ocr,False,"Topic, technical term, proper name, abbreviation or metadata"
ocs,False,"Topic, technical term, proper name, abbreviation or metadata"
octa,False,"Topic, technical term, proper name, abbreviation or metadata"
october,False,"Topic, technical term, proper name, abbreviation or metadata"
ocular,False,"Topic, technical term, proper name, abbreviation or metadata"
oculomotor,False,"Topic, technical term, proper name, abbreviation or metadata"
odds,False,"Topic, technical term, proper name, abbreviation or metadata"
odi,False,"Topic, technical term, proper name, abbreviation or metadata"
odors,False,"Topic, technical term, proper name, abbreviation or metadata"
oecd,False,"Topic, technical term, proper name, abbreviation or metadata"
oer,False,"Topic, technical term, proper name, abbreviation or metadata"
oes,False,"Topic, technical term, proper name, abbreviation or metadata"
off,False,"Topic, technical term, proper name, abbreviation or metadata"
offending,True,General academic wording
offer,True,General academic wording
offered,True,General academic wording
offering,True,General academic wording
offers,True,General academic wording
officinale,False,"Topic, technical term, proper name, abbreviation or metadata"
offline,True,General academic wording
offs,False,"Topic, technical term, proper name, abbreviation or metadata"
offset,True,General academic wording
offsets,True,General academic wording
offshore,False,"Topic, technical term, proper name, abbreviation or metadata"
oft,True,General academic wording
often,True,General academic wording
ohca,False,"Topic, technical term, proper name, abbreviation or metadata"
ohdg,False,"Topic, technical term, proper name, abbreviation or metadata"
ohio,False,"Topic, technical term, proper name, abbreviation or metadata"
ohip,False,"Topic, technical term, proper name, abbreviation or metadata"
ohmic,False,"Topic, technical term, proper name, abbreviation or metadata"
oil,False,"Topic, technical term, proper name, abbreviation or metadata"
oilseed,False,"Topic, technical term, proper name, abbreviation or metadata"
oily,False,"Topic, technical term, proper name, abbreviation or metadata"
ointment,False,"Topic, technical term, proper name, abbreviation or metadata"
olanzapine,False,"Topic, technical term, proper name, abbreviation or metadata"
olaparib,False,"Topic, technical term, proper name, abbreviation or metadata"
old,False,"Topic, technical term, proper name, abbreviation or metadata"
older,False,"Topic, technical term, proper name, abbreviation or metadata"
oleds,False,"Topic, technical term, proper name, abbreviation or metadata"
olefin,False,"Topic, technical term, proper name, abbreviation or metadata"
olefins,False,"Topic, technical term, proper name, abbreviation or metadata"
oleifera,False,"Topic, technical term, proper name, abbreviation or metadata"
oleracea,False,"Topic, technical term, proper name, abbreviation or metadata"
oligo,False,"Topic, technical term, proper name, abbreviation or metadata"
oligodendrocytes,False,"Topic, technical term, proper name, abbreviation or metadata"
oligomer,False,"Topic, technical term, proper name, abbreviation or metadata"
oligonucleotides,False,"Topic, technical term, proper name, abbreviation or metadata"
oligosaccharide,False,"Topic, technical term, proper name, abbreviation or metadata"
olink,False,"Topic, technical term, proper name, abbreviation or metadata"
ols,False,"Topic, technical term, proper name, abbreviation or metadata"
omalizumab,False,"Topic, technical term, proper name, abbreviation or metadata"
oman,False,"Topic, technical term, proper name, abbreviation or metadata"
ome,False,"Topic, technical term, proper name, abbreviation or metadata"
omental,False,"Topic, technical term, proper name, abbreviation or metadata"
omentum,False,"Topic, technical term, proper name, abbreviation or metadata"
omic,False,"Topic, technical term, proper name, abbreviation or metadata"
omicron,False,"Topic, technical term, proper name, abbreviation or metadata"
omics,False,"Topic, technical term, proper name, abbreviation or metadata"
omim,False,"Topic, technical term, proper name, abbreviation or metadata"
omission,True,General academic wording
omitting,True,General academic wording
oncogenesis,False,"Topic, technical term, proper name, abbreviation or metadata"
oncogenic,False,"Topic, technical term, proper name, abbreviation or metadata"
oncologic,False,"Topic, technical term, proper name, abbreviation or metadata"
oncology,False,"Topic, technical term, proper name, abbreviation or metadata"
oncolytic,False,"Topic, technical term, proper name, abbreviation or metadata"
oncoprotein,False,"Topic, technical term, proper name, abbreviation or metadata"
ones,True,General academic wording
ongoing,True,General academic wording
onion,False,"Topic, technical term, proper name, abbreviation or metadata"
onlinelibrary,False,"Topic, technical term, proper name, abbreviation or metadata"
onset,True,General academic wording
onsite,True,General academic wording
ont,False,"Topic, technical term, proper name, abbreviation or metadata"
onto,True,General academic wording
ontogenetic,False,"Topic, technical term, proper name, abbreviation or metadata"
ontology,False,"Topic, technical term, proper name, abbreviation or metadata"
onward,True,General academic wording
ooh,False,"Topic, technical term, proper name, abbreviation or metadata"
oophorectomy,False,"Topic, technical term, proper name, abbreviation or metadata"
opacity,False,"Topic, technical term, proper name, abbreviation or metadata"
opc,False,"Topic, technical term, proper name, abbreviation or metadata"
opd,False,"Topic, technical term, proper name, abbreviation or metadata"
open,True,General academic wording
opening,True,General academic wording
openly,True,General academic wording
openness,True,General academic wording
opens,True,General academic wording
operando,False,"Topic, technical term, proper name, abbreviation or metadata"
operate,True,General academic wording
operates,True,General academic wording
operating,True,General academic wording
operation,True,General academic wording
operational,True,General academic wording
operationalization,True,General academic wording
operationalize,True,General academic wording
operationalized,True,General academic wording
operationally,True,General academic wording
operations,True,General academic wording
operative,False,"Topic, technical term, proper name, abbreviation or metadata"
operator,True,General academic wording
ophthalmologic,False,"Topic, technical term, proper name, abbreviation or metadata"
ophthalmological,False,"Topic, technical term, proper name, abbreviation or metadata"
ophthalmologists,False,"Topic, technical term, proper name, abbreviation or metadata"
opls,False,"Topic, technical term, proper name, abbreviation or metadata"
opn,False,"Topic, technical term, proper name, abbreviation or metadata"
opportunistic,True,General academic wording
opportunities,True,General academic wording
opposing,True,General academic wording
oppositely,True,General academic wording
opposition,True,General academic wording
oppression,True,General academic wording
opted,True,General academic wording
optica,False,"Topic, technical term, proper name, abbreviation or metadata"
optical,False,"Topic, technical term, proper name, abbreviation or metadata"
optima,True,General academic wording
optimal,True,General academic wording
optimisation,True,General academic wording
optimise,True,General academic wording
optimised,True,General academic wording
optimising,True,General academic wording
optimism,True,General academic wording
optimization,True,General academic wording
optimizations,True,General academic wording
optimize,True,General academic wording
optimized,True,General academic wording
optimizer,True,General academic wording
optimizes,True,General academic wording
optimizing,True,General academic wording
opting,True,General academic wording
option,True,General academic wording
optional,True,General academic wording
options,True,General academic wording
optoelectronic,False,"Topic, technical term, proper name, abbreviation or metadata"
optoelectronics,False,"Topic, technical term, proper name, abbreviation or metadata"
optogenetic,False,"Topic, technical term, proper name, abbreviation or metadata"
optogenetics,False,"Topic, technical term, proper name, abbreviation or metadata"
oral,False,"Topic, technical term, proper name, abbreviation or metadata"
orbit,False,"Topic, technical term, proper name, abbreviation or metadata"
orbital,False,"Topic, technical term, proper name, abbreviation or metadata"
orbitals,False,"Topic, technical term, proper name, abbreviation or metadata"
orbitrap,False,"Topic, technical term, proper name, abbreviation or metadata"
orchard,False,"Topic, technical term, proper name, abbreviation or metadata"
orchards,False,"Topic, technical term, proper name, abbreviation or metadata"
orchestrate,True,General academic wording
orchestrates,True,General academic wording
orchestrating,True,General academic wording
orchestration,True,General academic wording
ordered,True,General academic wording
ordering,True,General academic wording
orderly,True,General academic wording
ordinal,True,General academic wording
ore,False,"Topic, technical term, proper name, abbreviation or metadata"
oregon,False,"Topic, technical term, proper name, abbreviation or metadata"
oreochromis,False,"Topic, technical term, proper name, abbreviation or metadata"
orexin,False,"Topic, technical term, proper name, abbreviation or metadata"
orfs,False,"Topic, technical term, proper name, abbreviation or metadata"
org,False,"Topic, technical term, proper name, abbreviation or metadata"
organ,False,"Topic, technical term, proper name, abbreviation or metadata"
organelle,False,"Topic, technical term, proper name, abbreviation or metadata"
organic,False,"Topic, technical term, proper name, abbreviation or metadata"
organisation,True,General academic wording
organisational,True,General academic wording
organised,True,General academic wording
organism's,False,"Topic, technical term, proper name, abbreviation or metadata"
organismal,False,"Topic, technical term, proper name, abbreviation or metadata"
organisms,False,"Topic, technical term, proper name, abbreviation or metadata"
organization,True,General academic wording
organization's,True,General academic wording
organizational,True,General academic wording
organizations,True,General academic wording
organize,True,General academic wording
organized,True,General academic wording
organizes,True,General academic wording
organogenesis,False,"Topic, technical term, proper name, abbreviation or metadata"
organoid,False,"Topic, technical term, proper name, abbreviation or metadata"
organoids,False,"Topic, technical term, proper name, abbreviation or metadata"
organoleptic,False,"Topic, technical term, proper name, abbreviation or metadata"
organophosphate,False,"Topic, technical term, proper name, abbreviation or metadata"
organophosphorus,False,"Topic, technical term, proper name, abbreviation or metadata"
organs,False,"Topic, technical term, proper name, abbreviation or metadata"
ori,False,"Topic, technical term, proper name, abbreviation or metadata"
oriental,False,"Topic, technical term, proper name, abbreviation or metadata"
orientation,True,General academic wording
oriented,True,General academic wording
orienting,True,General academic wording
orif,False,"Topic, technical term, proper name, abbreviation or metadata"
orifice,False,"Topic, technical term, proper name, abbreviation or metadata"
origami,False,"Topic, technical term, proper name, abbreviation or metadata"
original,True,General academic wording
originality,True,General academic wording
originates,True,General academic wording
originating,True,General academic wording
origins,True,General academic wording
ornamental,False,"Topic, technical term, proper name, abbreviation or metadata"
ornithine,False,"Topic, technical term, proper name, abbreviation or metadata"
orofacial,False,"Topic, technical term, proper name, abbreviation or metadata"
orr,False,"Topic, technical term, proper name, abbreviation or metadata"
ors,False,"Topic, technical term, proper name, abbreviation or metadata"
orthodontics,False,"Topic, technical term, proper name, abbreviation or metadata"
orthognathic,False,"Topic, technical term, proper name, abbreviation or metadata"
orthogonal,False,"Topic, technical term, proper name, abbreviation or metadata"
ortholog,False,"Topic, technical term, proper name, abbreviation or metadata"
orthopaedics,False,"Topic, technical term, proper name, abbreviation or metadata"
orthopedic,False,"Topic, technical term, proper name, abbreviation or metadata"
orthorhombic,False,"Topic, technical term, proper name, abbreviation or metadata"
orthostatic,False,"Topic, technical term, proper name, abbreviation or metadata"
oryza,False,"Topic, technical term, proper name, abbreviation or metadata"
oryzae,False,"Topic, technical term, proper name, abbreviation or metadata"
osa,False,"Topic, technical term, proper name, abbreviation or metadata"
oscillator,False,"Topic, technical term, proper name, abbreviation or metadata"
oscillators,False,"Topic, technical term, proper name, abbreviation or metadata"
oscs,False,"Topic, technical term, proper name, abbreviation or metadata"
osdi,False,"Topic, technical term, proper name, abbreviation or metadata"
osf,False,"Topic, technical term, proper name, abbreviation or metadata"
osi,False,"Topic, technical term, proper name, abbreviation or metadata"
osimertinib,False,"Topic, technical term, proper name, abbreviation or metadata"
osmolality,False,"Topic, technical term, proper name, abbreviation or metadata"
osmotic,False,"Topic, technical term, proper name, abbreviation or metadata"
osseous,False,"Topic, technical term, proper name, abbreviation or metadata"
osteoarthritic,False,"Topic, technical term, proper name, abbreviation or metadata"
osteoarthritis,False,"Topic, technical term, proper name, abbreviation or metadata"
osteochondral,False,"Topic, technical term, proper name, abbreviation or metadata"
osteolysis,False,"Topic, technical term, proper name, abbreviation or metadata"
osteolytic,False,"Topic, technical term, proper name, abbreviation or metadata"
osteopathic,False,"Topic, technical term, proper name, abbreviation or metadata"
osteopenia,False,"Topic, technical term, proper name, abbreviation or metadata"
osteoporosis,False,"Topic, technical term, proper name, abbreviation or metadata"
osteotomies,False,"Topic, technical term, proper name, abbreviation or metadata"
ota,False,"Topic, technical term, proper name, abbreviation or metadata"
otc,False,"Topic, technical term, proper name, abbreviation or metadata"
otolaryngologists,False,"Topic, technical term, proper name, abbreviation or metadata"
otolaryngology,False,"Topic, technical term, proper name, abbreviation or metadata"
ottawa,False,"Topic, technical term, proper name, abbreviation or metadata"
out,True,General academic wording
outcomes,True,General academic wording
outdated,True,General academic wording
outer,True,General academic wording
outermost,True,General academic wording
outlets,True,General academic wording
outlier,True,General academic wording
outliers,True,General academic wording
outline,True,General academic wording
outlined,True,General academic wording
outlines,True,General academic wording
outlining,True,General academic wording
outperform,True,General academic wording
outperformed,True,General academic wording
outperforming,True,General academic wording
outperforms,True,General academic wording
output,True,General academic wording
outputs,True,General academic wording
outreach,True,General academic wording
outstanding,True,General academic wording
outward,True,General academic wording
ovale,False,"Topic, technical term, proper name, abbreviation or metadata"
ovarian,False,"Topic, technical term, proper name, abbreviation or metadata"
ovariectomy,False,"Topic, technical term, proper name, abbreviation or metadata"
oven,False,"Topic, technical term, proper name, abbreviation or metadata"
over,True,General academic wording
overactivation,False,"Topic, technical term, proper name, abbreviation or metadata"
overactive,False,"Topic, technical term, proper name, abbreviation or metadata"
overall,True,General academic wording
overcame,True,General academic wording
overcome,True,General academic wording
overcomes,True,General academic wording
overcoming,True,General academic wording
overcrowding,False,"Topic, technical term, proper name, abbreviation or metadata"
overdiagnosis,False,"Topic, technical term, proper name, abbreviation or metadata"
overdoses,False,"Topic, technical term, proper name, abbreviation or metadata"
overestimate,True,General academic wording
overestimation,True,General academic wording
overexpression,False,"Topic, technical term, proper name, abbreviation or metadata"
overfitting,True,General academic wording
overhead,True,General academic wording
overlap,True,General academic wording
overlapping,True,General academic wording
overlaps,True,General academic wording
overlay,True,General academic wording
overload,True,General academic wording
overlook,True,General academic wording
overlooked,True,General academic wording
overlooking,True,General academic wording
overlooks,True,General academic wording
overly,True,General academic wording
overpotential,False,"Topic, technical term, proper name, abbreviation or metadata"
overpotentials,False,"Topic, technical term, proper name, abbreviation or metadata"
overreliance,True,General academic wording
oversampling,False,"Topic, technical term, proper name, abbreviation or metadata"
oversight,True,General academic wording
overt,True,General academic wording
overtreatment,False,"Topic, technical term, proper name, abbreviation or metadata"
overview,True,General academic wording
oviposition,False,"Topic, technical term, proper name, abbreviation or metadata"
ovulatory,False,"Topic, technical term, proper name, abbreviation or metadata"
owing,True,General academic wording
owner,False,"Topic, technical term, proper name, abbreviation or metadata"
oxa,False,"Topic, technical term, proper name, abbreviation or metadata"
oxalate,False,"Topic, technical term, proper name, abbreviation or metadata"
oxalic,False,"Topic, technical term, proper name, abbreviation or metadata"
oxidation,False,"Topic, technical term, proper name, abbreviation or metadata"
oxidative,False,"Topic, technical term, proper name, abbreviation or metadata"
oxide,False,"Topic, technical term, proper name, abbreviation or metadata"
oxidize,False,"Topic, technical term, proper name, abbreviation or metadata"
oxime,False,"Topic, technical term, proper name, abbreviation or metadata"
oximetry,False,"Topic, technical term, proper name, abbreviation or metadata"
oxphos,False,"Topic, technical term, proper name, abbreviation or metadata"
oxy,False,"Topic, technical term, proper name, abbreviation or metadata"
oxygen,False,"Topic, technical term, proper name, abbreviation or metadata"
oxygenated,False,"Topic, technical term, proper name, abbreviation or metadata"
oxysporum,False,"Topic, technical term, proper name, abbreviation or metadata"
oysters,False,"Topic, technical term, proper name, abbreviation or metadata"
paa,False,"Topic, technical term, proper name, abbreviation or metadata"
pacbio,False,"Topic, technical term, proper name, abbreviation or metadata"
pacemakers,False,"Topic, technical term, proper name, abbreviation or metadata"
pacing,False,"Topic, technical term, proper name, abbreviation or metadata"
package,True,General academic wording
packaging,True,General academic wording
packet,True,General academic wording
packing,True,General academic wording
pacs,False,"Topic, technical term, proper name, abbreviation or metadata"
pacu,False,"Topic, technical term, proper name, abbreviation or metadata"
paddy,False,"Topic, technical term, proper name, abbreviation or metadata"
pads,False,"Topic, technical term, proper name, abbreviation or metadata"
pae,False,"Topic, technical term, proper name, abbreviation or metadata"
paediatric,False,"Topic, technical term, proper name, abbreviation or metadata"
paf,False,"Topic, technical term, proper name, abbreviation or metadata"
paid,False,"Topic, technical term, proper name, abbreviation or metadata"
pain,False,"Topic, technical term, proper name, abbreviation or metadata"
painless,False,"Topic, technical term, proper name, abbreviation or metadata"
paint,False,"Topic, technical term, proper name, abbreviation or metadata"
painting,False,"Topic, technical term, proper name, abbreviation or metadata"
paired,False,"Topic, technical term, proper name, abbreviation or metadata"
pairing,True,General academic wording
pairs,True,General academic wording
pairwise,False,"Topic, technical term, proper name, abbreviation or metadata"
pakistani,False,"Topic, technical term, proper name, abbreviation or metadata"
pal,False,"Topic, technical term, proper name, abbreviation or metadata"
palatability,False,"Topic, technical term, proper name, abbreviation or metadata"
palatal,False,"Topic, technical term, proper name, abbreviation or metadata"
palbociclib,False,"Topic, technical term, proper name, abbreviation or metadata"
pale,False,"Topic, technical term, proper name, abbreviation or metadata"
palestine,False,"Topic, technical term, proper name, abbreviation or metadata"
palestinian,False,"Topic, technical term, proper name, abbreviation or metadata"
palindromic,False,"Topic, technical term, proper name, abbreviation or metadata"
palladium,False,"Topic, technical term, proper name, abbreviation or metadata"
pallidum,False,"Topic, technical term, proper name, abbreviation or metadata"
palmitic,False,"Topic, technical term, proper name, abbreviation or metadata"
palmitoyl,False,"Topic, technical term, proper name, abbreviation or metadata"
palmitoylation,False,"Topic, technical term, proper name, abbreviation or metadata"
palpable,True,General academic wording
palpitations,False,"Topic, technical term, proper name, abbreviation or metadata"
pam,False,"Topic, technical term, proper name, abbreviation or metadata"
pan,False,"Topic, technical term, proper name, abbreviation or metadata"
panax,False,"Topic, technical term, proper name, abbreviation or metadata"
pancreatic,False,"Topic, technical term, proper name, abbreviation or metadata"
pancreaticoduodenectomy,False,"Topic, technical term, proper name, abbreviation or metadata"
pancreatitis,False,"Topic, technical term, proper name, abbreviation or metadata"
pancytopenia,False,"Topic, technical term, proper name, abbreviation or metadata"
pandemic's,False,"Topic, technical term, proper name, abbreviation or metadata"
panel,True,General academic wording
panelists,True,General academic wording
panels,True,General academic wording
pangenome,False,"Topic, technical term, proper name, abbreviation or metadata"
pani,False,"Topic, technical term, proper name, abbreviation or metadata"
panoramic,True,General academic wording
panss,False,"Topic, technical term, proper name, abbreviation or metadata"
paper,True,General academic wording
papilla,False,"Topic, technical term, proper name, abbreviation or metadata"
papillae,False,"Topic, technical term, proper name, abbreviation or metadata"
papules,False,"Topic, technical term, proper name, abbreviation or metadata"
parabacteroides,False,"Topic, technical term, proper name, abbreviation or metadata"
parabolic,False,"Topic, technical term, proper name, abbreviation or metadata"
paracasei,False,"Topic, technical term, proper name, abbreviation or metadata"
paradigm,True,General academic wording
paradigmatic,True,General academic wording
paradigms,True,General academic wording
paradox,True,General academic wording
paradoxical,True,General academic wording
paradoxically,True,General academic wording
paraganglioma,False,"Topic, technical term, proper name, abbreviation or metadata"
parahaemolyticus,False,"Topic, technical term, proper name, abbreviation or metadata"
parallel,True,General academic wording
paralleling,True,General academic wording
parallels,True,General academic wording
paralog,False,"Topic, technical term, proper name, abbreviation or metadata"
paralogs,False,"Topic, technical term, proper name, abbreviation or metadata"
parameter,False,"Topic, technical term, proper name, abbreviation or metadata"
parameterization,False,"Topic, technical term, proper name, abbreviation or metadata"
parameterized,False,"Topic, technical term, proper name, abbreviation or metadata"
parameters,True,General academic wording
parametric,False,"Topic, technical term, proper name, abbreviation or metadata"
paramount,True,General academic wording
paraneoplastic,False,"Topic, technical term, proper name, abbreviation or metadata"
paraplegia,False,"Topic, technical term, proper name, abbreviation or metadata"
parasite's,False,"Topic, technical term, proper name, abbreviation or metadata"
parasitic,False,"Topic, technical term, proper name, abbreviation or metadata"
parasitoid,False,"Topic, technical term, proper name, abbreviation or metadata"
parasitological,False,"Topic, technical term, proper name, abbreviation or metadata"
paraspinal,False,"Topic, technical term, proper name, abbreviation or metadata"
parasympathetic,False,"Topic, technical term, proper name, abbreviation or metadata"
parathyroidectomy,False,"Topic, technical term, proper name, abbreviation or metadata"
paravalvular,False,"Topic, technical term, proper name, abbreviation or metadata"
paraventricular,False,"Topic, technical term, proper name, abbreviation or metadata"
paravertebral,False,"Topic, technical term, proper name, abbreviation or metadata"
parental,False,"Topic, technical term, proper name, abbreviation or metadata"
parenthood,False,"Topic, technical term, proper name, abbreviation or metadata"
paresis,False,"Topic, technical term, proper name, abbreviation or metadata"
pareto,False,"Topic, technical term, proper name, abbreviation or metadata"
paris,False,"Topic, technical term, proper name, abbreviation or metadata"
parkin,False,"Topic, technical term, proper name, abbreviation or metadata"
parkinson's,False,"Topic, technical term, proper name, abbreviation or metadata"
parkinsonian,False,"Topic, technical term, proper name, abbreviation or metadata"
parkinsonism,False,"Topic, technical term, proper name, abbreviation or metadata"
parks,False,"Topic, technical term, proper name, abbreviation or metadata"
parpi,False,"Topic, technical term, proper name, abbreviation or metadata"
parsimonious,True,General academic wording
partial,True,General academic wording
partially,True,General academic wording
participant,False,"Topic, technical term, proper name, abbreviation or metadata"
participants,False,"Topic, technical term, proper name, abbreviation or metadata"
participation,False,"Topic, technical term, proper name, abbreviation or metadata"
participatory,True,General academic wording
particle,False,"Topic, technical term, proper name, abbreviation or metadata"
particles,False,"Topic, technical term, proper name, abbreviation or metadata"
particularly,True,General academic wording
parties,True,General academic wording
partitioned,True,General academic wording
partitioning,False,"Topic, technical term, proper name, abbreviation or metadata"
partitions,True,General academic wording
partner's,False,"Topic, technical term, proper name, abbreviation or metadata"
partnered,True,General academic wording
partnerships,True,General academic wording
parts,True,General academic wording
partum,False,"Topic, technical term, proper name, abbreviation or metadata"
parvalbumin,False,"Topic, technical term, proper name, abbreviation or metadata"
pasi,False,"Topic, technical term, proper name, abbreviation or metadata"
passion,True,General academic wording
passivation,False,"Topic, technical term, proper name, abbreviation or metadata"
passive,True,General academic wording
past,True,General academic wording
paste,False,"Topic, technical term, proper name, abbreviation or metadata"
pasting,False,"Topic, technical term, proper name, abbreviation or metadata"
pat,False,"Topic, technical term, proper name, abbreviation or metadata"
patella,False,"Topic, technical term, proper name, abbreviation or metadata"
patellofemoral,False,"Topic, technical term, proper name, abbreviation or metadata"
patents,False,"Topic, technical term, proper name, abbreviation or metadata"
path,True,General academic wording
pathogen,False,"Topic, technical term, proper name, abbreviation or metadata"
pathogenesis,False,"Topic, technical term, proper name, abbreviation or metadata"
pathogenic,False,"Topic, technical term, proper name, abbreviation or metadata"
pathogenicity,False,"Topic, technical term, proper name, abbreviation or metadata"
pathogens,False,"Topic, technical term, proper name, abbreviation or metadata"
pathognomonic,False,"Topic, technical term, proper name, abbreviation or metadata"
pathological,False,"Topic, technical term, proper name, abbreviation or metadata"
pathologies,False,"Topic, technical term, proper name, abbreviation or metadata"
pathology,False,"Topic, technical term, proper name, abbreviation or metadata"
pathomechanism,False,"Topic, technical term, proper name, abbreviation or metadata"
pathomechanisms,False,"Topic, technical term, proper name, abbreviation or metadata"
pathophysiological,False,"Topic, technical term, proper name, abbreviation or metadata"
pathophysiology,False,"Topic, technical term, proper name, abbreviation or metadata"
pathway,False,"Topic, technical term, proper name, abbreviation or metadata"
pathways,False,"Topic, technical term, proper name, abbreviation or metadata"
patient,False,"Topic, technical term, proper name, abbreviation or metadata"
patient's,False,"Topic, technical term, proper name, abbreviation or metadata"
pattern,True,General academic wording
patterns,True,General academic wording
pause,True,General academic wording
pave,True,General academic wording
paved,True,General academic wording
pavement,False,"Topic, technical term, proper name, abbreviation or metadata"
paves,True,General academic wording
paving,True,General academic wording
payers,False,"Topic, technical term, proper name, abbreviation or metadata"
payload,False,"Topic, technical term, proper name, abbreviation or metadata"
payloads,False,"Topic, technical term, proper name, abbreviation or metadata"
pba,False,"Topic, technical term, proper name, abbreviation or metadata"
pbc,False,"Topic, technical term, proper name, abbreviation or metadata"
pbm,False,"Topic, technical term, proper name, abbreviation or metadata"
pbpk,False,"Topic, technical term, proper name, abbreviation or metadata"
pbsa,False,"Topic, technical term, proper name, abbreviation or metadata"
pca,False,"Topic, technical term, proper name, abbreviation or metadata"
pcb,False,"Topic, technical term, proper name, abbreviation or metadata"
pcc,False,"Topic, technical term, proper name, abbreviation or metadata"
pcd,False,"Topic, technical term, proper name, abbreviation or metadata"
pce,False,"Topic, technical term, proper name, abbreviation or metadata"
pcgs,False,"Topic, technical term, proper name, abbreviation or metadata"
pcm,False,"Topic, technical term, proper name, abbreviation or metadata"
pcn,False,"Topic, technical term, proper name, abbreviation or metadata"
pcnl,False,"Topic, technical term, proper name, abbreviation or metadata"
pcps,False,"Topic, technical term, proper name, abbreviation or metadata"
pcv,False,"Topic, technical term, proper name, abbreviation or metadata"
pdb,False,"Topic, technical term, proper name, abbreviation or metadata"
pdc,False,"Topic, technical term, proper name, abbreviation or metadata"
pde,False,"Topic, technical term, proper name, abbreviation or metadata"
pdf,False,"Topic, technical term, proper name, abbreviation or metadata"
pdgfr,False,"Topic, technical term, proper name, abbreviation or metadata"
pdi,False,"Topic, technical term, proper name, abbreviation or metadata"
pdl,False,"Topic, technical term, proper name, abbreviation or metadata"
pdms,False,"Topic, technical term, proper name, abbreviation or metadata"
pdo,False,"Topic, technical term, proper name, abbreviation or metadata"
pdos,False,"Topic, technical term, proper name, abbreviation or metadata"
pdr,False,"Topic, technical term, proper name, abbreviation or metadata"
pea,False,"Topic, technical term, proper name, abbreviation or metadata"
peace,False,"Topic, technical term, proper name, abbreviation or metadata"
peach,False,"Topic, technical term, proper name, abbreviation or metadata"
peak,True,General academic wording
peaked,True,General academic wording
peaking,True,General academic wording
peaks,True,General academic wording
peanut,False,"Topic, technical term, proper name, abbreviation or metadata"
pear,False,"Topic, technical term, proper name, abbreviation or metadata"
pearl,False,"Topic, technical term, proper name, abbreviation or metadata"
pearson,False,"Topic, technical term, proper name, abbreviation or metadata"
pec,False,"Topic, technical term, proper name, abbreviation or metadata"
pectin,False,"Topic, technical term, proper name, abbreviation or metadata"
pectoral,False,"Topic, technical term, proper name, abbreviation or metadata"
pectoralis,False,"Topic, technical term, proper name, abbreviation or metadata"
ped,False,"Topic, technical term, proper name, abbreviation or metadata"
pedagogical,False,"Topic, technical term, proper name, abbreviation or metadata"
pedagogy,False,"Topic, technical term, proper name, abbreviation or metadata"
pedestrian,False,"Topic, technical term, proper name, abbreviation or metadata"
pedestrians,False,"Topic, technical term, proper name, abbreviation or metadata"
pediatr,False,"Topic, technical term, proper name, abbreviation or metadata"
pediatric,False,"Topic, technical term, proper name, abbreviation or metadata"
pedicled,False,"Topic, technical term, proper name, abbreviation or metadata"
pedot,False,"Topic, technical term, proper name, abbreviation or metadata"
pedro,False,"Topic, technical term, proper name, abbreviation or metadata"
peek,False,"Topic, technical term, proper name, abbreviation or metadata"
peel,False,"Topic, technical term, proper name, abbreviation or metadata"
peeling,False,"Topic, technical term, proper name, abbreviation or metadata"
peels,False,"Topic, technical term, proper name, abbreviation or metadata"
peer,False,"Topic, technical term, proper name, abbreviation or metadata"
pef,False,"Topic, technical term, proper name, abbreviation or metadata"
peking,False,"Topic, technical term, proper name, abbreviation or metadata"
pelvic,False,"Topic, technical term, proper name, abbreviation or metadata"
pem,False,"Topic, technical term, proper name, abbreviation or metadata"
penalized,True,General academic wording
penalties,True,General academic wording
penalty,True,General academic wording
pencil,False,"Topic, technical term, proper name, abbreviation or metadata"
pendant,False,"Topic, technical term, proper name, abbreviation or metadata"
pending,True,General academic wording
penetrance,False,"Topic, technical term, proper name, abbreviation or metadata"
penetrant,False,"Topic, technical term, proper name, abbreviation or metadata"
penetrate,False,"Topic, technical term, proper name, abbreviation or metadata"
penetration,False,"Topic, technical term, proper name, abbreviation or metadata"
pentacyclic,False,"Topic, technical term, proper name, abbreviation or metadata"
pentose,False,"Topic, technical term, proper name, abbreviation or metadata"
peo,False,"Topic, technical term, proper name, abbreviation or metadata"
people,True,General academic wording
people's,False,"Topic, technical term, proper name, abbreviation or metadata"
pep,False,"Topic, technical term, proper name, abbreviation or metadata"
pepsin,False,"Topic, technical term, proper name, abbreviation or metadata"
peptide,False,"Topic, technical term, proper name, abbreviation or metadata"
peptides,False,"Topic, technical term, proper name, abbreviation or metadata"
per,False,"Topic, technical term, proper name, abbreviation or metadata"
perceived,True,General academic wording
perceiving,True,General academic wording
perception,True,General academic wording
perceptions,True,General academic wording
perceptron,False,"Topic, technical term, proper name, abbreviation or metadata"
perceptual,False,"Topic, technical term, proper name, abbreviation or metadata"
percolation,False,"Topic, technical term, proper name, abbreviation or metadata"
percutaneous,False,"Topic, technical term, proper name, abbreviation or metadata"
perfluoroalkyl,False,"Topic, technical term, proper name, abbreviation or metadata"
perfluorooctane,False,"Topic, technical term, proper name, abbreviation or metadata"
perfluorooctanoic,False,"Topic, technical term, proper name, abbreviation or metadata"
perforated,False,"Topic, technical term, proper name, abbreviation or metadata"
perforations,False,"Topic, technical term, proper name, abbreviation or metadata"
perforator,False,"Topic, technical term, proper name, abbreviation or metadata"
perform,True,General academic wording
performance,True,General academic wording
performances,True,General academic wording
performing,True,General academic wording
performs,True,General academic wording
perfusion,False,"Topic, technical term, proper name, abbreviation or metadata"
peri,False,"Topic, technical term, proper name, abbreviation or metadata"
perianal,False,"Topic, technical term, proper name, abbreviation or metadata"
periapical,False,"Topic, technical term, proper name, abbreviation or metadata"
pericardial,False,"Topic, technical term, proper name, abbreviation or metadata"
pericarditis,False,"Topic, technical term, proper name, abbreviation or metadata"
perimenopausal,False,"Topic, technical term, proper name, abbreviation or metadata"
perimeter,False,"Topic, technical term, proper name, abbreviation or metadata"
perinatal,False,"Topic, technical term, proper name, abbreviation or metadata"
perineural,False,"Topic, technical term, proper name, abbreviation or metadata"
periodicity,False,"Topic, technical term, proper name, abbreviation or metadata"
periodontal,False,"Topic, technical term, proper name, abbreviation or metadata"
periodontitis,False,"Topic, technical term, proper name, abbreviation or metadata"
periods,True,General academic wording
perioperative,False,"Topic, technical term, proper name, abbreviation or metadata"
perioperatively,False,"Topic, technical term, proper name, abbreviation or metadata"
periorbital,False,"Topic, technical term, proper name, abbreviation or metadata"
periosteal,False,"Topic, technical term, proper name, abbreviation or metadata"
peripheral,False,"Topic, technical term, proper name, abbreviation or metadata"
periplasmic,False,"Topic, technical term, proper name, abbreviation or metadata"
periprocedural,False,"Topic, technical term, proper name, abbreviation or metadata"
periprosthetic,False,"Topic, technical term, proper name, abbreviation or metadata"
peritumoral,False,"Topic, technical term, proper name, abbreviation or metadata"
perivascular,False,"Topic, technical term, proper name, abbreviation or metadata"
periventricular,False,"Topic, technical term, proper name, abbreviation or metadata"
perk,False,"Topic, technical term, proper name, abbreviation or metadata"
permanent,True,General academic wording
permanova,False,"Topic, technical term, proper name, abbreviation or metadata"
permeability,False,"Topic, technical term, proper name, abbreviation or metadata"
permeabilization,False,"Topic, technical term, proper name, abbreviation or metadata"
permeate,False,"Topic, technical term, proper name, abbreviation or metadata"
permissible,True,General academic wording
permission,True,General academic wording
permissive,True,General academic wording
permitting,True,General academic wording
permittivity,False,"Topic, technical term, proper name, abbreviation or metadata"
permutation,False,"Topic, technical term, proper name, abbreviation or metadata"
peroneal,False,"Topic, technical term, proper name, abbreviation or metadata"
perovskite,False,"Topic, technical term, proper name, abbreviation or metadata"
perovskites,False,"Topic, technical term, proper name, abbreviation or metadata"
peroxidase,False,"Topic, technical term, proper name, abbreviation or metadata"
peroxidation,False,"Topic, technical term, proper name, abbreviation or metadata"
peroxides,False,"Topic, technical term, proper name, abbreviation or metadata"
peroxymonosulfate,False,"Topic, technical term, proper name, abbreviation or metadata"
perpetration,False,"Topic, technical term, proper name, abbreviation or metadata"
perpetrator,False,"Topic, technical term, proper name, abbreviation or metadata"
perpetrators,False,"Topic, technical term, proper name, abbreviation or metadata"
perpetuate,True,General academic wording
perpetuating,True,General academic wording
persian,False,"Topic, technical term, proper name, abbreviation or metadata"
persist,True,General academic wording
persisted,True,General academic wording
persistence,True,General academic wording
persistent,True,General academic wording
persistently,True,General academic wording
persisting,True,General academic wording
persists,True,General academic wording
person,True,General academic wording
person's,False,"Topic, technical term, proper name, abbreviation or metadata"
personalised,True,General academic wording
personalization,True,General academic wording
personalize,True,General academic wording
personalized,False,"Topic, technical term, proper name, abbreviation or metadata"
personalizing,True,General academic wording
personally,True,General academic wording
perspective,True,General academic wording
perspectives,True,General academic wording
persulfate,False,"Topic, technical term, proper name, abbreviation or metadata"
pertains,True,General academic wording
pertinent,True,General academic wording
perturb,True,General academic wording
perturbation,False,"Topic, technical term, proper name, abbreviation or metadata"
perturbations,False,"Topic, technical term, proper name, abbreviation or metadata"
perturbed,True,General academic wording
perturbing,True,General academic wording
perturbs,True,General academic wording
peruvian,False,"Topic, technical term, proper name, abbreviation or metadata"
pervasive,True,General academic wording
pest,False,"Topic, technical term, proper name, abbreviation or metadata"
pet,False,"Topic, technical term, proper name, abbreviation or metadata"
petrochemical,False,"Topic, technical term, proper name, abbreviation or metadata"
pfa,False,"Topic, technical term, proper name, abbreviation or metadata"
pfas,False,"Topic, technical term, proper name, abbreviation or metadata"
pfass,False,"Topic, technical term, proper name, abbreviation or metadata"
pfc,False,"Topic, technical term, proper name, abbreviation or metadata"
pfizer,False,"Topic, technical term, proper name, abbreviation or metadata"
pfo,False,"Topic, technical term, proper name, abbreviation or metadata"
pfoa,False,"Topic, technical term, proper name, abbreviation or metadata"
pfos,False,"Topic, technical term, proper name, abbreviation or metadata"
pfs,False,"Topic, technical term, proper name, abbreviation or metadata"
pft,False,"Topic, technical term, proper name, abbreviation or metadata"
pfu,False,"Topic, technical term, proper name, abbreviation or metadata"
pgs,False,"Topic, technical term, proper name, abbreviation or metadata"
pgt,False,"Topic, technical term, proper name, abbreviation or metadata"
phages,False,"Topic, technical term, proper name, abbreviation or metadata"
pharmaceutical,False,"Topic, technical term, proper name, abbreviation or metadata"
pharmaceutically,False,"Topic, technical term, proper name, abbreviation or metadata"
pharmaceuticals,False,"Topic, technical term, proper name, abbreviation or metadata"
pharmacogenetic,False,"Topic, technical term, proper name, abbreviation or metadata"
pharmacogenomic,False,"Topic, technical term, proper name, abbreviation or metadata"
pharmacogenomics,False,"Topic, technical term, proper name, abbreviation or metadata"
pharmacokinetic,False,"Topic, technical term, proper name, abbreviation or metadata"
pharmacokinetics,False,"Topic, technical term, proper name, abbreviation or metadata"
pharmacologic,False,"Topic, technical term, proper name, abbreviation or metadata"
pharmacological,False,"Topic, technical term, proper name, abbreviation or metadata"
pharmacologically,False,"Topic, technical term, proper name, abbreviation or metadata"
pharmacology,False,"Topic, technical term, proper name, abbreviation or metadata"
pharmacotherapies,False,"Topic, technical term, proper name, abbreviation or metadata"
pharmacovigilance,False,"Topic, technical term, proper name, abbreviation or metadata"
pharmacy,False,"Topic, technical term, proper name, abbreviation or metadata"
phase,False,"Topic, technical term, proper name, abbreviation or metadata"
phased,True,General academic wording
phases,True,General academic wording
phc,False,"Topic, technical term, proper name, abbreviation or metadata"
phd,False,"Topic, technical term, proper name, abbreviation or metadata"
phenanthrene,False,"Topic, technical term, proper name, abbreviation or metadata"
phenanthroline,False,"Topic, technical term, proper name, abbreviation or metadata"
phenolic,False,"Topic, technical term, proper name, abbreviation or metadata"
phenolics,False,"Topic, technical term, proper name, abbreviation or metadata"
phenological,False,"Topic, technical term, proper name, abbreviation or metadata"
phenols,False,"Topic, technical term, proper name, abbreviation or metadata"
phenome,False,"Topic, technical term, proper name, abbreviation or metadata"
phenomenological,False,"Topic, technical term, proper name, abbreviation or metadata"
phenomenology,False,"Topic, technical term, proper name, abbreviation or metadata"
phenomenon,True,General academic wording
phenotype,False,"Topic, technical term, proper name, abbreviation or metadata"
phenotypes,False,"Topic, technical term, proper name, abbreviation or metadata"
phenotypic,False,"Topic, technical term, proper name, abbreviation or metadata"
phenotyping,False,"Topic, technical term, proper name, abbreviation or metadata"
phenylenediamine,False,"Topic, technical term, proper name, abbreviation or metadata"
phenylpropanoid,False,"Topic, technical term, proper name, abbreviation or metadata"
pheochromocytoma,False,"Topic, technical term, proper name, abbreviation or metadata"
pheromone,False,"Topic, technical term, proper name, abbreviation or metadata"
phi,False,"Topic, technical term, proper name, abbreviation or metadata"
philippines,False,"Topic, technical term, proper name, abbreviation or metadata"
philosophical,True,General academic wording
philosophy,True,General academic wording
phloem,False,"Topic, technical term, proper name, abbreviation or metadata"
phonon,False,"Topic, technical term, proper name, abbreviation or metadata"
phonons,False,"Topic, technical term, proper name, abbreviation or metadata"
phosphine,False,"Topic, technical term, proper name, abbreviation or metadata"
phosphor,False,"Topic, technical term, proper name, abbreviation or metadata"
phosphorescence,False,"Topic, technical term, proper name, abbreviation or metadata"
phosphoric,False,"Topic, technical term, proper name, abbreviation or metadata"
phosphors,False,"Topic, technical term, proper name, abbreviation or metadata"
phosphorus,False,"Topic, technical term, proper name, abbreviation or metadata"
phosphorylates,False,"Topic, technical term, proper name, abbreviation or metadata"
phosphorylation,False,"Topic, technical term, proper name, abbreviation or metadata"
photoactive,False,"Topic, technical term, proper name, abbreviation or metadata"
photoaging,False,"Topic, technical term, proper name, abbreviation or metadata"
photobiomodulation,False,"Topic, technical term, proper name, abbreviation or metadata"
photobleaching,False,"Topic, technical term, proper name, abbreviation or metadata"
photocatalysis,False,"Topic, technical term, proper name, abbreviation or metadata"
photocatalyst,False,"Topic, technical term, proper name, abbreviation or metadata"
photocatalysts,False,"Topic, technical term, proper name, abbreviation or metadata"
photocatalytic,False,"Topic, technical term, proper name, abbreviation or metadata"
photochemistry,False,"Topic, technical term, proper name, abbreviation or metadata"
photocoagulation,False,"Topic, technical term, proper name, abbreviation or metadata"
photodegradation,False,"Topic, technical term, proper name, abbreviation or metadata"
photodetection,False,"Topic, technical term, proper name, abbreviation or metadata"
photodetector,False,"Topic, technical term, proper name, abbreviation or metadata"
photodetectors,False,"Topic, technical term, proper name, abbreviation or metadata"
photoelectric,False,"Topic, technical term, proper name, abbreviation or metadata"
photoelectrochemical,False,"Topic, technical term, proper name, abbreviation or metadata"
photoemission,False,"Topic, technical term, proper name, abbreviation or metadata"
photoexcitation,False,"Topic, technical term, proper name, abbreviation or metadata"
photoexcited,False,"Topic, technical term, proper name, abbreviation or metadata"
photogenerated,False,"Topic, technical term, proper name, abbreviation or metadata"
photographic,False,"Topic, technical term, proper name, abbreviation or metadata"
photoinduced,False,"Topic, technical term, proper name, abbreviation or metadata"
photoluminescence,False,"Topic, technical term, proper name, abbreviation or metadata"
photometry,False,"Topic, technical term, proper name, abbreviation or metadata"
photon,False,"Topic, technical term, proper name, abbreviation or metadata"
photonic,False,"Topic, technical term, proper name, abbreviation or metadata"
photonics,False,"Topic, technical term, proper name, abbreviation or metadata"
photoperiod,False,"Topic, technical term, proper name, abbreviation or metadata"
photophobia,False,"Topic, technical term, proper name, abbreviation or metadata"
photophysical,False,"Topic, technical term, proper name, abbreviation or metadata"
photoplethysmography,False,"Topic, technical term, proper name, abbreviation or metadata"
photopolymerization,False,"Topic, technical term, proper name, abbreviation or metadata"
photoprotection,False,"Topic, technical term, proper name, abbreviation or metadata"
photoredox,False,"Topic, technical term, proper name, abbreviation or metadata"
photoreduction,False,"Topic, technical term, proper name, abbreviation or metadata"
photoresponse,False,"Topic, technical term, proper name, abbreviation or metadata"
photos,False,"Topic, technical term, proper name, abbreviation or metadata"
photosensitive,False,"Topic, technical term, proper name, abbreviation or metadata"
photosensitizers,False,"Topic, technical term, proper name, abbreviation or metadata"
photostability,False,"Topic, technical term, proper name, abbreviation or metadata"
photosynthetic,False,"Topic, technical term, proper name, abbreviation or metadata"
photothermal,False,"Topic, technical term, proper name, abbreviation or metadata"
photovoltaic,False,"Topic, technical term, proper name, abbreviation or metadata"
photovoltaics,False,"Topic, technical term, proper name, abbreviation or metadata"
php,False,"Topic, technical term, proper name, abbreviation or metadata"
phq,False,"Topic, technical term, proper name, abbreviation or metadata"
phthalate,False,"Topic, technical term, proper name, abbreviation or metadata"
phthalates,False,"Topic, technical term, proper name, abbreviation or metadata"
phthalocyanine,False,"Topic, technical term, proper name, abbreviation or metadata"
phylogenetics,False,"Topic, technical term, proper name, abbreviation or metadata"
phylogenomic,False,"Topic, technical term, proper name, abbreviation or metadata"
physical,False,"Topic, technical term, proper name, abbreviation or metadata"
physically,False,"Topic, technical term, proper name, abbreviation or metadata"
physicochemical,False,"Topic, technical term, proper name, abbreviation or metadata"
physics,False,"Topic, technical term, proper name, abbreviation or metadata"
physio,False,"Topic, technical term, proper name, abbreviation or metadata"
physiochemical,False,"Topic, technical term, proper name, abbreviation or metadata"
physiological,False,"Topic, technical term, proper name, abbreviation or metadata"
physiologically,False,"Topic, technical term, proper name, abbreviation or metadata"
physiology,False,"Topic, technical term, proper name, abbreviation or metadata"
physiotherapist,False,"Topic, technical term, proper name, abbreviation or metadata"
physisorption,False,"Topic, technical term, proper name, abbreviation or metadata"
phytic,False,"Topic, technical term, proper name, abbreviation or metadata"
phytochemical,False,"Topic, technical term, proper name, abbreviation or metadata"
phytoconstituents,False,"Topic, technical term, proper name, abbreviation or metadata"
phytohormone,False,"Topic, technical term, proper name, abbreviation or metadata"
phytohormones,False,"Topic, technical term, proper name, abbreviation or metadata"
phytopathogenic,False,"Topic, technical term, proper name, abbreviation or metadata"
phytophthora,False,"Topic, technical term, proper name, abbreviation or metadata"
phytotoxicity,False,"Topic, technical term, proper name, abbreviation or metadata"
pic,False,"Topic, technical term, proper name, abbreviation or metadata"
pichia,False,"Topic, technical term, proper name, abbreviation or metadata"
picked,True,General academic wording
pickering,False,"Topic, technical term, proper name, abbreviation or metadata"
pico,False,"Topic, technical term, proper name, abbreviation or metadata"
picos,False,"Topic, technical term, proper name, abbreviation or metadata"
picosecond,False,"Topic, technical term, proper name, abbreviation or metadata"
pid,False,"Topic, technical term, proper name, abbreviation or metadata"
piecewise,True,General academic wording
piezo,False,"Topic, technical term, proper name, abbreviation or metadata"
piezoelectric,False,"Topic, technical term, proper name, abbreviation or metadata"
pigmentary,False,"Topic, technical term, proper name, abbreviation or metadata"
pigmentation,False,"Topic, technical term, proper name, abbreviation or metadata"
pigmentosa,False,"Topic, technical term, proper name, abbreviation or metadata"
pillar,True,General academic wording
pillars,True,General academic wording
pilot,False,"Topic, technical term, proper name, abbreviation or metadata"
piloted,True,General academic wording
pilots,True,General academic wording
pineal,False,"Topic, technical term, proper name, abbreviation or metadata"
pinene,False,"Topic, technical term, proper name, abbreviation or metadata"
pink,False,"Topic, technical term, proper name, abbreviation or metadata"
pinning,False,"Topic, technical term, proper name, abbreviation or metadata"
pinpoint,True,General academic wording
pinpointed,True,General academic wording
pinpointing,True,General academic wording
pinteraction,False,"Topic, technical term, proper name, abbreviation or metadata"
pinus,False,"Topic, technical term, proper name, abbreviation or metadata"
pioneer,True,General academic wording
pioneered,True,General academic wording
pioneering,True,General academic wording
pioneers,True,General academic wording
pip,False,"Topic, technical term, proper name, abbreviation or metadata"
pipe,False,"Topic, technical term, proper name, abbreviation or metadata"
pipeline,False,"Topic, technical term, proper name, abbreviation or metadata"
pipelines,False,"Topic, technical term, proper name, abbreviation or metadata"
piperacillin,False,"Topic, technical term, proper name, abbreviation or metadata"
pis,False,"Topic, technical term, proper name, abbreviation or metadata"
pit,False,"Topic, technical term, proper name, abbreviation or metadata"
pitfall,True,General academic wording
pits,False,"Topic, technical term, proper name, abbreviation or metadata"
piv,False,"Topic, technical term, proper name, abbreviation or metadata"
pivot,True,General academic wording
pivotal,True,General academic wording
pixel,False,"Topic, technical term, proper name, abbreviation or metadata"
pixels,False,"Topic, technical term, proper name, abbreviation or metadata"
pji,False,"Topic, technical term, proper name, abbreviation or metadata"
pka,False,"Topic, technical term, proper name, abbreviation or metadata"
pks,False,"Topic, technical term, proper name, abbreviation or metadata"
placement,False,"Topic, technical term, proper name, abbreviation or metadata"
placements,True,General academic wording
plagued,True,General academic wording
plan,True,General academic wording
plana,False,"Topic, technical term, proper name, abbreviation or metadata"
plane,False,"Topic, technical term, proper name, abbreviation or metadata"
planetary,False,"Topic, technical term, proper name, abbreviation or metadata"
planktonic,False,"Topic, technical term, proper name, abbreviation or metadata"
planners,True,General academic wording
planning,False,"Topic, technical term, proper name, abbreviation or metadata"
plans,True,General academic wording
plant,False,"Topic, technical term, proper name, abbreviation or metadata"
plant's,False,"Topic, technical term, proper name, abbreviation or metadata"
plantarflexion,False,"Topic, technical term, proper name, abbreviation or metadata"
plantarum,False,"Topic, technical term, proper name, abbreviation or metadata"
plantation,False,"Topic, technical term, proper name, abbreviation or metadata"
plantations,False,"Topic, technical term, proper name, abbreviation or metadata"
planted,False,"Topic, technical term, proper name, abbreviation or metadata"
plants,False,"Topic, technical term, proper name, abbreviation or metadata"
planus,False,"Topic, technical term, proper name, abbreviation or metadata"
plaque,False,"Topic, technical term, proper name, abbreviation or metadata"
plasmacytoid,False,"Topic, technical term, proper name, abbreviation or metadata"
plasmapheresis,False,"Topic, technical term, proper name, abbreviation or metadata"
plasmas,False,"Topic, technical term, proper name, abbreviation or metadata"
plastic,False,"Topic, technical term, proper name, abbreviation or metadata"
plasticity,False,"Topic, technical term, proper name, abbreviation or metadata"
plasticizer,False,"Topic, technical term, proper name, abbreviation or metadata"
plasticizers,False,"Topic, technical term, proper name, abbreviation or metadata"
plastics,False,"Topic, technical term, proper name, abbreviation or metadata"
plastid,False,"Topic, technical term, proper name, abbreviation or metadata"
plate,False,"Topic, technical term, proper name, abbreviation or metadata"
plateau,True,General academic wording
plateaued,True,General academic wording
plated,False,"Topic, technical term, proper name, abbreviation or metadata"
platelet,False,"Topic, technical term, proper name, abbreviation or metadata"
platform,False,"Topic, technical term, proper name, abbreviation or metadata"
platform's,False,"Topic, technical term, proper name, abbreviation or metadata"
platforms,False,"Topic, technical term, proper name, abbreviation or metadata"
plating,False,"Topic, technical term, proper name, abbreviation or metadata"
platinum,False,"Topic, technical term, proper name, abbreviation or metadata"
plausibility,True,General academic wording
plausible,True,General academic wording
plausibly,True,General academic wording
play,True,General academic wording
playing,True,General academic wording
plays,True,General academic wording
pleasure,True,General academic wording
pleiotropy,False,"Topic, technical term, proper name, abbreviation or metadata"
plex,False,"Topic, technical term, proper name, abbreviation or metadata"
plexiform,False,"Topic, technical term, proper name, abbreviation or metadata"
plhiv,False,"Topic, technical term, proper name, abbreviation or metadata"
plots,False,"Topic, technical term, proper name, abbreviation or metadata"
plqy,False,"Topic, technical term, proper name, abbreviation or metadata"
plr,False,"Topic, technical term, proper name, abbreviation or metadata"
pls,False,"Topic, technical term, proper name, abbreviation or metadata"
plsr,False,"Topic, technical term, proper name, abbreviation or metadata"
plt,False,"Topic, technical term, proper name, abbreviation or metadata"
plug,False,"Topic, technical term, proper name, abbreviation or metadata"
plugs,False,"Topic, technical term, proper name, abbreviation or metadata"
plume,False,"Topic, technical term, proper name, abbreviation or metadata"
pluronic,False,"Topic, technical term, proper name, abbreviation or metadata"
plus,True,General academic wording
plwh,False,"Topic, technical term, proper name, abbreviation or metadata"
pmf,False,"Topic, technical term, proper name, abbreviation or metadata"
pmi,False,"Topic, technical term, proper name, abbreviation or metadata"
pmma,False,"Topic, technical term, proper name, abbreviation or metadata"
pmn,False,"Topic, technical term, proper name, abbreviation or metadata"
pms,False,"Topic, technical term, proper name, abbreviation or metadata"
pnd,False,"Topic, technical term, proper name, abbreviation or metadata"
pneumatic,False,"Topic, technical term, proper name, abbreviation or metadata"
pneumocystis,False,"Topic, technical term, proper name, abbreviation or metadata"
pneumoniae,False,"Topic, technical term, proper name, abbreviation or metadata"
pni,False,"Topic, technical term, proper name, abbreviation or metadata"
pnp,False,"Topic, technical term, proper name, abbreviation or metadata"
pns,False,"Topic, technical term, proper name, abbreviation or metadata"
poag,False,"Topic, technical term, proper name, abbreviation or metadata"
pocket,False,"Topic, technical term, proper name, abbreviation or metadata"
pockets,False,"Topic, technical term, proper name, abbreviation or metadata"
poct,False,"Topic, technical term, proper name, abbreviation or metadata"
pocus,False,"Topic, technical term, proper name, abbreviation or metadata"
pod,False,"Topic, technical term, proper name, abbreviation or metadata"
podocyte,False,"Topic, technical term, proper name, abbreviation or metadata"
podocytes,False,"Topic, technical term, proper name, abbreviation or metadata"
pods,False,"Topic, technical term, proper name, abbreviation or metadata"
poi,False,"Topic, technical term, proper name, abbreviation or metadata"
point,True,General academic wording
points,True,General academic wording
poised,True,General academic wording
poisson,False,"Topic, technical term, proper name, abbreviation or metadata"
polar,False,"Topic, technical term, proper name, abbreviation or metadata"
polaritons,False,"Topic, technical term, proper name, abbreviation or metadata"
polarity,False,"Topic, technical term, proper name, abbreviation or metadata"
polarizability,False,"Topic, technical term, proper name, abbreviation or metadata"
polarization,False,"Topic, technical term, proper name, abbreviation or metadata"
polarized,False,"Topic, technical term, proper name, abbreviation or metadata"
policies,True,General academic wording
policy,True,General academic wording
policymakers,True,General academic wording
policymaking,False,"Topic, technical term, proper name, abbreviation or metadata"
polishing,False,"Topic, technical term, proper name, abbreviation or metadata"
pollinator,False,"Topic, technical term, proper name, abbreviation or metadata"
pollinators,False,"Topic, technical term, proper name, abbreviation or metadata"
pollutant,False,"Topic, technical term, proper name, abbreviation or metadata"
pollutants,False,"Topic, technical term, proper name, abbreviation or metadata"
polluting,False,"Topic, technical term, proper name, abbreviation or metadata"
pollution,False,"Topic, technical term, proper name, abbreviation or metadata"
poly,False,"Topic, technical term, proper name, abbreviation or metadata"
polyamide,False,"Topic, technical term, proper name, abbreviation or metadata"
polyamine,False,"Topic, technical term, proper name, abbreviation or metadata"
polyamines,False,"Topic, technical term, proper name, abbreviation or metadata"
polyangiitis,False,"Topic, technical term, proper name, abbreviation or metadata"
polyaniline,False,"Topic, technical term, proper name, abbreviation or metadata"
polycaprolactone,False,"Topic, technical term, proper name, abbreviation or metadata"
polycarbonate,False,"Topic, technical term, proper name, abbreviation or metadata"
polycomb,False,"Topic, technical term, proper name, abbreviation or metadata"
polycythemia,False,"Topic, technical term, proper name, abbreviation or metadata"
polydimethylsiloxane,False,"Topic, technical term, proper name, abbreviation or metadata"
polydispersity,False,"Topic, technical term, proper name, abbreviation or metadata"
polydopamine,False,"Topic, technical term, proper name, abbreviation or metadata"
polyelectrolyte,False,"Topic, technical term, proper name, abbreviation or metadata"
polyester,False,"Topic, technical term, proper name, abbreviation or metadata"
polyether,False,"Topic, technical term, proper name, abbreviation or metadata"
polyethylene,False,"Topic, technical term, proper name, abbreviation or metadata"
polyethyleneimine,False,"Topic, technical term, proper name, abbreviation or metadata"
polyfluoroalkyl,False,"Topic, technical term, proper name, abbreviation or metadata"
polygenic,False,"Topic, technical term, proper name, abbreviation or metadata"
polyimide,False,"Topic, technical term, proper name, abbreviation or metadata"
polyketide,False,"Topic, technical term, proper name, abbreviation or metadata"
polylactic,False,"Topic, technical term, proper name, abbreviation or metadata"
polymer,False,"Topic, technical term, proper name, abbreviation or metadata"
polymerases,False,"Topic, technical term, proper name, abbreviation or metadata"
polymeric,False,"Topic, technical term, proper name, abbreviation or metadata"
polymerized,False,"Topic, technical term, proper name, abbreviation or metadata"
polymers,False,"Topic, technical term, proper name, abbreviation or metadata"
polymethyl,False,"Topic, technical term, proper name, abbreviation or metadata"
polymicrobial,False,"Topic, technical term, proper name, abbreviation or metadata"
polymyxin,False,"Topic, technical term, proper name, abbreviation or metadata"
polypeptides,False,"Topic, technical term, proper name, abbreviation or metadata"
polypharmacy,False,"Topic, technical term, proper name, abbreviation or metadata"
polyphenol,False,"Topic, technical term, proper name, abbreviation or metadata"
polyphenolic,False,"Topic, technical term, proper name, abbreviation or metadata"
polyphosphate,False,"Topic, technical term, proper name, abbreviation or metadata"
polyploid,False,"Topic, technical term, proper name, abbreviation or metadata"
polyposis,False,"Topic, technical term, proper name, abbreviation or metadata"
polypyrrole,False,"Topic, technical term, proper name, abbreviation or metadata"
polysaccharide,False,"Topic, technical term, proper name, abbreviation or metadata"
polysaccharides,False,"Topic, technical term, proper name, abbreviation or metadata"
polysulfide,False,"Topic, technical term, proper name, abbreviation or metadata"
polysulfides,False,"Topic, technical term, proper name, abbreviation or metadata"
polytetrafluoroethylene,False,"Topic, technical term, proper name, abbreviation or metadata"
polytrauma,False,"Topic, technical term, proper name, abbreviation or metadata"
polyubiquitination,False,"Topic, technical term, proper name, abbreviation or metadata"
polyvinyl,False,"Topic, technical term, proper name, abbreviation or metadata"
polyvinylidene,False,"Topic, technical term, proper name, abbreviation or metadata"
polyvinylpyrrolidone,False,"Topic, technical term, proper name, abbreviation or metadata"
pom,False,"Topic, technical term, proper name, abbreviation or metadata"
pomace,False,"Topic, technical term, proper name, abbreviation or metadata"
poms,False,"Topic, technical term, proper name, abbreviation or metadata"
pontine,False,"Topic, technical term, proper name, abbreviation or metadata"
ponv,False,"Topic, technical term, proper name, abbreviation or metadata"
pooled,False,"Topic, technical term, proper name, abbreviation or metadata"
pooling,False,"Topic, technical term, proper name, abbreviation or metadata"
poor,True,General academic wording
poorer,True,General academic wording
poorly,True,General academic wording
poplar,False,"Topic, technical term, proper name, abbreviation or metadata"
popliteal,False,"Topic, technical term, proper name, abbreviation or metadata"
pops,False,"Topic, technical term, proper name, abbreviation or metadata"
popular,True,General academic wording
popularity,True,General academic wording
popularization,True,General academic wording
population's,False,"Topic, technical term, proper name, abbreviation or metadata"
populations,False,"Topic, technical term, proper name, abbreviation or metadata"
pore,False,"Topic, technical term, proper name, abbreviation or metadata"
pork,False,"Topic, technical term, proper name, abbreviation or metadata"
porosity,False,"Topic, technical term, proper name, abbreviation or metadata"
porous,False,"Topic, technical term, proper name, abbreviation or metadata"
porphyrin,False,"Topic, technical term, proper name, abbreviation or metadata"
porphyromonas,False,"Topic, technical term, proper name, abbreviation or metadata"
portability,True,General academic wording
portable,True,General academic wording
portals,False,"Topic, technical term, proper name, abbreviation or metadata"
portland,False,"Topic, technical term, proper name, abbreviation or metadata"
portosystemic,False,"Topic, technical term, proper name, abbreviation or metadata"
ports,False,"Topic, technical term, proper name, abbreviation or metadata"
pose,True,General academic wording
posed,True,General academic wording
poses,True,General academic wording
posing,True,General academic wording
posit,True,General academic wording
posited,True,General academic wording
position,True,General academic wording
positional,True,General academic wording
positioned,True,General academic wording
positioning,True,General academic wording
positions,True,General academic wording
positively,True,General academic wording
positives,True,General academic wording
positivity,False,"Topic, technical term, proper name, abbreviation or metadata"
posits,True,General academic wording
possess,True,General academic wording
possesses,True,General academic wording
possession,True,General academic wording
possibilities,True,General academic wording
post,False,"Topic, technical term, proper name, abbreviation or metadata"
postbiotic,False,"Topic, technical term, proper name, abbreviation or metadata"
postbiotics,False,"Topic, technical term, proper name, abbreviation or metadata"
postcentral,False,"Topic, technical term, proper name, abbreviation or metadata"
posterior,True,General academic wording
posteriorly,False,"Topic, technical term, proper name, abbreviation or metadata"
posters,False,"Topic, technical term, proper name, abbreviation or metadata"
postharvest,False,"Topic, technical term, proper name, abbreviation or metadata"
postoperative,False,"Topic, technical term, proper name, abbreviation or metadata"
postoperatively,False,"Topic, technical term, proper name, abbreviation or metadata"
postpartum,False,"Topic, technical term, proper name, abbreviation or metadata"
postprocedural,False,"Topic, technical term, proper name, abbreviation or metadata"
postprocedure,False,"Topic, technical term, proper name, abbreviation or metadata"
postsurgery,False,"Topic, technical term, proper name, abbreviation or metadata"
posttest,False,"Topic, technical term, proper name, abbreviation or metadata"
pot,False,"Topic, technical term, proper name, abbreviation or metadata"
potassium,False,"Topic, technical term, proper name, abbreviation or metadata"
potatoes,False,"Topic, technical term, proper name, abbreviation or metadata"
potency,True,General academic wording
potent,True,General academic wording
potential,True,General academic wording
potentially,True,General academic wording
potentiates,False,"Topic, technical term, proper name, abbreviation or metadata"
potentiating,False,"Topic, technical term, proper name, abbreviation or metadata"
potently,True,General academic wording
pots,False,"Topic, technical term, proper name, abbreviation or metadata"
pouch,False,"Topic, technical term, proper name, abbreviation or metadata"
poultry,False,"Topic, technical term, proper name, abbreviation or metadata"
powder,False,"Topic, technical term, proper name, abbreviation or metadata"
powdered,False,"Topic, technical term, proper name, abbreviation or metadata"
power,True,General academic wording
powered,False,"Topic, technical term, proper name, abbreviation or metadata"
powerful,True,General academic wording
powering,True,General academic wording
powers,True,General academic wording
ppa,False,"Topic, technical term, proper name, abbreviation or metadata"
pparg,False,"Topic, technical term, proper name, abbreviation or metadata"
ppb,False,"Topic, technical term, proper name, abbreviation or metadata"
ppc,False,"Topic, technical term, proper name, abbreviation or metadata"
ppd,False,"Topic, technical term, proper name, abbreviation or metadata"
ppf,False,"Topic, technical term, proper name, abbreviation or metadata"
ppg,False,"Topic, technical term, proper name, abbreviation or metadata"
pph,False,"Topic, technical term, proper name, abbreviation or metadata"
ppi,False,"Topic, technical term, proper name, abbreviation or metadata"
ppis,False,"Topic, technical term, proper name, abbreviation or metadata"
ppm,False,"Topic, technical term, proper name, abbreviation or metadata"
ppo,False,"Topic, technical term, proper name, abbreviation or metadata"
ppp,False,"Topic, technical term, proper name, abbreviation or metadata"
ppt,False,"Topic, technical term, proper name, abbreviation or metadata"
ppy,False,"Topic, technical term, proper name, abbreviation or metadata"
practicability,True,General academic wording
practical,True,General academic wording
practicality,True,General academic wording
practice,True,General academic wording
practices,True,General academic wording
practising,True,General academic wording
practitioners,True,General academic wording
pradesh,False,"Topic, technical term, proper name, abbreviation or metadata"
pragmatic,True,General academic wording
pre,False,"Topic, technical term, proper name, abbreviation or metadata"
prebiotic,False,"Topic, technical term, proper name, abbreviation or metadata"
prebiotics,False,"Topic, technical term, proper name, abbreviation or metadata"
precancerous,False,"Topic, technical term, proper name, abbreviation or metadata"
precede,True,General academic wording
precedes,True,General academic wording
precentral,False,"Topic, technical term, proper name, abbreviation or metadata"
precious,True,General academic wording
precipitate,True,General academic wording
precipitates,True,General academic wording
precipitating,True,General academic wording
precipitation,False,"Topic, technical term, proper name, abbreviation or metadata"
precise,True,General academic wording
precisely,True,General academic wording
precision,True,General academic wording
preclinical,False,"Topic, technical term, proper name, abbreviation or metadata"
preclude,True,General academic wording
precluded,True,General academic wording
precludes,True,General academic wording
precluding,True,General academic wording
precocious,False,"Topic, technical term, proper name, abbreviation or metadata"
preconception,False,"Topic, technical term, proper name, abbreviation or metadata"
precursor,True,General academic wording
precursors,True,General academic wording
predation,False,"Topic, technical term, proper name, abbreviation or metadata"
predator,False,"Topic, technical term, proper name, abbreviation or metadata"
predatory,True,General academic wording
predefined,True,General academic wording
prediabetes,False,"Topic, technical term, proper name, abbreviation or metadata"
predicated,True,General academic wording
predict,True,General academic wording
predictable,True,General academic wording
predicted,False,"Topic, technical term, proper name, abbreviation or metadata"
predicting,True,General academic wording
prediction,True,General academic wording
predictions,False,"Topic, technical term, proper name, abbreviation or metadata"
predictive,False,"Topic, technical term, proper name, abbreviation or metadata"
predictor,False,"Topic, technical term, proper name, abbreviation or metadata"
predictors,False,"Topic, technical term, proper name, abbreviation or metadata"
predicts,False,"Topic, technical term, proper name, abbreviation or metadata"
predilection,True,General academic wording
predispositions,True,General academic wording
predominance,False,"Topic, technical term, proper name, abbreviation or metadata"
predominant,True,General academic wording
predominantly,True,General academic wording
predominate,True,General academic wording
predominated,True,General academic wording
predominates,True,General academic wording
predominating,True,General academic wording
preemptive,True,General academic wording
prefecture,False,"Topic, technical term, proper name, abbreviation or metadata"
preference,True,General academic wording
preferences,True,General academic wording
preferential,True,General academic wording
preferentially,True,General academic wording
preferred,True,General academic wording
pregabalin,False,"Topic, technical term, proper name, abbreviation or metadata"
pregnancies,False,"Topic, technical term, proper name, abbreviation or metadata"
pregnancy,False,"Topic, technical term, proper name, abbreviation or metadata"
pregnant,False,"Topic, technical term, proper name, abbreviation or metadata"
prehabilitation,False,"Topic, technical term, proper name, abbreviation or metadata"
prehospital,False,"Topic, technical term, proper name, abbreviation or metadata"
preimplantation,False,"Topic, technical term, proper name, abbreviation or metadata"
preintervention,False,"Topic, technical term, proper name, abbreviation or metadata"
prejudice,True,General academic wording
preliminarily,True,General academic wording
preliminary,True,General academic wording
premalignant,False,"Topic, technical term, proper name, abbreviation or metadata"
premature,True,General academic wording
prematurely,True,General academic wording
premier,True,General academic wording
premium,True,General academic wording
premolar,False,"Topic, technical term, proper name, abbreviation or metadata"
premolars,False,"Topic, technical term, proper name, abbreviation or metadata"
premotor,False,"Topic, technical term, proper name, abbreviation or metadata"
preoperative,False,"Topic, technical term, proper name, abbreviation or metadata"
prepandemic,False,"Topic, technical term, proper name, abbreviation or metadata"
preparation,True,General academic wording
preparatory,True,General academic wording
prepare,True,General academic wording
prepared,True,General academic wording
preparedness,True,General academic wording
preparing,True,General academic wording
preprocedural,False,"Topic, technical term, proper name, abbreviation or metadata"
preprocessed,False,"Topic, technical term, proper name, abbreviation or metadata"
preprocessing,False,"Topic, technical term, proper name, abbreviation or metadata"
prepubertal,False,"Topic, technical term, proper name, abbreviation or metadata"
preregistered,False,"Topic, technical term, proper name, abbreviation or metadata"
preschoolers,False,"Topic, technical term, proper name, abbreviation or metadata"
prescribers,False,"Topic, technical term, proper name, abbreviation or metadata"
prescribing,False,"Topic, technical term, proper name, abbreviation or metadata"
presence,True,General academic wording
presentation,True,General academic wording
presentations,False,"Topic, technical term, proper name, abbreviation or metadata"
presenting,True,General academic wording
presents,True,General academic wording
preservation,True,General academic wording
preservative,False,"Topic, technical term, proper name, abbreviation or metadata"
preservatives,False,"Topic, technical term, proper name, abbreviation or metadata"
preserve,True,General academic wording
preserved,True,General academic wording
preserves,True,General academic wording
preserving,True,General academic wording
prespecified,True,General academic wording
pressing,True,General academic wording
presso,False,"Topic, technical term, proper name, abbreviation or metadata"
pressure,True,General academic wording
pressures,True,General academic wording
presumptive,True,General academic wording
presurgical,False,"Topic, technical term, proper name, abbreviation or metadata"
pretest,False,"Topic, technical term, proper name, abbreviation or metadata"
pretrained,False,"Topic, technical term, proper name, abbreviation or metadata"
pretraining,False,"Topic, technical term, proper name, abbreviation or metadata"
pretransplant,False,"Topic, technical term, proper name, abbreviation or metadata"
pretreatments,False,"Topic, technical term, proper name, abbreviation or metadata"
prevailing,True,General academic wording
prevalence,True,General academic wording
prevalent,True,General academic wording
prevent,True,General academic wording
preventable,False,"Topic, technical term, proper name, abbreviation or metadata"
preventing,False,"Topic, technical term, proper name, abbreviation or metadata"
prevention,True,General academic wording
preventive,False,"Topic, technical term, proper name, abbreviation or metadata"
prevotella,False,"Topic, technical term, proper name, abbreviation or metadata"
prf,False,"Topic, technical term, proper name, abbreviation or metadata"
pricing,False,"Topic, technical term, proper name, abbreviation or metadata"
pride,False,"Topic, technical term, proper name, abbreviation or metadata"
primarily,True,General academic wording
primary,True,General academic wording
priming,False,"Topic, technical term, proper name, abbreviation or metadata"
primiparous,False,"Topic, technical term, proper name, abbreviation or metadata"
primordial,False,"Topic, technical term, proper name, abbreviation or metadata"
principal,True,General academic wording
principle,True,General academic wording
principled,True,General academic wording
principles,True,General academic wording
printability,False,"Topic, technical term, proper name, abbreviation or metadata"
printable,False,"Topic, technical term, proper name, abbreviation or metadata"
printed,True,General academic wording
printer,False,"Topic, technical term, proper name, abbreviation or metadata"
printing,False,"Topic, technical term, proper name, abbreviation or metadata"
prior,True,General academic wording
priorities,True,General academic wording
prioritisation,True,General academic wording
prioritise,True,General academic wording
prioritised,True,General academic wording
prioritising,True,General academic wording
prioritization,True,General academic wording
prioritize,True,General academic wording
prioritized,True,General academic wording
prioritizes,True,General academic wording
prioritizing,True,General academic wording
priority,True,General academic wording
priors,True,General academic wording
prisma,False,"Topic, technical term, proper name, abbreviation or metadata"
prisons,False,"Topic, technical term, proper name, abbreviation or metadata"
pristine,True,General academic wording
privacy,False,"Topic, technical term, proper name, abbreviation or metadata"
privately,True,General academic wording
privileged,True,General academic wording
prl,False,"Topic, technical term, proper name, abbreviation or metadata"
pro,False,"Topic, technical term, proper name, abbreviation or metadata"
proactive,True,General academic wording
proactively,True,General academic wording
proapoptotic,False,"Topic, technical term, proper name, abbreviation or metadata"
probabilistic,True,General academic wording
probabilities,False,"Topic, technical term, proper name, abbreviation or metadata"
probability,True,General academic wording
probast,False,"Topic, technical term, proper name, abbreviation or metadata"
probe,True,General academic wording
probes,True,General academic wording
probing,True,General academic wording
probiotic,False,"Topic, technical term, proper name, abbreviation or metadata"
probiotics,False,"Topic, technical term, proper name, abbreviation or metadata"
probit,False,"Topic, technical term, proper name, abbreviation or metadata"
problem,True,General academic wording
problems,True,General academic wording
probnp,False,"Topic, technical term, proper name, abbreviation or metadata"
procedural,False,"Topic, technical term, proper name, abbreviation or metadata"
procedures,True,General academic wording
proceeding,True,General academic wording
proceeds,True,General academic wording
process,True,General academic wording
processability,False,"Topic, technical term, proper name, abbreviation or metadata"
processed,True,General academic wording
processes,True,General academic wording
processing,True,General academic wording
processor,False,"Topic, technical term, proper name, abbreviation or metadata"
processors,False,"Topic, technical term, proper name, abbreviation or metadata"
procoagulant,False,"Topic, technical term, proper name, abbreviation or metadata"
procured,True,General academic wording
procurement,True,General academic wording
prodromal,False,"Topic, technical term, proper name, abbreviation or metadata"
prodrug,False,"Topic, technical term, proper name, abbreviation or metadata"
prodrugs,False,"Topic, technical term, proper name, abbreviation or metadata"
produce,True,General academic wording
produced,True,General academic wording
produces,True,General academic wording
producing,True,General academic wording
product,True,General academic wording
production,True,General academic wording
productivity,True,General academic wording
products,True,General academic wording
profession,False,"Topic, technical term, proper name, abbreviation or metadata"
professional,False,"Topic, technical term, proper name, abbreviation or metadata"
professionalism,True,General academic wording
professionals,True,General academic wording
professor,False,"Topic, technical term, proper name, abbreviation or metadata"
profibrotic,False,"Topic, technical term, proper name, abbreviation or metadata"
proficiency,True,General academic wording
proficient,True,General academic wording
profile,False,"Topic, technical term, proper name, abbreviation or metadata"
profiled,True,General academic wording
profiles,False,"Topic, technical term, proper name, abbreviation or metadata"
profiling,False,"Topic, technical term, proper name, abbreviation or metadata"
profitability,True,General academic wording
profound,True,General academic wording
profoundly,True,General academic wording
prognosis,False,"Topic, technical term, proper name, abbreviation or metadata"
prognostic,False,"Topic, technical term, proper name, abbreviation or metadata"
prognostically,False,"Topic, technical term, proper name, abbreviation or metadata"
prognostication,False,"Topic, technical term, proper name, abbreviation or metadata"
program,True,General academic wording
program's,False,"Topic, technical term, proper name, abbreviation or metadata"
programmability,False,"Topic, technical term, proper name, abbreviation or metadata"
programmable,False,"Topic, technical term, proper name, abbreviation or metadata"
programmatic,True,General academic wording
programmed,True,General academic wording
programmes,True,General academic wording
programming,True,General academic wording
programs,False,"Topic, technical term, proper name, abbreviation or metadata"
progress,True,General academic wording
progressed,True,General academic wording
progression,False,"Topic, technical term, proper name, abbreviation or metadata"
progressive,True,General academic wording
progressively,True,General academic wording
prohibitive,True,General academic wording
project,True,General academic wording
project's,True,General academic wording
projected,True,General academic wording
projecting,True,General academic wording
projections,True,General academic wording
prolactin,False,"Topic, technical term, proper name, abbreviation or metadata"
proliferation,False,"Topic, technical term, proper name, abbreviation or metadata"
proliferative,False,"Topic, technical term, proper name, abbreviation or metadata"
prolific,True,General academic wording
prolonged,True,General academic wording
prolonging,True,General academic wording
prolongs,True,General academic wording
prom,False,"Topic, technical term, proper name, abbreviation or metadata"
prominence,True,General academic wording
prominent,True,General academic wording
promis,False,"Topic, technical term, proper name, abbreviation or metadata"
promiscuous,False,"Topic, technical term, proper name, abbreviation or metadata"
promise,True,General academic wording
promises,True,General academic wording
promising,True,General academic wording
promote,True,General academic wording
promoted,True,General academic wording
promoter,False,"Topic, technical term, proper name, abbreviation or metadata"
promotes,True,General academic wording
promoting,True,General academic wording
promotional,False,"Topic, technical term, proper name, abbreviation or metadata"
prompt,True,General academic wording
prompted,True,General academic wording
prompting,True,General academic wording
promptly,True,General academic wording
prompts,True,General academic wording
proms,False,"Topic, technical term, proper name, abbreviation or metadata"
prone,True,General academic wording
pronged,True,General academic wording
pronounced,True,General academic wording
proof,True,General academic wording
propagates,True,General academic wording
propagation,True,General academic wording
propane,False,"Topic, technical term, proper name, abbreviation or metadata"
propel,True,General academic wording
propelled,True,General academic wording
propelling,True,General academic wording
propensity,False,"Topic, technical term, proper name, abbreviation or metadata"
properties,True,General academic wording
property,True,General academic wording
prophylaxis,False,"Topic, technical term, proper name, abbreviation or metadata"
propidium,False,"Topic, technical term, proper name, abbreviation or metadata"
propionic,False,"Topic, technical term, proper name, abbreviation or metadata"
propolis,False,"Topic, technical term, proper name, abbreviation or metadata"
proportion,True,General academic wording
proportional,False,"Topic, technical term, proper name, abbreviation or metadata"
proportionate,True,General academic wording
proportions,True,General academic wording
propose,True,General academic wording
proposed,True,General academic wording
proposes,True,General academic wording
proposing,True,General academic wording
proposition,True,General academic wording
proprietary,True,General academic wording
proprioception,False,"Topic, technical term, proper name, abbreviation or metadata"
proprioceptive,False,"Topic, technical term, proper name, abbreviation or metadata"
proprotein,False,"Topic, technical term, proper name, abbreviation or metadata"
proptosis,False,"Topic, technical term, proper name, abbreviation or metadata"
propulsion,False,"Topic, technical term, proper name, abbreviation or metadata"
propylene,False,"Topic, technical term, proper name, abbreviation or metadata"
proquest,False,"Topic, technical term, proper name, abbreviation or metadata"
prospective,True,General academic wording
prospects,True,General academic wording
prospero,False,"Topic, technical term, proper name, abbreviation or metadata"
prostatic,False,"Topic, technical term, proper name, abbreviation or metadata"
prosthetics,False,"Topic, technical term, proper name, abbreviation or metadata"
protac,False,"Topic, technical term, proper name, abbreviation or metadata"
protacs,False,"Topic, technical term, proper name, abbreviation or metadata"
proteasomal,False,"Topic, technical term, proper name, abbreviation or metadata"
protect,True,General academic wording
protecting,True,General academic wording
protection,True,General academic wording
protections,True,General academic wording
protective,True,General academic wording
protein's,False,"Topic, technical term, proper name, abbreviation or metadata"
proteinase,False,"Topic, technical term, proper name, abbreviation or metadata"
proteins,False,"Topic, technical term, proper name, abbreviation or metadata"
proteoglycan,False,"Topic, technical term, proper name, abbreviation or metadata"
proteomes,False,"Topic, technical term, proper name, abbreviation or metadata"
proteomic,False,"Topic, technical term, proper name, abbreviation or metadata"
proteomics,False,"Topic, technical term, proper name, abbreviation or metadata"
proteostasis,False,"Topic, technical term, proper name, abbreviation or metadata"
proteus,False,"Topic, technical term, proper name, abbreviation or metadata"
prothrombotic,False,"Topic, technical term, proper name, abbreviation or metadata"
protists,False,"Topic, technical term, proper name, abbreviation or metadata"
protocol,True,General academic wording
protocols,False,"Topic, technical term, proper name, abbreviation or metadata"
proton,False,"Topic, technical term, proper name, abbreviation or metadata"
protonation,False,"Topic, technical term, proper name, abbreviation or metadata"
prototype,True,General academic wording
prototypes,True,General academic wording
prototypical,True,General academic wording
prototyping,True,General academic wording
protozoa,False,"Topic, technical term, proper name, abbreviation or metadata"
protrusions,False,"Topic, technical term, proper name, abbreviation or metadata"
proven,True,General academic wording
provenance,True,General academic wording
proves,True,General academic wording
provide,True,General academic wording
provided,True,General academic wording
providers,False,"Topic, technical term, proper name, abbreviation or metadata"
provides,True,General academic wording
providing,True,General academic wording
province,False,"Topic, technical term, proper name, abbreviation or metadata"
proving,True,General academic wording
proviral,False,"Topic, technical term, proper name, abbreviation or metadata"
provisional,True,General academic wording
provisions,True,General academic wording
provocation,True,General academic wording
proxies,True,General academic wording
proximal,False,"Topic, technical term, proper name, abbreviation or metadata"
proximally,False,"Topic, technical term, proper name, abbreviation or metadata"
proximity,False,"Topic, technical term, proper name, abbreviation or metadata"
proxy,True,General academic wording
prr,False,"Topic, technical term, proper name, abbreviation or metadata"
prrsv,False,"Topic, technical term, proper name, abbreviation or metadata"
prs,False,"Topic, technical term, proper name, abbreviation or metadata"
pruning,True,General academic wording
prunus,False,"Topic, technical term, proper name, abbreviation or metadata"
pruritic,False,"Topic, technical term, proper name, abbreviation or metadata"
pruritus,False,"Topic, technical term, proper name, abbreviation or metadata"
prussian,False,"Topic, technical term, proper name, abbreviation or metadata"
psc,False,"Topic, technical term, proper name, abbreviation or metadata"
pscs,False,"Topic, technical term, proper name, abbreviation or metadata"
psd,False,"Topic, technical term, proper name, abbreviation or metadata"
pseudo,False,"Topic, technical term, proper name, abbreviation or metadata"
pseudoaneurysm,False,"Topic, technical term, proper name, abbreviation or metadata"
pseudoaneurysms,False,"Topic, technical term, proper name, abbreviation or metadata"
pseudomolecules,False,"Topic, technical term, proper name, abbreviation or metadata"
pseudomonas,False,"Topic, technical term, proper name, abbreviation or metadata"
pseudotime,False,"Topic, technical term, proper name, abbreviation or metadata"
psf,False,"Topic, technical term, proper name, abbreviation or metadata"
psg,False,"Topic, technical term, proper name, abbreviation or metadata"
psilocybin,False,"Topic, technical term, proper name, abbreviation or metadata"
psm,False,"Topic, technical term, proper name, abbreviation or metadata"
psma,False,"Topic, technical term, proper name, abbreviation or metadata"
psnr,False,"Topic, technical term, proper name, abbreviation or metadata"
pso,False,"Topic, technical term, proper name, abbreviation or metadata"
psoas,False,"Topic, technical term, proper name, abbreviation or metadata"
psp,False,"Topic, technical term, proper name, abbreviation or metadata"
psqi,False,"Topic, technical term, proper name, abbreviation or metadata"
pst,False,"Topic, technical term, proper name, abbreviation or metadata"
psychedelic,False,"Topic, technical term, proper name, abbreviation or metadata"
psychedelics,False,"Topic, technical term, proper name, abbreviation or metadata"
psychiatric,False,"Topic, technical term, proper name, abbreviation or metadata"
psychiatrist,False,"Topic, technical term, proper name, abbreviation or metadata"
psychoeducation,False,"Topic, technical term, proper name, abbreviation or metadata"
psychoeducational,False,"Topic, technical term, proper name, abbreviation or metadata"
psychological,False,"Topic, technical term, proper name, abbreviation or metadata"
psychologically,False,"Topic, technical term, proper name, abbreviation or metadata"
psychometric,False,"Topic, technical term, proper name, abbreviation or metadata"
psychometrically,False,"Topic, technical term, proper name, abbreviation or metadata"
psychophysical,False,"Topic, technical term, proper name, abbreviation or metadata"
psychosocial,False,"Topic, technical term, proper name, abbreviation or metadata"
psychosomatic,False,"Topic, technical term, proper name, abbreviation or metadata"
psychotherapeutic,False,"Topic, technical term, proper name, abbreviation or metadata"
psychotropic,False,"Topic, technical term, proper name, abbreviation or metadata"
psycinfo,False,"Topic, technical term, proper name, abbreviation or metadata"
ptb,False,"Topic, technical term, proper name, abbreviation or metadata"
pte,False,"Topic, technical term, proper name, abbreviation or metadata"
ptfe,False,"Topic, technical term, proper name, abbreviation or metadata"
ptm,False,"Topic, technical term, proper name, abbreviation or metadata"
ptms,False,"Topic, technical term, proper name, abbreviation or metadata"
ptosis,False,"Topic, technical term, proper name, abbreviation or metadata"
pubchem,False,"Topic, technical term, proper name, abbreviation or metadata"
pubic,False,"Topic, technical term, proper name, abbreviation or metadata"
public,True,General academic wording
publication,True,General academic wording
publications,True,General academic wording
publicly,True,General academic wording
pulling,False,"Topic, technical term, proper name, abbreviation or metadata"
pulmonary,False,"Topic, technical term, proper name, abbreviation or metadata"
pulmonology,False,"Topic, technical term, proper name, abbreviation or metadata"
pulposus,False,"Topic, technical term, proper name, abbreviation or metadata"
pulsatility,False,"Topic, technical term, proper name, abbreviation or metadata"
pumped,False,"Topic, technical term, proper name, abbreviation or metadata"
punch,False,"Topic, technical term, proper name, abbreviation or metadata"
punishment,False,"Topic, technical term, proper name, abbreviation or metadata"
punjab,False,"Topic, technical term, proper name, abbreviation or metadata"
pupae,False,"Topic, technical term, proper name, abbreviation or metadata"
pupal,False,"Topic, technical term, proper name, abbreviation or metadata"
pupillary,False,"Topic, technical term, proper name, abbreviation or metadata"
pups,False,"Topic, technical term, proper name, abbreviation or metadata"
pure,True,General academic wording
purely,True,General academic wording
purification,False,"Topic, technical term, proper name, abbreviation or metadata"
purifying,False,"Topic, technical term, proper name, abbreviation or metadata"
purity,False,"Topic, technical term, proper name, abbreviation or metadata"
purkinje,False,"Topic, technical term, proper name, abbreviation or metadata"
purposefully,True,General academic wording
purposes,True,General academic wording
purposive,True,General academic wording
purposively,True,General academic wording
purpura,False,"Topic, technical term, proper name, abbreviation or metadata"
pursuit,True,General academic wording
purulent,False,"Topic, technical term, proper name, abbreviation or metadata"
pushed,True,General academic wording
pushing,True,General academic wording
putting,True,General academic wording
puzzle,True,General academic wording
pva,False,"Topic, technical term, proper name, abbreviation or metadata"
pvc,False,"Topic, technical term, proper name, abbreviation or metadata"
pvdf,False,"Topic, technical term, proper name, abbreviation or metadata"
pvi,False,"Topic, technical term, proper name, abbreviation or metadata"
pvl,False,"Topic, technical term, proper name, abbreviation or metadata"
pvr,False,"Topic, technical term, proper name, abbreviation or metadata"
pvs,False,"Topic, technical term, proper name, abbreviation or metadata"
pvt,False,"Topic, technical term, proper name, abbreviation or metadata"
pwh,False,"Topic, technical term, proper name, abbreviation or metadata"
pwms,False,"Topic, technical term, proper name, abbreviation or metadata"
pwv,False,"Topic, technical term, proper name, abbreviation or metadata"
pxrd,False,"Topic, technical term, proper name, abbreviation or metadata"
pyelonephritis,False,"Topic, technical term, proper name, abbreviation or metadata"
pyogenes,False,"Topic, technical term, proper name, abbreviation or metadata"
pyogenic,False,"Topic, technical term, proper name, abbreviation or metadata"
pyramid,False,"Topic, technical term, proper name, abbreviation or metadata"
pyrazole,False,"Topic, technical term, proper name, abbreviation or metadata"
pyrene,False,"Topic, technical term, proper name, abbreviation or metadata"
pyrethroid,False,"Topic, technical term, proper name, abbreviation or metadata"
pyrimidine,False,"Topic, technical term, proper name, abbreviation or metadata"
pyrophosphate,False,"Topic, technical term, proper name, abbreviation or metadata"
pyroptosis,False,"Topic, technical term, proper name, abbreviation or metadata"
pyroptotic,False,"Topic, technical term, proper name, abbreviation or metadata"
pyrrole,False,"Topic, technical term, proper name, abbreviation or metadata"
python,False,"Topic, technical term, proper name, abbreviation or metadata"
qaly,False,"Topic, technical term, proper name, abbreviation or metadata"
qinghai,False,"Topic, technical term, proper name, abbreviation or metadata"
qlq,False,"Topic, technical term, proper name, abbreviation or metadata"
qmax,False,"Topic, technical term, proper name, abbreviation or metadata"
qol,False,"Topic, technical term, proper name, abbreviation or metadata"
qpcr,False,"Topic, technical term, proper name, abbreviation or metadata"
qsar,False,"Topic, technical term, proper name, abbreviation or metadata"
qtls,False,"Topic, technical term, proper name, abbreviation or metadata"
qtof,False,"Topic, technical term, proper name, abbreviation or metadata"
quadas,False,"Topic, technical term, proper name, abbreviation or metadata"
quadruple,False,"Topic, technical term, proper name, abbreviation or metadata"
quadruplexes,False,"Topic, technical term, proper name, abbreviation or metadata"
qualification,True,General academic wording
qualifications,True,General academic wording
qualifying,True,General academic wording
qualitative,True,General academic wording
quality,True,General academic wording
qualtrics,False,"Topic, technical term, proper name, abbreviation or metadata"
quantifiable,True,General academic wording
quantification,False,"Topic, technical term, proper name, abbreviation or metadata"
quantified,False,"Topic, technical term, proper name, abbreviation or metadata"
quantifies,False,"Topic, technical term, proper name, abbreviation or metadata"
quantify,False,"Topic, technical term, proper name, abbreviation or metadata"
quantifying,False,"Topic, technical term, proper name, abbreviation or metadata"
quantile,False,"Topic, technical term, proper name, abbreviation or metadata"
quantitative,False,"Topic, technical term, proper name, abbreviation or metadata"
quantitatively,True,General academic wording
quantization,False,"Topic, technical term, proper name, abbreviation or metadata"
quantized,False,"Topic, technical term, proper name, abbreviation or metadata"
quantum,False,"Topic, technical term, proper name, abbreviation or metadata"
quarterly,True,General academic wording
quartile,False,"Topic, technical term, proper name, abbreviation or metadata"
quartiles,False,"Topic, technical term, proper name, abbreviation or metadata"
quasi,False,"Topic, technical term, proper name, abbreviation or metadata"
qubit,False,"Topic, technical term, proper name, abbreviation or metadata"
qubits,False,"Topic, technical term, proper name, abbreviation or metadata"
que,False,"Topic, technical term, proper name, abbreviation or metadata"
queer,False,"Topic, technical term, proper name, abbreviation or metadata"
quench,False,"Topic, technical term, proper name, abbreviation or metadata"
quenching,False,"Topic, technical term, proper name, abbreviation or metadata"
quercus,False,"Topic, technical term, proper name, abbreviation or metadata"
queries,True,General academic wording
query,True,General academic wording
querying,True,General academic wording
quest,True,General academic wording
question,True,General academic wording
questionnaire,False,"Topic, technical term, proper name, abbreviation or metadata"
questionnaires,False,"Topic, technical term, proper name, abbreviation or metadata"
questions,True,General academic wording
quicker,True,General academic wording
quiescence,False,"Topic, technical term, proper name, abbreviation or metadata"
quiet,True,General academic wording
quinoa,False,"Topic, technical term, proper name, abbreviation or metadata"
quinoline,False,"Topic, technical term, proper name, abbreviation or metadata"
quinolone,False,"Topic, technical term, proper name, abbreviation or metadata"
quinolones,False,"Topic, technical term, proper name, abbreviation or metadata"
quintiles,False,"Topic, technical term, proper name, abbreviation or metadata"
quorum,False,"Topic, technical term, proper name, abbreviation or metadata"
quota,True,General academic wording
quotients,False,"Topic, technical term, proper name, abbreviation or metadata"
race,False,"Topic, technical term, proper name, abbreviation or metadata"
racial,False,"Topic, technical term, proper name, abbreviation or metadata"
racialized,False,"Topic, technical term, proper name, abbreviation or metadata"
racially,False,"Topic, technical term, proper name, abbreviation or metadata"
radar,False,"Topic, technical term, proper name, abbreviation or metadata"
radially,False,"Topic, technical term, proper name, abbreviation or metadata"
radiata,False,"Topic, technical term, proper name, abbreviation or metadata"
radiating,False,"Topic, technical term, proper name, abbreviation or metadata"
radiation,False,"Topic, technical term, proper name, abbreviation or metadata"
radiative,False,"Topic, technical term, proper name, abbreviation or metadata"
radical,False,"Topic, technical term, proper name, abbreviation or metadata"
radicals,False,"Topic, technical term, proper name, abbreviation or metadata"
radicular,False,"Topic, technical term, proper name, abbreviation or metadata"
radiculopathy,False,"Topic, technical term, proper name, abbreviation or metadata"
radii,False,"Topic, technical term, proper name, abbreviation or metadata"
radioactivity,False,"Topic, technical term, proper name, abbreviation or metadata"
radiochemical,False,"Topic, technical term, proper name, abbreviation or metadata"
radiographic,False,"Topic, technical term, proper name, abbreviation or metadata"
radiographically,False,"Topic, technical term, proper name, abbreviation or metadata"
radiographs,False,"Topic, technical term, proper name, abbreviation or metadata"
radiography,False,"Topic, technical term, proper name, abbreviation or metadata"
radiolabeled,False,"Topic, technical term, proper name, abbreviation or metadata"
radioligand,False,"Topic, technical term, proper name, abbreviation or metadata"
radiologic,False,"Topic, technical term, proper name, abbreviation or metadata"
radiological,False,"Topic, technical term, proper name, abbreviation or metadata"
radiologically,False,"Topic, technical term, proper name, abbreviation or metadata"
radiomic,False,"Topic, technical term, proper name, abbreviation or metadata"
radiomics,False,"Topic, technical term, proper name, abbreviation or metadata"
radionuclide,False,"Topic, technical term, proper name, abbreviation or metadata"
radiopharmaceutical,False,"Topic, technical term, proper name, abbreviation or metadata"
radiopharmaceuticals,False,"Topic, technical term, proper name, abbreviation or metadata"
radioresistance,False,"Topic, technical term, proper name, abbreviation or metadata"
radiotherapy,False,"Topic, technical term, proper name, abbreviation or metadata"
radiotracer,False,"Topic, technical term, proper name, abbreviation or metadata"
radiotracers,False,"Topic, technical term, proper name, abbreviation or metadata"
radon,False,"Topic, technical term, proper name, abbreviation or metadata"
rads,False,"Topic, technical term, proper name, abbreviation or metadata"
raft,False,"Topic, technical term, proper name, abbreviation or metadata"
rag,False,"Topic, technical term, proper name, abbreviation or metadata"
rai,False,"Topic, technical term, proper name, abbreviation or metadata"
rail,False,"Topic, technical term, proper name, abbreviation or metadata"
rainbow,False,"Topic, technical term, proper name, abbreviation or metadata"
rainy,False,"Topic, technical term, proper name, abbreviation or metadata"
raises,True,General academic wording
raising,True,General academic wording
ralstonia,False,"Topic, technical term, proper name, abbreviation or metadata"
ram,False,"Topic, technical term, proper name, abbreviation or metadata"
raman,False,"Topic, technical term, proper name, abbreviation or metadata"
ramaswamy,False,"Topic, technical term, proper name, abbreviation or metadata"
ramifications,True,General academic wording
ramus,False,"Topic, technical term, proper name, abbreviation or metadata"
rand,False,"Topic, technical term, proper name, abbreviation or metadata"
random,False,"Topic, technical term, proper name, abbreviation or metadata"
randomization,False,"Topic, technical term, proper name, abbreviation or metadata"
randomized,False,"Topic, technical term, proper name, abbreviation or metadata"
randomly,True,General academic wording
randomness,True,General academic wording
range,True,General academic wording
ranged,True,General academic wording
ranges,True,General academic wording
ranging,True,General academic wording
rank,False,"Topic, technical term, proper name, abbreviation or metadata"
ranked,True,General academic wording
ranking,False,"Topic, technical term, proper name, abbreviation or metadata"
rankings,True,General academic wording
ranks,True,General academic wording
rap,False,"Topic, technical term, proper name, abbreviation or metadata"
rapa,False,"Topic, technical term, proper name, abbreviation or metadata"
rape,False,"Topic, technical term, proper name, abbreviation or metadata"
rapeseed,False,"Topic, technical term, proper name, abbreviation or metadata"
rapid,True,General academic wording
rapidly,True,General academic wording
rapport,True,General academic wording
rar,False,"Topic, technical term, proper name, abbreviation or metadata"
rare,True,General academic wording
rarely,True,General academic wording
rarer,True,General academic wording
rarity,True,General academic wording
rasch,False,"Topic, technical term, proper name, abbreviation or metadata"
rashes,False,"Topic, technical term, proper name, abbreviation or metadata"
raspberry,False,"Topic, technical term, proper name, abbreviation or metadata"
rate,True,General academic wording
rated,False,"Topic, technical term, proper name, abbreviation or metadata"
rates,False,"Topic, technical term, proper name, abbreviation or metadata"
rather,True,General academic wording
rating,True,General academic wording
ratings,False,"Topic, technical term, proper name, abbreviation or metadata"
ratio,True,General academic wording
ratiometric,False,"Topic, technical term, proper name, abbreviation or metadata"
rational,True,General academic wording
rationale,True,General academic wording
rationality,True,General academic wording
rationalize,True,General academic wording
rationalized,True,General academic wording
rationally,True,General academic wording
ratios,False,"Topic, technical term, proper name, abbreviation or metadata"
raw,True,General academic wording
ray,False,"Topic, technical term, proper name, abbreviation or metadata"
rayyan,False,"Topic, technical term, proper name, abbreviation or metadata"
rbp,False,"Topic, technical term, proper name, abbreviation or metadata"
rca,False,"Topic, technical term, proper name, abbreviation or metadata"
rcs,False,"Topic, technical term, proper name, abbreviation or metadata"
rct,False,"Topic, technical term, proper name, abbreviation or metadata"
rcts,False,"Topic, technical term, proper name, abbreviation or metadata"
rda,False,"Topic, technical term, proper name, abbreviation or metadata"
rds,False,"Topic, technical term, proper name, abbreviation or metadata"
rdw,False,"Topic, technical term, proper name, abbreviation or metadata"
reach,True,General academic wording
reached,True,General academic wording
reaches,True,General academic wording
reaching,False,"Topic, technical term, proper name, abbreviation or metadata"
reactant,False,"Topic, technical term, proper name, abbreviation or metadata"
reactants,False,"Topic, technical term, proper name, abbreviation or metadata"
reaction,True,General academic wording
reactions,True,General academic wording
reactive,False,"Topic, technical term, proper name, abbreviation or metadata"
reactivities,False,"Topic, technical term, proper name, abbreviation or metadata"
reactivity,False,"Topic, technical term, proper name, abbreviation or metadata"
read,True,General academic wording
readability,True,General academic wording
readable,True,General academic wording
readily,True,General academic wording
readiness,True,General academic wording
readout,False,"Topic, technical term, proper name, abbreviation or metadata"
readouts,False,"Topic, technical term, proper name, abbreviation or metadata"
real,True,General academic wording
realism,True,General academic wording
realist,True,General academic wording
realistic,True,General academic wording
realities,True,General academic wording
reality,True,General academic wording
realize,True,General academic wording
realized,True,General academic wording
realizes,True,General academic wording
realizing,True,General academic wording
realm,True,General academic wording
realms,True,General academic wording
reanalysis,True,General academic wording
reanalyzed,True,General academic wording
reappraisal,True,General academic wording
rear,False,"Topic, technical term, proper name, abbreviation or metadata"
rearranged,False,"Topic, technical term, proper name, abbreviation or metadata"
reasoning,True,General academic wording
reassess,True,General academic wording
reassessed,True,General academic wording
reassessment,True,General academic wording
reassurance,True,General academic wording
reassuring,True,General academic wording
rebalancing,True,General academic wording
rebleeding,False,"Topic, technical term, proper name, abbreviation or metadata"
rebound,True,General academic wording
rec,False,"Topic, technical term, proper name, abbreviation or metadata"
recalibration,True,General academic wording
recall,False,"Topic, technical term, proper name, abbreviation or metadata"
recalls,True,General academic wording
recapitulated,True,General academic wording
recapitulates,True,General academic wording
recapitulating,True,General academic wording
receiver,False,"Topic, technical term, proper name, abbreviation or metadata"
receiving,True,General academic wording
recent,True,General academic wording
reception,True,General academic wording
receptive,True,General academic wording
receptivity,True,General academic wording
receptor,False,"Topic, technical term, proper name, abbreviation or metadata"
recession,False,"Topic, technical term, proper name, abbreviation or metadata"
rechallenge,False,"Topic, technical term, proper name, abbreviation or metadata"
rechargeable,False,"Topic, technical term, proper name, abbreviation or metadata"
recipe,False,"Topic, technical term, proper name, abbreviation or metadata"
recipients,True,General academic wording
reciprocally,True,General academic wording
reciprocity,True,General academic wording
recist,False,"Topic, technical term, proper name, abbreviation or metadata"
reclassification,False,"Topic, technical term, proper name, abbreviation or metadata"
reclassified,True,General academic wording
recognised,True,General academic wording
recognising,True,General academic wording
recognition,True,General academic wording
recognizable,True,General academic wording
recognized,True,General academic wording
recognizing,True,General academic wording
recombinase,False,"Topic, technical term, proper name, abbreviation or metadata"
recombination,False,"Topic, technical term, proper name, abbreviation or metadata"
recommendations,True,General academic wording
recommended,True,General academic wording
recommending,True,General academic wording
reconcile,True,General academic wording
reconciliation,True,General academic wording
reconfigurable,True,General academic wording
reconfiguration,True,General academic wording
reconstructed,True,General academic wording
reconstructing,True,General academic wording
reconstruction,False,"Topic, technical term, proper name, abbreviation or metadata"
reconstructive,True,General academic wording
reconstructs,True,General academic wording
record,True,General academic wording
recorded,True,General academic wording
recordid,False,"Topic, technical term, proper name, abbreviation or metadata"
recordings,True,General academic wording
records,False,"Topic, technical term, proper name, abbreviation or metadata"
recoverable,True,General academic wording
recoveries,True,General academic wording
recovers,True,General academic wording
recovery,False,"Topic, technical term, proper name, abbreviation or metadata"
recruited,True,General academic wording
recruitment,False,"Topic, technical term, proper name, abbreviation or metadata"
recrystallization,False,"Topic, technical term, proper name, abbreviation or metadata"
rectification,True,General academic wording
rectify,True,General academic wording
rectifying,True,General academic wording
recurrence,False,"Topic, technical term, proper name, abbreviation or metadata"
recurrent,False,"Topic, technical term, proper name, abbreviation or metadata"
recurring,True,General academic wording
recursive,True,General academic wording
recyclability,False,"Topic, technical term, proper name, abbreviation or metadata"
recyclable,False,"Topic, technical term, proper name, abbreviation or metadata"
recycling,False,"Topic, technical term, proper name, abbreviation or metadata"
red,False,"Topic, technical term, proper name, abbreviation or metadata"
redcap,False,"Topic, technical term, proper name, abbreviation or metadata"
redefine,True,General academic wording
redefined,True,General academic wording
redefines,True,General academic wording
redefining,True,General academic wording
redesign,True,General academic wording
redirect,True,General academic wording
redirected,True,General academic wording
redirecting,True,General academic wording
redistribution,False,"Topic, technical term, proper name, abbreviation or metadata"
redness,False,"Topic, technical term, proper name, abbreviation or metadata"
redo,True,General academic wording
redox,False,"Topic, technical term, proper name, abbreviation or metadata"
redshift,False,"Topic, technical term, proper name, abbreviation or metadata"
reduce,True,General academic wording
reduced,True,General academic wording
reduces,True,General academic wording
reducing,True,General academic wording
reductant,False,"Topic, technical term, proper name, abbreviation or metadata"
reduction,True,General academic wording
reductions,True,General academic wording
reductive,False,"Topic, technical term, proper name, abbreviation or metadata"
redundancy,True,General academic wording
redundant,True,General academic wording
ree,False,"Topic, technical term, proper name, abbreviation or metadata"
reef,False,"Topic, technical term, proper name, abbreviation or metadata"
reefs,False,"Topic, technical term, proper name, abbreviation or metadata"
reevaluation,True,General academic wording
ref,False,"Topic, technical term, proper name, abbreviation or metadata"
reference,True,General academic wording
referenced,True,General academic wording
references,True,General academic wording
referencing,True,General academic wording
referral,False,"Topic, technical term, proper name, abbreviation or metadata"
referred,True,General academic wording
refers,True,General academic wording
refill,False,"Topic, technical term, proper name, abbreviation or metadata"
refine,True,General academic wording
refined,True,General academic wording
refinement,True,General academic wording
refinements,True,General academic wording
refines,True,General academic wording
refining,True,General academic wording
reflect,True,General academic wording
reflected,True,General academic wording
reflecting,True,General academic wording
reflection,True,General academic wording
reflective,True,General academic wording
reflectivity,False,"Topic, technical term, proper name, abbreviation or metadata"
reflects,True,General academic wording
reflexes,False,"Topic, technical term, proper name, abbreviation or metadata"
reflexive,True,General academic wording
reform,True,General academic wording
reforming,True,General academic wording
reforms,False,"Topic, technical term, proper name, abbreviation or metadata"
refraction,False,"Topic, technical term, proper name, abbreviation or metadata"
refractory,False,"Topic, technical term, proper name, abbreviation or metadata"
reframe,True,General academic wording
reframes,True,General academic wording
reframing,True,General academic wording
refrigerated,False,"Topic, technical term, proper name, abbreviation or metadata"
refrigeration,False,"Topic, technical term, proper name, abbreviation or metadata"
regained,True,General academic wording
regarded,True,General academic wording
regarding,True,General academic wording
regenerating,False,"Topic, technical term, proper name, abbreviation or metadata"
regeneration,False,"Topic, technical term, proper name, abbreviation or metadata"
regenerative,False,"Topic, technical term, proper name, abbreviation or metadata"
regime,True,General academic wording
regimen,False,"Topic, technical term, proper name, abbreviation or metadata"
regimens,False,"Topic, technical term, proper name, abbreviation or metadata"
regimes,False,"Topic, technical term, proper name, abbreviation or metadata"
regio,False,"Topic, technical term, proper name, abbreviation or metadata"
region,True,General academic wording
region's,False,"Topic, technical term, proper name, abbreviation or metadata"
regional,False,"Topic, technical term, proper name, abbreviation or metadata"
regionally,True,General academic wording
regions,False,"Topic, technical term, proper name, abbreviation or metadata"
regioselective,False,"Topic, technical term, proper name, abbreviation or metadata"
regioselectivity,False,"Topic, technical term, proper name, abbreviation or metadata"
registered,True,General academic wording
registration,True,General academic wording
registrations,False,"Topic, technical term, proper name, abbreviation or metadata"
registries,False,"Topic, technical term, proper name, abbreviation or metadata"
registry,True,General academic wording
regression,False,"Topic, technical term, proper name, abbreviation or metadata"
regressor,False,"Topic, technical term, proper name, abbreviation or metadata"
regret,True,General academic wording
regrowth,False,"Topic, technical term, proper name, abbreviation or metadata"
regular,True,General academic wording
regularization,False,"Topic, technical term, proper name, abbreviation or metadata"
regularized,False,"Topic, technical term, proper name, abbreviation or metadata"
regulate,True,General academic wording
regulates,False,"Topic, technical term, proper name, abbreviation or metadata"
regulating,True,General academic wording
regulation,False,"Topic, technical term, proper name, abbreviation or metadata"
regulator,False,"Topic, technical term, proper name, abbreviation or metadata"
regulators,False,"Topic, technical term, proper name, abbreviation or metadata"
regulatory,False,"Topic, technical term, proper name, abbreviation or metadata"
regurgitation,False,"Topic, technical term, proper name, abbreviation or metadata"
rehabilitation,False,"Topic, technical term, proper name, abbreviation or metadata"
rehospitalization,False,"Topic, technical term, proper name, abbreviation or metadata"
rehydration,False,"Topic, technical term, proper name, abbreviation or metadata"
reimplantation,False,"Topic, technical term, proper name, abbreviation or metadata"
reinforce,True,General academic wording
reinforced,True,General academic wording
reinforcement,True,General academic wording
reinforces,True,General academic wording
reinforcing,True,General academic wording
reintegration,True,General academic wording
reintervention,False,"Topic, technical term, proper name, abbreviation or metadata"
reinterventions,False,"Topic, technical term, proper name, abbreviation or metadata"
reintroduction,True,General academic wording
reject,True,General academic wording
rejuvenation,True,General academic wording
rela,False,"Topic, technical term, proper name, abbreviation or metadata"
related,True,General academic wording
relational,True,General academic wording
relationship,True,General academic wording
relationships,True,General academic wording
relative,True,General academic wording
relatively,True,General academic wording
relativistic,False,"Topic, technical term, proper name, abbreviation or metadata"
relaxation,False,"Topic, technical term, proper name, abbreviation or metadata"
relaxing,False,"Topic, technical term, proper name, abbreviation or metadata"
relay,False,"Topic, technical term, proper name, abbreviation or metadata"
release,False,"Topic, technical term, proper name, abbreviation or metadata"
released,False,"Topic, technical term, proper name, abbreviation or metadata"
releasing,False,"Topic, technical term, proper name, abbreviation or metadata"
relevance,True,General academic wording
relevant,True,General academic wording
reliability,True,General academic wording
reliable,True,General academic wording
reliably,True,General academic wording
reliance,True,General academic wording
reliant,True,General academic wording
relied,True,General academic wording
relief,False,"Topic, technical term, proper name, abbreviation or metadata"
relies,True,General academic wording
relieves,True,General academic wording
relocation,False,"Topic, technical term, proper name, abbreviation or metadata"
rely,True,General academic wording
relying,True,General academic wording
rem,False,"Topic, technical term, proper name, abbreviation or metadata"
remain,True,General academic wording
remained,True,General academic wording
remaining,True,General academic wording
remains,True,General academic wording
remarkable,True,General academic wording
remarkably,True,General academic wording
remediating,True,General academic wording
remediation,False,"Topic, technical term, proper name, abbreviation or metadata"
remember,True,General academic wording
remembered,True,General academic wording
remifentanil,False,"Topic, technical term, proper name, abbreviation or metadata"
remimazolam,False,"Topic, technical term, proper name, abbreviation or metadata"
reminders,True,General academic wording
remineralization,False,"Topic, technical term, proper name, abbreviation or metadata"
reminiscent,True,General academic wording
remission,False,"Topic, technical term, proper name, abbreviation or metadata"
remodel,True,General academic wording
remodeled,True,General academic wording
remodeling,False,"Topic, technical term, proper name, abbreviation or metadata"
remodelling,False,"Topic, technical term, proper name, abbreviation or metadata"
remodels,True,General academic wording
remote,True,General academic wording
removable,True,General academic wording
removal,True,General academic wording
remove,True,General academic wording
removes,True,General academic wording
removing,True,General academic wording
remyelination,False,"Topic, technical term, proper name, abbreviation or metadata"
renal,False,"Topic, technical term, proper name, abbreviation or metadata"
rendering,True,General academic wording
renewable,False,"Topic, technical term, proper name, abbreviation or metadata"
renewed,True,General academic wording
renoprotective,False,"Topic, technical term, proper name, abbreviation or metadata"
renowned,True,General academic wording
reoperation,False,"Topic, technical term, proper name, abbreviation or metadata"
reorganization,True,General academic wording
reorganize,True,General academic wording
reorientation,True,General academic wording
rep,False,"Topic, technical term, proper name, abbreviation or metadata"
repair,False,"Topic, technical term, proper name, abbreviation or metadata"
repairing,True,General academic wording
reparative,True,General academic wording
repeat,True,General academic wording
repeated,True,General academic wording
repeating,True,General academic wording
repellent,False,"Topic, technical term, proper name, abbreviation or metadata"
repercussions,True,General academic wording
reperfusion,False,"Topic, technical term, proper name, abbreviation or metadata"
repertoire,True,General academic wording
repertoires,True,General academic wording
replace,True,General academic wording
replacement,True,General academic wording
replaces,True,General academic wording
replacing,True,General academic wording
replenishment,True,General academic wording
replicability,True,General academic wording
replicable,True,General academic wording
replicate,True,General academic wording
replicates,True,General academic wording
replicating,True,General academic wording
replications,True,General academic wording
repolarization,False,"Topic, technical term, proper name, abbreviation or metadata"
report,True,General academic wording
reporters,True,General academic wording
reporting,True,General academic wording
repositioning,False,"Topic, technical term, proper name, abbreviation or metadata"
repositories,True,General academic wording
represent,True,General academic wording
representation,True,General academic wording
representational,True,General academic wording
representations,True,General academic wording
representative,True,General academic wording
representativeness,True,General academic wording
represented,True,General academic wording
representing,True,General academic wording
represents,True,General academic wording
represses,False,"Topic, technical term, proper name, abbreviation or metadata"
repressive,True,General academic wording
reprocessing,True,General academic wording
reproduce,True,General academic wording
reproduced,True,General academic wording
reproduces,True,General academic wording
reproducibility,True,General academic wording
reproducible,True,General academic wording
reproducibly,True,General academic wording
reproducing,True,General academic wording
reproductive,False,"Topic, technical term, proper name, abbreviation or metadata"
reprogram,True,General academic wording
reprogrammed,True,General academic wording
reprogramming,False,"Topic, technical term, proper name, abbreviation or metadata"
reprograms,True,General academic wording
repulsion,False,"Topic, technical term, proper name, abbreviation or metadata"
repulsive,False,"Topic, technical term, proper name, abbreviation or metadata"
repurposing,True,General academic wording
reputation,True,General academic wording
requesting,True,General academic wording
require,True,General academic wording
required,True,General academic wording
requirements,True,General academic wording
requires,True,General academic wording
requiring,True,General academic wording
resamples,True,General academic wording
resampling,False,"Topic, technical term, proper name, abbreviation or metadata"
rescue,False,"Topic, technical term, proper name, abbreviation or metadata"
rescues,True,General academic wording
rescuing,True,General academic wording
research,True,General academic wording
researchers,True,General academic wording
researching,True,General academic wording
resectable,False,"Topic, technical term, proper name, abbreviation or metadata"
resection,False,"Topic, technical term, proper name, abbreviation or metadata"
resemblance,True,General academic wording
resembles,True,General academic wording
resembling,True,General academic wording
resequencing,False,"Topic, technical term, proper name, abbreviation or metadata"
reserve,False,"Topic, technical term, proper name, abbreviation or metadata"
reserves,True,General academic wording
reservoir,False,"Topic, technical term, proper name, abbreviation or metadata"
reservoirs,False,"Topic, technical term, proper name, abbreviation or metadata"
reset,True,General academic wording
reshape,True,General academic wording
reshaped,True,General academic wording
reshapes,True,General academic wording
reshaping,True,General academic wording
residence,False,"Topic, technical term, proper name, abbreviation or metadata"
resides,True,General academic wording
residual,False,"Topic, technical term, proper name, abbreviation or metadata"
residuals,True,General academic wording
residue,False,"Topic, technical term, proper name, abbreviation or metadata"
residues,False,"Topic, technical term, proper name, abbreviation or metadata"
resilience,True,General academic wording
resiliency,True,General academic wording
resilient,True,General academic wording
resins,False,"Topic, technical term, proper name, abbreviation or metadata"
resistance,False,"Topic, technical term, proper name, abbreviation or metadata"
resistant,False,"Topic, technical term, proper name, abbreviation or metadata"
resisted,True,General academic wording
resisting,True,General academic wording
resistome,False,"Topic, technical term, proper name, abbreviation or metadata"
resists,True,General academic wording
resnet,False,"Topic, technical term, proper name, abbreviation or metadata"
resolution,True,General academic wording
resolve,True,General academic wording
resolved,True,General academic wording
resolves,True,General academic wording
resolving,True,General academic wording
resonance,False,"Topic, technical term, proper name, abbreviation or metadata"
resonances,False,"Topic, technical term, proper name, abbreviation or metadata"
resonator,False,"Topic, technical term, proper name, abbreviation or metadata"
resonators,False,"Topic, technical term, proper name, abbreviation or metadata"
resource,True,General academic wording
resourced,True,General academic wording
resources,True,General academic wording
respectful,True,General academic wording
respectively,True,General academic wording
respond,True,General academic wording
responders,True,General academic wording
response,True,General academic wording
responses,True,General academic wording
responsibilities,True,General academic wording
responsibility,True,General academic wording
responsible,True,General academic wording
responsive,True,General academic wording
responsiveness,True,General academic wording
responsivity,True,General academic wording
restenosis,False,"Topic, technical term, proper name, abbreviation or metadata"
restless,False,"Topic, technical term, proper name, abbreviation or metadata"
restoration,True,General academic wording
restorations,True,General academic wording
restorative,True,General academic wording
restore,True,General academic wording
restored,True,General academic wording
restores,True,General academic wording
restoring,True,General academic wording
restraining,True,General academic wording
restrains,True,General academic wording
restraint,True,General academic wording
restrict,True,General academic wording
restricted,True,General academic wording
restricting,True,General academic wording
restriction,True,General academic wording
restricts,True,General academic wording
restructuring,True,General academic wording
resultados,False,"Topic, technical term, proper name, abbreviation or metadata"
resulted,True,General academic wording
resulting,True,General academic wording
resumed,True,General academic wording
resurgence,True,General academic wording
resynchronization,False,"Topic, technical term, proper name, abbreviation or metadata"
ret,False,"Topic, technical term, proper name, abbreviation or metadata"
retain,True,General academic wording
retained,True,General academic wording
retaining,True,General academic wording
retains,True,General academic wording
retardancy,False,"Topic, technical term, proper name, abbreviation or metadata"
retardant,False,"Topic, technical term, proper name, abbreviation or metadata"
retardants,False,"Topic, technical term, proper name, abbreviation or metadata"
retention,True,General academic wording
reticular,False,"Topic, technical term, proper name, abbreviation or metadata"
reticulum,False,"Topic, technical term, proper name, abbreviation or metadata"
retinal,False,"Topic, technical term, proper name, abbreviation or metadata"
retinas,False,"Topic, technical term, proper name, abbreviation or metadata"
retinitis,False,"Topic, technical term, proper name, abbreviation or metadata"
retinoic,False,"Topic, technical term, proper name, abbreviation or metadata"
retirement,False,"Topic, technical term, proper name, abbreviation or metadata"
retract,False,"Topic, technical term, proper name, abbreviation or metadata"
retracted,False,"Topic, technical term, proper name, abbreviation or metadata"
retraction,False,"Topic, technical term, proper name, abbreviation or metadata"
retracts,False,"Topic, technical term, proper name, abbreviation or metadata"
retraining,True,General academic wording
retreatment,False,"Topic, technical term, proper name, abbreviation or metadata"
retrieval,True,General academic wording
retrieving,True,General academic wording
retro,False,"Topic, technical term, proper name, abbreviation or metadata"
retrospective,False,"Topic, technical term, proper name, abbreviation or metadata"
returns,True,General academic wording
reuptake,False,"Topic, technical term, proper name, abbreviation or metadata"
reusability,True,General academic wording
reusable,True,General academic wording
reuse,True,General academic wording
reusing,True,General academic wording
reuteri,False,"Topic, technical term, proper name, abbreviation or metadata"
reveal,True,General academic wording
revealed,True,General academic wording
revealing,True,General academic wording
reveals,True,General academic wording
reversal,True,General academic wording
reversed,True,General academic wording
reverses,True,General academic wording
reversibility,True,General academic wording
reversible,True,General academic wording
reversibly,True,General academic wording
reversing,True,General academic wording
review,True,General academic wording
reviewer,True,General academic wording
reviewers,False,"Topic, technical term, proper name, abbreviation or metadata"
reviews,False,"Topic, technical term, proper name, abbreviation or metadata"
revise,True,General academic wording
revising,True,General academic wording
revision,True,General academic wording
revisit,True,General academic wording
revisits,True,General academic wording
revman,False,"Topic, technical term, proper name, abbreviation or metadata"
revolutionary,True,General academic wording
revolutionize,False,"Topic, technical term, proper name, abbreviation or metadata"
revolutionized,False,"Topic, technical term, proper name, abbreviation or metadata"
revolutionizing,True,General academic wording
reward,True,General academic wording
rewards,True,General academic wording
rewiring,False,"Topic, technical term, proper name, abbreviation or metadata"
reynolds,False,"Topic, technical term, proper name, abbreviation or metadata"
rfe,False,"Topic, technical term, proper name, abbreviation or metadata"
rgb,False,"Topic, technical term, proper name, abbreviation or metadata"
rgc,False,"Topic, technical term, proper name, abbreviation or metadata"
rgcs,False,"Topic, technical term, proper name, abbreviation or metadata"
rgd,False,"Topic, technical term, proper name, abbreviation or metadata"
rhabdomyolysis,False,"Topic, technical term, proper name, abbreviation or metadata"
rhabdomyosarcoma,False,"Topic, technical term, proper name, abbreviation or metadata"
rhamnose,False,"Topic, technical term, proper name, abbreviation or metadata"
rhamnosus,False,"Topic, technical term, proper name, abbreviation or metadata"
rhb,False,"Topic, technical term, proper name, abbreviation or metadata"
rhe,False,"Topic, technical term, proper name, abbreviation or metadata"
rheological,False,"Topic, technical term, proper name, abbreviation or metadata"
rheology,False,"Topic, technical term, proper name, abbreviation or metadata"
rheumatologists,False,"Topic, technical term, proper name, abbreviation or metadata"
rheumatology,False,"Topic, technical term, proper name, abbreviation or metadata"
rhinoplasty,False,"Topic, technical term, proper name, abbreviation or metadata"
rhinosinusitis,False,"Topic, technical term, proper name, abbreviation or metadata"
rhinovirus,False,"Topic, technical term, proper name, abbreviation or metadata"
rhipicephalus,False,"Topic, technical term, proper name, abbreviation or metadata"
rhizobacteria,False,"Topic, technical term, proper name, abbreviation or metadata"
rhizoma,False,"Topic, technical term, proper name, abbreviation or metadata"
rhizome,False,"Topic, technical term, proper name, abbreviation or metadata"
rhizomes,False,"Topic, technical term, proper name, abbreviation or metadata"
rhizosphere,False,"Topic, technical term, proper name, abbreviation or metadata"
rhoa,False,"Topic, technical term, proper name, abbreviation or metadata"
rhodium,False,"Topic, technical term, proper name, abbreviation or metadata"
rhythm,False,"Topic, technical term, proper name, abbreviation or metadata"
rhythmicity,False,"Topic, technical term, proper name, abbreviation or metadata"
rhythms,False,"Topic, technical term, proper name, abbreviation or metadata"
rib,False,"Topic, technical term, proper name, abbreviation or metadata"
riboflavin,False,"Topic, technical term, proper name, abbreviation or metadata"
ribonucleic,False,"Topic, technical term, proper name, abbreviation or metadata"
ribonucleoprotein,False,"Topic, technical term, proper name, abbreviation or metadata"
ribosomes,False,"Topic, technical term, proper name, abbreviation or metadata"
rica,False,"Topic, technical term, proper name, abbreviation or metadata"
rice,False,"Topic, technical term, proper name, abbreviation or metadata"
rich,True,General academic wording
richer,True,General academic wording
richness,True,General academic wording
rickettsia,False,"Topic, technical term, proper name, abbreviation or metadata"
rico,False,"Topic, technical term, proper name, abbreviation or metadata"
ridge,False,"Topic, technical term, proper name, abbreviation or metadata"
ridges,False,"Topic, technical term, proper name, abbreviation or metadata"
rif,False,"Topic, technical term, proper name, abbreviation or metadata"
rifampicin,False,"Topic, technical term, proper name, abbreviation or metadata"
rifampin,False,"Topic, technical term, proper name, abbreviation or metadata"
right,True,General academic wording
rigid,True,General academic wording
rigidity,True,General academic wording
rigor,True,General academic wording
rigorous,True,General academic wording
rigorously,True,General academic wording
rigour,True,General academic wording
rin,False,"Topic, technical term, proper name, abbreviation or metadata"
ring,False,"Topic, technical term, proper name, abbreviation or metadata"
riparian,False,"Topic, technical term, proper name, abbreviation or metadata"
ripple,False,"Topic, technical term, proper name, abbreviation or metadata"
ris,False,"Topic, technical term, proper name, abbreviation or metadata"
risc,False,"Topic, technical term, proper name, abbreviation or metadata"
rise,True,General academic wording
risen,True,General academic wording
rises,True,General academic wording
rising,True,General academic wording
risk,False,"Topic, technical term, proper name, abbreviation or metadata"
risking,True,General academic wording
risks,False,"Topic, technical term, proper name, abbreviation or metadata"
risperidone,False,"Topic, technical term, proper name, abbreviation or metadata"
ritonavir,False,"Topic, technical term, proper name, abbreviation or metadata"
rivaroxaban,False,"Topic, technical term, proper name, abbreviation or metadata"
river,False,"Topic, technical term, proper name, abbreviation or metadata"
riverine,False,"Topic, technical term, proper name, abbreviation or metadata"
riyadh,False,"Topic, technical term, proper name, abbreviation or metadata"
rkiye,False,"Topic, technical term, proper name, abbreviation or metadata"
rls,False,"Topic, technical term, proper name, abbreviation or metadata"
rmsd,False,"Topic, technical term, proper name, abbreviation or metadata"
rmse,False,"Topic, technical term, proper name, abbreviation or metadata"
rmsea,False,"Topic, technical term, proper name, abbreviation or metadata"
rmsf,False,"Topic, technical term, proper name, abbreviation or metadata"
rmssd,False,"Topic, technical term, proper name, abbreviation or metadata"
rna,False,"Topic, technical term, proper name, abbreviation or metadata"
rnase,False,"Topic, technical term, proper name, abbreviation or metadata"
rnn,False,"Topic, technical term, proper name, abbreviation or metadata"
rnp,False,"Topic, technical term, proper name, abbreviation or metadata"
rns,False,"Topic, technical term, proper name, abbreviation or metadata"
roadmap,True,General academic wording
roads,False,"Topic, technical term, proper name, abbreviation or metadata"
roasting,False,"Topic, technical term, proper name, abbreviation or metadata"
rob,False,"Topic, technical term, proper name, abbreviation or metadata"
robins,False,"Topic, technical term, proper name, abbreviation or metadata"
robot,False,"Topic, technical term, proper name, abbreviation or metadata"
robotic,False,"Topic, technical term, proper name, abbreviation or metadata"
robotics,False,"Topic, technical term, proper name, abbreviation or metadata"
robots,False,"Topic, technical term, proper name, abbreviation or metadata"
robust,True,General academic wording
robustly,True,General academic wording
robustness,True,General academic wording
roc,False,"Topic, technical term, proper name, abbreviation or metadata"
rocks,False,"Topic, technical term, proper name, abbreviation or metadata"
rocky,False,"Topic, technical term, proper name, abbreviation or metadata"
roi,False,"Topic, technical term, proper name, abbreviation or metadata"
rois,False,"Topic, technical term, proper name, abbreviation or metadata"
role,True,General academic wording
roles,True,General academic wording
rolled,False,"Topic, technical term, proper name, abbreviation or metadata"
rollout,True,General academic wording
romania,False,"Topic, technical term, proper name, abbreviation or metadata"
romanian,False,"Topic, technical term, proper name, abbreviation or metadata"
romantic,False,"Topic, technical term, proper name, abbreviation or metadata"
roof,False,"Topic, technical term, proper name, abbreviation or metadata"
room,False,"Topic, technical term, proper name, abbreviation or metadata"
root,True,General academic wording
rooted,True,General academic wording
rop,False,"Topic, technical term, proper name, abbreviation or metadata"
ropivacaine,False,"Topic, technical term, proper name, abbreviation or metadata"
ror,False,"Topic, technical term, proper name, abbreviation or metadata"
ros,False,"Topic, technical term, proper name, abbreviation or metadata"
rosa,False,"Topic, technical term, proper name, abbreviation or metadata"
rosacea,False,"Topic, technical term, proper name, abbreviation or metadata"
rosc,False,"Topic, technical term, proper name, abbreviation or metadata"
rose,True,General academic wording
roseburia,False,"Topic, technical term, proper name, abbreviation or metadata"
rosmarinic,False,"Topic, technical term, proper name, abbreviation or metadata"
ross,False,"Topic, technical term, proper name, abbreviation or metadata"
rot,False,"Topic, technical term, proper name, abbreviation or metadata"
rotarod,False,"Topic, technical term, proper name, abbreviation or metadata"
rotary,False,"Topic, technical term, proper name, abbreviation or metadata"
rotated,False,"Topic, technical term, proper name, abbreviation or metadata"
rotational,False,"Topic, technical term, proper name, abbreviation or metadata"
rotenone,False,"Topic, technical term, proper name, abbreviation or metadata"
rotor,False,"Topic, technical term, proper name, abbreviation or metadata"
rounded,True,General academic wording
roundness,True,General academic wording
route,False,"Topic, technical term, proper name, abbreviation or metadata"
routes,True,General academic wording
routine,True,General academic wording
routinely,True,General academic wording
routines,True,General academic wording
routing,True,General academic wording
rpa,False,"Topic, technical term, proper name, abbreviation or metadata"
rpd,False,"Topic, technical term, proper name, abbreviation or metadata"
rps,False,"Topic, technical term, proper name, abbreviation or metadata"
rrms,False,"Topic, technical term, proper name, abbreviation or metadata"
rrna,False,"Topic, technical term, proper name, abbreviation or metadata"
rrs,False,"Topic, technical term, proper name, abbreviation or metadata"
rsa,False,"Topic, technical term, proper name, abbreviation or metadata"
rsd,False,"Topic, technical term, proper name, abbreviation or metadata"
rsf,False,"Topic, technical term, proper name, abbreviation or metadata"
rsi,False,"Topic, technical term, proper name, abbreviation or metadata"
rsm,False,"Topic, technical term, proper name, abbreviation or metadata"
rss,False,"Topic, technical term, proper name, abbreviation or metadata"
rster,False,"Topic, technical term, proper name, abbreviation or metadata"
rstudio,False,"Topic, technical term, proper name, abbreviation or metadata"
rsv,False,"Topic, technical term, proper name, abbreviation or metadata"
rtms,False,"Topic, technical term, proper name, abbreviation or metadata"
rtp,False,"Topic, technical term, proper name, abbreviation or metadata"
rts,False,"Topic, technical term, proper name, abbreviation or metadata"
rtx,False,"Topic, technical term, proper name, abbreviation or metadata"
rubric,True,General academic wording
rule,True,General academic wording
rules,True,General academic wording
ruling,True,General academic wording
ruminal,False,"Topic, technical term, proper name, abbreviation or metadata"
rumination,False,"Topic, technical term, proper name, abbreviation or metadata"
ruminococcus,False,"Topic, technical term, proper name, abbreviation or metadata"
runtime,False,"Topic, technical term, proper name, abbreviation or metadata"
rupture,False,"Topic, technical term, proper name, abbreviation or metadata"
rural,False,"Topic, technical term, proper name, abbreviation or metadata"
rurality,False,"Topic, technical term, proper name, abbreviation or metadata"
rust,False,"Topic, technical term, proper name, abbreviation or metadata"
ruthenium,False,"Topic, technical term, proper name, abbreviation or metadata"
rutin,False,"Topic, technical term, proper name, abbreviation or metadata"
ruxolitinib,False,"Topic, technical term, proper name, abbreviation or metadata"
rwanda,False,"Topic, technical term, proper name, abbreviation or metadata"
rygb,False,"Topic, technical term, proper name, abbreviation or metadata"
saa,False,"Topic, technical term, proper name, abbreviation or metadata"
saccade,False,"Topic, technical term, proper name, abbreviation or metadata"
sacral,False,"Topic, technical term, proper name, abbreviation or metadata"
sacrificial,True,General academic wording
sacrificing,True,General academic wording
sacroiliac,False,"Topic, technical term, proper name, abbreviation or metadata"
sacrum,False,"Topic, technical term, proper name, abbreviation or metadata"
sacs,False,"Topic, technical term, proper name, abbreviation or metadata"
sad,False,"Topic, technical term, proper name, abbreviation or metadata"
saddle,False,"Topic, technical term, proper name, abbreviation or metadata"
sae,False,"Topic, technical term, proper name, abbreviation or metadata"
saes,False,"Topic, technical term, proper name, abbreviation or metadata"
safe,True,General academic wording
safeguard,True,General academic wording
safeguarding,True,General academic wording
safeguards,True,General academic wording
safer,True,General academic wording
safest,True,General academic wording
safety,False,"Topic, technical term, proper name, abbreviation or metadata"
sage,False,"Topic, technical term, proper name, abbreviation or metadata"
salary,False,"Topic, technical term, proper name, abbreviation or metadata"
salience,True,General academic wording
saliency,True,General academic wording
salinity,False,"Topic, technical term, proper name, abbreviation or metadata"
salinization,False,"Topic, technical term, proper name, abbreviation or metadata"
salpingo,False,"Topic, technical term, proper name, abbreviation or metadata"
salt,False,"Topic, technical term, proper name, abbreviation or metadata"
salts,False,"Topic, technical term, proper name, abbreviation or metadata"
salvage,True,General academic wording
salvia,False,"Topic, technical term, proper name, abbreviation or metadata"
sam,False,"Topic, technical term, proper name, abbreviation or metadata"
sample,True,General academic wording
samples,True,General academic wording
sampling,False,"Topic, technical term, proper name, abbreviation or metadata"
sandy,False,"Topic, technical term, proper name, abbreviation or metadata"
sanitation,False,"Topic, technical term, proper name, abbreviation or metadata"
saponin,False,"Topic, technical term, proper name, abbreviation or metadata"
saponins,False,"Topic, technical term, proper name, abbreviation or metadata"
saps,False,"Topic, technical term, proper name, abbreviation or metadata"
sarcopenia,False,"Topic, technical term, proper name, abbreviation or metadata"
sarcopenic,False,"Topic, technical term, proper name, abbreviation or metadata"
sarma,False,"Topic, technical term, proper name, abbreviation or metadata"
sasp,False,"Topic, technical term, proper name, abbreviation or metadata"
satellites,False,"Topic, technical term, proper name, abbreviation or metadata"
satisfaction,True,General academic wording
satisfactory,True,General academic wording
satisfies,True,General academic wording
sativum,False,"Topic, technical term, proper name, abbreviation or metadata"
sativus,False,"Topic, technical term, proper name, abbreviation or metadata"
saturation,True,General academic wording
saudi,False,"Topic, technical term, proper name, abbreviation or metadata"
saves,True,General academic wording
sbm,False,"Topic, technical term, proper name, abbreviation or metadata"
sbs,False,"Topic, technical term, proper name, abbreviation or metadata"
sca,False,"Topic, technical term, proper name, abbreviation or metadata"
scaffold,False,"Topic, technical term, proper name, abbreviation or metadata"
scaffolded,True,General academic wording
scaffolding,True,General academic wording
scaffolds,False,"Topic, technical term, proper name, abbreviation or metadata"
scalability,False,"Topic, technical term, proper name, abbreviation or metadata"
scalable,False,"Topic, technical term, proper name, abbreviation or metadata"
scalar,True,General academic wording
scale,False,"Topic, technical term, proper name, abbreviation or metadata"
scale's,False,"Topic, technical term, proper name, abbreviation or metadata"
scales,True,General academic wording
scaling,False,"Topic, technical term, proper name, abbreviation or metadata"
scan,False,"Topic, technical term, proper name, abbreviation or metadata"
scanners,False,"Topic, technical term, proper name, abbreviation or metadata"
scanning,False,"Topic, technical term, proper name, abbreviation or metadata"
scans,False,"Topic, technical term, proper name, abbreviation or metadata"
scapular,False,"Topic, technical term, proper name, abbreviation or metadata"
scarce,True,General academic wording
scarcity,True,General academic wording
scarring,False,"Topic, technical term, proper name, abbreviation or metadata"
scars,False,"Topic, technical term, proper name, abbreviation or metadata"
scatter,True,General academic wording
scavenge,False,"Topic, technical term, proper name, abbreviation or metadata"
scavenging,False,"Topic, technical term, proper name, abbreviation or metadata"
scenarios,True,General academic wording
scene,True,General academic wording
scenes,True,General academic wording
scf,False,"Topic, technical term, proper name, abbreviation or metadata"
scfa,False,"Topic, technical term, proper name, abbreviation or metadata"
scfas,False,"Topic, technical term, proper name, abbreviation or metadata"
sch,False,"Topic, technical term, proper name, abbreviation or metadata"
schedules,True,General academic wording
scheduling,True,General academic wording
schema,True,General academic wording
scheme,True,General academic wording
schiff,False,"Topic, technical term, proper name, abbreviation or metadata"
scholar,True,General academic wording
scholarly,True,General academic wording
scholarship,True,General academic wording
schottky,False,"Topic, technical term, proper name, abbreviation or metadata"
schr,False,"Topic, technical term, proper name, abbreviation or metadata"
schwannoma,False,"Topic, technical term, proper name, abbreviation or metadata"
schwannomas,False,"Topic, technical term, proper name, abbreviation or metadata"
scielo,False,"Topic, technical term, proper name, abbreviation or metadata"
science,False,"Topic, technical term, proper name, abbreviation or metadata"
sciencedirect,False,"Topic, technical term, proper name, abbreviation or metadata"
sciences,True,General academic wording
scientific,True,General academic wording
scientifically,True,General academic wording
scintillation,False,"Topic, technical term, proper name, abbreviation or metadata"
scission,False,"Topic, technical term, proper name, abbreviation or metadata"
scl,False,"Topic, technical term, proper name, abbreviation or metadata"
sclc,False,"Topic, technical term, proper name, abbreviation or metadata"
sclera,False,"Topic, technical term, proper name, abbreviation or metadata"
scleral,False,"Topic, technical term, proper name, abbreviation or metadata"
scm,False,"Topic, technical term, proper name, abbreviation or metadata"
scn,False,"Topic, technical term, proper name, abbreviation or metadata"
scope,True,General academic wording
scoping,False,"Topic, technical term, proper name, abbreviation or metadata"
scopus,False,"Topic, technical term, proper name, abbreviation or metadata"
score,True,General academic wording
scores,False,"Topic, technical term, proper name, abbreviation or metadata"
scoring,False,"Topic, technical term, proper name, abbreviation or metadata"
scp,False,"Topic, technical term, proper name, abbreviation or metadata"
scr,False,"Topic, technical term, proper name, abbreviation or metadata"
screen,True,General academic wording
screened,True,General academic wording
screener,True,General academic wording
screening,False,"Topic, technical term, proper name, abbreviation or metadata"
screenings,True,General academic wording
script,True,General academic wording
scripts,True,General academic wording
scrna,False,"Topic, technical term, proper name, abbreviation or metadata"
scrotal,False,"Topic, technical term, proper name, abbreviation or metadata"
scrub,False,"Topic, technical term, proper name, abbreviation or metadata"
scrutinize,True,General academic wording
scrutinized,True,General academic wording
scrutinizing,True,General academic wording
scrutiny,True,General academic wording
scs,False,"Topic, technical term, proper name, abbreviation or metadata"
sct,False,"Topic, technical term, proper name, abbreviation or metadata"
scz,False,"Topic, technical term, proper name, abbreviation or metadata"
sdf,False,"Topic, technical term, proper name, abbreviation or metadata"
sdg,False,"Topic, technical term, proper name, abbreviation or metadata"
sdgs,False,"Topic, technical term, proper name, abbreviation or metadata"
sdh,False,"Topic, technical term, proper name, abbreviation or metadata"
sdi,False,"Topic, technical term, proper name, abbreviation or metadata"
sdm,False,"Topic, technical term, proper name, abbreviation or metadata"
sdoh,False,"Topic, technical term, proper name, abbreviation or metadata"
sdt,False,"Topic, technical term, proper name, abbreviation or metadata"
seahorse,False,"Topic, technical term, proper name, abbreviation or metadata"
sealer,False,"Topic, technical term, proper name, abbreviation or metadata"
sealing,False,"Topic, technical term, proper name, abbreviation or metadata"
seamless,True,General academic wording
seamlessly,True,General academic wording
search,True,General academic wording
searched,True,General academic wording
searches,False,"Topic, technical term, proper name, abbreviation or metadata"
seas,False,"Topic, technical term, proper name, abbreviation or metadata"
seasonal,False,"Topic, technical term, proper name, abbreviation or metadata"
seasonally,True,General academic wording
seated,False,"Topic, technical term, proper name, abbreviation or metadata"
seawater,False,"Topic, technical term, proper name, abbreviation or metadata"
seaweed,False,"Topic, technical term, proper name, abbreviation or metadata"
sebaceous,False,"Topic, technical term, proper name, abbreviation or metadata"
second,True,General academic wording
secondary,False,"Topic, technical term, proper name, abbreviation or metadata"
secondly,True,General academic wording
secret,False,"Topic, technical term, proper name, abbreviation or metadata"
secretion,False,"Topic, technical term, proper name, abbreviation or metadata"
section,True,General academic wording
sectional,False,"Topic, technical term, proper name, abbreviation or metadata"
sectionally,True,General academic wording
sectioned,True,General academic wording
sector,True,General academic wording
sectoral,True,General academic wording
secure,True,General academic wording
secured,True,General academic wording
securely,True,General academic wording
securing,True,General academic wording
security,True,General academic wording
sedation,False,"Topic, technical term, proper name, abbreviation or metadata"
sedimentary,False,"Topic, technical term, proper name, abbreviation or metadata"
seebeck,False,"Topic, technical term, proper name, abbreviation or metadata"
seed,False,"Topic, technical term, proper name, abbreviation or metadata"
seedling,False,"Topic, technical term, proper name, abbreviation or metadata"
seeking,True,General academic wording
seeks,True,General academic wording
segment,True,General academic wording
segmental,False,"Topic, technical term, proper name, abbreviation or metadata"
segmentation,True,General academic wording
segmentations,False,"Topic, technical term, proper name, abbreviation or metadata"
segmentectomy,False,"Topic, technical term, proper name, abbreviation or metadata"
segmented,True,General academic wording
segmenting,True,General academic wording
segregating,True,General academic wording
sei,False,"Topic, technical term, proper name, abbreviation or metadata"
seismic,False,"Topic, technical term, proper name, abbreviation or metadata"
select,True,General academic wording
selected,True,General academic wording
selecting,True,General academic wording
selection,True,General academic wording
selective,True,General academic wording
selectively,True,General academic wording
selectivity,True,General academic wording
selects,True,General academic wording
self,False,"Topic, technical term, proper name, abbreviation or metadata"
sem,False,"Topic, technical term, proper name, abbreviation or metadata"
semaglutide,False,"Topic, technical term, proper name, abbreviation or metadata"
semantic,False,"Topic, technical term, proper name, abbreviation or metadata"
semantically,True,General academic wording
semantics,True,General academic wording
semg,False,"Topic, technical term, proper name, abbreviation or metadata"
semi,True,General academic wording
semicircular,False,"Topic, technical term, proper name, abbreviation or metadata"
semiconductor,False,"Topic, technical term, proper name, abbreviation or metadata"
sen,False,"Topic, technical term, proper name, abbreviation or metadata"
send,True,General academic wording
senegal,False,"Topic, technical term, proper name, abbreviation or metadata"
senescence,False,"Topic, technical term, proper name, abbreviation or metadata"
senescent,False,"Topic, technical term, proper name, abbreviation or metadata"
seniors,False,"Topic, technical term, proper name, abbreviation or metadata"
senolytic,False,"Topic, technical term, proper name, abbreviation or metadata"
sensations,False,"Topic, technical term, proper name, abbreviation or metadata"
sensed,True,General academic wording
sensible,True,General academic wording
sensing,False,"Topic, technical term, proper name, abbreviation or metadata"
sensitive,False,"Topic, technical term, proper name, abbreviation or metadata"
sensitivity,False,"Topic, technical term, proper name, abbreviation or metadata"
sensitize,False,"Topic, technical term, proper name, abbreviation or metadata"
sensitizer,False,"Topic, technical term, proper name, abbreviation or metadata"
sensitizes,False,"Topic, technical term, proper name, abbreviation or metadata"
sensitizing,False,"Topic, technical term, proper name, abbreviation or metadata"
sensor,False,"Topic, technical term, proper name, abbreviation or metadata"
sensor's,False,"Topic, technical term, proper name, abbreviation or metadata"
sensorimotor,False,"Topic, technical term, proper name, abbreviation or metadata"
sensors,False,"Topic, technical term, proper name, abbreviation or metadata"
sensory,False,"Topic, technical term, proper name, abbreviation or metadata"
sentence,True,General academic wording
sentences,True,General academic wording
sentiment,True,General academic wording
sentiments,True,General academic wording
sep,False,"Topic, technical term, proper name, abbreviation or metadata"
separability,True,General academic wording
separable,True,General academic wording
separate,True,General academic wording
separately,True,General academic wording
separates,True,General academic wording
separation,False,"Topic, technical term, proper name, abbreviation or metadata"
separator,False,"Topic, technical term, proper name, abbreviation or metadata"
sepsis,False,"Topic, technical term, proper name, abbreviation or metadata"
september,False,"Topic, technical term, proper name, abbreviation or metadata"
septic,False,"Topic, technical term, proper name, abbreviation or metadata"
septicemia,False,"Topic, technical term, proper name, abbreviation or metadata"
seq,False,"Topic, technical term, proper name, abbreviation or metadata"
sequela,False,"Topic, technical term, proper name, abbreviation or metadata"
sequence,True,General academic wording
sequences,True,General academic wording
sequencing,False,"Topic, technical term, proper name, abbreviation or metadata"
sequential,True,General academic wording
sequentially,True,General academic wording
sequester,False,"Topic, technical term, proper name, abbreviation or metadata"
sequestering,False,"Topic, technical term, proper name, abbreviation or metadata"
sequestration,False,"Topic, technical term, proper name, abbreviation or metadata"
serbia,False,"Topic, technical term, proper name, abbreviation or metadata"
serial,False,"Topic, technical term, proper name, abbreviation or metadata"
series,True,General academic wording
serious,True,General academic wording
seriously,True,General academic wording
seroma,False,"Topic, technical term, proper name, abbreviation or metadata"
serotonergic,False,"Topic, technical term, proper name, abbreviation or metadata"
serrated,False,"Topic, technical term, proper name, abbreviation or metadata"
serratia,False,"Topic, technical term, proper name, abbreviation or metadata"
sers,False,"Topic, technical term, proper name, abbreviation or metadata"
sertraline,False,"Topic, technical term, proper name, abbreviation or metadata"
serve,True,General academic wording
served,True,General academic wording
serves,True,General academic wording
service,True,General academic wording
serving,True,General academic wording
sesame,False,"Topic, technical term, proper name, abbreviation or metadata"
sesquiterpene,False,"Topic, technical term, proper name, abbreviation or metadata"
sesquiterpenes,False,"Topic, technical term, proper name, abbreviation or metadata"
session,True,General academic wording
sessions,True,General academic wording
set,True,General academic wording
sets,True,General academic wording
settings,True,General academic wording
sev,False,"Topic, technical term, proper name, abbreviation or metadata"
seven,False,"Topic, technical term, proper name, abbreviation or metadata"
severe,True,General academic wording
severely,True,General academic wording
severity,True,General academic wording
sevoflurane,False,"Topic, technical term, proper name, abbreviation or metadata"
sevs,False,"Topic, technical term, proper name, abbreviation or metadata"
sex,False,"Topic, technical term, proper name, abbreviation or metadata"
sexes,False,"Topic, technical term, proper name, abbreviation or metadata"
sexual,False,"Topic, technical term, proper name, abbreviation or metadata"
sfa,False,"Topic, technical term, proper name, abbreviation or metadata"
sfr,False,"Topic, technical term, proper name, abbreviation or metadata"
sga,False,"Topic, technical term, proper name, abbreviation or metadata"
sgrna,False,"Topic, technical term, proper name, abbreviation or metadata"
sgs,False,"Topic, technical term, proper name, abbreviation or metadata"
shaanxi,False,"Topic, technical term, proper name, abbreviation or metadata"
shade,False,"Topic, technical term, proper name, abbreviation or metadata"
shadow,False,"Topic, technical term, proper name, abbreviation or metadata"
shake,False,"Topic, technical term, proper name, abbreviation or metadata"
shaking,False,"Topic, technical term, proper name, abbreviation or metadata"
shale,False,"Topic, technical term, proper name, abbreviation or metadata"
shame,False,"Topic, technical term, proper name, abbreviation or metadata"
shandong,False,"Topic, technical term, proper name, abbreviation or metadata"
shannon,False,"Topic, technical term, proper name, abbreviation or metadata"
shanxi,False,"Topic, technical term, proper name, abbreviation or metadata"
shap,False,"Topic, technical term, proper name, abbreviation or metadata"
shape,True,General academic wording
shaped,True,General academic wording
shapes,True,General academic wording
shaping,True,General academic wording
shapiro,False,"Topic, technical term, proper name, abbreviation or metadata"
shapley,False,"Topic, technical term, proper name, abbreviation or metadata"
shared,True,General academic wording
sharing,True,General academic wording
shark,False,"Topic, technical term, proper name, abbreviation or metadata"
sharper,True,General academic wording
sharply,True,General academic wording
sharpness,True,General academic wording
she,True,General academic wording
shear,False,"Topic, technical term, proper name, abbreviation or metadata"
sheaths,False,"Topic, technical term, proper name, abbreviation or metadata"
shed,True,General academic wording
shedding,True,General academic wording
sheds,True,General academic wording
shelf,False,"Topic, technical term, proper name, abbreviation or metadata"
shell,False,"Topic, technical term, proper name, abbreviation or metadata"
shellfish,False,"Topic, technical term, proper name, abbreviation or metadata"
shenzhen,False,"Topic, technical term, proper name, abbreviation or metadata"
shg,False,"Topic, technical term, proper name, abbreviation or metadata"
shield,True,General academic wording
shielded,True,General academic wording
shielding,True,General academic wording
shields,True,General academic wording
shift,True,General academic wording
shifted,True,General academic wording
shifting,True,General academic wording
shifts,True,General academic wording
shigella,False,"Topic, technical term, proper name, abbreviation or metadata"
shiny,False,"Topic, technical term, proper name, abbreviation or metadata"
shipping,False,"Topic, technical term, proper name, abbreviation or metadata"
shock,False,"Topic, technical term, proper name, abbreviation or metadata"
shore,False,"Topic, technical term, proper name, abbreviation or metadata"
short,True,General academic wording
shortages,True,General academic wording
shortcoming,True,General academic wording
shortened,True,General academic wording
shortens,True,General academic wording
shorter,True,General academic wording
shot,True,General academic wording
shotgun,False,"Topic, technical term, proper name, abbreviation or metadata"
shots,False,"Topic, technical term, proper name, abbreviation or metadata"
show,True,General academic wording
showcase,True,General academic wording
showcased,True,General academic wording
showcases,True,General academic wording
showcasing,True,General academic wording
showed,True,General academic wording
showing,True,General academic wording
shown,True,General academic wording
shows,True,General academic wording
shr,False,"Topic, technical term, proper name, abbreviation or metadata"
shrink,True,General academic wording
shrinkage,True,General academic wording
shrubs,False,"Topic, technical term, proper name, abbreviation or metadata"
shs,False,"Topic, technical term, proper name, abbreviation or metadata"
shunting,False,"Topic, technical term, proper name, abbreviation or metadata"
shunts,False,"Topic, technical term, proper name, abbreviation or metadata"
shuttle,False,"Topic, technical term, proper name, abbreviation or metadata"
shuttling,False,"Topic, technical term, proper name, abbreviation or metadata"
sialic,False,"Topic, technical term, proper name, abbreviation or metadata"
sib,False,"Topic, technical term, proper name, abbreviation or metadata"
sibs,False,"Topic, technical term, proper name, abbreviation or metadata"
sic,False,"Topic, technical term, proper name, abbreviation or metadata"
sich,False,"Topic, technical term, proper name, abbreviation or metadata"
sichuan,False,"Topic, technical term, proper name, abbreviation or metadata"
side,True,General academic wording
sided,False,"Topic, technical term, proper name, abbreviation or metadata"
siderophore,False,"Topic, technical term, proper name, abbreviation or metadata"
siderophores,False,"Topic, technical term, proper name, abbreviation or metadata"
siemens,False,"Topic, technical term, proper name, abbreviation or metadata"
sieving,False,"Topic, technical term, proper name, abbreviation or metadata"
signal,False,"Topic, technical term, proper name, abbreviation or metadata"
signaling,False,"Topic, technical term, proper name, abbreviation or metadata"
signalling,False,"Topic, technical term, proper name, abbreviation or metadata"
signals,False,"Topic, technical term, proper name, abbreviation or metadata"
signature,True,General academic wording
signatures,False,"Topic, technical term, proper name, abbreviation or metadata"
signed,False,"Topic, technical term, proper name, abbreviation or metadata"
significance,True,General academic wording
significant,True,General academic wording
significantly,True,General academic wording
signifies,True,General academic wording
signify,True,General academic wording
signifying,True,General academic wording
sii,False,"Topic, technical term, proper name, abbreviation or metadata"
silage,False,"Topic, technical term, proper name, abbreviation or metadata"
silane,False,"Topic, technical term, proper name, abbreviation or metadata"
silencing,False,"Topic, technical term, proper name, abbreviation or metadata"
silhouette,False,"Topic, technical term, proper name, abbreviation or metadata"
silicate,False,"Topic, technical term, proper name, abbreviation or metadata"
silico,False,"Topic, technical term, proper name, abbreviation or metadata"
silicon,False,"Topic, technical term, proper name, abbreviation or metadata"
silkworm,False,"Topic, technical term, proper name, abbreviation or metadata"
sim,False,"Topic, technical term, proper name, abbreviation or metadata"
similarity,True,General academic wording
similarly,True,General academic wording
simple,True,General academic wording
simplest,True,General academic wording
simplicity,True,General academic wording
simplification,True,General academic wording
simplified,True,General academic wording
simplifies,True,General academic wording
simplify,True,General academic wording
simplifying,True,General academic wording
simplistic,True,General academic wording
simply,True,General academic wording
simpson,False,"Topic, technical term, proper name, abbreviation or metadata"
simulate,True,General academic wording
simulated,True,General academic wording
simulates,True,General academic wording
simulating,True,General academic wording
simulation,True,General academic wording
simulations,False,"Topic, technical term, proper name, abbreviation or metadata"
simulators,False,"Topic, technical term, proper name, abbreviation or metadata"
simultaneous,True,General academic wording
simultaneously,True,General academic wording
sin,False,"Topic, technical term, proper name, abbreviation or metadata"
sine,False,"Topic, technical term, proper name, abbreviation or metadata"
sinensis,False,"Topic, technical term, proper name, abbreviation or metadata"
singing,False,"Topic, technical term, proper name, abbreviation or metadata"
single,True,General academic wording
sink,False,"Topic, technical term, proper name, abbreviation or metadata"
sinks,False,"Topic, technical term, proper name, abbreviation or metadata"
sinomed,False,"Topic, technical term, proper name, abbreviation or metadata"
sinonasal,False,"Topic, technical term, proper name, abbreviation or metadata"
sintered,False,"Topic, technical term, proper name, abbreviation or metadata"
sinusitis,False,"Topic, technical term, proper name, abbreviation or metadata"
sinusoidal,False,"Topic, technical term, proper name, abbreviation or metadata"
siri,False,"Topic, technical term, proper name, abbreviation or metadata"
sirnas,False,"Topic, technical term, proper name, abbreviation or metadata"
sis,False,"Topic, technical term, proper name, abbreviation or metadata"
sit,False,"Topic, technical term, proper name, abbreviation or metadata"
site,False,"Topic, technical term, proper name, abbreviation or metadata"
sites,True,General academic wording
sitosterol,False,"Topic, technical term, proper name, abbreviation or metadata"
situ,False,"Topic, technical term, proper name, abbreviation or metadata"
situating,True,General academic wording
situational,True,General academic wording
six,False,"Topic, technical term, proper name, abbreviation or metadata"
sizable,True,General academic wording
size,True,General academic wording
sizes,False,"Topic, technical term, proper name, abbreviation or metadata"
sizing,True,General academic wording
skeletal,False,"Topic, technical term, proper name, abbreviation or metadata"
skeletally,False,"Topic, technical term, proper name, abbreviation or metadata"
skeletons,False,"Topic, technical term, proper name, abbreviation or metadata"
skepticism,True,General academic wording
skew,True,General academic wording
skewed,True,General academic wording
skill,True,General academic wording
skills,True,General academic wording
skin,False,"Topic, technical term, proper name, abbreviation or metadata"
skincare,False,"Topic, technical term, proper name, abbreviation or metadata"
skip,True,General academic wording
skipping,True,General academic wording
sla,False,"Topic, technical term, proper name, abbreviation or metadata"
slab,False,"Topic, technical term, proper name, abbreviation or metadata"
slag,False,"Topic, technical term, proper name, abbreviation or metadata"
sld,False,"Topic, technical term, proper name, abbreviation or metadata"
sleep,False,"Topic, technical term, proper name, abbreviation or metadata"
sleeve,False,"Topic, technical term, proper name, abbreviation or metadata"
slicer,False,"Topic, technical term, proper name, abbreviation or metadata"
slide,False,"Topic, technical term, proper name, abbreviation or metadata"
slight,True,General academic wording
slm,False,"Topic, technical term, proper name, abbreviation or metadata"
sln,False,"Topic, technical term, proper name, abbreviation or metadata"
slns,False,"Topic, technical term, proper name, abbreviation or metadata"
slope,True,General academic wording
slot,False,"Topic, technical term, proper name, abbreviation or metadata"
slow,True,General academic wording
slowed,True,General academic wording
slower,True,General academic wording
slows,True,General academic wording
slr,False,"Topic, technical term, proper name, abbreviation or metadata"
sls,False,"Topic, technical term, proper name, abbreviation or metadata"
sluggish,True,General academic wording
slurry,False,"Topic, technical term, proper name, abbreviation or metadata"
smad,False,"Topic, technical term, proper name, abbreviation or metadata"
small,True,General academic wording
smaller,True,General academic wording
smallpox,False,"Topic, technical term, proper name, abbreviation or metadata"
smart,True,General academic wording
smartphone,False,"Topic, technical term, proper name, abbreviation or metadata"
smc,False,"Topic, technical term, proper name, abbreviation or metadata"
smd,False,"Topic, technical term, proper name, abbreviation or metadata"
smds,False,"Topic, technical term, proper name, abbreviation or metadata"
smi,False,"Topic, technical term, proper name, abbreviation or metadata"
smile,False,"Topic, technical term, proper name, abbreviation or metadata"
smiles,False,"Topic, technical term, proper name, abbreviation or metadata"
smirnov,False,"Topic, technical term, proper name, abbreviation or metadata"
smith,False,"Topic, technical term, proper name, abbreviation or metadata"
smm,False,"Topic, technical term, proper name, abbreviation or metadata"
smooth,True,General academic wording
smoothed,True,General academic wording
smoother,True,General academic wording
smoothing,True,General academic wording
smoothly,True,General academic wording
smoothness,True,General academic wording
smote,False,"Topic, technical term, proper name, abbreviation or metadata"
smr,False,"Topic, technical term, proper name, abbreviation or metadata"
sms,False,"Topic, technical term, proper name, abbreviation or metadata"
smx,False,"Topic, technical term, proper name, abbreviation or metadata"
snacks,False,"Topic, technical term, proper name, abbreviation or metadata"
snails,False,"Topic, technical term, proper name, abbreviation or metadata"
snapshots,True,General academic wording
snare,False,"Topic, technical term, proper name, abbreviation or metadata"
sne,False,"Topic, technical term, proper name, abbreviation or metadata"
snf,False,"Topic, technical term, proper name, abbreviation or metadata"
snoring,False,"Topic, technical term, proper name, abbreviation or metadata"
snow,False,"Topic, technical term, proper name, abbreviation or metadata"
snowball,False,"Topic, technical term, proper name, abbreviation or metadata"
snrna,False,"Topic, technical term, proper name, abbreviation or metadata"
sns,False,"Topic, technical term, proper name, abbreviation or metadata"
snv,False,"Topic, technical term, proper name, abbreviation or metadata"
snvs,False,"Topic, technical term, proper name, abbreviation or metadata"
soaking,False,"Topic, technical term, proper name, abbreviation or metadata"
soap,False,"Topic, technical term, proper name, abbreviation or metadata"
social,True,General academic wording
societal,True,General academic wording
society,True,General academic wording
sociocultural,False,"Topic, technical term, proper name, abbreviation or metadata"
sociodemographic,False,"Topic, technical term, proper name, abbreviation or metadata"
sociodemographics,False,"Topic, technical term, proper name, abbreviation or metadata"
socioecological,False,"Topic, technical term, proper name, abbreviation or metadata"
socioeconomic,False,"Topic, technical term, proper name, abbreviation or metadata"
socioeconomically,False,"Topic, technical term, proper name, abbreviation or metadata"
socioemotional,False,"Topic, technical term, proper name, abbreviation or metadata"
socket,False,"Topic, technical term, proper name, abbreviation or metadata"
sod,False,"Topic, technical term, proper name, abbreviation or metadata"
sodium,False,"Topic, technical term, proper name, abbreviation or metadata"
soft,True,General academic wording
softening,False,"Topic, technical term, proper name, abbreviation or metadata"
softer,False,"Topic, technical term, proper name, abbreviation or metadata"
softness,False,"Topic, technical term, proper name, abbreviation or metadata"
software,True,General academic wording
soil,False,"Topic, technical term, proper name, abbreviation or metadata"
soils,False,"Topic, technical term, proper name, abbreviation or metadata"
solani,False,"Topic, technical term, proper name, abbreviation or metadata"
solanum,False,"Topic, technical term, proper name, abbreviation or metadata"
solar,False,"Topic, technical term, proper name, abbreviation or metadata"
soldier,False,"Topic, technical term, proper name, abbreviation or metadata"
soldiers,False,"Topic, technical term, proper name, abbreviation or metadata"
solely,True,General academic wording
solid,False,"Topic, technical term, proper name, abbreviation or metadata"
solidarity,True,General academic wording
solidification,False,"Topic, technical term, proper name, abbreviation or metadata"
soliton,False,"Topic, technical term, proper name, abbreviation or metadata"
solubility,False,"Topic, technical term, proper name, abbreviation or metadata"
solubilized,False,"Topic, technical term, proper name, abbreviation or metadata"
solubilizing,False,"Topic, technical term, proper name, abbreviation or metadata"
soluble,False,"Topic, technical term, proper name, abbreviation or metadata"
solution,True,General academic wording
solutions,True,General academic wording
solvated,False,"Topic, technical term, proper name, abbreviation or metadata"
solvation,False,"Topic, technical term, proper name, abbreviation or metadata"
solve,True,General academic wording
solvent,False,"Topic, technical term, proper name, abbreviation or metadata"
solvents,False,"Topic, technical term, proper name, abbreviation or metadata"
solver,True,General academic wording
solves,True,General academic wording
solving,True,General academic wording
som,False,"Topic, technical term, proper name, abbreviation or metadata"
somalia,False,"Topic, technical term, proper name, abbreviation or metadata"
somatostatin,False,"Topic, technical term, proper name, abbreviation or metadata"
something,True,General academic wording
song,False,"Topic, technical term, proper name, abbreviation or metadata"
sonodynamic,False,"Topic, technical term, proper name, abbreviation or metadata"
sonographic,False,"Topic, technical term, proper name, abbreviation or metadata"
sons,False,"Topic, technical term, proper name, abbreviation or metadata"
sorbent,False,"Topic, technical term, proper name, abbreviation or metadata"
sorbents,False,"Topic, technical term, proper name, abbreviation or metadata"
sorbitol,False,"Topic, technical term, proper name, abbreviation or metadata"
soreness,False,"Topic, technical term, proper name, abbreviation or metadata"
sorption,False,"Topic, technical term, proper name, abbreviation or metadata"
sos,False,"Topic, technical term, proper name, abbreviation or metadata"
sota,False,"Topic, technical term, proper name, abbreviation or metadata"
sour,False,"Topic, technical term, proper name, abbreviation or metadata"
source,True,General academic wording
sourced,False,"Topic, technical term, proper name, abbreviation or metadata"
sources,True,General academic wording
sourcing,True,General academic wording
southern,False,"Topic, technical term, proper name, abbreviation or metadata"
sowing,False,"Topic, technical term, proper name, abbreviation or metadata"
sows,False,"Topic, technical term, proper name, abbreviation or metadata"
soybeans,False,"Topic, technical term, proper name, abbreviation or metadata"
space,True,General academic wording
spaced,True,General academic wording
spaceflight,False,"Topic, technical term, proper name, abbreviation or metadata"
spacers,False,"Topic, technical term, proper name, abbreviation or metadata"
spaces,True,General academic wording
spacing,True,General academic wording
span,True,General academic wording
spanned,True,General academic wording
spanning,True,General academic wording
spans,True,General academic wording
sparing,False,"Topic, technical term, proper name, abbreviation or metadata"
sparked,True,General academic wording
sparse,False,"Topic, technical term, proper name, abbreviation or metadata"
sparsity,True,General academic wording
spasm,False,"Topic, technical term, proper name, abbreviation or metadata"
spasms,False,"Topic, technical term, proper name, abbreviation or metadata"
spasticity,False,"Topic, technical term, proper name, abbreviation or metadata"
spatial,False,"Topic, technical term, proper name, abbreviation or metadata"
spatially,False,"Topic, technical term, proper name, abbreviation or metadata"
spatiotemporal,False,"Topic, technical term, proper name, abbreviation or metadata"
spatiotemporally,False,"Topic, technical term, proper name, abbreviation or metadata"
spawning,True,General academic wording
spc,False,"Topic, technical term, proper name, abbreviation or metadata"
spd,False,"Topic, technical term, proper name, abbreviation or metadata"
spe,False,"Topic, technical term, proper name, abbreviation or metadata"
speaker,False,"Topic, technical term, proper name, abbreviation or metadata"
spearman,False,"Topic, technical term, proper name, abbreviation or metadata"
spearman's,False,"Topic, technical term, proper name, abbreviation or metadata"
specialist,False,"Topic, technical term, proper name, abbreviation or metadata"
specialists,False,"Topic, technical term, proper name, abbreviation or metadata"
specialization,True,General academic wording
specialized,False,"Topic, technical term, proper name, abbreviation or metadata"
specializing,True,General academic wording
species,False,"Topic, technical term, proper name, abbreviation or metadata"
specific,True,General academic wording
specifically,True,General academic wording
specificity,False,"Topic, technical term, proper name, abbreviation or metadata"
specifics,True,General academic wording
specified,True,General academic wording
spectacle,False,"Topic, technical term, proper name, abbreviation or metadata"
spectra,False,"Topic, technical term, proper name, abbreviation or metadata"
spectral,False,"Topic, technical term, proper name, abbreviation or metadata"
spectrally,False,"Topic, technical term, proper name, abbreviation or metadata"
spectrometers,False,"Topic, technical term, proper name, abbreviation or metadata"
spectrometry,False,"Topic, technical term, proper name, abbreviation or metadata"
spectroscopic,False,"Topic, technical term, proper name, abbreviation or metadata"
spectroscopies,False,"Topic, technical term, proper name, abbreviation or metadata"
spectroscopy,False,"Topic, technical term, proper name, abbreviation or metadata"
spectrum,False,"Topic, technical term, proper name, abbreviation or metadata"
speculative,True,General academic wording
speech,False,"Topic, technical term, proper name, abbreviation or metadata"
speed,True,General academic wording
speeding,True,General academic wording
spending,False,"Topic, technical term, proper name, abbreviation or metadata"
spermatogenic,False,"Topic, technical term, proper name, abbreviation or metadata"
spermidine,False,"Topic, technical term, proper name, abbreviation or metadata"
spf,False,"Topic, technical term, proper name, abbreviation or metadata"
sphenoid,False,"Topic, technical term, proper name, abbreviation or metadata"
sphericity,False,"Topic, technical term, proper name, abbreviation or metadata"
spheroid,False,"Topic, technical term, proper name, abbreviation or metadata"
spheroids,False,"Topic, technical term, proper name, abbreviation or metadata"
sphingolipid,False,"Topic, technical term, proper name, abbreviation or metadata"
sphingolipids,False,"Topic, technical term, proper name, abbreviation or metadata"
sphingomonas,False,"Topic, technical term, proper name, abbreviation or metadata"
sphingomyelin,False,"Topic, technical term, proper name, abbreviation or metadata"
sphingosine,False,"Topic, technical term, proper name, abbreviation or metadata"
spi,False,"Topic, technical term, proper name, abbreviation or metadata"
spiders,False,"Topic, technical term, proper name, abbreviation or metadata"
spillover,True,General academic wording
spin,False,"Topic, technical term, proper name, abbreviation or metadata"
spina,False,"Topic, technical term, proper name, abbreviation or metadata"
spinae,False,"Topic, technical term, proper name, abbreviation or metadata"
spinal,False,"Topic, technical term, proper name, abbreviation or metadata"
spine,False,"Topic, technical term, proper name, abbreviation or metadata"
spinel,False,"Topic, technical term, proper name, abbreviation or metadata"
spinning,False,"Topic, technical term, proper name, abbreviation or metadata"
spinocerebellar,False,"Topic, technical term, proper name, abbreviation or metadata"
spins,False,"Topic, technical term, proper name, abbreviation or metadata"
spintronic,False,"Topic, technical term, proper name, abbreviation or metadata"
spintronics,False,"Topic, technical term, proper name, abbreviation or metadata"
spiny,False,"Topic, technical term, proper name, abbreviation or metadata"
spirit,True,General academic wording
spiro,False,"Topic, technical term, proper name, abbreviation or metadata"
spirulina,False,"Topic, technical term, proper name, abbreviation or metadata"
splenectomy,False,"Topic, technical term, proper name, abbreviation or metadata"
splenomegaly,False,"Topic, technical term, proper name, abbreviation or metadata"
spliceosome,False,"Topic, technical term, proper name, abbreviation or metadata"
spline,False,"Topic, technical term, proper name, abbreviation or metadata"
splines,False,"Topic, technical term, proper name, abbreviation or metadata"
splint,False,"Topic, technical term, proper name, abbreviation or metadata"
split,False,"Topic, technical term, proper name, abbreviation or metadata"
splits,True,General academic wording
splitting,True,General academic wording
spm,False,"Topic, technical term, proper name, abbreviation or metadata"
spme,False,"Topic, technical term, proper name, abbreviation or metadata"
spodoptera,False,"Topic, technical term, proper name, abbreviation or metadata"
spoilage,False,"Topic, technical term, proper name, abbreviation or metadata"
spoke,True,General academic wording
spoken,True,General academic wording
spondyloarthritis,False,"Topic, technical term, proper name, abbreviation or metadata"
spondylolisthesis,False,"Topic, technical term, proper name, abbreviation or metadata"
spontaneous,True,General academic wording
sporadically,True,General academic wording
sportdiscus,False,"Topic, technical term, proper name, abbreviation or metadata"
sports,False,"Topic, technical term, proper name, abbreviation or metadata"
sporulation,False,"Topic, technical term, proper name, abbreviation or metadata"
spotlight,True,General academic wording
spotted,True,General academic wording
spousal,False,"Topic, technical term, proper name, abbreviation or metadata"
spouse,False,"Topic, technical term, proper name, abbreviation or metadata"
spouses,False,"Topic, technical term, proper name, abbreviation or metadata"
sppb,False,"Topic, technical term, proper name, abbreviation or metadata"
spr,False,"Topic, technical term, proper name, abbreviation or metadata"
sprayed,False,"Topic, technical term, proper name, abbreviation or metadata"
spraying,False,"Topic, technical term, proper name, abbreviation or metadata"
spreadsheet,False,"Topic, technical term, proper name, abbreviation or metadata"
springs,False,"Topic, technical term, proper name, abbreviation or metadata"
sprouting,False,"Topic, technical term, proper name, abbreviation or metadata"
spss,False,"Topic, technical term, proper name, abbreviation or metadata"
spt,False,"Topic, technical term, proper name, abbreviation or metadata"
spurious,True,General academic wording
spurred,True,General academic wording
sputtering,False,"Topic, technical term, proper name, abbreviation or metadata"
squamous,False,"Topic, technical term, proper name, abbreviation or metadata"
square,True,General academic wording
squared,True,General academic wording
squares,True,General academic wording
squat,False,"Topic, technical term, proper name, abbreviation or metadata"
squeeze,False,"Topic, technical term, proper name, abbreviation or metadata"
squid,False,"Topic, technical term, proper name, abbreviation or metadata"
srebp,False,"Topic, technical term, proper name, abbreviation or metadata"
srf,False,"Topic, technical term, proper name, abbreviation or metadata"
srh,False,"Topic, technical term, proper name, abbreviation or metadata"
srm,False,"Topic, technical term, proper name, abbreviation or metadata"
srmr,False,"Topic, technical term, proper name, abbreviation or metadata"
srs,False,"Topic, technical term, proper name, abbreviation or metadata"
srt,False,"Topic, technical term, proper name, abbreviation or metadata"
ssa,False,"Topic, technical term, proper name, abbreviation or metadata"
ssd,False,"Topic, technical term, proper name, abbreviation or metadata"
ssdna,False,"Topic, technical term, proper name, abbreviation or metadata"
sse,False,"Topic, technical term, proper name, abbreviation or metadata"
ssgsea,False,"Topic, technical term, proper name, abbreviation or metadata"
ssi,False,"Topic, technical term, proper name, abbreviation or metadata"
ssim,False,"Topic, technical term, proper name, abbreviation or metadata"
ssis,False,"Topic, technical term, proper name, abbreviation or metadata"
ssl,False,"Topic, technical term, proper name, abbreviation or metadata"
ssp,False,"Topic, technical term, proper name, abbreviation or metadata"
ssri,False,"Topic, technical term, proper name, abbreviation or metadata"
ssris,False,"Topic, technical term, proper name, abbreviation or metadata"
sss,False,"Topic, technical term, proper name, abbreviation or metadata"
sst,False,"Topic, technical term, proper name, abbreviation or metadata"
stabilisation,True,General academic wording
stabilised,True,General academic wording
stability,True,General academic wording
stabilization,True,General academic wording
stabilize,True,General academic wording
stabilized,True,General academic wording
stabilizer,False,"Topic, technical term, proper name, abbreviation or metadata"
stabilizers,False,"Topic, technical term, proper name, abbreviation or metadata"
stabilizes,True,General academic wording
stabilizing,True,General academic wording
stable,True,General academic wording
stack,True,General academic wording
stacked,True,General academic wording
stacking,True,General academic wording
stacks,True,General academic wording
staffing,False,"Topic, technical term, proper name, abbreviation or metadata"
stage,False,"Topic, technical term, proper name, abbreviation or metadata"
staged,False,"Topic, technical term, proper name, abbreviation or metadata"
stages,True,General academic wording
staggered,True,General academic wording
staging,False,"Topic, technical term, proper name, abbreviation or metadata"
stagnant,True,General academic wording
stagnation,True,General academic wording
staining,False,"Topic, technical term, proper name, abbreviation or metadata"
stakeholder,True,General academic wording
stakeholders,True,General academic wording
stakes,True,General academic wording
stalled,True,General academic wording
standalone,False,"Topic, technical term, proper name, abbreviation or metadata"
standard,True,General academic wording
standardisation,True,General academic wording
standardise,True,General academic wording
standardised,True,General academic wording
standardization,True,General academic wording
standardize,True,General academic wording
standardized,True,General academic wording
standardizing,True,General academic wording
standards,True,General academic wording
standing,True,General academic wording
standpoint,True,General academic wording
stands,True,General academic wording
staphylococcus,False,"Topic, technical term, proper name, abbreviation or metadata"
staple,True,General academic wording
starch,False,"Topic, technical term, proper name, abbreviation or metadata"
starches,False,"Topic, technical term, proper name, abbreviation or metadata"
stark,True,General academic wording
stars,False,"Topic, technical term, proper name, abbreviation or metadata"
starting,True,General academic wording
stasis,False,"Topic, technical term, proper name, abbreviation or metadata"
stata,False,"Topic, technical term, proper name, abbreviation or metadata"
state,True,General academic wording
statement,True,General academic wording
statements,True,General academic wording
statementwhat,False,"Topic, technical term, proper name, abbreviation or metadata"
states,True,General academic wording
static,False,"Topic, technical term, proper name, abbreviation or metadata"
stating,True,General academic wording
statistical,False,"Topic, technical term, proper name, abbreviation or metadata"
statistically,False,"Topic, technical term, proper name, abbreviation or metadata"
statistics,False,"Topic, technical term, proper name, abbreviation or metadata"
status,True,General academic wording
statuses,True,General academic wording
statutory,True,General academic wording
stays,True,General academic wording
ste,False,"Topic, technical term, proper name, abbreviation or metadata"
stealth,False,"Topic, technical term, proper name, abbreviation or metadata"
steatosis,False,"Topic, technical term, proper name, abbreviation or metadata"
steatotic,False,"Topic, technical term, proper name, abbreviation or metadata"
steep,True,General academic wording
steeper,True,General academic wording
steepest,True,General academic wording
steer,True,General academic wording
steering,True,General academic wording
stellate,False,"Topic, technical term, proper name, abbreviation or metadata"
stem,True,General academic wording
stemmed,True,General academic wording
stemming,True,General academic wording
stemness,False,"Topic, technical term, proper name, abbreviation or metadata"
stems,True,General academic wording
stenosis,False,"Topic, technical term, proper name, abbreviation or metadata"
stenotrophomonas,False,"Topic, technical term, proper name, abbreviation or metadata"
step,True,General academic wording
stepping,True,General academic wording
steps,True,General academic wording
stepwise,False,"Topic, technical term, proper name, abbreviation or metadata"
stereo,False,"Topic, technical term, proper name, abbreviation or metadata"
stereochemical,False,"Topic, technical term, proper name, abbreviation or metadata"
stereochemistry,False,"Topic, technical term, proper name, abbreviation or metadata"
stereoselective,False,"Topic, technical term, proper name, abbreviation or metadata"
stereoselectivity,False,"Topic, technical term, proper name, abbreviation or metadata"
stereotyped,True,General academic wording
stereotypes,True,General academic wording
steric,False,"Topic, technical term, proper name, abbreviation or metadata"
sterically,False,"Topic, technical term, proper name, abbreviation or metadata"
sternal,False,"Topic, technical term, proper name, abbreviation or metadata"
sternotomy,False,"Topic, technical term, proper name, abbreviation or metadata"
sternum,False,"Topic, technical term, proper name, abbreviation or metadata"
steroidogenesis,False,"Topic, technical term, proper name, abbreviation or metadata"
steroidogenic,False,"Topic, technical term, proper name, abbreviation or metadata"
steroids,False,"Topic, technical term, proper name, abbreviation or metadata"
sterols,False,"Topic, technical term, proper name, abbreviation or metadata"
stewardship,False,"Topic, technical term, proper name, abbreviation or metadata"
sticky,False,"Topic, technical term, proper name, abbreviation or metadata"
stiffening,False,"Topic, technical term, proper name, abbreviation or metadata"
stiffer,False,"Topic, technical term, proper name, abbreviation or metadata"
stiffness,False,"Topic, technical term, proper name, abbreviation or metadata"
stigma,False,"Topic, technical term, proper name, abbreviation or metadata"
stigmatization,False,"Topic, technical term, proper name, abbreviation or metadata"
stigmatizing,False,"Topic, technical term, proper name, abbreviation or metadata"
still,True,General academic wording
stillbirth,False,"Topic, technical term, proper name, abbreviation or metadata"
stillbirths,False,"Topic, technical term, proper name, abbreviation or metadata"
stimulant,False,"Topic, technical term, proper name, abbreviation or metadata"
stimulants,False,"Topic, technical term, proper name, abbreviation or metadata"
stimulation,False,"Topic, technical term, proper name, abbreviation or metadata"
stimulator,False,"Topic, technical term, proper name, abbreviation or metadata"
stimuli,False,"Topic, technical term, proper name, abbreviation or metadata"
sting,False,"Topic, technical term, proper name, abbreviation or metadata"
stir,False,"Topic, technical term, proper name, abbreviation or metadata"
stirring,False,"Topic, technical term, proper name, abbreviation or metadata"
stis,False,"Topic, technical term, proper name, abbreviation or metadata"
stl,False,"Topic, technical term, proper name, abbreviation or metadata"
stm,False,"Topic, technical term, proper name, abbreviation or metadata"
stn,False,"Topic, technical term, proper name, abbreviation or metadata"
stochastic,False,"Topic, technical term, proper name, abbreviation or metadata"
stochasticity,False,"Topic, technical term, proper name, abbreviation or metadata"
stockholm,False,"Topic, technical term, proper name, abbreviation or metadata"
stoichiometric,False,"Topic, technical term, proper name, abbreviation or metadata"
stoichiometry,False,"Topic, technical term, proper name, abbreviation or metadata"
stokes,False,"Topic, technical term, proper name, abbreviation or metadata"
stoma,False,"Topic, technical term, proper name, abbreviation or metadata"
stomata,False,"Topic, technical term, proper name, abbreviation or metadata"
stomatal,False,"Topic, technical term, proper name, abbreviation or metadata"
stomatitis,False,"Topic, technical term, proper name, abbreviation or metadata"
stones,False,"Topic, technical term, proper name, abbreviation or metadata"
stood,True,General academic wording
stools,False,"Topic, technical term, proper name, abbreviation or metadata"
stops,True,General academic wording
storage,True,General academic wording
storms,False,"Topic, technical term, proper name, abbreviation or metadata"
storytelling,True,General academic wording
str,False,"Topic, technical term, proper name, abbreviation or metadata"
straightforward,True,General academic wording
strain,True,General academic wording
strains,False,"Topic, technical term, proper name, abbreviation or metadata"
strait,False,"Topic, technical term, proper name, abbreviation or metadata"
strata,False,"Topic, technical term, proper name, abbreviation or metadata"
strategic,True,General academic wording
strategically,True,General academic wording
strategies,True,General academic wording
strategy,True,General academic wording
stratification,False,"Topic, technical term, proper name, abbreviation or metadata"
stratified,False,"Topic, technical term, proper name, abbreviation or metadata"
stratifies,True,General academic wording
stratifying,True,General academic wording
stratum,True,General academic wording
strawberries,False,"Topic, technical term, proper name, abbreviation or metadata"
strawberry,False,"Topic, technical term, proper name, abbreviation or metadata"
streaming,False,"Topic, technical term, proper name, abbreviation or metadata"
streamline,True,General academic wording
streamlined,True,General academic wording
streamlines,True,General academic wording
streamlining,True,General academic wording
street,False,"Topic, technical term, proper name, abbreviation or metadata"
strength,True,General academic wording
strengthen,True,General academic wording
strengthened,True,General academic wording
strengthening,True,General academic wording
strengthens,True,General academic wording
strengths,True,General academic wording
streptococcal,False,"Topic, technical term, proper name, abbreviation or metadata"
streptococcus,False,"Topic, technical term, proper name, abbreviation or metadata"
stress,False,"Topic, technical term, proper name, abbreviation or metadata"
stresses,False,"Topic, technical term, proper name, abbreviation or metadata"
stressing,True,General academic wording
stressors,False,"Topic, technical term, proper name, abbreviation or metadata"
stretchability,False,"Topic, technical term, proper name, abbreviation or metadata"
stretchable,False,"Topic, technical term, proper name, abbreviation or metadata"
strict,True,General academic wording
stricter,True,General academic wording
strictly,True,General academic wording
stricto,False,"Topic, technical term, proper name, abbreviation or metadata"
strides,True,General academic wording
strike,False,"Topic, technical term, proper name, abbreviation or metadata"
stringency,True,General academic wording
stringent,True,General academic wording
strings,False,"Topic, technical term, proper name, abbreviation or metadata"
stripe,False,"Topic, technical term, proper name, abbreviation or metadata"
stripping,False,"Topic, technical term, proper name, abbreviation or metadata"
strips,False,"Topic, technical term, proper name, abbreviation or metadata"
strive,True,General academic wording
striving,True,General academic wording
strobe,False,"Topic, technical term, proper name, abbreviation or metadata"
stroke,False,"Topic, technical term, proper name, abbreviation or metadata"
stromal,False,"Topic, technical term, proper name, abbreviation or metadata"
strong,True,General academic wording
stronger,True,General academic wording
strongest,True,General academic wording
strongly,True,General academic wording
structural,True,General academic wording
structurally,True,General academic wording
structure,True,General academic wording
structured,True,General academic wording
structures,True,General academic wording
structuring,True,General academic wording
struggle,True,General academic wording
struggled,True,General academic wording
struggles,True,General academic wording
student,False,"Topic, technical term, proper name, abbreviation or metadata"
students,False,"Topic, technical term, proper name, abbreviation or metadata"
studies,True,General academic wording
studio,False,"Topic, technical term, proper name, abbreviation or metadata"
study,True,General academic wording
study's,False,"Topic, technical term, proper name, abbreviation or metadata"
studying,True,General academic wording
stunted,False,"Topic, technical term, proper name, abbreviation or metadata"
stunting,False,"Topic, technical term, proper name, abbreviation or metadata"
sua,False,"Topic, technical term, proper name, abbreviation or metadata"
sub,False,"Topic, technical term, proper name, abbreviation or metadata"
subanalysis,True,General academic wording
subcategories,True,General academic wording
subclass,True,General academic wording
subclasses,True,General academic wording
subclavian,False,"Topic, technical term, proper name, abbreviation or metadata"
subclinical,False,"Topic, technical term, proper name, abbreviation or metadata"
subcutaneous,False,"Topic, technical term, proper name, abbreviation or metadata"
subdistribution,False,"Topic, technical term, proper name, abbreviation or metadata"
subdomain,True,General academic wording
subdomains,True,General academic wording
subepithelial,False,"Topic, technical term, proper name, abbreviation or metadata"
subfamilies,False,"Topic, technical term, proper name, abbreviation or metadata"
subfoveal,False,"Topic, technical term, proper name, abbreviation or metadata"
subgenus,False,"Topic, technical term, proper name, abbreviation or metadata"
subgingival,False,"Topic, technical term, proper name, abbreviation or metadata"
subgroup,False,"Topic, technical term, proper name, abbreviation or metadata"
subgroups,False,"Topic, technical term, proper name, abbreviation or metadata"
subject,True,General academic wording
subjected,True,General academic wording
subjecting,True,General academic wording
subjective,True,General academic wording
subjectivity,True,General academic wording
sublethal,False,"Topic, technical term, proper name, abbreviation or metadata"
sublingual,False,"Topic, technical term, proper name, abbreviation or metadata"
subluxation,False,"Topic, technical term, proper name, abbreviation or metadata"
submandibular,False,"Topic, technical term, proper name, abbreviation or metadata"
submerged,False,"Topic, technical term, proper name, abbreviation or metadata"
submicron,False,"Topic, technical term, proper name, abbreviation or metadata"
submission,True,General academic wording
submissions,True,General academic wording
subnational,True,General academic wording
suboptimal,True,General academic wording
subregion,True,General academic wording
subregions,True,General academic wording
subsequent,True,General academic wording
subsequently,True,General academic wording
subset,True,General academic wording
subsets,True,General academic wording
subsided,True,General academic wording
subsidence,False,"Topic, technical term, proper name, abbreviation or metadata"
subsidies,False,"Topic, technical term, proper name, abbreviation or metadata"
subspace,False,"Topic, technical term, proper name, abbreviation or metadata"
subspecialties,False,"Topic, technical term, proper name, abbreviation or metadata"
subspecialty,False,"Topic, technical term, proper name, abbreviation or metadata"
substance,True,General academic wording
substances,False,"Topic, technical term, proper name, abbreviation or metadata"
substantial,True,General academic wording
substantially,True,General academic wording
substantiate,True,General academic wording
substantiated,True,General academic wording
substantive,True,General academic wording
substituted,True,General academic wording
substitutes,True,General academic wording
substituting,True,General academic wording
substitution,False,"Topic, technical term, proper name, abbreviation or metadata"
substrate,False,"Topic, technical term, proper name, abbreviation or metadata"
substrates,False,"Topic, technical term, proper name, abbreviation or metadata"
substructures,True,General academic wording
substudy,True,General academic wording
subsystem,True,General academic wording
subsystems,True,General academic wording
subthalamic,False,"Topic, technical term, proper name, abbreviation or metadata"
subthemes,True,General academic wording
subthreshold,False,"Topic, technical term, proper name, abbreviation or metadata"
subtilisin,False,"Topic, technical term, proper name, abbreviation or metadata"
subtle,True,General academic wording
subtracting,True,General academic wording
subtype,False,"Topic, technical term, proper name, abbreviation or metadata"
subtypes,False,"Topic, technical term, proper name, abbreviation or metadata"
subtyping,False,"Topic, technical term, proper name, abbreviation or metadata"
suburban,False,"Topic, technical term, proper name, abbreviation or metadata"
subwavelength,False,"Topic, technical term, proper name, abbreviation or metadata"
succeed,True,General academic wording
success,True,General academic wording
successful,True,General academic wording
successfully,True,General academic wording
succinic,False,"Topic, technical term, proper name, abbreviation or metadata"
succumbed,True,General academic wording
sucking,False,"Topic, technical term, proper name, abbreviation or metadata"
sucra,False,"Topic, technical term, proper name, abbreviation or metadata"
sudan,False,"Topic, technical term, proper name, abbreviation or metadata"
suds,False,"Topic, technical term, proper name, abbreviation or metadata"
sufentanil,False,"Topic, technical term, proper name, abbreviation or metadata"
suffer,True,General academic wording
sufferers,False,"Topic, technical term, proper name, abbreviation or metadata"
sufficiency,True,General academic wording
sufficient,True,General academic wording
sugar,False,"Topic, technical term, proper name, abbreviation or metadata"
suggest,True,General academic wording
suggesting,True,General academic wording
suggestions,True,General academic wording
suggestive,True,General academic wording
suggests,True,General academic wording
sui,False,"Topic, technical term, proper name, abbreviation or metadata"
suicide,False,"Topic, technical term, proper name, abbreviation or metadata"
suitability,True,General academic wording
suitable,True,General academic wording
sul,False,"Topic, technical term, proper name, abbreviation or metadata"
sulbactam,False,"Topic, technical term, proper name, abbreviation or metadata"
sulfamethoxazole,False,"Topic, technical term, proper name, abbreviation or metadata"
sulfate,False,"Topic, technical term, proper name, abbreviation or metadata"
sulfhydryl,False,"Topic, technical term, proper name, abbreviation or metadata"
sulfides,False,"Topic, technical term, proper name, abbreviation or metadata"
sulfonamide,False,"Topic, technical term, proper name, abbreviation or metadata"
sulfonamides,False,"Topic, technical term, proper name, abbreviation or metadata"
sulfone,False,"Topic, technical term, proper name, abbreviation or metadata"
sulfonyl,False,"Topic, technical term, proper name, abbreviation or metadata"
sulfur,False,"Topic, technical term, proper name, abbreviation or metadata"
sulfuric,False,"Topic, technical term, proper name, abbreviation or metadata"
sulphur,False,"Topic, technical term, proper name, abbreviation or metadata"
summaries,True,General academic wording
summarised,True,General academic wording
summarises,True,General academic wording
summarize,True,General academic wording
summarized,True,General academic wording
summarizes,True,General academic wording
summary,True,General academic wording
summation,True,General academic wording
summative,True,General academic wording
sumo,False,"Topic, technical term, proper name, abbreviation or metadata"
sunlight,False,"Topic, technical term, proper name, abbreviation or metadata"
sunscreen,False,"Topic, technical term, proper name, abbreviation or metadata"
super,False,"Topic, technical term, proper name, abbreviation or metadata"
superb,True,General academic wording
supercapacitor,False,"Topic, technical term, proper name, abbreviation or metadata"
supercapacitors,False,"Topic, technical term, proper name, abbreviation or metadata"
superconducting,False,"Topic, technical term, proper name, abbreviation or metadata"
superconductivity,False,"Topic, technical term, proper name, abbreviation or metadata"
superconductors,False,"Topic, technical term, proper name, abbreviation or metadata"
supercritical,False,"Topic, technical term, proper name, abbreviation or metadata"
superhydrophobic,False,"Topic, technical term, proper name, abbreviation or metadata"
superimposed,True,General academic wording
superior,True,General academic wording
superiority,True,General academic wording
superposition,False,"Topic, technical term, proper name, abbreviation or metadata"
supervised,False,"Topic, technical term, proper name, abbreviation or metadata"
supervision,False,"Topic, technical term, proper name, abbreviation or metadata"
supervisor,True,General academic wording
supervisory,True,General academic wording
supplementation,False,"Topic, technical term, proper name, abbreviation or metadata"
supplemented,False,"Topic, technical term, proper name, abbreviation or metadata"
supplementing,True,General academic wording
suppliers,False,"Topic, technical term, proper name, abbreviation or metadata"
supply,True,General academic wording
support,True,General academic wording
supported,True,General academic wording
supporting,True,General academic wording
supportive,True,General academic wording
supports,True,General academic wording
suppress,False,"Topic, technical term, proper name, abbreviation or metadata"
suppressed,False,"Topic, technical term, proper name, abbreviation or metadata"
suppresses,False,"Topic, technical term, proper name, abbreviation or metadata"
suppressing,False,"Topic, technical term, proper name, abbreviation or metadata"
suppression,False,"Topic, technical term, proper name, abbreviation or metadata"
suppurativa,False,"Topic, technical term, proper name, abbreviation or metadata"
suppurative,False,"Topic, technical term, proper name, abbreviation or metadata"
supraclavicular,False,"Topic, technical term, proper name, abbreviation or metadata"
supramolecular,False,"Topic, technical term, proper name, abbreviation or metadata"
supranuclear,False,"Topic, technical term, proper name, abbreviation or metadata"
supraspinatus,False,"Topic, technical term, proper name, abbreviation or metadata"
supratentorial,False,"Topic, technical term, proper name, abbreviation or metadata"
supraventricular,False,"Topic, technical term, proper name, abbreviation or metadata"
supreme,True,General academic wording
surface,True,General academic wording
surfaces,True,General academic wording
surged,True,General academic wording
surgeon's,False,"Topic, technical term, proper name, abbreviation or metadata"
surgeons,False,"Topic, technical term, proper name, abbreviation or metadata"
surgeries,False,"Topic, technical term, proper name, abbreviation or metadata"
surgery,False,"Topic, technical term, proper name, abbreviation or metadata"
surges,True,General academic wording
surgical,False,"Topic, technical term, proper name, abbreviation or metadata"
surpass,True,General academic wording
surpassed,True,General academic wording
surpasses,True,General academic wording
surpassing,True,General academic wording
surrogate,False,"Topic, technical term, proper name, abbreviation or metadata"
surrounding,True,General academic wording
surveillance,False,"Topic, technical term, proper name, abbreviation or metadata"
survey,True,General academic wording
surveys,True,General academic wording
survivability,False,"Topic, technical term, proper name, abbreviation or metadata"
survival,False,"Topic, technical term, proper name, abbreviation or metadata"
survivals,False,"Topic, technical term, proper name, abbreviation or metadata"
survivor,False,"Topic, technical term, proper name, abbreviation or metadata"
survivorship,False,"Topic, technical term, proper name, abbreviation or metadata"
sus,False,"Topic, technical term, proper name, abbreviation or metadata"
susceptibility,False,"Topic, technical term, proper name, abbreviation or metadata"
suspected,True,General academic wording
suspicion,True,General academic wording
sustain,True,General academic wording
sustainability,True,General academic wording
sustainable,True,General academic wording
sustainably,True,General academic wording
sustained,True,General academic wording
sustaining,True,General academic wording
sustains,True,General academic wording
sutured,False,"Topic, technical term, proper name, abbreviation or metadata"
sutures,False,"Topic, technical term, proper name, abbreviation or metadata"
suturing,False,"Topic, technical term, proper name, abbreviation or metadata"
suv,False,"Topic, technical term, proper name, abbreviation or metadata"
suzuki,False,"Topic, technical term, proper name, abbreviation or metadata"
svc,False,"Topic, technical term, proper name, abbreviation or metadata"
svd,False,"Topic, technical term, proper name, abbreviation or metadata"
svi,False,"Topic, technical term, proper name, abbreviation or metadata"
svm,False,"Topic, technical term, proper name, abbreviation or metadata"
svs,False,"Topic, technical term, proper name, abbreviation or metadata"
swallow,False,"Topic, technical term, proper name, abbreviation or metadata"
swarm,False,"Topic, technical term, proper name, abbreviation or metadata"
swe,False,"Topic, technical term, proper name, abbreviation or metadata"
sweating,False,"Topic, technical term, proper name, abbreviation or metadata"
sweep,False,"Topic, technical term, proper name, abbreviation or metadata"
sweeteners,False,"Topic, technical term, proper name, abbreviation or metadata"
sweetness,False,"Topic, technical term, proper name, abbreviation or metadata"
swelling,False,"Topic, technical term, proper name, abbreviation or metadata"
swi,False,"Topic, technical term, proper name, abbreviation or metadata"
swift,True,General academic wording
swiftly,True,General academic wording
swimmers,False,"Topic, technical term, proper name, abbreviation or metadata"
switchable,False,"Topic, technical term, proper name, abbreviation or metadata"
switching,False,"Topic, technical term, proper name, abbreviation or metadata"
sword,False,"Topic, technical term, proper name, abbreviation or metadata"
symbiont,False,"Topic, technical term, proper name, abbreviation or metadata"
symbiotic,False,"Topic, technical term, proper name, abbreviation or metadata"
symbol,True,General academic wording
symbolic,True,General academic wording
symbols,True,General academic wording
symmetric,True,General academic wording
symmetries,True,General academic wording
symmetry,True,General academic wording
sympatric,False,"Topic, technical term, proper name, abbreviation or metadata"
symposium,False,"Topic, technical term, proper name, abbreviation or metadata"
symptom,False,"Topic, technical term, proper name, abbreviation or metadata"
symptoms,False,"Topic, technical term, proper name, abbreviation or metadata"
synaptic,False,"Topic, technical term, proper name, abbreviation or metadata"
synbiotics,False,"Topic, technical term, proper name, abbreviation or metadata"
synchronize,True,General academic wording
synchronized,True,General academic wording
synchronously,True,General academic wording
synchrony,True,General academic wording
syncytial,False,"Topic, technical term, proper name, abbreviation or metadata"
synergic,True,General academic wording
synergies,True,General academic wording
synergistic,True,General academic wording
synergistically,True,General academic wording
synergize,True,General academic wording
synergized,True,General academic wording
synergizes,True,General academic wording
synergizing,True,General academic wording
synergy,True,General academic wording
syngeneic,False,"Topic, technical term, proper name, abbreviation or metadata"
synonym,True,General academic wording
synopsis,True,General academic wording
synovium,False,"Topic, technical term, proper name, abbreviation or metadata"
syntactic,True,General academic wording
syntax,True,General academic wording
synteny,False,"Topic, technical term, proper name, abbreviation or metadata"
synthesis,True,General academic wording
synthesise,True,General academic wording
synthesised,True,General academic wording
synthesises,True,General academic wording
synthesising,True,General academic wording
synthesize,True,General academic wording
synthesized,True,General academic wording
synthesizes,True,General academic wording
synthesizing,True,General academic wording
synthetase,False,"Topic, technical term, proper name, abbreviation or metadata"
synthetic,True,General academic wording
synthetically,True,General academic wording
synuclein,False,"Topic, technical term, proper name, abbreviation or metadata"
synucleinopathies,False,"Topic, technical term, proper name, abbreviation or metadata"
syphilis,False,"Topic, technical term, proper name, abbreviation or metadata"
syria,False,"Topic, technical term, proper name, abbreviation or metadata"
syrian,False,"Topic, technical term, proper name, abbreviation or metadata"
system,True,General academic wording
system's,True,General academic wording
systematic,True,General academic wording
systematically,True,General academic wording
systemic,False,"Topic, technical term, proper name, abbreviation or metadata"
systems,False,"Topic, technical term, proper name, abbreviation or metadata"
tabular,True,General academic wording
tabulated,True,General academic wording
tac,False,"Topic, technical term, proper name, abbreviation or metadata"
tace,False,"Topic, technical term, proper name, abbreviation or metadata"
tackle,True,General academic wording
tackling,True,General academic wording
tactical,True,General academic wording
tactics,True,General academic wording
tactile,False,"Topic, technical term, proper name, abbreviation or metadata"
tad,False,"Topic, technical term, proper name, abbreviation or metadata"
tadf,False,"Topic, technical term, proper name, abbreviation or metadata"
tafel,False,"Topic, technical term, proper name, abbreviation or metadata"
tai,False,"Topic, technical term, proper name, abbreviation or metadata"
tailings,False,"Topic, technical term, proper name, abbreviation or metadata"
tailored,True,General academic wording
tailoring,True,General academic wording
tails,False,"Topic, technical term, proper name, abbreviation or metadata"
taiwan's,False,"Topic, technical term, proper name, abbreviation or metadata"
tak,False,"Topic, technical term, proper name, abbreviation or metadata"
takes,True,General academic wording
takotsubo,False,"Topic, technical term, proper name, abbreviation or metadata"
talent,True,General academic wording
tall,False,"Topic, technical term, proper name, abbreviation or metadata"
tam,False,"Topic, technical term, proper name, abbreviation or metadata"
tamil,False,"Topic, technical term, proper name, abbreviation or metadata"
tamponade,False,"Topic, technical term, proper name, abbreviation or metadata"
tams,False,"Topic, technical term, proper name, abbreviation or metadata"
tan,False,"Topic, technical term, proper name, abbreviation or metadata"
tandem,True,General academic wording
tang,False,"Topic, technical term, proper name, abbreviation or metadata"
tangent,False,"Topic, technical term, proper name, abbreviation or metadata"
tangential,True,General academic wording
tangible,True,General academic wording
tangles,False,"Topic, technical term, proper name, abbreviation or metadata"
tanks,False,"Topic, technical term, proper name, abbreviation or metadata"
tannic,False,"Topic, technical term, proper name, abbreviation or metadata"
tannin,False,"Topic, technical term, proper name, abbreviation or metadata"
tannins,False,"Topic, technical term, proper name, abbreviation or metadata"
tapering,False,"Topic, technical term, proper name, abbreviation or metadata"
tar,False,"Topic, technical term, proper name, abbreviation or metadata"
target,True,General academic wording
targetable,False,"Topic, technical term, proper name, abbreviation or metadata"
targeted,True,General academic wording
targeting,True,General academic wording
targets,True,General academic wording
tas,False,"Topic, technical term, proper name, abbreviation or metadata"
task,True,General academic wording
tasked,True,General academic wording
tasks,True,General academic wording
tau,False,"Topic, technical term, proper name, abbreviation or metadata"
tauopathy,False,"Topic, technical term, proper name, abbreviation or metadata"
taurine,False,"Topic, technical term, proper name, abbreviation or metadata"
tavi,False,"Topic, technical term, proper name, abbreviation or metadata"
tavr,False,"Topic, technical term, proper name, abbreviation or metadata"
taxa,False,"Topic, technical term, proper name, abbreviation or metadata"
taxane,False,"Topic, technical term, proper name, abbreviation or metadata"
taxonomic,False,"Topic, technical term, proper name, abbreviation or metadata"
taxonomically,False,"Topic, technical term, proper name, abbreviation or metadata"
taylor,False,"Topic, technical term, proper name, abbreviation or metadata"
taz,False,"Topic, technical term, proper name, abbreviation or metadata"
tbr,False,"Topic, technical term, proper name, abbreviation or metadata"
tbs,False,"Topic, technical term, proper name, abbreviation or metadata"
tca,False,"Topic, technical term, proper name, abbreviation or metadata"
tcm,False,"Topic, technical term, proper name, abbreviation or metadata"
tcmsp,False,"Topic, technical term, proper name, abbreviation or metadata"
tdcs,False,"Topic, technical term, proper name, abbreviation or metadata"
tdm,False,"Topic, technical term, proper name, abbreviation or metadata"
tdp,False,"Topic, technical term, proper name, abbreviation or metadata"
tea,False,"Topic, technical term, proper name, abbreviation or metadata"
teacher,False,"Topic, technical term, proper name, abbreviation or metadata"
teaes,False,"Topic, technical term, proper name, abbreviation or metadata"
team,True,General academic wording
teams,True,General academic wording
tech,False,"Topic, technical term, proper name, abbreviation or metadata"
technetium,False,"Topic, technical term, proper name, abbreviation or metadata"
technical,True,General academic wording
technically,True,General academic wording
technique,False,"Topic, technical term, proper name, abbreviation or metadata"
techniques,False,"Topic, technical term, proper name, abbreviation or metadata"
techno,False,"Topic, technical term, proper name, abbreviation or metadata"
technological,True,General academic wording
technologically,True,General academic wording
technologies,False,"Topic, technical term, proper name, abbreviation or metadata"
technology,True,General academic wording
tedious,True,General academic wording
tee,False,"Topic, technical term, proper name, abbreviation or metadata"
teenage,False,"Topic, technical term, proper name, abbreviation or metadata"
teer,False,"Topic, technical term, proper name, abbreviation or metadata"
teeth,False,"Topic, technical term, proper name, abbreviation or metadata"
tegmental,False,"Topic, technical term, proper name, abbreviation or metadata"
tegner,False,"Topic, technical term, proper name, abbreviation or metadata"
tele,False,"Topic, technical term, proper name, abbreviation or metadata"
telemetry,False,"Topic, technical term, proper name, abbreviation or metadata"
telerehabilitation,False,"Topic, technical term, proper name, abbreviation or metadata"
telomeres,False,"Topic, technical term, proper name, abbreviation or metadata"
temperature,False,"Topic, technical term, proper name, abbreviation or metadata"
temperatures,False,"Topic, technical term, proper name, abbreviation or metadata"
templated,False,"Topic, technical term, proper name, abbreviation or metadata"
templating,False,"Topic, technical term, proper name, abbreviation or metadata"
temporal,True,General academic wording
temporally,True,General academic wording
temporary,True,General academic wording
temporomandibular,False,"Topic, technical term, proper name, abbreviation or metadata"
tend,True,General academic wording
tendencies,True,General academic wording
tender,False,"Topic, technical term, proper name, abbreviation or metadata"
tenderness,False,"Topic, technical term, proper name, abbreviation or metadata"
tendinopathy,False,"Topic, technical term, proper name, abbreviation or metadata"
tenfold,True,General academic wording
teng,False,"Topic, technical term, proper name, abbreviation or metadata"
tennis,False,"Topic, technical term, proper name, abbreviation or metadata"
tensile,False,"Topic, technical term, proper name, abbreviation or metadata"
tension,False,"Topic, technical term, proper name, abbreviation or metadata"
tensions,True,General academic wording
tentative,True,General academic wording
terahertz,False,"Topic, technical term, proper name, abbreviation or metadata"
teratogenic,False,"Topic, technical term, proper name, abbreviation or metadata"
teratoma,False,"Topic, technical term, proper name, abbreviation or metadata"
terephthalate,False,"Topic, technical term, proper name, abbreviation or metadata"
term,False,"Topic, technical term, proper name, abbreviation or metadata"
termed,True,General academic wording
terminating,False,"Topic, technical term, proper name, abbreviation or metadata"
termini,False,"Topic, technical term, proper name, abbreviation or metadata"
terminology,True,General academic wording
terms,True,General academic wording
ternary,False,"Topic, technical term, proper name, abbreviation or metadata"
terpene,False,"Topic, technical term, proper name, abbreviation or metadata"
terpenes,False,"Topic, technical term, proper name, abbreviation or metadata"
terpenoid,False,"Topic, technical term, proper name, abbreviation or metadata"
terpenoids,False,"Topic, technical term, proper name, abbreviation or metadata"
terrain,False,"Topic, technical term, proper name, abbreviation or metadata"
territorial,False,"Topic, technical term, proper name, abbreviation or metadata"
tertiary,False,"Topic, technical term, proper name, abbreviation or metadata"
tertiles,False,"Topic, technical term, proper name, abbreviation or metadata"
testable,True,General academic wording
tester,False,"Topic, technical term, proper name, abbreviation or metadata"
testing,False,"Topic, technical term, proper name, abbreviation or metadata"
tests,False,"Topic, technical term, proper name, abbreviation or metadata"
tet,False,"Topic, technical term, proper name, abbreviation or metadata"
tethering,False,"Topic, technical term, proper name, abbreviation or metadata"
tetrachloride,False,"Topic, technical term, proper name, abbreviation or metadata"
tetracyclines,False,"Topic, technical term, proper name, abbreviation or metadata"
tetragonal,False,"Topic, technical term, proper name, abbreviation or metadata"
tetrahedral,False,"Topic, technical term, proper name, abbreviation or metadata"
tetrahydrofuran,False,"Topic, technical term, proper name, abbreviation or metadata"
tetrakis,False,"Topic, technical term, proper name, abbreviation or metadata"
tetralogy,False,"Topic, technical term, proper name, abbreviation or metadata"
tetramer,False,"Topic, technical term, proper name, abbreviation or metadata"
tetramethylbenzidine,False,"Topic, technical term, proper name, abbreviation or metadata"
tevar,False,"Topic, technical term, proper name, abbreviation or metadata"
text,True,General academic wording
textbook,True,General academic wording
textiles,False,"Topic, technical term, proper name, abbreviation or metadata"
textual,True,General academic wording
textural,False,"Topic, technical term, proper name, abbreviation or metadata"
texture,True,General academic wording
textured,False,"Topic, technical term, proper name, abbreviation or metadata"
textures,False,"Topic, technical term, proper name, abbreviation or metadata"
tfa,False,"Topic, technical term, proper name, abbreviation or metadata"
tfc,False,"Topic, technical term, proper name, abbreviation or metadata"
tfeb,False,"Topic, technical term, proper name, abbreviation or metadata"
tgd,False,"Topic, technical term, proper name, abbreviation or metadata"
tgf,False,"Topic, technical term, proper name, abbreviation or metadata"
tgs,False,"Topic, technical term, proper name, abbreviation or metadata"
thaw,False,"Topic, technical term, proper name, abbreviation or metadata"
thc,False,"Topic, technical term, proper name, abbreviation or metadata"
thematic,True,General academic wording
thematically,True,General academic wording
themes,True,General academic wording
theoretic,True,General academic wording
theoretical,True,General academic wording
theorized,True,General academic wording
theory,True,General academic wording
theranostic,False,"Topic, technical term, proper name, abbreviation or metadata"
theranostics,False,"Topic, technical term, proper name, abbreviation or metadata"
therapeutic,False,"Topic, technical term, proper name, abbreviation or metadata"
therapeutical,False,"Topic, technical term, proper name, abbreviation or metadata"
therapeutically,False,"Topic, technical term, proper name, abbreviation or metadata"
therapeutics,False,"Topic, technical term, proper name, abbreviation or metadata"
therapies,False,"Topic, technical term, proper name, abbreviation or metadata"
therapist,False,"Topic, technical term, proper name, abbreviation or metadata"
therapy,False,"Topic, technical term, proper name, abbreviation or metadata"
there's,False,"Topic, technical term, proper name, abbreviation or metadata"
thereby,True,General academic wording
therefore,True,General academic wording
thermal,False,"Topic, technical term, proper name, abbreviation or metadata"
thermally,False,"Topic, technical term, proper name, abbreviation or metadata"
thermochemical,False,"Topic, technical term, proper name, abbreviation or metadata"
thermodynamic,False,"Topic, technical term, proper name, abbreviation or metadata"
thermodynamically,False,"Topic, technical term, proper name, abbreviation or metadata"
thermoelectric,False,"Topic, technical term, proper name, abbreviation or metadata"
thermogenesis,False,"Topic, technical term, proper name, abbreviation or metadata"
thermogenic,False,"Topic, technical term, proper name, abbreviation or metadata"
thermography,False,"Topic, technical term, proper name, abbreviation or metadata"
thermomechanical,False,"Topic, technical term, proper name, abbreviation or metadata"
thermophoresis,False,"Topic, technical term, proper name, abbreviation or metadata"
thermoplastic,False,"Topic, technical term, proper name, abbreviation or metadata"
thermoregulation,False,"Topic, technical term, proper name, abbreviation or metadata"
thermoregulatory,False,"Topic, technical term, proper name, abbreviation or metadata"
thermoresponsive,False,"Topic, technical term, proper name, abbreviation or metadata"
thermosensitive,False,"Topic, technical term, proper name, abbreviation or metadata"
thermostability,False,"Topic, technical term, proper name, abbreviation or metadata"
thermostable,False,"Topic, technical term, proper name, abbreviation or metadata"
thermotolerance,False,"Topic, technical term, proper name, abbreviation or metadata"
theses,True,General academic wording
thi,False,"Topic, technical term, proper name, abbreviation or metadata"
thiazole,False,"Topic, technical term, proper name, abbreviation or metadata"
thickened,False,"Topic, technical term, proper name, abbreviation or metadata"
thickening,False,"Topic, technical term, proper name, abbreviation or metadata"
thickness,False,"Topic, technical term, proper name, abbreviation or metadata"
thin,False,"Topic, technical term, proper name, abbreviation or metadata"
thinning,False,"Topic, technical term, proper name, abbreviation or metadata"
thio,False,"Topic, technical term, proper name, abbreviation or metadata"
thioflavin,False,"Topic, technical term, proper name, abbreviation or metadata"
thiophene,False,"Topic, technical term, proper name, abbreviation or metadata"
thiourea,False,"Topic, technical term, proper name, abbreviation or metadata"
third,True,General academic wording
thirdly,True,General academic wording
thomas,False,"Topic, technical term, proper name, abbreviation or metadata"
thoracic,False,"Topic, technical term, proper name, abbreviation or metadata"
thoracoabdominal,False,"Topic, technical term, proper name, abbreviation or metadata"
thoracolumbar,False,"Topic, technical term, proper name, abbreviation or metadata"
thorough,True,General academic wording
thoroughly,True,General academic wording
though,True,General academic wording
thoughtful,True,General academic wording
thr,False,"Topic, technical term, proper name, abbreviation or metadata"
threads,True,General academic wording
threat,True,General academic wording
threaten,True,General academic wording
threatening,True,General academic wording
threatens,True,General academic wording
threats,True,General academic wording
three,False,"Topic, technical term, proper name, abbreviation or metadata"
threefold,True,General academic wording
threshold,False,"Topic, technical term, proper name, abbreviation or metadata"
thresholding,False,"Topic, technical term, proper name, abbreviation or metadata"
thresholds,False,"Topic, technical term, proper name, abbreviation or metadata"
thrice,True,General academic wording
thrive,True,General academic wording
thriving,True,General academic wording
thrombocytopenic,False,"Topic, technical term, proper name, abbreviation or metadata"
thrombolytic,False,"Topic, technical term, proper name, abbreviation or metadata"
thromboplastin,False,"Topic, technical term, proper name, abbreviation or metadata"
thrombospondin,False,"Topic, technical term, proper name, abbreviation or metadata"
through,True,General academic wording
throughout,True,General academic wording
throughput,True,General academic wording
thrust,False,"Topic, technical term, proper name, abbreviation or metadata"
thuringiensis,False,"Topic, technical term, proper name, abbreviation or metadata"
thus,True,General academic wording
thymine,False,"Topic, technical term, proper name, abbreviation or metadata"
thymol,False,"Topic, technical term, proper name, abbreviation or metadata"
thyroid,False,"Topic, technical term, proper name, abbreviation or metadata"
thyroiditis,False,"Topic, technical term, proper name, abbreviation or metadata"
thyrotropin,False,"Topic, technical term, proper name, abbreviation or metadata"
thz,False,"Topic, technical term, proper name, abbreviation or metadata"
tianjin,False,"Topic, technical term, proper name, abbreviation or metadata"
tibet,False,"Topic, technical term, proper name, abbreviation or metadata"
tibetan,False,"Topic, technical term, proper name, abbreviation or metadata"
tic,False,"Topic, technical term, proper name, abbreviation or metadata"
tide,False,"Topic, technical term, proper name, abbreviation or metadata"
tied,True,General academic wording
tier,False,"Topic, technical term, proper name, abbreviation or metadata"
tiered,True,General academic wording
tiers,True,General academic wording
ties,True,General academic wording
tigecycline,False,"Topic, technical term, proper name, abbreviation or metadata"
tight,True,General academic wording
tighter,True,General academic wording
tightly,True,General academic wording
tightness,False,"Topic, technical term, proper name, abbreviation or metadata"
tigit,False,"Topic, technical term, proper name, abbreviation or metadata"
tiktok,False,"Topic, technical term, proper name, abbreviation or metadata"
til,False,"Topic, technical term, proper name, abbreviation or metadata"
tilapia,False,"Topic, technical term, proper name, abbreviation or metadata"
tile,False,"Topic, technical term, proper name, abbreviation or metadata"
tilted,False,"Topic, technical term, proper name, abbreviation or metadata"
tim,False,"Topic, technical term, proper name, abbreviation or metadata"
timeframe,True,General academic wording
timeframes,True,General academic wording
timelines,True,General academic wording
timeliness,True,General academic wording
timely,True,General academic wording
timepoint,False,"Topic, technical term, proper name, abbreviation or metadata"
timepoints,True,General academic wording
timer,False,"Topic, technical term, proper name, abbreviation or metadata"
times,True,General academic wording
timescale,True,General academic wording
timescales,True,General academic wording
timi,False,"Topic, technical term, proper name, abbreviation or metadata"
timing,False,"Topic, technical term, proper name, abbreviation or metadata"
timings,True,General academic wording
tinnitus,False,"Topic, technical term, proper name, abbreviation or metadata"
tipping,True,General academic wording
tir,False,"Topic, technical term, proper name, abbreviation or metadata"
tire,False,"Topic, technical term, proper name, abbreviation or metadata"
tirzepatide,False,"Topic, technical term, proper name, abbreviation or metadata"
tis,False,"Topic, technical term, proper name, abbreviation or metadata"
tissue,False,"Topic, technical term, proper name, abbreviation or metadata"
titanate,False,"Topic, technical term, proper name, abbreviation or metadata"
titled,True,General academic wording
titratable,False,"Topic, technical term, proper name, abbreviation or metadata"
titrated,False,"Topic, technical term, proper name, abbreviation or metadata"
tkas,False,"Topic, technical term, proper name, abbreviation or metadata"
tlc,False,"Topic, technical term, proper name, abbreviation or metadata"
tle,False,"Topic, technical term, proper name, abbreviation or metadata"
tli,False,"Topic, technical term, proper name, abbreviation or metadata"
tls,False,"Topic, technical term, proper name, abbreviation or metadata"
tma,False,"Topic, technical term, proper name, abbreviation or metadata"
tmao,False,"Topic, technical term, proper name, abbreviation or metadata"
tmax,False,"Topic, technical term, proper name, abbreviation or metadata"
tmb,False,"Topic, technical term, proper name, abbreviation or metadata"
tmd,False,"Topic, technical term, proper name, abbreviation or metadata"
tmds,False,"Topic, technical term, proper name, abbreviation or metadata"
tme,False,"Topic, technical term, proper name, abbreviation or metadata"
tmj,False,"Topic, technical term, proper name, abbreviation or metadata"
tmp,False,"Topic, technical term, proper name, abbreviation or metadata"
tmt,False,"Topic, technical term, proper name, abbreviation or metadata"
tmz,False,"Topic, technical term, proper name, abbreviation or metadata"
tnf,False,"Topic, technical term, proper name, abbreviation or metadata"
tnt,False,"Topic, technical term, proper name, abbreviation or metadata"
tobacco,False,"Topic, technical term, proper name, abbreviation or metadata"
tobramycin,False,"Topic, technical term, proper name, abbreviation or metadata"
toddler,False,"Topic, technical term, proper name, abbreviation or metadata"
toes,False,"Topic, technical term, proper name, abbreviation or metadata"
tofacitinib,False,"Topic, technical term, proper name, abbreviation or metadata"
together,True,General academic wording
toilet,False,"Topic, technical term, proper name, abbreviation or metadata"
token,False,"Topic, technical term, proper name, abbreviation or metadata"
tokens,False,"Topic, technical term, proper name, abbreviation or metadata"
tokyo,False,"Topic, technical term, proper name, abbreviation or metadata"
tolerability,False,"Topic, technical term, proper name, abbreviation or metadata"
tolerance,False,"Topic, technical term, proper name, abbreviation or metadata"
tolerances,True,General academic wording
tolerated,False,"Topic, technical term, proper name, abbreviation or metadata"
tom,False,"Topic, technical term, proper name, abbreviation or metadata"
tomatoes,False,"Topic, technical term, proper name, abbreviation or metadata"
tomography,False,"Topic, technical term, proper name, abbreviation or metadata"
ton,False,"Topic, technical term, proper name, abbreviation or metadata"
tones,False,"Topic, technical term, proper name, abbreviation or metadata"
tons,False,"Topic, technical term, proper name, abbreviation or metadata"
tonsillectomy,False,"Topic, technical term, proper name, abbreviation or metadata"
tool,False,"Topic, technical term, proper name, abbreviation or metadata"
tool's,False,"Topic, technical term, proper name, abbreviation or metadata"
toolkit,True,General academic wording
tools,False,"Topic, technical term, proper name, abbreviation or metadata"
tooth,False,"Topic, technical term, proper name, abbreviation or metadata"
toothpaste,False,"Topic, technical term, proper name, abbreviation or metadata"
top,True,General academic wording
topic,True,General academic wording
topical,False,"Topic, technical term, proper name, abbreviation or metadata"
topics,True,General academic wording
topographic,False,"Topic, technical term, proper name, abbreviation or metadata"
topological,False,"Topic, technical term, proper name, abbreviation or metadata"
topologically,False,"Topic, technical term, proper name, abbreviation or metadata"
topologies,False,"Topic, technical term, proper name, abbreviation or metadata"
topology,False,"Topic, technical term, proper name, abbreviation or metadata"
topsis,False,"Topic, technical term, proper name, abbreviation or metadata"
topsoil,False,"Topic, technical term, proper name, abbreviation or metadata"
torques,False,"Topic, technical term, proper name, abbreviation or metadata"
torsional,False,"Topic, technical term, proper name, abbreviation or metadata"
tortuosity,False,"Topic, technical term, proper name, abbreviation or metadata"
tortuous,False,"Topic, technical term, proper name, abbreviation or metadata"
tos,False,"Topic, technical term, proper name, abbreviation or metadata"
total,True,General academic wording
totaling,True,General academic wording
tough,True,General academic wording
toughness,False,"Topic, technical term, proper name, abbreviation or metadata"
tourism,False,"Topic, technical term, proper name, abbreviation or metadata"
tourist,False,"Topic, technical term, proper name, abbreviation or metadata"
tourists,False,"Topic, technical term, proper name, abbreviation or metadata"
tourniquet,False,"Topic, technical term, proper name, abbreviation or metadata"
toward,True,General academic wording
tower,False,"Topic, technical term, proper name, abbreviation or metadata"
toxic,False,"Topic, technical term, proper name, abbreviation or metadata"
toxicant,False,"Topic, technical term, proper name, abbreviation or metadata"
toxicants,False,"Topic, technical term, proper name, abbreviation or metadata"
toxicity,False,"Topic, technical term, proper name, abbreviation or metadata"
toxicological,False,"Topic, technical term, proper name, abbreviation or metadata"
toxicology,False,"Topic, technical term, proper name, abbreviation or metadata"
toxoplasmosis,False,"Topic, technical term, proper name, abbreviation or metadata"
tpb,False,"Topic, technical term, proper name, abbreviation or metadata"
tpc,False,"Topic, technical term, proper name, abbreviation or metadata"
tpd,False,"Topic, technical term, proper name, abbreviation or metadata"
tpe,False,"Topic, technical term, proper name, abbreviation or metadata"
tpo,False,"Topic, technical term, proper name, abbreviation or metadata"
tpp,False,"Topic, technical term, proper name, abbreviation or metadata"
tpr,False,"Topic, technical term, proper name, abbreviation or metadata"
tps,False,"Topic, technical term, proper name, abbreviation or metadata"
tra,False,"Topic, technical term, proper name, abbreviation or metadata"
trace,True,General academic wording
traceability,True,General academic wording
traceable,True,General academic wording
tracker,False,"Topic, technical term, proper name, abbreviation or metadata"
tracking,False,"Topic, technical term, proper name, abbreviation or metadata"
tracks,True,General academic wording
tract,False,"Topic, technical term, proper name, abbreviation or metadata"
tractable,True,General academic wording
traction,False,"Topic, technical term, proper name, abbreviation or metadata"
tractography,False,"Topic, technical term, proper name, abbreviation or metadata"
trade,False,"Topic, technical term, proper name, abbreviation or metadata"
tradeoff,True,General academic wording
tradeoffs,True,General academic wording
trading,False,"Topic, technical term, proper name, abbreviation or metadata"
tradition,True,General academic wording
traditional,True,General academic wording
traditionally,True,General academic wording
traditions,True,General academic wording
traes,False,"Topic, technical term, proper name, abbreviation or metadata"
trafficking,False,"Topic, technical term, proper name, abbreviation or metadata"
train,True,General academic wording
trainable,True,General academic wording
trained,True,General academic wording
trainer,True,General academic wording
training,False,"Topic, technical term, proper name, abbreviation or metadata"
trains,True,General academic wording
trait,True,General academic wording
traits,False,"Topic, technical term, proper name, abbreviation or metadata"
trajectories,True,General academic wording
trajectory,True,General academic wording
trametinib,False,"Topic, technical term, proper name, abbreviation or metadata"
tranexamic,False,"Topic, technical term, proper name, abbreviation or metadata"
transabdominal,False,"Topic, technical term, proper name, abbreviation or metadata"
transaminases,False,"Topic, technical term, proper name, abbreviation or metadata"
transarterial,False,"Topic, technical term, proper name, abbreviation or metadata"
transboundary,False,"Topic, technical term, proper name, abbreviation or metadata"
transbronchial,False,"Topic, technical term, proper name, abbreviation or metadata"
transcatheter,False,"Topic, technical term, proper name, abbreviation or metadata"
transcend,True,General academic wording
transcript,False,"Topic, technical term, proper name, abbreviation or metadata"
transcriptional,False,"Topic, technical term, proper name, abbreviation or metadata"
transcriptionally,False,"Topic, technical term, proper name, abbreviation or metadata"
transcriptome,False,"Topic, technical term, proper name, abbreviation or metadata"
transcriptomic,False,"Topic, technical term, proper name, abbreviation or metadata"
transcriptomics,False,"Topic, technical term, proper name, abbreviation or metadata"
transcutaneous,False,"Topic, technical term, proper name, abbreviation or metadata"
transdiagnostic,False,"Topic, technical term, proper name, abbreviation or metadata"
transdifferentiation,False,"Topic, technical term, proper name, abbreviation or metadata"
transdisciplinary,True,General academic wording
transesophageal,False,"Topic, technical term, proper name, abbreviation or metadata"
transfemoral,False,"Topic, technical term, proper name, abbreviation or metadata"
transfer,True,General academic wording
transferability,True,General academic wording
transferable,True,General academic wording
transferases,False,"Topic, technical term, proper name, abbreviation or metadata"
transference,True,General academic wording
transforaminal,False,"Topic, technical term, proper name, abbreviation or metadata"
transform,True,General academic wording
transformation,True,General academic wording
transformational,True,General academic wording
transformations,True,General academic wording
transformative,True,General academic wording
transformed,True,General academic wording
transformer,False,"Topic, technical term, proper name, abbreviation or metadata"
transformers,False,"Topic, technical term, proper name, abbreviation or metadata"
transforming,True,General academic wording
transforms,True,General academic wording
transfusion,False,"Topic, technical term, proper name, abbreviation or metadata"
transgender,False,"Topic, technical term, proper name, abbreviation or metadata"
transgenerational,False,"Topic, technical term, proper name, abbreviation or metadata"
transglutaminase,False,"Topic, technical term, proper name, abbreviation or metadata"
transient,True,General academic wording
transistor,False,"Topic, technical term, proper name, abbreviation or metadata"
transistors,False,"Topic, technical term, proper name, abbreviation or metadata"
transition,True,General academic wording
transitional,True,General academic wording
transitioned,True,General academic wording
transitioning,True,General academic wording
transitions,True,General academic wording
transjugular,False,"Topic, technical term, proper name, abbreviation or metadata"
translatability,True,General academic wording
translatable,True,General academic wording
translate,True,General academic wording
translated,True,General academic wording
translates,True,General academic wording
translating,True,General academic wording
translation,True,General academic wording
translational,False,"Topic, technical term, proper name, abbreviation or metadata"
translationally,True,General academic wording
translations,True,General academic wording
translocate,False,"Topic, technical term, proper name, abbreviation or metadata"
translocation,False,"Topic, technical term, proper name, abbreviation or metadata"
transluminal,False,"Topic, technical term, proper name, abbreviation or metadata"
transmits,True,General academic wording
transmural,False,"Topic, technical term, proper name, abbreviation or metadata"
transoral,False,"Topic, technical term, proper name, abbreviation or metadata"
transparency,True,General academic wording
transparent,True,General academic wording
transpiration,False,"Topic, technical term, proper name, abbreviation or metadata"
transplantation,False,"Topic, technical term, proper name, abbreviation or metadata"
transport,False,"Topic, technical term, proper name, abbreviation or metadata"
transportation,False,"Topic, technical term, proper name, abbreviation or metadata"
transports,True,General academic wording
transposable,False,"Topic, technical term, proper name, abbreviation or metadata"
transposase,False,"Topic, technical term, proper name, abbreviation or metadata"
transposon,False,"Topic, technical term, proper name, abbreviation or metadata"
transposons,False,"Topic, technical term, proper name, abbreviation or metadata"
transsphenoidal,False,"Topic, technical term, proper name, abbreviation or metadata"
transthyretin,False,"Topic, technical term, proper name, abbreviation or metadata"
transvaginal,False,"Topic, technical term, proper name, abbreviation or metadata"
transvenous,False,"Topic, technical term, proper name, abbreviation or metadata"
transverse,False,"Topic, technical term, proper name, abbreviation or metadata"
trapezius,False,"Topic, technical term, proper name, abbreviation or metadata"
trapping,False,"Topic, technical term, proper name, abbreviation or metadata"
trastuzumab,False,"Topic, technical term, proper name, abbreviation or metadata"
trauma,False,"Topic, technical term, proper name, abbreviation or metadata"
traumas,False,"Topic, technical term, proper name, abbreviation or metadata"
traumatic,False,"Topic, technical term, proper name, abbreviation or metadata"
traveled,False,"Topic, technical term, proper name, abbreviation or metadata"
traverse,True,General academic wording
traversing,True,General academic wording
trd,False,"Topic, technical term, proper name, abbreviation or metadata"
tre,False,"Topic, technical term, proper name, abbreviation or metadata"
treat,False,"Topic, technical term, proper name, abbreviation or metadata"
treatable,False,"Topic, technical term, proper name, abbreviation or metadata"
treating,False,"Topic, technical term, proper name, abbreviation or metadata"
treatment,False,"Topic, technical term, proper name, abbreviation or metadata"
treatments,False,"Topic, technical term, proper name, abbreviation or metadata"
treats,False,"Topic, technical term, proper name, abbreviation or metadata"
tree,False,"Topic, technical term, proper name, abbreviation or metadata"
trehalose,False,"Topic, technical term, proper name, abbreviation or metadata"
tremors,False,"Topic, technical term, proper name, abbreviation or metadata"
trend,True,General academic wording
trending,True,General academic wording
trends,True,General academic wording
treponema,False,"Topic, technical term, proper name, abbreviation or metadata"
trf,False,"Topic, technical term, proper name, abbreviation or metadata"
triacylglycerol,False,"Topic, technical term, proper name, abbreviation or metadata"
triacylglycerols,False,"Topic, technical term, proper name, abbreviation or metadata"
triad,False,"Topic, technical term, proper name, abbreviation or metadata"
triage,False,"Topic, technical term, proper name, abbreviation or metadata"
triaging,False,"Topic, technical term, proper name, abbreviation or metadata"
trial,False,"Topic, technical term, proper name, abbreviation or metadata"
trials,False,"Topic, technical term, proper name, abbreviation or metadata"
triamcinolone,False,"Topic, technical term, proper name, abbreviation or metadata"
triangle,False,"Topic, technical term, proper name, abbreviation or metadata"
triangulated,False,"Topic, technical term, proper name, abbreviation or metadata"
triangulation,False,"Topic, technical term, proper name, abbreviation or metadata"
triaxial,False,"Topic, technical term, proper name, abbreviation or metadata"
triazine,False,"Topic, technical term, proper name, abbreviation or metadata"
tribal,False,"Topic, technical term, proper name, abbreviation or metadata"
tribe,False,"Topic, technical term, proper name, abbreviation or metadata"
triboelectric,False,"Topic, technical term, proper name, abbreviation or metadata"
tribological,False,"Topic, technical term, proper name, abbreviation or metadata"
tricarboxylic,False,"Topic, technical term, proper name, abbreviation or metadata"
triceps,False,"Topic, technical term, proper name, abbreviation or metadata"
trichoderma,False,"Topic, technical term, proper name, abbreviation or metadata"
tricyclic,False,"Topic, technical term, proper name, abbreviation or metadata"
trifluoromethyl,False,"Topic, technical term, proper name, abbreviation or metadata"
trigger,True,General academic wording
triggered,True,General academic wording
triggering,True,General academic wording
triggers,True,General academic wording
triglyceride,False,"Topic, technical term, proper name, abbreviation or metadata"
triglycerides,False,"Topic, technical term, proper name, abbreviation or metadata"
trigonal,False,"Topic, technical term, proper name, abbreviation or metadata"
trim,False,"Topic, technical term, proper name, abbreviation or metadata"
trimesters,False,"Topic, technical term, proper name, abbreviation or metadata"
trimethylamine,False,"Topic, technical term, proper name, abbreviation or metadata"
trinetx,False,"Topic, technical term, proper name, abbreviation or metadata"
trio,False,"Topic, technical term, proper name, abbreviation or metadata"
trioxide,False,"Topic, technical term, proper name, abbreviation or metadata"
trip,False,"Topic, technical term, proper name, abbreviation or metadata"
tripartite,False,"Topic, technical term, proper name, abbreviation or metadata"
triple,True,General academic wording
triplet,False,"Topic, technical term, proper name, abbreviation or metadata"
triplicate,False,"Topic, technical term, proper name, abbreviation or metadata"
trips,False,"Topic, technical term, proper name, abbreviation or metadata"
triterpenoid,False,"Topic, technical term, proper name, abbreviation or metadata"
triterpenoids,False,"Topic, technical term, proper name, abbreviation or metadata"
trivalent,False,"Topic, technical term, proper name, abbreviation or metadata"
trkb,False,"Topic, technical term, proper name, abbreviation or metadata"
trm,False,"Topic, technical term, proper name, abbreviation or metadata"
trochlear,False,"Topic, technical term, proper name, abbreviation or metadata"
trolox,False,"Topic, technical term, proper name, abbreviation or metadata"
trophoblast,False,"Topic, technical term, proper name, abbreviation or metadata"
tropical,False,"Topic, technical term, proper name, abbreviation or metadata"
tropicalis,False,"Topic, technical term, proper name, abbreviation or metadata"
tropism,False,"Topic, technical term, proper name, abbreviation or metadata"
trouble,True,General academic wording
true,True,General academic wording
trueness,True,General academic wording
truly,True,General academic wording
truncating,False,"Topic, technical term, proper name, abbreviation or metadata"
trust,False,"Topic, technical term, proper name, abbreviation or metadata"
trusted,True,General academic wording
trusting,True,General academic wording
trustworthiness,True,General academic wording
trustworthy,True,General academic wording
truth,True,General academic wording
tryptophan,False,"Topic, technical term, proper name, abbreviation or metadata"
tsa,False,"Topic, technical term, proper name, abbreviation or metadata"
tsc,False,"Topic, technical term, proper name, abbreviation or metadata"
tsp,False,"Topic, technical term, proper name, abbreviation or metadata"
tst,False,"Topic, technical term, proper name, abbreviation or metadata"
ttc,False,"Topic, technical term, proper name, abbreviation or metadata"
tte,False,"Topic, technical term, proper name, abbreviation or metadata"
ttf,False,"Topic, technical term, proper name, abbreviation or metadata"
ttp,False,"Topic, technical term, proper name, abbreviation or metadata"
ttr,False,"Topic, technical term, proper name, abbreviation or metadata"
tts,False,"Topic, technical term, proper name, abbreviation or metadata"
tubal,False,"Topic, technical term, proper name, abbreviation or metadata"
tuber,False,"Topic, technical term, proper name, abbreviation or metadata"
tubercle,False,"Topic, technical term, proper name, abbreviation or metadata"
tuberculosis,False,"Topic, technical term, proper name, abbreviation or metadata"
tuberculous,False,"Topic, technical term, proper name, abbreviation or metadata"
tuberosity,False,"Topic, technical term, proper name, abbreviation or metadata"
tuberous,False,"Topic, technical term, proper name, abbreviation or metadata"
tubers,False,"Topic, technical term, proper name, abbreviation or metadata"
tucker,False,"Topic, technical term, proper name, abbreviation or metadata"
tug,False,"Topic, technical term, proper name, abbreviation or metadata"
tukey's,False,"Topic, technical term, proper name, abbreviation or metadata"
tumor,False,"Topic, technical term, proper name, abbreviation or metadata"
tumor's,False,"Topic, technical term, proper name, abbreviation or metadata"
tumors,False,"Topic, technical term, proper name, abbreviation or metadata"
tunability,True,General academic wording
tunable,False,"Topic, technical term, proper name, abbreviation or metadata"
tuned,True,General academic wording
tunes,True,General academic wording
tungsten,False,"Topic, technical term, proper name, abbreviation or metadata"
tuning,False,"Topic, technical term, proper name, abbreviation or metadata"
tunisia,False,"Topic, technical term, proper name, abbreviation or metadata"
tunnels,False,"Topic, technical term, proper name, abbreviation or metadata"
turbine,False,"Topic, technical term, proper name, abbreviation or metadata"
turbo,False,"Topic, technical term, proper name, abbreviation or metadata"
turbulence,False,"Topic, technical term, proper name, abbreviation or metadata"
turbulent,False,"Topic, technical term, proper name, abbreviation or metadata"
turkish,False,"Topic, technical term, proper name, abbreviation or metadata"
turmeric,False,"Topic, technical term, proper name, abbreviation or metadata"
turn,True,General academic wording
turnaround,True,General academic wording
turnover,False,"Topic, technical term, proper name, abbreviation or metadata"
turtle,False,"Topic, technical term, proper name, abbreviation or metadata"
tutorial,True,General academic wording
tween,False,"Topic, technical term, proper name, abbreviation or metadata"
tweezers,False,"Topic, technical term, proper name, abbreviation or metadata"
twins,False,"Topic, technical term, proper name, abbreviation or metadata"
twisted,False,"Topic, technical term, proper name, abbreviation or metadata"
twisting,False,"Topic, technical term, proper name, abbreviation or metadata"
twitch,False,"Topic, technical term, proper name, abbreviation or metadata"
txa,False,"Topic, technical term, proper name, abbreviation or metadata"
tyg,False,"Topic, technical term, proper name, abbreviation or metadata"
type,True,General academic wording
types,True,General academic wording
typically,True,General academic wording
typology,True,General academic wording
uacr,False,"Topic, technical term, proper name, abbreviation or metadata"
uae,False,"Topic, technical term, proper name, abbreviation or metadata"
uav,False,"Topic, technical term, proper name, abbreviation or metadata"
uavs,False,"Topic, technical term, proper name, abbreviation or metadata"
ubiquitin,False,"Topic, technical term, proper name, abbreviation or metadata"
ubiquitination,False,"Topic, technical term, proper name, abbreviation or metadata"
ucg,False,"Topic, technical term, proper name, abbreviation or metadata"
ucla,False,"Topic, technical term, proper name, abbreviation or metadata"
udp,False,"Topic, technical term, proper name, abbreviation or metadata"
uio,False,"Topic, technical term, proper name, abbreviation or metadata"
ukb,False,"Topic, technical term, proper name, abbreviation or metadata"
ukraine,False,"Topic, technical term, proper name, abbreviation or metadata"
ukrainian,False,"Topic, technical term, proper name, abbreviation or metadata"
ulcerated,False,"Topic, technical term, proper name, abbreviation or metadata"
ulcerative,False,"Topic, technical term, proper name, abbreviation or metadata"
ulcers,False,"Topic, technical term, proper name, abbreviation or metadata"
ultimately,True,General academic wording
ultra,False,"Topic, technical term, proper name, abbreviation or metadata"
ultrafast,False,"Topic, technical term, proper name, abbreviation or metadata"
ultrafine,False,"Topic, technical term, proper name, abbreviation or metadata"
ultrahigh,False,"Topic, technical term, proper name, abbreviation or metadata"
ultralow,False,"Topic, technical term, proper name, abbreviation or metadata"
ultrasensitive,False,"Topic, technical term, proper name, abbreviation or metadata"
ultrashort,False,"Topic, technical term, proper name, abbreviation or metadata"
ultrasmall,False,"Topic, technical term, proper name, abbreviation or metadata"
ultrasonication,False,"Topic, technical term, proper name, abbreviation or metadata"
ultrasonographic,False,"Topic, technical term, proper name, abbreviation or metadata"
ultrasonography,False,"Topic, technical term, proper name, abbreviation or metadata"
ultrasound,False,"Topic, technical term, proper name, abbreviation or metadata"
ultrasounds,False,"Topic, technical term, proper name, abbreviation or metadata"
ultrastructural,False,"Topic, technical term, proper name, abbreviation or metadata"
ultrathin,False,"Topic, technical term, proper name, abbreviation or metadata"
ultraviolet,False,"Topic, technical term, proper name, abbreviation or metadata"
umami,False,"Topic, technical term, proper name, abbreviation or metadata"
umbrella,True,General academic wording
unacceptable,True,General academic wording
unactivated,False,"Topic, technical term, proper name, abbreviation or metadata"
unaddressed,True,General academic wording
unadjusted,False,"Topic, technical term, proper name, abbreviation or metadata"
unaffected,True,General academic wording
unappreciated,True,General academic wording
unattainable,True,General academic wording
unavailable,True,General academic wording
unavoidable,True,General academic wording
uncertain,True,General academic wording
uncertainty,True,General academic wording
unchanged,True,General academic wording
uncharacterized,True,General academic wording
unclassified,True,General academic wording
unclear,True,General academic wording
uncoated,False,"Topic, technical term, proper name, abbreviation or metadata"
uncomfortable,True,General academic wording
uncommon,True,General academic wording
uncomplicated,True,General academic wording
unconditional,True,General academic wording
unconscious,False,"Topic, technical term, proper name, abbreviation or metadata"
unconstrained,True,General academic wording
uncontrollable,True,General academic wording
uncontrolled,True,General academic wording
uncoupled,False,"Topic, technical term, proper name, abbreviation or metadata"
uncoupling,False,"Topic, technical term, proper name, abbreviation or metadata"
uncover,True,General academic wording
uncovered,True,General academic wording
uncovering,True,General academic wording
uncovers,True,General academic wording
undefined,True,General academic wording
under,True,General academic wording
underappreciated,True,General academic wording
underdeveloped,True,General academic wording
underdiagnosed,False,"Topic, technical term, proper name, abbreviation or metadata"
underdiagnosis,False,"Topic, technical term, proper name, abbreviation or metadata"
underestimate,True,General academic wording
underexplored,True,General academic wording
undergo,True,General academic wording
undergoes,True,General academic wording
undergoing,True,General academic wording
undergraduate,False,"Topic, technical term, proper name, abbreviation or metadata"
underground,False,"Topic, technical term, proper name, abbreviation or metadata"
underlines,True,General academic wording
underlining,True,General academic wording
underlying,True,General academic wording
undermine,True,General academic wording
undermined,True,General academic wording
undermines,True,General academic wording
undermining,True,General academic wording
underpinned,True,General academic wording
underpinnings,True,General academic wording
underpins,True,General academic wording
underpowered,True,General academic wording
underrecognized,True,General academic wording
underreported,True,General academic wording
underreporting,True,General academic wording
underrepresentation,True,General academic wording
underrepresented,True,General academic wording
underscore,True,General academic wording
underscored,True,General academic wording
underscores,True,General academic wording
underscoring,True,General academic wording
underserved,False,"Topic, technical term, proper name, abbreviation or metadata"
understand,True,General academic wording
understandable,True,General academic wording
understanding,True,General academic wording
understood,True,General academic wording
understudied,True,General academic wording
undertreated,False,"Topic, technical term, proper name, abbreviation or metadata"
underused,True,General academic wording
underutilization,True,General academic wording
underutilized,True,General academic wording
underwater,False,"Topic, technical term, proper name, abbreviation or metadata"
underwent,True,General academic wording
undescribed,True,General academic wording
undetected,True,General academic wording
undocumented,True,General academic wording
undoped,False,"Topic, technical term, proper name, abbreviation or metadata"
undruggable,False,"Topic, technical term, proper name, abbreviation or metadata"
unequal,True,General academic wording
unequivocally,True,General academic wording
unet,False,"Topic, technical term, proper name, abbreviation or metadata"
uneven,True,General academic wording
unevenly,True,General academic wording
uneventful,True,General academic wording
uneventfully,False,"Topic, technical term, proper name, abbreviation or metadata"
unexplained,True,General academic wording
unexplored,True,General academic wording
unfavorable,True,General academic wording
unfeasible,True,General academic wording
unfit,True,General academic wording
unfold,True,General academic wording
unfolding,True,General academic wording
unfolds,True,General academic wording
unicompartmental,False,"Topic, technical term, proper name, abbreviation or metadata"
unidimensional,False,"Topic, technical term, proper name, abbreviation or metadata"
unidirectional,False,"Topic, technical term, proper name, abbreviation or metadata"
unified,True,General academic wording
unifies,True,General academic wording
uniform,True,General academic wording
uniformity,True,General academic wording
uniformly,True,General academic wording
unify,True,General academic wording
unifying,True,General academic wording
unimodal,False,"Topic, technical term, proper name, abbreviation or metadata"
unimpaired,False,"Topic, technical term, proper name, abbreviation or metadata"
uninsured,False,"Topic, technical term, proper name, abbreviation or metadata"
unintentionally,True,General academic wording
uninterrupted,True,General academic wording
unipolar,False,"Topic, technical term, proper name, abbreviation or metadata"
unique,True,General academic wording
uniquely,True,General academic wording
uniqueness,True,General academic wording
unitary,True,General academic wording
united,False,"Topic, technical term, proper name, abbreviation or metadata"
unity,True,General academic wording
univariable,False,"Topic, technical term, proper name, abbreviation or metadata"
univariate,False,"Topic, technical term, proper name, abbreviation or metadata"
universal,True,General academic wording
universality,True,General academic wording
universally,True,General academic wording
university,False,"Topic, technical term, proper name, abbreviation or metadata"
university's,False,"Topic, technical term, proper name, abbreviation or metadata"
unknown,True,General academic wording
unlabeled,True,General academic wording
unlabelled,True,General academic wording
unlike,True,General academic wording
unlimited,True,General academic wording
unloading,False,"Topic, technical term, proper name, abbreviation or metadata"
unlock,True,General academic wording
unlocking,True,General academic wording
unmanned,False,"Topic, technical term, proper name, abbreviation or metadata"
unmatched,True,General academic wording
unmeasured,True,General academic wording
unmet,True,General academic wording
unmodified,True,General academic wording
unnatural,True,General academic wording
unnecessary,True,General academic wording
unoccupied,False,"Topic, technical term, proper name, abbreviation or metadata"
unparalleled,True,General academic wording
unpredictability,True,General academic wording
unprocessed,True,General academic wording
unproven,True,General academic wording
unravel,True,General academic wording
unraveled,True,General academic wording
unraveling,True,General academic wording
unravelling,True,General academic wording
unrealistic,True,General academic wording
unrecognized,True,General academic wording
unregulated,True,General academic wording
unreliable,True,General academic wording
unremarkable,True,General academic wording
unreported,True,General academic wording
unresolved,True,General academic wording
unresponsive,True,General academic wording
unrestricted,True,General academic wording
unruptured,False,"Topic, technical term, proper name, abbreviation or metadata"
unsafe,True,General academic wording
unsaturated,False,"Topic, technical term, proper name, abbreviation or metadata"
unseen,True,General academic wording
unselected,True,General academic wording
unsolved,True,General academic wording
unspecified,True,General academic wording
unstable,True,General academic wording
unstimulated,False,"Topic, technical term, proper name, abbreviation or metadata"
unstructured,True,General academic wording
unstudied,True,General academic wording
unsuitable,True,General academic wording
unsupervised,False,"Topic, technical term, proper name, abbreviation or metadata"
unsupported,True,General academic wording
unsustainable,True,General academic wording
untapped,True,General academic wording
untargeted,False,"Topic, technical term, proper name, abbreviation or metadata"
untested,True,General academic wording
until,True,General academic wording
unvaccinated,False,"Topic, technical term, proper name, abbreviation or metadata"
unveil,True,General academic wording
unveiled,True,General academic wording
unveiling,True,General academic wording
unveils,True,General academic wording
unweighted,False,"Topic, technical term, proper name, abbreviation or metadata"
upadacitinib,False,"Topic, technical term, proper name, abbreviation or metadata"
upconversion,False,"Topic, technical term, proper name, abbreviation or metadata"
upcycling,False,"Topic, technical term, proper name, abbreviation or metadata"
updated,True,General academic wording
updates,True,General academic wording
updrs,False,"Topic, technical term, proper name, abbreviation or metadata"
upf,False,"Topic, technical term, proper name, abbreviation or metadata"
upfront,True,General academic wording
upgrade,True,General academic wording
upgrades,True,General academic wording
upgrading,True,General academic wording
uphold,True,General academic wording
uplc,False,"Topic, technical term, proper name, abbreviation or metadata"
uploaded,False,"Topic, technical term, proper name, abbreviation or metadata"
upon,True,General academic wording
upper,True,General academic wording
upregulated,False,"Topic, technical term, proper name, abbreviation or metadata"
upregulates,False,"Topic, technical term, proper name, abbreviation or metadata"
upregulating,False,"Topic, technical term, proper name, abbreviation or metadata"
upregulation,False,"Topic, technical term, proper name, abbreviation or metadata"
ups,False,"Topic, technical term, proper name, abbreviation or metadata"
upstream,False,"Topic, technical term, proper name, abbreviation or metadata"
upsurge,True,General academic wording
uptake,True,General academic wording
upward,True,General academic wording
uracil,False,"Topic, technical term, proper name, abbreviation or metadata"
uranium,False,"Topic, technical term, proper name, abbreviation or metadata"
urate,False,"Topic, technical term, proper name, abbreviation or metadata"
urban,False,"Topic, technical term, proper name, abbreviation or metadata"
urease,False,"Topic, technical term, proper name, abbreviation or metadata"
ureter,False,"Topic, technical term, proper name, abbreviation or metadata"
ureteroscopy,False,"Topic, technical term, proper name, abbreviation or metadata"
urge,True,General academic wording
urgency,True,General academic wording
urgent,True,General academic wording
urges,True,General academic wording
urging,True,General academic wording
uridine,False,"Topic, technical term, proper name, abbreviation or metadata"
urinalysis,False,"Topic, technical term, proper name, abbreviation or metadata"
urinary,False,"Topic, technical term, proper name, abbreviation or metadata"
urination,False,"Topic, technical term, proper name, abbreviation or metadata"
urodynamic,False,"Topic, technical term, proper name, abbreviation or metadata"
urolithiasis,False,"Topic, technical term, proper name, abbreviation or metadata"
urologic,False,"Topic, technical term, proper name, abbreviation or metadata"
urologists,False,"Topic, technical term, proper name, abbreviation or metadata"
ursodeoxycholic,False,"Topic, technical term, proper name, abbreviation or metadata"
usability,True,General academic wording
usage,True,General academic wording
used,True,General academic wording
user,True,General academic wording
uses,True,General academic wording
usg,False,"Topic, technical term, proper name, abbreviation or metadata"
using,True,General academic wording
usp,False,"Topic, technical term, proper name, abbreviation or metadata"
ustekinumab,False,"Topic, technical term, proper name, abbreviation or metadata"
usually,True,General academic wording
utah,False,"Topic, technical term, proper name, abbreviation or metadata"
uterine,False,"Topic, technical term, proper name, abbreviation or metadata"
utilised,True,General academic wording
utilises,True,General academic wording
utilising,True,General academic wording
utility,True,General academic wording
utilization,True,General academic wording
utilize,True,General academic wording
utilized,True,General academic wording
utilizes,True,General academic wording
utilizing,True,General academic wording
utis,False,"Topic, technical term, proper name, abbreviation or metadata"
uveal,False,"Topic, technical term, proper name, abbreviation or metadata"
uveitis,False,"Topic, technical term, proper name, abbreviation or metadata"
vacancies,False,"Topic, technical term, proper name, abbreviation or metadata"
vacancy,False,"Topic, technical term, proper name, abbreviation or metadata"
vaccinate,False,"Topic, technical term, proper name, abbreviation or metadata"
vaccinated,False,"Topic, technical term, proper name, abbreviation or metadata"
vaccinating,False,"Topic, technical term, proper name, abbreviation or metadata"
vaccination,False,"Topic, technical term, proper name, abbreviation or metadata"
vaccinations,False,"Topic, technical term, proper name, abbreviation or metadata"
vaccine,False,"Topic, technical term, proper name, abbreviation or metadata"
vaccines,False,"Topic, technical term, proper name, abbreviation or metadata"
vaccinia,False,"Topic, technical term, proper name, abbreviation or metadata"
vacuole,False,"Topic, technical term, proper name, abbreviation or metadata"
vacuolization,False,"Topic, technical term, proper name, abbreviation or metadata"
vad,False,"Topic, technical term, proper name, abbreviation or metadata"
vae,False,"Topic, technical term, proper name, abbreviation or metadata"
vaginalis,False,"Topic, technical term, proper name, abbreviation or metadata"
vague,True,General academic wording
vagus,False,"Topic, technical term, proper name, abbreviation or metadata"
valence,False,"Topic, technical term, proper name, abbreviation or metadata"
valent,False,"Topic, technical term, proper name, abbreviation or metadata"
valid,True,General academic wording
validate,True,General academic wording
validated,True,General academic wording
validates,True,General academic wording
validating,True,General academic wording
validation,True,General academic wording
validations,True,General academic wording
validity,True,General academic wording
valine,False,"Topic, technical term, proper name, abbreviation or metadata"
valorization,False,"Topic, technical term, proper name, abbreviation or metadata"
valproate,False,"Topic, technical term, proper name, abbreviation or metadata"
valproic,False,"Topic, technical term, proper name, abbreviation or metadata"
valsalva,False,"Topic, technical term, proper name, abbreviation or metadata"
valsartan,False,"Topic, technical term, proper name, abbreviation or metadata"
valuable,True,General academic wording
valuation,True,General academic wording
value,True,General academic wording
valued,True,General academic wording
values,True,General academic wording
valuing,True,General academic wording
valve,False,"Topic, technical term, proper name, abbreviation or metadata"
van,False,"Topic, technical term, proper name, abbreviation or metadata"
vanadium,False,"Topic, technical term, proper name, abbreviation or metadata"
vancouver,False,"Topic, technical term, proper name, abbreviation or metadata"
vanillin,False,"Topic, technical term, proper name, abbreviation or metadata"
vanilloid,False,"Topic, technical term, proper name, abbreviation or metadata"
vanishing,True,General academic wording
vannamei,False,"Topic, technical term, proper name, abbreviation or metadata"
vap,False,"Topic, technical term, proper name, abbreviation or metadata"
vapour,False,"Topic, technical term, proper name, abbreviation or metadata"
variabilities,True,General academic wording
variability,True,General academic wording
variable,True,General academic wording
variables,True,General academic wording
variably,True,General academic wording
variance,False,"Topic, technical term, proper name, abbreviation or metadata"
variances,True,General academic wording
variant,True,General academic wording
variants,True,General academic wording
variation,True,General academic wording
variational,False,"Topic, technical term, proper name, abbreviation or metadata"
variations,True,General academic wording
variceal,False,"Topic, technical term, proper name, abbreviation or metadata"
varicella,False,"Topic, technical term, proper name, abbreviation or metadata"
varices,False,"Topic, technical term, proper name, abbreviation or metadata"
varied,True,General academic wording
varies,True,General academic wording
varieties,True,General academic wording
variety,True,General academic wording
various,True,General academic wording
vary,True,General academic wording
varying,True,General academic wording
vas,False,"Topic, technical term, proper name, abbreviation or metadata"
vascular,False,"Topic, technical term, proper name, abbreviation or metadata"
vascularity,False,"Topic, technical term, proper name, abbreviation or metadata"
vaso,False,"Topic, technical term, proper name, abbreviation or metadata"
vasodilatory,False,"Topic, technical term, proper name, abbreviation or metadata"
vasomotor,False,"Topic, technical term, proper name, abbreviation or metadata"
vasopressor,False,"Topic, technical term, proper name, abbreviation or metadata"
vasospasm,False,"Topic, technical term, proper name, abbreviation or metadata"
vastus,False,"Topic, technical term, proper name, abbreviation or metadata"
vat,False,"Topic, technical term, proper name, abbreviation or metadata"
vats,False,"Topic, technical term, proper name, abbreviation or metadata"
vault,False,"Topic, technical term, proper name, abbreviation or metadata"
vcam,False,"Topic, technical term, proper name, abbreviation or metadata"
vdw,False,"Topic, technical term, proper name, abbreviation or metadata"
vector,True,General academic wording
vedotin,False,"Topic, technical term, proper name, abbreviation or metadata"
vegfa,False,"Topic, technical term, proper name, abbreviation or metadata"
vegfr,False,"Topic, technical term, proper name, abbreviation or metadata"
veillonella,False,"Topic, technical term, proper name, abbreviation or metadata"
vein,False,"Topic, technical term, proper name, abbreviation or metadata"
velezensis,False,"Topic, technical term, proper name, abbreviation or metadata"
vendor,False,"Topic, technical term, proper name, abbreviation or metadata"
vendors,False,"Topic, technical term, proper name, abbreviation or metadata"
venetoclax,False,"Topic, technical term, proper name, abbreviation or metadata"
venn,False,"Topic, technical term, proper name, abbreviation or metadata"
veno,False,"Topic, technical term, proper name, abbreviation or metadata"
venoarterial,False,"Topic, technical term, proper name, abbreviation or metadata"
venoms,False,"Topic, technical term, proper name, abbreviation or metadata"
venous,False,"Topic, technical term, proper name, abbreviation or metadata"
ventricles,False,"Topic, technical term, proper name, abbreviation or metadata"
ventricular,False,"Topic, technical term, proper name, abbreviation or metadata"
ventriculoperitoneal,False,"Topic, technical term, proper name, abbreviation or metadata"
ventrolateral,False,"Topic, technical term, proper name, abbreviation or metadata"
ventromedial,False,"Topic, technical term, proper name, abbreviation or metadata"
vera,False,"Topic, technical term, proper name, abbreviation or metadata"
verifiable,True,General academic wording
verification,True,General academic wording
verified,True,General academic wording
verifies,True,General academic wording
verify,True,General academic wording
verifying,True,General academic wording
versatile,True,General academic wording
versatility,True,General academic wording
version,True,General academic wording
versus,True,General academic wording
vertex,False,"Topic, technical term, proper name, abbreviation or metadata"
vertical,False,"Topic, technical term, proper name, abbreviation or metadata"
vertices,False,"Topic, technical term, proper name, abbreviation or metadata"
vesicle,False,"Topic, technical term, proper name, abbreviation or metadata"
vesicles,False,"Topic, technical term, proper name, abbreviation or metadata"
vessels,False,"Topic, technical term, proper name, abbreviation or metadata"
veterinary,False,"Topic, technical term, proper name, abbreviation or metadata"
vfa,False,"Topic, technical term, proper name, abbreviation or metadata"
vgg,False,"Topic, technical term, proper name, abbreviation or metadata"
vha,False,"Topic, technical term, proper name, abbreviation or metadata"
vhl,False,"Topic, technical term, proper name, abbreviation or metadata"
via,True,General academic wording
viability,True,General academic wording
viable,True,General academic wording
vibrating,False,"Topic, technical term, proper name, abbreviation or metadata"
vibrational,False,"Topic, technical term, proper name, abbreviation or metadata"
vicious,True,General academic wording
vickers,False,"Topic, technical term, proper name, abbreviation or metadata"
video,False,"Topic, technical term, proper name, abbreviation or metadata"
vienna,False,"Topic, technical term, proper name, abbreviation or metadata"
vietnamese,False,"Topic, technical term, proper name, abbreviation or metadata"
view,True,General academic wording
viewed,True,General academic wording
viewpoints,True,General academic wording
views,True,General academic wording
vigilance,True,General academic wording
vigilant,True,General academic wording
vignette,False,"Topic, technical term, proper name, abbreviation or metadata"
vignettes,False,"Topic, technical term, proper name, abbreviation or metadata"
vigor,True,General academic wording
vigs,False,"Topic, technical term, proper name, abbreviation or metadata"
villi,False,"Topic, technical term, proper name, abbreviation or metadata"
villus,False,"Topic, technical term, proper name, abbreviation or metadata"
vina,False,"Topic, technical term, proper name, abbreviation or metadata"
vinci,False,"Topic, technical term, proper name, abbreviation or metadata"
vincristine,False,"Topic, technical term, proper name, abbreviation or metadata"
vinylidene,False,"Topic, technical term, proper name, abbreviation or metadata"
violations,True,General academic wording
violet,False,"Topic, technical term, proper name, abbreviation or metadata"
vip,False,"Topic, technical term, proper name, abbreviation or metadata"
virginia,False,"Topic, technical term, proper name, abbreviation or metadata"
virologic,False,"Topic, technical term, proper name, abbreviation or metadata"
virology,False,"Topic, technical term, proper name, abbreviation or metadata"
virome,False,"Topic, technical term, proper name, abbreviation or metadata"
virtual,True,General academic wording
virulence,False,"Topic, technical term, proper name, abbreviation or metadata"
virus's,False,"Topic, technical term, proper name, abbreviation or metadata"
viscera,False,"Topic, technical term, proper name, abbreviation or metadata"
viscoelastic,False,"Topic, technical term, proper name, abbreviation or metadata"
viscoelasticity,False,"Topic, technical term, proper name, abbreviation or metadata"
viscosity,False,"Topic, technical term, proper name, abbreviation or metadata"
visibility,True,General academic wording
visible,True,General academic wording
vision,True,General academic wording
visits,False,"Topic, technical term, proper name, abbreviation or metadata"
visual,False,"Topic, technical term, proper name, abbreviation or metadata"
visualisation,True,General academic wording
visualization,False,"Topic, technical term, proper name, abbreviation or metadata"
visualizations,True,General academic wording
visualizing,True,General academic wording
visuomotor,False,"Topic, technical term, proper name, abbreviation or metadata"
visuospatial,False,"Topic, technical term, proper name, abbreviation or metadata"
vit,False,"Topic, technical term, proper name, abbreviation or metadata"
vital,True,General academic wording
vitality,True,General academic wording
vitek,False,"Topic, technical term, proper name, abbreviation or metadata"
vitiligo,False,"Topic, technical term, proper name, abbreviation or metadata"
vitreoretinal,False,"Topic, technical term, proper name, abbreviation or metadata"
vitrification,False,"Topic, technical term, proper name, abbreviation or metadata"
vitro,False,"Topic, technical term, proper name, abbreviation or metadata"
vivax,False,"Topic, technical term, proper name, abbreviation or metadata"
vivid,True,General academic wording
vivo,False,"Topic, technical term, proper name, abbreviation or metadata"
vldl,False,"Topic, technical term, proper name, abbreviation or metadata"
vlp,False,"Topic, technical term, proper name, abbreviation or metadata"
vmat,False,"Topic, technical term, proper name, abbreviation or metadata"
vmax,False,"Topic, technical term, proper name, abbreviation or metadata"
voc,False,"Topic, technical term, proper name, abbreviation or metadata"
vocalizations,False,"Topic, technical term, proper name, abbreviation or metadata"
vocational,False,"Topic, technical term, proper name, abbreviation or metadata"
vocs,False,"Topic, technical term, proper name, abbreviation or metadata"
voices,False,"Topic, technical term, proper name, abbreviation or metadata"
voids,False,"Topic, technical term, proper name, abbreviation or metadata"
volar,False,"Topic, technical term, proper name, abbreviation or metadata"
volatile,True,General academic wording
volatility,True,General academic wording
volcanic,False,"Topic, technical term, proper name, abbreviation or metadata"
volcano,False,"Topic, technical term, proper name, abbreviation or metadata"
voltage,False,"Topic, technical term, proper name, abbreviation or metadata"
voltages,False,"Topic, technical term, proper name, abbreviation or metadata"
volume,True,General academic wording
volumes,True,General academic wording
volumetric,False,"Topic, technical term, proper name, abbreviation or metadata"
volunteered,True,General academic wording
volvulus,False,"Topic, technical term, proper name, abbreviation or metadata"
vomiting,False,"Topic, technical term, proper name, abbreviation or metadata"
voriconazole,False,"Topic, technical term, proper name, abbreviation or metadata"
vortices,False,"Topic, technical term, proper name, abbreviation or metadata"
vosviewer,False,"Topic, technical term, proper name, abbreviation or metadata"
vote,True,General academic wording
voting,True,General academic wording
vowel,False,"Topic, technical term, proper name, abbreviation or metadata"
vpa,False,"Topic, technical term, proper name, abbreviation or metadata"
vsd,False,"Topic, technical term, proper name, abbreviation or metadata"
vsm,False,"Topic, technical term, proper name, abbreviation or metadata"
vsmc,False,"Topic, technical term, proper name, abbreviation or metadata"
vsmcs,False,"Topic, technical term, proper name, abbreviation or metadata"
vss,False,"Topic, technical term, proper name, abbreviation or metadata"
vulgare,False,"Topic, technical term, proper name, abbreviation or metadata"
vulnerabilities,True,General academic wording
vulnerability,True,General academic wording
vulnerable,True,General academic wording
vulvar,False,"Topic, technical term, proper name, abbreviation or metadata"
vus,False,"Topic, technical term, proper name, abbreviation or metadata"
vzv,False,"Topic, technical term, proper name, abbreviation or metadata"
waals,False,"Topic, technical term, proper name, abbreviation or metadata"
wafer,False,"Topic, technical term, proper name, abbreviation or metadata"
waitlist,False,"Topic, technical term, proper name, abbreviation or metadata"
wakefulness,False,"Topic, technical term, proper name, abbreviation or metadata"
waking,False,"Topic, technical term, proper name, abbreviation or metadata"
wald,False,"Topic, technical term, proper name, abbreviation or metadata"
walker,False,"Topic, technical term, proper name, abbreviation or metadata"
wall,False,"Topic, technical term, proper name, abbreviation or metadata"
wallis,False,"Topic, technical term, proper name, abbreviation or metadata"
walnut,False,"Topic, technical term, proper name, abbreviation or metadata"
wan,False,"Topic, technical term, proper name, abbreviation or metadata"
wang,False,"Topic, technical term, proper name, abbreviation or metadata"
waning,True,General academic wording
wanting,False,"Topic, technical term, proper name, abbreviation or metadata"
warburg,False,"Topic, technical term, proper name, abbreviation or metadata"
warfare,False,"Topic, technical term, proper name, abbreviation or metadata"
warming,False,"Topic, technical term, proper name, abbreviation or metadata"
warmth,False,"Topic, technical term, proper name, abbreviation or metadata"
warning,True,General academic wording
warnings,True,General academic wording
warrant,True,General academic wording
warranted,True,General academic wording
warranting,True,General academic wording
warrants,True,General academic wording
wasp,False,"Topic, technical term, proper name, abbreviation or metadata"
waste,False,"Topic, technical term, proper name, abbreviation or metadata"
wasted,True,General academic wording
wastewater,False,"Topic, technical term, proper name, abbreviation or metadata"
watch,False,"Topic, technical term, proper name, abbreviation or metadata"
watched,False,"Topic, technical term, proper name, abbreviation or metadata"
water,False,"Topic, technical term, proper name, abbreviation or metadata"
waterborne,False,"Topic, technical term, proper name, abbreviation or metadata"
watersheds,False,"Topic, technical term, proper name, abbreviation or metadata"
wave,False,"Topic, technical term, proper name, abbreviation or metadata"
waveform,False,"Topic, technical term, proper name, abbreviation or metadata"
wavefront,False,"Topic, technical term, proper name, abbreviation or metadata"
waveguide,False,"Topic, technical term, proper name, abbreviation or metadata"
waveguides,False,"Topic, technical term, proper name, abbreviation or metadata"
wavelength,False,"Topic, technical term, proper name, abbreviation or metadata"
waves,False,"Topic, technical term, proper name, abbreviation or metadata"
wax,False,"Topic, technical term, proper name, abbreviation or metadata"
way,True,General academic wording
ways,True,General academic wording
weak,True,General academic wording
weaken,True,General academic wording
weakened,True,General academic wording
weakening,True,General academic wording
weakens,True,General academic wording
weaker,True,General academic wording
weakest,True,General academic wording
weakly,True,General academic wording
weakness,True,General academic wording
wearable,False,"Topic, technical term, proper name, abbreviation or metadata"
wearables,False,"Topic, technical term, proper name, abbreviation or metadata"
weathering,False,"Topic, technical term, proper name, abbreviation or metadata"
web,False,"Topic, technical term, proper name, abbreviation or metadata"
weber,False,"Topic, technical term, proper name, abbreviation or metadata"
wechat,False,"Topic, technical term, proper name, abbreviation or metadata"
weed,False,"Topic, technical term, proper name, abbreviation or metadata"
weeds,False,"Topic, technical term, proper name, abbreviation or metadata"
weekday,False,"Topic, technical term, proper name, abbreviation or metadata"
weekend,False,"Topic, technical term, proper name, abbreviation or metadata"
weekly,True,General academic wording
weibull,False,"Topic, technical term, proper name, abbreviation or metadata"
weight,True,General academic wording
weighted,False,"Topic, technical term, proper name, abbreviation or metadata"
weighting,False,"Topic, technical term, proper name, abbreviation or metadata"
weights,True,General academic wording
welch's,False,"Topic, technical term, proper name, abbreviation or metadata"
welcome,True,General academic wording
welding,False,"Topic, technical term, proper name, abbreviation or metadata"
wes,False,"Topic, technical term, proper name, abbreviation or metadata"
wetlands,False,"Topic, technical term, proper name, abbreviation or metadata"
wgcna,False,"Topic, technical term, proper name, abbreviation or metadata"
wgs,False,"Topic, technical term, proper name, abbreviation or metadata"
whale,False,"Topic, technical term, proper name, abbreviation or metadata"
whatsapp,False,"Topic, technical term, proper name, abbreviation or metadata"
wheelchair,False,"Topic, technical term, proper name, abbreviation or metadata"
whereas,True,General academic wording
wherein,True,General academic wording
whether,True,General academic wording
whey,False,"Topic, technical term, proper name, abbreviation or metadata"
while,True,General academic wording
white,False,"Topic, technical term, proper name, abbreviation or metadata"
whitening,False,"Topic, technical term, proper name, abbreviation or metadata"
whitney,False,"Topic, technical term, proper name, abbreviation or metadata"
who's,False,"Topic, technical term, proper name, abbreviation or metadata"
whole,True,General academic wording
whom,True,General academic wording
whoqol,False,"Topic, technical term, proper name, abbreviation or metadata"
whose,True,General academic wording
whr,False,"Topic, technical term, proper name, abbreviation or metadata"
whtr,False,"Topic, technical term, proper name, abbreviation or metadata"
wide,True,General academic wording
wideband,False,"Topic, technical term, proper name, abbreviation or metadata"
widefield,False,"Topic, technical term, proper name, abbreviation or metadata"
widely,True,General academic wording
widened,True,General academic wording
widening,True,General academic wording
widespread,True,General academic wording
widowed,False,"Topic, technical term, proper name, abbreviation or metadata"
width,False,"Topic, technical term, proper name, abbreviation or metadata"
wilcoxon,False,"Topic, technical term, proper name, abbreviation or metadata"
wildfire,False,"Topic, technical term, proper name, abbreviation or metadata"
wildfires,False,"Topic, technical term, proper name, abbreviation or metadata"
wilk,False,"Topic, technical term, proper name, abbreviation or metadata"
willingness,True,General academic wording
wilson,False,"Topic, technical term, proper name, abbreviation or metadata"
wilt,False,"Topic, technical term, proper name, abbreviation or metadata"
window,False,"Topic, technical term, proper name, abbreviation or metadata"
windows,False,"Topic, technical term, proper name, abbreviation or metadata"
wings,False,"Topic, technical term, proper name, abbreviation or metadata"
wiring,False,"Topic, technical term, proper name, abbreviation or metadata"
wisconsin,False,"Topic, technical term, proper name, abbreviation or metadata"
wisdom,True,General academic wording
wise,True,General academic wording
wished,False,"Topic, technical term, proper name, abbreviation or metadata"
withdrawal,False,"Topic, technical term, proper name, abbreviation or metadata"
withdrawing,True,General academic wording
withdrew,True,General academic wording
withholding,True,General academic wording
within,True,General academic wording
without,True,General academic wording
withstand,True,General academic wording
witness,True,General academic wording
wmh,False,"Topic, technical term, proper name, abbreviation or metadata"
wolf,False,"Topic, technical term, proper name, abbreviation or metadata"
womac,False,"Topic, technical term, proper name, abbreviation or metadata"
woman,False,"Topic, technical term, proper name, abbreviation or metadata"
woman's,False,"Topic, technical term, proper name, abbreviation or metadata"
wonder,True,General academic wording
wool,False,"Topic, technical term, proper name, abbreviation or metadata"
work,True,General academic wording
workflow,False,"Topic, technical term, proper name, abbreviation or metadata"
workflows,False,"Topic, technical term, proper name, abbreviation or metadata"
workforce,False,"Topic, technical term, proper name, abbreviation or metadata"
workload,True,General academic wording
workloads,True,General academic wording
works,True,General academic wording
workshops,False,"Topic, technical term, proper name, abbreviation or metadata"
workup,False,"Topic, technical term, proper name, abbreviation or metadata"
world,True,General academic wording
worlds,True,General academic wording
worldwide,True,General academic wording
worrisome,True,General academic wording
worrying,True,General academic wording
worsened,True,General academic wording
worsening,True,General academic wording
worsens,True,General academic wording
worthy,True,General academic wording
wos,False,"Topic, technical term, proper name, abbreviation or metadata"
woscc,False,"Topic, technical term, proper name, abbreviation or metadata"
wound,False,"Topic, technical term, proper name, abbreviation or metadata"
wounds,False,"Topic, technical term, proper name, abbreviation or metadata"
wqs,False,"Topic, technical term, proper name, abbreviation or metadata"
wrapping,False,"Topic, technical term, proper name, abbreviation or metadata"
wrinkles,False,"Topic, technical term, proper name, abbreviation or metadata"
write,True,General academic wording
writers,True,General academic wording
wrky,False,"Topic, technical term, proper name, abbreviation or metadata"
wsi,False,"Topic, technical term, proper name, abbreviation or metadata"
wsis,False,"Topic, technical term, proper name, abbreviation or metadata"
wtp,False,"Topic, technical term, proper name, abbreviation or metadata"
wwtp,False,"Topic, technical term, proper name, abbreviation or metadata"
xai,False,"Topic, technical term, proper name, abbreviation or metadata"
xanthan,False,"Topic, technical term, proper name, abbreviation or metadata"
xanthine,False,"Topic, technical term, proper name, abbreviation or metadata"
xanthomonas,False,"Topic, technical term, proper name, abbreviation or metadata"
xas,False,"Topic, technical term, proper name, abbreviation or metadata"
xdr,False,"Topic, technical term, proper name, abbreviation or metadata"
xenobiotic,False,"Topic, technical term, proper name, abbreviation or metadata"
xenobiotics,False,"Topic, technical term, proper name, abbreviation or metadata"
xenograft,False,"Topic, technical term, proper name, abbreviation or metadata"
xenotransplantation,False,"Topic, technical term, proper name, abbreviation or metadata"
xerostomia,False,"Topic, technical term, proper name, abbreviation or metadata"
xgb,False,"Topic, technical term, proper name, abbreviation or metadata"
xgboost,False,"Topic, technical term, proper name, abbreviation or metadata"
xi'an,False,"Topic, technical term, proper name, abbreviation or metadata"
xinjiang,False,"Topic, technical term, proper name, abbreviation or metadata"
xpert,False,"Topic, technical term, proper name, abbreviation or metadata"
xplore,False,"Topic, technical term, proper name, abbreviation or metadata"
xrd,False,"Topic, technical term, proper name, abbreviation or metadata"
xrf,False,"Topic, technical term, proper name, abbreviation or metadata"
xylanase,False,"Topic, technical term, proper name, abbreviation or metadata"
xylene,False,"Topic, technical term, proper name, abbreviation or metadata"
xylose,False,"Topic, technical term, proper name, abbreviation or metadata"
yag,False,"Topic, technical term, proper name, abbreviation or metadata"
yale,False,"Topic, technical term, proper name, abbreviation or metadata"
yang,False,"Topic, technical term, proper name, abbreviation or metadata"
yangtze,False,"Topic, technical term, proper name, abbreviation or metadata"
yap,False,"Topic, technical term, proper name, abbreviation or metadata"
yat,False,"Topic, technical term, proper name, abbreviation or metadata"
year,True,General academic wording
yellow,False,"Topic, technical term, proper name, abbreviation or metadata"
yet,True,General academic wording
yield,True,General academic wording
yielded,True,General academic wording
yielding,True,General academic wording
yields,True,General academic wording
yin,False,"Topic, technical term, proper name, abbreviation or metadata"
ylds,False,"Topic, technical term, proper name, abbreviation or metadata"
yoga,False,"Topic, technical term, proper name, abbreviation or metadata"
yolo,False,"Topic, technical term, proper name, abbreviation or metadata"
york,False,"Topic, technical term, proper name, abbreviation or metadata"
yorkshire,False,"Topic, technical term, proper name, abbreviation or metadata"
youden,False,"Topic, technical term, proper name, abbreviation or metadata"
youden's,False,"Topic, technical term, proper name, abbreviation or metadata"
younger,False,"Topic, technical term, proper name, abbreviation or metadata"
youth,False,"Topic, technical term, proper name, abbreviation or metadata"
youths,False,"Topic, technical term, proper name, abbreviation or metadata"
youtube,False,"Topic, technical term, proper name, abbreviation or metadata"
yttrium,False,"Topic, technical term, proper name, abbreviation or metadata"
yuan,False,"Topic, technical term, proper name, abbreviation or metadata"
yunnan,False,"Topic, technical term, proper name, abbreviation or metadata"
zein,False,"Topic, technical term, proper name, abbreviation or metadata"
zenodo,False,"Topic, technical term, proper name, abbreviation or metadata"
zeolites,False,"Topic, technical term, proper name, abbreviation or metadata"
zeolitic,False,"Topic, technical term, proper name, abbreviation or metadata"
zero,False,"Topic, technical term, proper name, abbreviation or metadata"
zeta,False,"Topic, technical term, proper name, abbreviation or metadata"
zhang,False,"Topic, technical term, proper name, abbreviation or metadata"
zhejiang,False,"Topic, technical term, proper name, abbreviation or metadata"
zif,False,"Topic, technical term, proper name, abbreviation or metadata"
zigzag,False,"Topic, technical term, proper name, abbreviation or metadata"
zinc,False,"Topic, technical term, proper name, abbreviation or metadata"
zip,False,"Topic, technical term, proper name, abbreviation or metadata"
zipper,False,"Topic, technical term, proper name, abbreviation or metadata"
zirconia,False,"Topic, technical term, proper name, abbreviation or metadata"
zirconium,False,"Topic, technical term, proper name, abbreviation or metadata"
zns,False,"Topic, technical term, proper name, abbreviation or metadata"
zonal,False,"Topic, technical term, proper name, abbreviation or metadata"
zones,False,"Topic, technical term, proper name, abbreviation or metadata"
zonula,False,"Topic, technical term, proper name, abbreviation or metadata"
zoo,False,"Topic, technical term, proper name, abbreviation or metadata"
zoom,False,"Topic, technical term, proper name, abbreviation or metadata"
zoonosis,False,"Topic, technical term, proper name, abbreviation or metadata"
zoonotic,False,"Topic, technical term, proper name, abbreviation or metadata"
zooplankton,False,"Topic, technical term, proper name, abbreviation or metadata"
zoster,False,"Topic, technical term, proper name, abbreviation or metadata"
zygomatic,False,"Topic, technical term, proper name, abbreviation or metadata"
zygotic,False,"Topic, technical term, proper name, abbreviation or metadata"
