fit,group,word
train0,Early,abilities
train0,Early,ability
train0,Early,above
train0,Early,abundant
train0,Early,according
train0,Early,accurately
train0,Early,achieve
train0,Early,acknowledges
train0,Early,action
train0,Early,added
train0,Early,adding
train0,Early,addition
train0,Early,additionally
train0,Early,adept
train0,Early,adhering
train0,Early,administering
train0,Early,adopted
train0,Early,advantages
train0,Early,affect
train0,Early,affecting
train0,Early,affects
train0,Early,affirm
train0,Early,affirmed
train0,Early,against
train0,Early,aid
train0,Early,aiding
train0,Early,aids
train0,Early,aims
train0,Early,akin
train0,Early,alleviate
train0,Early,ameliorative
train0,Early,amidst
train0,Early,analyze
train0,Early,annotate
train0,Early,annotating
train0,Early,anticipated
train0,Early,application
train0,Early,apply
train0,Early,applying
train0,Early,appropriate
train0,Early,approved
train0,Early,area
train0,Early,areas
train0,Early,art
train0,Early,ascertain
train0,Early,aspect
train0,Early,aspects
train0,Early,assembled
train0,Early,assist
train0,Early,assistance
train0,Early,attention
train0,Early,attracted
train0,Early,attributed
train0,Early,attributes
train0,Early,attributing
train0,Early,augmenting
train0,Early,avenue
train0,Early,average
train0,Early,averting
train0,Early,awards
train0,Early,because
train0,Early,become
train0,Early,behind
train0,Early,beneficial
train0,Early,benefiting
train0,Early,best
train0,Early,better
train0,Early,boasts
train0,Early,bolster
train0,Early,bolstered
train0,Early,bolstering
train0,Early,boost
train0,Early,build
train0,Early,built
train0,Early,burgeoning
train0,Early,called
train0,Early,cause
train0,Early,caused
train0,Early,causes
train0,Early,causing
train0,Early,certain
train0,Early,changed
train0,Early,changes
train0,Early,characteristics
train0,Early,chief
train0,Early,classify
train0,Early,coefficient
train0,Early,collect
train0,Early,collected
train0,Early,collection
train0,Early,combat
train0,Early,combating
train0,Early,combination
train0,Early,commendable
train0,Early,common
train0,Early,commonly
train0,Early,compiling
train0,Early,complexities
train0,Early,compositions
train0,Early,comprehend
train0,Early,comprehending
train0,Early,comprehension
train0,Early,condition
train0,Early,conducive
train0,Early,conduct
train0,Early,conducting
train0,Early,conjunction
train0,Early,connection
train0,Early,connections
train0,Early,consequently
train0,Early,consider
train0,Early,considerable
train0,Early,considering
train0,Early,consists
train0,Early,constructed
train0,Early,construction
train0,Early,consuming
train0,Early,consumption
train0,Early,contains
train0,Early,content
train0,Early,contentious
train0,Early,contents
train0,Early,contradiction
train0,Early,correlation
train0,Early,countering
train0,Early,counterparts
train0,Early,crafted
train0,Early,crafting
train0,Early,create
train0,Early,created
train0,Early,creation
train0,Early,crucial
train0,Early,curbing
train0,Early,currently
train0,Early,customize
train0,Early,customized
train0,Early,customizing
train0,Early,database
train0,Early,databases
train0,Early,decades
train0,Early,decided
train0,Early,deciphered
train0,Early,deemed
train0,Early,degree
train0,Early,degrees
train0,Early,delve
train0,Early,delved
train0,Early,delves
train0,Early,delving
train0,Early,dependable
train0,Early,depth
train0,Early,desired
train0,Early,detailed
train0,Early,details
train0,Early,detect
train0,Early,determining
train0,Early,detrimental
train0,Early,develop
train0,Early,developing
train0,Early,development
train0,Early,deviating
train0,Early,devices
train0,Early,devise
train0,Early,devising
train0,Early,different
train0,Early,differentially
train0,Early,difficult
train0,Early,difficulties
train0,Early,difficulty
train0,Early,digitization
train0,Early,direction
train0,Early,discern
train0,Early,discerned
train0,Early,discernible
train0,Early,discerning
train0,Early,discover
train0,Early,discovered
train0,Early,discussed
train0,Early,displayed
train0,Early,displaying
train0,Early,distributing
train0,Early,diversifying
train0,Early,divided
train0,Early,divides
train0,Early,drawbacks
train0,Early,due
train0,Early,duplicates
train0,Early,ease
train0,Early,easily
train0,Early,easy
train0,Early,economic
train0,Early,effect
train0,Early,efficiently
train0,Early,efforts
train0,Early,element
train0,Early,elements
train0,Early,elucidated
train0,Early,elusive
train0,Early,embraced
train0,Early,embracing
train0,Early,emotions
train0,Early,employing
train0,Early,encapsulate
train0,Early,encompass
train0,Early,encompassed
train0,Early,encompasses
train0,Early,encountered
train0,Early,encountering
train0,Early,endeavor
train0,Early,endeavors
train0,Early,endeavours
train0,Early,endows
train0,Early,environment
train0,Early,equalization
train0,Early,eradicating
train0,Early,escalate
train0,Early,especially
train0,Early,examination
train0,Early,excel
train0,Early,expansive
train0,Early,expected
train0,Early,expedite
train0,Early,expediting
train0,Early,expenses
train0,Early,experienced
train0,Early,experiencing
train0,Early,experts
train0,Early,exploration
train0,Early,explorations
train0,Early,explore
train0,Early,explored
train0,Early,exploring
train0,Early,extensively
train0,Early,extract
train0,Early,extracting
train0,Early,faced
train0,Early,factors
train0,Early,field
train0,Early,fields
train0,Early,finally
train0,Early,find
train0,Early,focuses
train0,Early,followers
train0,Early,forbidden
train0,Early,formulating
train0,Early,forthcoming
train0,Early,fraught
train0,Early,fresh
train0,Early,friendliness
train0,Early,functions
train0,Early,furnish
train0,Early,furthermore
train0,Early,gain
train0,Early,gained
train0,Early,gaining
train0,Early,garnering
train0,Early,gather
train0,Early,gathered
train0,Early,gauged
train0,Early,goals
train0,Early,good
train0,Early,gradually
train0,Early,grappling
train0,Early,grave
train0,Early,great
train0,Early,greatly
train0,Early,groundbreaking
train0,Early,group's
train0,Early,groups
train0,Early,guaranteeing
train0,Early,habits
train0,Early,harmful
train0,Early,harming
train0,Early,harmonious
train0,Early,harnessing
train0,Early,heavy
train0,Early,help
train0,Early,helpful
train0,Early,helping
train0,Early,helps
train0,Early,hence
train0,Early,her
train0,Early,herein
train0,Early,hesitancy
train0,Early,hesitant
train0,Early,hinting
train0,Early,history
train0,Early,holds
train0,Early,holistically
train0,Early,hoping
train0,Early,hot
train0,Early,however
train0,Early,ideal
train0,Early,ideas
train0,Early,illuminates
train0,Early,illuminating
train0,Early,immense
train0,Early,impact
train0,Early,impacted
train0,Early,impacting
train0,Early,impacts
train0,Early,impedes
train0,Early,impediments
train0,Early,impeding
train0,Early,imperative
train0,Early,implementing
train0,Early,impressive
train0,Early,impressively
train0,Early,includes
train0,Early,ineffectiveness
train0,Early,information
train0,Early,input
train0,Early,inquiries
train0,Early,insightful
train0,Early,inspiration
train0,Early,inspire
train0,Early,inspiring
train0,Early,instance
train0,Early,instances
train0,Early,instrumental
train0,Early,integral
train0,Early,intending
train0,Early,interact
train0,Early,interconnection
train0,Early,interest
train0,Early,intricacies
train0,Early,intricate
train0,Early,intricately
train0,Early,intriguing
train0,Early,introduced
train0,Early,invaluable
train0,Early,investigate
train0,Early,investigating
train0,Early,investigation
train0,Early,investigations
train0,Early,involves
train0,Early,irreplaceable
train0,Early,issue
train0,Early,issues
train0,Early,it's
train0,Early,journey
train0,Early,knowledge
train0,Early,lack
train0,Early,last
train0,Early,lastly
train0,Early,latest
train0,Early,layers
train0,Early,lead
train0,Early,leads
train0,Early,leap
train0,Early,learn
train0,Early,learnings
train0,Early,led
train0,Early,literature
train0,Early,loaded
train0,Early,main
train0,Early,mainly
train0,Early,make
train0,Early,makes
train0,Early,makeup
train0,Early,manage
train0,Early,manifests
train0,Early,material
train0,Early,materials
train0,Early,maximize
train0,Early,maximum
train0,Early,meanwhile
train0,Early,mechanism
train0,Early,meet
train0,Early,methodology
train0,Early,meticulously
train0,Early,modified
train0,Early,monitor
train0,Early,moreover
train0,Early,must
train0,Early,myths
train0,Early,named
train0,Early,namely
train0,Early,nature
train0,Early,necessary
train0,Early,needed
train0,Early,needs
train0,Early,negatively
train0,Early,nevertheless
train0,Early,new
train0,Early,nonetheless
train0,Early,noted
train0,Early,noteworthy
train0,Early,notice
train0,Early,noticeable
train0,Early,noting
train0,Early,nuances
train0,Early,numerous
train0,Early,nurturing
train0,Early,objects
train0,Early,observe
train0,Early,obstacles
train0,Early,obtain
train0,Early,obtaining
train0,Early,obtains
train0,Early,occurrence
train0,Early,oft
train0,Early,opens
train0,Early,operation
train0,Early,operations
train0,Early,opting
train0,Early,options
train0,Early,originating
train0,Early,out
train0,Early,outlined
train0,Early,outstanding
train0,Early,overview
train0,Early,owing
train0,Early,package
train0,Early,panelists
train0,Early,paper
train0,Early,paramount
train0,Early,parties
train0,Early,past
train0,Early,pave
train0,Early,paves
train0,Early,people
train0,Early,perform
train0,Early,performances
train0,Early,performing
train0,Early,pertinent
train0,Early,phenomenon
train0,Early,pinpoint
train0,Early,pinpointing
train0,Early,pioneered
train0,Early,pioneering
train0,Early,plagued
train0,Early,plan
train0,Early,plans
train0,Early,play
train0,Early,plays
train0,Early,popular
train0,Early,popularity
train0,Early,possess
train0,Early,possibilities
train0,Early,predicated
train0,Early,predict
train0,Early,predicting
train0,Early,prejudice
train0,Early,preparation
train0,Early,prepare
train0,Early,prepared
train0,Early,preparing
train0,Early,pressing
train0,Early,prevent
train0,Early,probability
train0,Early,problem
train0,Early,problems
train0,Early,process
train0,Early,production
train0,Early,products
train0,Early,professionals
train0,Early,proficient
train0,Early,programmed
train0,Early,project
train0,Early,prominent
train0,Early,promptly
train0,Early,prone
train0,Early,propel
train0,Early,propelled
train0,Early,properties
train0,Early,proposed
train0,Early,prospects
train0,Early,protecting
train0,Early,proven
train0,Early,proves
train0,Early,provided
train0,Early,pursuit
train0,Early,quest
train0,Early,questions
train0,Early,ramifications
train0,Early,rationality
train0,Early,raw
train0,Early,reach
train0,Early,reaches
train0,Early,reactions
train0,Early,realize
train0,Early,realizes
train0,Early,realm
train0,Early,realms
train0,Early,recent
train0,Early,references
train0,Early,refers
train0,Early,regarding
train0,Early,regulate
train0,Early,regulating
train0,Early,relationship
train0,Early,remarkable
train0,Early,remarkably
train0,Early,removal
train0,Early,remove
train0,Early,removing
train0,Early,renowned
train0,Early,repercussions
train0,Early,replicability
train0,Early,replications
train0,Early,represented
train0,Early,research
train0,Early,researchers
train0,Early,researching
train0,Early,resemblance
train0,Early,resisting
train0,Early,respectively
train0,Early,respond
train0,Early,reusing
train0,Early,revolutionary
train0,Early,revolutionizing
train0,Early,sample
train0,Early,satisfactory
train0,Early,sciences
train0,Early,scientific
train0,Early,screen
train0,Early,scrutinize
train0,Early,scrutinized
train0,Early,scrutinizing
train0,Early,scrutiny
train0,Early,sector
train0,Early,segmenting
train0,Early,select
train0,Early,sentiments
train0,Early,serious
train0,Early,seriously
train0,Early,set
train0,Early,sets
train0,Early,shed
train0,Early,shedding
train0,Early,sheds
train0,Early,show
train0,Early,showcase
train0,Early,showcased
train0,Early,showcases
train0,Early,showcasing
train0,Early,shows
train0,Early,side
train0,Early,significance
train0,Early,signifies
train0,Early,signify
train0,Early,signifying
train0,Early,similarly
train0,Early,simulate
train0,Early,simulation
train0,Early,skills
train0,Early,smoothed
train0,Early,society
train0,Early,software
train0,Early,solution
train0,Early,solutions
train0,Early,solve
train0,Early,solves
train0,Early,sources
train0,Early,sparked
train0,Early,specifics
train0,Early,speed
train0,Early,speeding
train0,Early,spotlight
train0,Early,spurred
train0,Early,stakeholders
train0,Early,stands
train0,Early,statement
train0,Early,stemming
train0,Early,step
train0,Early,steps
train0,Early,still
train0,Early,stood
train0,Early,straightforward
train0,Early,strides
train0,Early,strive
train0,Early,striving
train0,Early,studying
train0,Early,subjected
train0,Early,substantiate
train0,Early,substantiated
train0,Early,successful
train0,Early,successfully
train0,Early,suitable
train0,Early,summarize
train0,Early,summarized
train0,Early,summary
train0,Early,supply
train0,Early,supreme
train0,Early,surface
train0,Early,surrounding
train0,Early,survey
train0,Early,sustainably
train0,Early,swift
train0,Early,swiftly
train0,Early,tackle
train0,Early,team
train0,Early,technology
train0,Early,terms
train0,Early,therefore
train0,Early,third
train0,Early,thorough
train0,Early,thoroughly
train0,Early,thriving
train0,Early,thus
train0,Early,timeframe
train0,Early,times
train0,Early,top
train0,Early,topic
train0,Early,topics
train0,Early,total
train0,Early,train
train0,Early,transform
train0,Early,translations
train0,Early,trend
train0,Early,types
train0,Early,undergo
train0,Early,underlining
train0,Early,understand
train0,Early,understanding
train0,Early,unique
train0,Early,unparalleled
train0,Early,unravel
train0,Early,unraveling
train0,Early,unravelling
train0,Early,unveil
train0,Early,unveiled
train0,Early,unveiling
train0,Early,unveils
train0,Early,urging
train0,Early,usage
train0,Early,used
train0,Early,uses
train0,Early,utilised
train0,Early,utilising
train0,Early,utilization
train0,Early,utilize
train0,Early,utilized
train0,Early,utilizes
train0,Early,utilizing
train0,Early,values
train0,Early,variables
train0,Early,varieties
train0,Early,variety
train0,Early,various
train0,Early,verified
train0,Early,verifies
train0,Early,verify
train0,Early,version
train0,Early,viewpoints
train0,Early,vital
train0,Early,waning
train0,Early,way
train0,Early,ways
train0,Early,wherein
train0,Early,wide
train0,Early,works
train0,Early,worldwide
train0,Intermediate,accelerating
train0,Intermediate,accessibility
train0,Intermediate,accessing
train0,Intermediate,accommodating
train0,Intermediate,accuracy
train0,Intermediate,accurate
train0,Intermediate,achieving
train0,Intermediate,acknowledging
train0,Intermediate,adapt
train0,Intermediate,adaptability
train0,Intermediate,adaptable
train0,Intermediate,adaptations
train0,Intermediate,adapts
train0,Intermediate,address
train0,Intermediate,addresses
train0,Intermediate,addressing
train0,Intermediate,adhered
train0,Intermediate,adheres
train0,Intermediate,adjusting
train0,Intermediate,adjustments
train0,Intermediate,adjusts
train0,Intermediate,adopting
train0,Intermediate,adoption
train0,Intermediate,advance
train0,Intermediate,advanced
train0,Intermediate,advancement
train0,Intermediate,advancements
train0,Intermediate,advancing
train0,Intermediate,adversely
train0,Intermediate,advocacy
train0,Intermediate,advocate
train0,Intermediate,advocates
train0,Intermediate,advocating
train0,Intermediate,aesthetic
train0,Intermediate,affirming
train0,Intermediate,affordability
train0,Intermediate,aimed
train0,Intermediate,aiming
train0,Intermediate,alarmingly
train0,Intermediate,align
train0,Intermediate,aligning
train0,Intermediate,aligns
train0,Intermediate,alleviates
train0,Intermediate,alleviating
train0,Intermediate,allowing
train0,Intermediate,along
train0,Intermediate,alongside
train0,Intermediate,altering
train0,Intermediate,alternative
train0,Intermediate,alternatives
train0,Intermediate,amid
train0,Intermediate,analytics
train0,Intermediate,analyzes
train0,Intermediate,annually
train0,Intermediate,anomalies
train0,Intermediate,anything
train0,Intermediate,applicability
train0,Intermediate,applications
train0,Intermediate,approach
train0,Intermediate,approval
train0,Intermediate,artificial
train0,Intermediate,assess
train0,Intermediate,assesses
train0,Intermediate,assessing
train0,Intermediate,assessments
train0,Intermediate,attitudes
train0,Intermediate,audits
train0,Intermediate,augmented
train0,Intermediate,authored
train0,Intermediate,automate
train0,Intermediate,automates
train0,Intermediate,automating
train0,Intermediate,autonomously
train0,Intermediate,avenues
train0,Intermediate,awareness
train0,Intermediate,backgrounds
train0,Intermediate,balancing
train0,Intermediate,behaviors
train0,Intermediate,benefits
train0,Intermediate,biases
train0,Intermediate,boosts
train0,Intermediate,breaches
train0,Intermediate,breaking
train0,Intermediate,breakthroughs
train0,Intermediate,broadening
train0,Intermediate,broadens
train0,Intermediate,burdens
train0,Intermediate,capabilities
train0,Intermediate,capability
train0,Intermediate,capitalizing
train0,Intermediate,capturing
train0,Intermediate,cascading
train0,Intermediate,cases
train0,Intermediate,categorized
train0,Intermediate,categorizes
train0,Intermediate,categorizing
train0,Intermediate,causally
train0,Intermediate,challenge
train0,Intermediate,challenges
train0,Intermediate,challenging
train0,Intermediate,charting
train0,Intermediate,checklist
train0,Intermediate,circumventing
train0,Intermediate,circumvents
train0,Intermediate,citing
train0,Intermediate,classifies
train0,Intermediate,classifying
train0,Intermediate,closely
train0,Intermediate,cohesive
train0,Intermediate,coinciding
train0,Intermediate,collaboration
train0,Intermediate,collaborations
train0,Intermediate,collaborative
train0,Intermediate,collaboratively
train0,Intermediate,combining
train0,Intermediate,comfort
train0,Intermediate,communal
train0,Intermediate,communities
train0,Intermediate,compares
train0,Intermediate,compelling
train0,Intermediate,competitiveness
train0,Intermediate,compiles
train0,Intermediate,complex
train0,Intermediate,complexity
train0,Intermediate,compliance
train0,Intermediate,complicate
train0,Intermediate,complicates
train0,Intermediate,complicating
train0,Intermediate,components
train0,Intermediate,compounded
train0,Intermediate,comprehensibility
train0,Intermediate,comprehensive
train0,Intermediate,comprehensively
train0,Intermediate,comprehensiveness
train0,Intermediate,comprises
train0,Intermediate,comprising
train0,Intermediate,compromised
train0,Intermediate,compromising
train0,Intermediate,computing
train0,Intermediate,concern
train0,Intermediate,concerns
train0,Intermediate,concludes
train0,Intermediate,conducted
train0,Intermediate,conducts
train0,Intermediate,confirm
train0,Intermediate,confounders
train0,Intermediate,consent
train0,Intermediate,consolidate
train0,Intermediate,consolidates
train0,Intermediate,consolidating
train0,Intermediate,constructing
train0,Intermediate,continues
train0,Intermediate,contrastive
train0,Intermediate,contribute
train0,Intermediate,contributes
train0,Intermediate,contributing
train0,Intermediate,convenience
train0,Intermediate,conversely
train0,Intermediate,corroborated
train0,Intermediate,cost
train0,Intermediate,costly
train0,Intermediate,covering
train0,Intermediate,creating
train0,Intermediate,creativity
train0,Intermediate,critical
train0,Intermediate,culminating
train0,Intermediate,cultivate
train0,Intermediate,cultivating
train0,Intermediate,curve
train0,Intermediate,curves
train0,Intermediate,custom
train0,Intermediate,customised
train0,Intermediate,customizable
train0,Intermediate,customization
train0,Intermediate,cutting
train0,Intermediate,cycles
train0,Intermediate,cyclic
train0,Intermediate,damage
train0,Intermediate,dampening
train0,Intermediate,data
train0,Intermediate,dataset
train0,Intermediate,decline
train0,Intermediate,decomposition
train0,Intermediate,deductively
train0,Intermediate,deep
train0,Intermediate,deepen
train0,Intermediate,deepened
train0,Intermediate,deepening
train0,Intermediate,deepens
train0,Intermediate,deeper
train0,Intermediate,delaying
train0,Intermediate,delineating
train0,Intermediate,delivering
train0,Intermediate,demonstrated
train0,Intermediate,demonstrates
train0,Intermediate,demonstrating
train0,Intermediate,denser
train0,Intermediate,deploying
train0,Intermediate,designed
train0,Intermediate,designing
train0,Intermediate,despite
train0,Intermediate,detailing
train0,Intermediate,developed
train0,Intermediate,dictating
train0,Intermediate,differences
train0,Intermediate,differentiating
train0,Intermediate,diminished
train0,Intermediate,diminishes
train0,Intermediate,diminishing
train0,Intermediate,directions
train0,Intermediate,discomfort
train0,Intermediate,discrepancies
train0,Intermediate,discusses
train0,Intermediate,discussions
train0,Intermediate,disparities
train0,Intermediate,disproportionality
train0,Intermediate,disrupt
train0,Intermediate,disrupting
train0,Intermediate,disruptions
train0,Intermediate,disruptors
train0,Intermediate,dissertations
train0,Intermediate,distinctions
train0,Intermediate,distinctive
train0,Intermediate,distinguishing
train0,Intermediate,diverse
train0,Intermediate,diversity
train0,Intermediate,driving
train0,Intermediate,duration
train0,Intermediate,dynamics
train0,Intermediate,education
train0,Intermediate,effective
train0,Intermediate,effectively
train0,Intermediate,effectiveness
train0,Intermediate,effects
train0,Intermediate,efficacy
train0,Intermediate,efficiency
train0,Intermediate,efficient
train0,Intermediate,elevate
train0,Intermediate,elevated
train0,Intermediate,elevating
train0,Intermediate,eliminates
train0,Intermediate,eliminating
train0,Intermediate,elucidate
train0,Intermediate,elucidates
train0,Intermediate,elucidating
train0,Intermediate,emerged
train0,Intermediate,emergence
train0,Intermediate,emerges
train0,Intermediate,empathetic
train0,Intermediate,emphasise
train0,Intermediate,emphasised
train0,Intermediate,emphasises
train0,Intermediate,emphasising
train0,Intermediate,emphasize
train0,Intermediate,emphasizes
train0,Intermediate,emphasizing
train0,Intermediate,employ
train0,Intermediate,employed
train0,Intermediate,employs
train0,Intermediate,empower
train0,Intermediate,empowering
train0,Intermediate,empowers
train0,Intermediate,emulating
train0,Intermediate,encapsulates
train0,Intermediate,encompassing
train0,Intermediate,encounter
train0,Intermediate,endure
train0,Intermediate,enduring
train0,Intermediate,energy
train0,Intermediate,engage
train0,Intermediate,engaged
train0,Intermediate,engaging
train0,Intermediate,enhance
train0,Intermediate,enhanced
train0,Intermediate,enhancement
train0,Intermediate,enhancements
train0,Intermediate,enhances
train0,Intermediate,enhancing
train0,Intermediate,enriches
train0,Intermediate,enriching
train0,Intermediate,ensure
train0,Intermediate,ensures
train0,Intermediate,ensuring
train0,Intermediate,equip
train0,Intermediate,equipping
train0,Intermediate,escalated
train0,Intermediate,escalating
train0,Intermediate,essential
train0,Intermediate,ethical
train0,Intermediate,evaluate
train0,Intermediate,evaluates
train0,Intermediate,evaluating
train0,Intermediate,evaluations
train0,Intermediate,evidenced
train0,Intermediate,evolving
train0,Intermediate,exacerbate
train0,Intermediate,exacerbates
train0,Intermediate,exacerbating
train0,Intermediate,examines
train0,Intermediate,examining
train0,Intermediate,exceeding
train0,Intermediate,excelled
train0,Intermediate,excellent
train0,Intermediate,excels
train0,Intermediate,exceptional
train0,Intermediate,excessive
train0,Intermediate,exemplifies
train0,Intermediate,exerting
train0,Intermediate,exhibit
train0,Intermediate,exhibited
train0,Intermediate,exhibiting
train0,Intermediate,exhibits
train0,Intermediate,existing
train0,Intermediate,expanding
train0,Intermediate,experience
train0,Intermediate,experiences
train0,Intermediate,experiments
train0,Intermediate,expertise
train0,Intermediate,explores
train0,Intermediate,extended
train0,Intermediate,extensive
train0,Intermediate,extracted
train0,Intermediate,face
train0,Intermediate,faces
train0,Intermediate,faceted
train0,Intermediate,facilitate
train0,Intermediate,facilitated
train0,Intermediate,facilitates
train0,Intermediate,facilitating
train0,Intermediate,facilitators
train0,Intermediate,facing
train0,Intermediate,faster
train0,Intermediate,faults
train0,Intermediate,featuring
train0,Intermediate,fewer
train0,Intermediate,fills
train0,Intermediate,financial
train0,Intermediate,findings
train0,Intermediate,flexibility
train0,Intermediate,fluctuating
train0,Intermediate,fluctuations
train0,Intermediate,focus
train0,Intermediate,focused
train0,Intermediate,focusing
train0,Intermediate,following
train0,Intermediate,forecasting
train0,Intermediate,forecasts
train0,Intermediate,formation
train0,Intermediate,formidable
train0,Intermediate,foster
train0,Intermediate,fostered
train0,Intermediate,fostering
train0,Intermediate,fosters
train0,Intermediate,foundation
train0,Intermediate,framework's
train0,Intermediate,friendly
train0,Intermediate,frontiers
train0,Intermediate,functionalities
train0,Intermediate,functionality
train0,Intermediate,further
train0,Intermediate,future
train0,Intermediate,gap
train0,Intermediate,garnered
train0,Intermediate,generalizability
train0,Intermediate,generalizing
train0,Intermediate,global
train0,Intermediate,globally
train0,Intermediate,gradual
train0,Intermediate,groundwork
train0,Intermediate,growing
train0,Intermediate,guidelines
train0,Intermediate,guiding
train0,Intermediate,halting
train0,Intermediate,harmonizing
train0,Intermediate,harmony
train0,Intermediate,harness
train0,Intermediate,harnesses
train0,Intermediate,heighten
train0,Intermediate,heightened
train0,Intermediate,highest
train0,Intermediate,highlight
train0,Intermediate,highlighted
train0,Intermediate,highlighting
train0,Intermediate,highlights
train0,Intermediate,hinder
train0,Intermediate,hindered
train0,Intermediate,hindering
train0,Intermediate,hinders
train0,Intermediate,hinges
train0,Intermediate,hold
train0,Intermediate,holding
train0,Intermediate,holistic
train0,Intermediate,hurdles
train0,Intermediate,hypothesizing
train0,Intermediate,identification
train0,Intermediate,identified
train0,Intermediate,identifying
train0,Intermediate,illustrations
train0,Intermediate,immersive
train0,Intermediate,impactful
train0,Intermediate,imparting
train0,Intermediate,imparts
train0,Intermediate,implicating
train0,Intermediate,implications
train0,Intermediate,importance
train0,Intermediate,impractical
train0,Intermediate,improve
train0,Intermediate,improvement
train0,Intermediate,improvements
train0,Intermediate,improving
train0,Intermediate,inaccuracies
train0,Intermediate,inadequate
train0,Intermediate,inadequately
train0,Intermediate,inadvertently
train0,Intermediate,inaugural
train0,Intermediate,include
train0,Intermediate,included
train0,Intermediate,including
train0,Intermediate,inclusion
train0,Intermediate,inclusive
train0,Intermediate,inclusivity
train0,Intermediate,inconclusive
train0,Intermediate,inconsistencies
train0,Intermediate,incorporate
train0,Intermediate,incorporates
train0,Intermediate,incorporating
train0,Intermediate,increasing
train0,Intermediate,incurring
train0,Intermediate,indicate
train0,Intermediate,indicated
train0,Intermediate,indicating
train0,Intermediate,indicator
train0,Intermediate,inefficiencies
train0,Intermediate,inefficiency
train0,Intermediate,inflection
train0,Intermediate,influence
train0,Intermediate,influenced
train0,Intermediate,influences
train0,Intermediate,influencing
train0,Intermediate,informing
train0,Intermediate,inherent
train0,Intermediate,initial
train0,Intermediate,initially
train0,Intermediate,initiating
train0,Intermediate,initiative
train0,Intermediate,initiatives
train0,Intermediate,innovation
train0,Intermediate,innovations
train0,Intermediate,innovative
train0,Intermediate,innovatively
train0,Intermediate,insights
train0,Intermediate,inspections
train0,Intermediate,intensifies
train0,Intermediate,interconnectedness
train0,Intermediate,interconnections
train0,Intermediate,interdependencies
train0,Intermediate,interdisciplinary
train0,Intermediate,interplay
train0,Intermediate,interrelationships
train0,Intermediate,intersection
train0,Intermediate,introduce
train0,Intermediate,introduces
train0,Intermediate,introducing
train0,Intermediate,investigates
train0,Intermediate,investing
train0,Intermediate,involving
train0,Intermediate,irregularities
train0,Intermediate,journeys
train0,Intermediate,key
train0,Intermediate,lacks
train0,Intermediate,landscape
train0,Intermediate,laying
train0,Intermediate,lays
train0,Intermediate,leading
train0,Intermediate,learning
train0,Intermediate,leverage
train0,Intermediate,leveraged
train0,Intermediate,leverages
train0,Intermediate,leveraging
train0,Intermediate,library
train0,Intermediate,lies
train0,Intermediate,like
train0,Intermediate,likelihood
train0,Intermediate,limitations
train0,Intermediate,linguistically
train0,Intermediate,link
train0,Intermediate,linked
train0,Intermediate,logistical
train0,Intermediate,maintaining
train0,Intermediate,making
train0,Intermediate,manages
train0,Intermediate,managing
train0,Intermediate,manifesting
train0,Intermediate,marginalization
train0,Intermediate,marginalized
train0,Intermediate,marking
train0,Intermediate,maximizing
train0,Intermediate,meeting
train0,Intermediate,mere
train0,Intermediate,method's
train0,Intermediate,meticulous
train0,Intermediate,middle
train0,Intermediate,mimicking
train0,Intermediate,mindset
train0,Intermediate,minimal
train0,Intermediate,minimising
train0,Intermediate,minimize
train0,Intermediate,minimizes
train0,Intermediate,minimizing
train0,Intermediate,mirroring
train0,Intermediate,misconceptions
train0,Intermediate,mitigate
train0,Intermediate,mitigated
train0,Intermediate,mitigates
train0,Intermediate,mitigating
train0,Intermediate,mitigation
train0,Intermediate,mixes
train0,Intermediate,moderating
train0,Intermediate,modifications
train0,Intermediate,momentary
train0,Intermediate,multifaceted
train0,Intermediate,multifunctionality
train0,Intermediate,national
train0,Intermediate,natural
train0,Intermediate,navigate
train0,Intermediate,navigating
train0,Intermediate,necessitate
train0,Intermediate,necessitates
train0,Intermediate,necessitating
train0,Intermediate,necessity
train0,Intermediate,need
train0,Intermediate,negated
train0,Intermediate,neglecting
train0,Intermediate,normalizing
train0,Intermediate,notable
train0,Intermediate,notably
train0,Intermediate,novel
train0,Intermediate,nuanced
train0,Intermediate,objectivity
train0,Intermediate,observed
train0,Intermediate,obstructing
train0,Intermediate,offer
train0,Intermediate,offering
train0,Intermediate,offers
train0,Intermediate,often
train0,Intermediate,ongoing
train0,Intermediate,opening
train0,Intermediate,oppression
train0,Intermediate,optima
train0,Intermediate,optimal
train0,Intermediate,optimise
train0,Intermediate,optimising
train0,Intermediate,optimizations
train0,Intermediate,optimize
train0,Intermediate,optimizer
train0,Intermediate,optimizes
train0,Intermediate,optimizing
train0,Intermediate,option
train0,Intermediate,orchestrating
train0,Intermediate,origins
train0,Intermediate,outcomes
train0,Intermediate,outdated
train0,Intermediate,outlier
train0,Intermediate,outlines
train0,Intermediate,outperform
train0,Intermediate,outperformed
train0,Intermediate,outperforming
train0,Intermediate,outperforms
train0,Intermediate,over
train0,Intermediate,overcoming
train0,Intermediate,overfitting
train0,Intermediate,overlook
train0,Intermediate,overlooked
train0,Intermediate,overlooking
train0,Intermediate,overlooks
train0,Intermediate,packaging
train0,Intermediate,parameters
train0,Intermediate,particularly
train0,Intermediate,passion
train0,Intermediate,paving
train0,Intermediate,peaking
train0,Intermediate,perceptions
train0,Intermediate,persist
train0,Intermediate,personalised
train0,Intermediate,personalization
train0,Intermediate,personalize
train0,Intermediate,personalizing
train0,Intermediate,perspectives
train0,Intermediate,pervasive
train0,Intermediate,phases
train0,Intermediate,pinpointed
train0,Intermediate,pioneers
train0,Intermediate,pivotal
train0,Intermediate,playing
train0,Intermediate,poised
train0,Intermediate,policies
train0,Intermediate,policymakers
train0,Intermediate,portability
train0,Intermediate,pose
train0,Intermediate,posed
train0,Intermediate,poses
train0,Intermediate,posing
train0,Intermediate,positions
train0,Intermediate,potential
train0,Intermediate,potentially
train0,Intermediate,power
train0,Intermediate,powering
train0,Intermediate,practicality
train0,Intermediate,practices
train0,Intermediate,precise
train0,Intermediate,precisely
train0,Intermediate,precision
train0,Intermediate,predispositions
train0,Intermediate,preference
train0,Intermediate,preferences
train0,Intermediate,preferred
train0,Intermediate,presenting
train0,Intermediate,presents
train0,Intermediate,prevalence
train0,Intermediate,prevalent
train0,Intermediate,prevention
train0,Intermediate,primarily
train0,Intermediate,printed
train0,Intermediate,prioritizing
train0,Intermediate,proactive
train0,Intermediate,procedures
train0,Intermediate,processes
train0,Intermediate,productivity
train0,Intermediate,proficiency
train0,Intermediate,profitability
train0,Intermediate,prolific
train0,Intermediate,prominence
train0,Intermediate,promise
train0,Intermediate,promising
train0,Intermediate,promote
train0,Intermediate,promoting
train0,Intermediate,prompt
train0,Intermediate,prompted
train0,Intermediate,prompting
train0,Intermediate,prompts
train0,Intermediate,pronged
train0,Intermediate,proposing
train0,Intermediate,proprietary
train0,Intermediate,providing
train0,Intermediate,public
train0,Intermediate,publication
train0,Intermediate,qualifications
train0,Intermediate,quality
train0,Intermediate,queries
train0,Intermediate,raises
train0,Intermediate,ranging
train0,Intermediate,rarity
train0,Intermediate,rating
train0,Intermediate,readability
train0,Intermediate,reality
train0,Intermediate,reassess
train0,Intermediate,receiving
train0,Intermediate,recognising
train0,Intermediate,recognizing
train0,Intermediate,recommendations
train0,Intermediate,reconstructing
train0,Intermediate,reduce
train0,Intermediate,reduces
train0,Intermediate,reducing
train0,Intermediate,reduction
train0,Intermediate,refine
train0,Intermediate,refinements
train0,Intermediate,refining
train0,Intermediate,reforming
train0,Intermediate,registered
train0,Intermediate,registration
train0,Intermediate,reinforces
train0,Intermediate,rejuvenation
train0,Intermediate,relationships
train0,Intermediate,reliability
train0,Intermediate,relying
train0,Intermediate,remote
train0,Intermediate,rendering
train0,Intermediate,replacing
train0,Intermediate,reprocessing
train0,Intermediate,resilience
train0,Intermediate,resources
train0,Intermediate,resulting
train0,Intermediate,reveal
train0,Intermediate,revealed
train0,Intermediate,revealing
train0,Intermediate,reveals
train0,Intermediate,revisits
train0,Intermediate,rigorously
train0,Intermediate,rise
train0,Intermediate,rises
train0,Intermediate,rising
train0,Intermediate,risking
train0,Intermediate,role
train0,Intermediate,roles
train0,Intermediate,rooted
train0,Intermediate,roundness
train0,Intermediate,safeguard
train0,Intermediate,safeguarding
train0,Intermediate,safer
train0,Intermediate,satisfaction
train0,Intermediate,scaffolded
train0,Intermediate,scarcity
train0,Intermediate,scenarios
train0,Intermediate,scholar
train0,Intermediate,scholarly
train0,Intermediate,seamless
train0,Intermediate,seamlessly
train0,Intermediate,search
train0,Intermediate,security
train0,Intermediate,seeking
train0,Intermediate,seeks
train0,Intermediate,selecting
train0,Intermediate,serve
train0,Intermediate,serves
train0,Intermediate,serving
train0,Intermediate,sessions
train0,Intermediate,shaping
train0,Intermediate,showing
train0,Intermediate,shrinkage
train0,Intermediate,significant
train0,Intermediate,significantly
train0,Intermediate,simplicity
train0,Intermediate,simplifies
train0,Intermediate,simplifying
train0,Intermediate,skip
train0,Intermediate,smart
train0,Intermediate,smoother
train0,Intermediate,smoothness
train0,Intermediate,societal
train0,Intermediate,solely
train0,Intermediate,spaces
train0,Intermediate,spanned
train0,Intermediate,spans
train0,Intermediate,specializing
train0,Intermediate,specifically
train0,Intermediate,square
train0,Intermediate,squared
train0,Intermediate,stages
train0,Intermediate,standardise
train0,Intermediate,standardize
train0,Intermediate,standardizing
train0,Intermediate,standards
train0,Intermediate,stays
train0,Intermediate,stemmed
train0,Intermediate,stems
train0,Intermediate,storage
train0,Intermediate,storytelling
train0,Intermediate,strategic
train0,Intermediate,strategically
train0,Intermediate,strategies
train0,Intermediate,streamline
train0,Intermediate,streamlined
train0,Intermediate,streamlines
train0,Intermediate,streamlining
train0,Intermediate,strength
train0,Intermediate,strengths
train0,Intermediate,stricter
train0,Intermediate,stringent
train0,Intermediate,structures
train0,Intermediate,struggle
train0,Intermediate,struggled
train0,Intermediate,struggles
train0,Intermediate,study
train0,Intermediate,subjectivity
train0,Intermediate,suboptimal
train0,Intermediate,subsequently
train0,Intermediate,substructures
train0,Intermediate,subthemes
train0,Intermediate,success
train0,Intermediate,succumbed
train0,Intermediate,suggesting
train0,Intermediate,suggests
train0,Intermediate,suitability
train0,Intermediate,superior
train0,Intermediate,surged
train0,Intermediate,surpass
train0,Intermediate,surpassed
train0,Intermediate,surpasses
train0,Intermediate,surpassing
train0,Intermediate,surveys
train0,Intermediate,sustainability
train0,Intermediate,sustainable
train0,Intermediate,synergies
train0,Intermediate,synergize
train0,Intermediate,synergizing
train0,Intermediate,synthesising
train0,Intermediate,synthesizing
train0,Intermediate,system's
train0,Intermediate,tailored
train0,Intermediate,tailoring
train0,Intermediate,targeted
train0,Intermediate,targeting
train0,Intermediate,targets
train0,Intermediate,tasks
train0,Intermediate,teams
train0,Intermediate,technological
train0,Intermediate,texture
train0,Intermediate,themes
train0,Intermediate,theoretical
train0,Intermediate,thereby
train0,Intermediate,though
train0,Intermediate,thoughtful
train0,Intermediate,threat
train0,Intermediate,threats
train0,Intermediate,through
train0,Intermediate,tied
train0,Intermediate,timeframes
train0,Intermediate,timelines
train0,Intermediate,timely
train0,Intermediate,titled
train0,Intermediate,totaling
train0,Intermediate,traditional
train0,Intermediate,transformative
train0,Intermediate,transforming
train0,Intermediate,transitioned
train0,Intermediate,transitioning
train0,Intermediate,translatability
train0,Intermediate,traverse
train0,Intermediate,trends
train0,Intermediate,triggering
train0,Intermediate,trueness
train0,Intermediate,trustworthiness
train0,Intermediate,typically
train0,Intermediate,ultimately
train0,Intermediate,unattainable
train0,Intermediate,uncover
train0,Intermediate,uncovered
train0,Intermediate,uncovering
train0,Intermediate,uncovers
train0,Intermediate,underexplored
train0,Intermediate,undergoing
train0,Intermediate,underlying
train0,Intermediate,underpinnings
train0,Intermediate,underreported
train0,Intermediate,underreporting
train0,Intermediate,underrepresentation
train0,Intermediate,underscore
train0,Intermediate,underscored
train0,Intermediate,underscores
train0,Intermediate,underscoring
train0,Intermediate,understudied
train0,Intermediate,underutilization
train0,Intermediate,underwent
train0,Intermediate,unexplored
train0,Intermediate,unfeasible
train0,Intermediate,universality
train0,Intermediate,unlike
train0,Intermediate,unlock
train0,Intermediate,unlocking
train0,Intermediate,unpredictability
train0,Intermediate,unresponsive
train0,Intermediate,unsustainable
train0,Intermediate,untapped
train0,Intermediate,upgrades
train0,Intermediate,uphold
train0,Intermediate,upward
train0,Intermediate,urgent
train0,Intermediate,user
train0,Intermediate,using
train0,Intermediate,utilises
train0,Intermediate,utility
train0,Intermediate,validate
train0,Intermediate,validates
train0,Intermediate,validating
train0,Intermediate,validations
train0,Intermediate,valuable
train0,Intermediate,valued
train0,Intermediate,vanishing
train0,Intermediate,variations
train0,Intermediate,varied
train0,Intermediate,varying
train0,Intermediate,vector
train0,Intermediate,versatile
train0,Intermediate,versatility
train0,Intermediate,viability
train0,Intermediate,viable
train0,Intermediate,vigilance
train0,Intermediate,vigilant
train0,Intermediate,vision
train0,Intermediate,visualizations
train0,Intermediate,warranting
train0,Intermediate,weights
train0,Intermediate,while
train0,Intermediate,widespread
train0,Intermediate,workloads
train0,Intermediate,worsened
train0,Intermediate,worsens
train0,Latest,abolishes
train0,Latest,absence
train0,Latest,absent
train0,Latest,absolute
train0,Latest,academic
train0,Latest,accelerate
train0,Latest,accelerated
train0,Latest,accelerates
train0,Latest,acceptability
train0,Latest,acceptable
train0,Latest,acceptance
train0,Latest,access
train0,Latest,accessible
train0,Latest,accommodates
train0,Latest,accommodations
train0,Latest,accompanied
train0,Latest,accordance
train0,Latest,accountability
train0,Latest,accounted
train0,Latest,accounting
train0,Latest,accumulating
train0,Latest,achieved
train0,Latest,achieves
train0,Latest,across
train0,Latest,actionability
train0,Latest,actionable
train0,Latest,active
train0,Latest,actively
train0,Latest,acts
train0,Latest,adaptation
train0,Latest,adapted
train0,Latest,adaptive
train0,Latest,adaptively
train0,Latest,additional
train0,Latest,additive
train0,Latest,adequacy
train0,Latest,adequately
train0,Latest,adjacent
train0,Latest,adjudicated
train0,Latest,adjudication
train0,Latest,adjusted
train0,Latest,adjustment
train0,Latest,administrative
train0,Latest,adopt
train0,Latest,adopts
train0,Latest,advances
train0,Latest,adverse
train0,Latest,affording
train0,Latest,agency
train0,Latest,agendas
train0,Latest,agile
train0,Latest,agnostic
train0,Latest,agreement
train0,Latest,aligned
train0,Latest,alignment
train0,Latest,alleviated
train0,Latest,allocated
train0,Latest,alone
train0,Latest,alterations
train0,Latest,altered
train0,Latest,alters
train0,Latest,although
train0,Latest,ambiguities
train0,Latest,ambiguity
train0,Latest,among
train0,Latest,analysed
train0,Latest,anchor
train0,Latest,anchors
train0,Latest,annotated
train0,Latest,annotations
train0,Latest,annualized
train0,Latest,anomaly
train0,Latest,anonymised
train0,Latest,anonymized
train0,Latest,anticipating
train0,Latest,anticipatory
train0,Latest,apparent
train0,Latest,applicable
train0,Latest,applied
train0,Latest,applies
train0,Latest,appraisal
train0,Latest,approaches
train0,Latest,approaching
train0,Latest,approvals
train0,Latest,approximately
train0,Latest,argue
train0,Latest,argues
train0,Latest,arguing
train0,Latest,arise
train0,Latest,arises
train0,Latest,arising
train0,Latest,articulate
train0,Latest,ascertainment
train0,Latest,assembles
train0,Latest,assemblies
train0,Latest,assessed
train0,Latest,assessment
train0,Latest,assigned
train0,Latest,assigns
train0,Latest,assisted
train0,Latest,associated
train0,Latest,association
train0,Latest,associations
train0,Latest,assumptions
train0,Latest,asynchronous
train0,Latest,attainment
train0,Latest,attains
train0,Latest,attributable
train0,Latest,attribution
train0,Latest,atypical
train0,Latest,auditable
train0,Latest,auditing
train0,Latest,augmentation
train0,Latest,authentic
train0,Latest,authenticity
train0,Latest,authoritative
train0,Latest,authorship
train0,Latest,automation
train0,Latest,auxiliary
train0,Latest,availability
train0,Latest,avid
train0,Latest,avoidable
train0,Latest,avoidance
train0,Latest,aware
train0,Latest,backdrop
train0,Latest,balance
train0,Latest,balanced
train0,Latest,balances
train0,Latest,barrier
train0,Latest,barriers
train0,Latest,base
train0,Latest,based
train0,Latest,baseline
train0,Latest,baselines
train0,Latest,basis
train0,Latest,below
train0,Latest,beneath
train0,Latest,benefit
train0,Latest,beyond
train0,Latest,bias
train0,Latest,bidirectionally
train0,Latest,binary
train0,Latest,blueprint
train0,Latest,blur
train0,Latest,blurred
train0,Latest,bottleneck
train0,Latest,bottlenecks
train0,Latest,boundaries
train0,Latest,boundary
train0,Latest,bounded
train0,Latest,bounding
train0,Latest,branch
train0,Latest,bridge
train0,Latest,bridges
train0,Latest,bridging
train0,Latest,broad
train0,Latest,broader
train0,Latest,broadest
train0,Latest,broadly
train0,Latest,budgets
train0,Latest,building
train0,Latest,burden
train0,Latest,calculator
train0,Latest,calibrating
train0,Latest,candidate
train0,Latest,candidates
train0,Latest,cannot
train0,Latest,capable
train0,Latest,capacity
train0,Latest,capture
train0,Latest,captured
train0,Latest,captures
train0,Latest,career
train0,Latest,careful
train0,Latest,case
train0,Latest,catalog
train0,Latest,categorical
train0,Latest,categories
train0,Latest,category
train0,Latest,caution
train0,Latest,cautious
train0,Latest,cautiously
train0,Latest,centered
train0,Latest,centering
train0,Latest,central
train0,Latest,centrality
train0,Latest,centralized
train0,Latest,centred
train0,Latest,certainty
train0,Latest,characterised
train0,Latest,characteristic
train0,Latest,characterization
train0,Latest,characterize
train0,Latest,characterized
train0,Latest,characterizes
train0,Latest,characterizing
train0,Latest,charted
train0,Latest,checklists
train0,Latest,checks
train0,Latest,claims
train0,Latest,clarifies
train0,Latest,clarify
train0,Latest,clarifying
train0,Latest,clarity
train0,Latest,classes
train0,Latest,classifications
train0,Latest,clear
train0,Latest,clearer
train0,Latest,clearest
train0,Latest,closed
train0,Latest,closure
train0,Latest,cluster
train0,Latest,clusters
train0,Latest,code
train0,Latest,codes
train0,Latest,coexist
train0,Latest,coexistence
train0,Latest,coexisting
train0,Latest,coexists
train0,Latest,coherence
train0,Latest,coherent
train0,Latest,collective
train0,Latest,collectively
train0,Latest,combinations
train0,Latest,combine
train0,Latest,combined
train0,Latest,combines
train0,Latest,commercial
train0,Latest,commitments
train0,Latest,community
train0,Latest,compact
train0,Latest,compactness
train0,Latest,comparability
train0,Latest,comparable
train0,Latest,comparative
train0,Latest,comparatively
train0,Latest,comparator
train0,Latest,comparators
train0,Latest,comparisons
train0,Latest,compatibility
train0,Latest,compatible
train0,Latest,compensates
train0,Latest,compensation
train0,Latest,competence
train0,Latest,competencies
train0,Latest,competency
train0,Latest,competitive
train0,Latest,complement
train0,Latest,complementarity
train0,Latest,complementary
train0,Latest,complemented
train0,Latest,complementing
train0,Latest,complements
train0,Latest,complete
train0,Latest,completed
train0,Latest,completeness
train0,Latest,completion
train0,Latest,compliant
train0,Latest,component
train0,Latest,composition
train0,Latest,compounding
train0,Latest,compression
train0,Latest,compressive
train0,Latest,comprised
train0,Latest,compromise
train0,Latest,compromises
train0,Latest,computed
train0,Latest,computes
train0,Latest,concentrated
train0,Latest,concept
train0,Latest,conceptual
train0,Latest,conceptualize
train0,Latest,conceptualized
train0,Latest,conceptualizes
train0,Latest,conceptualizing
train0,Latest,conceptually
train0,Latest,concise
train0,Latest,concurrent
train0,Latest,concurrently
train0,Latest,conditions
train0,Latest,conferred
train0,Latest,confers
train0,Latest,confidence
train0,Latest,confined
train0,Latest,confinement
train0,Latest,confining
train0,Latest,confirmation
train0,Latest,confirmed
train0,Latest,confirming
train0,Latest,confirms
train0,Latest,conflict
train0,Latest,confounder
train0,Latest,connect
train0,Latest,connecting
train0,Latest,connects
train0,Latest,consensus
train0,Latest,consequential
train0,Latest,considerations
train0,Latest,consistency
train0,Latest,consistent
train0,Latest,consistently
train0,Latest,consolidated
train0,Latest,constituents
train0,Latest,constrain
train0,Latest,constrained
train0,Latest,constraining
train0,Latest,constrains
train0,Latest,constraint
train0,Latest,constraints
train0,Latest,construct
train0,Latest,consumer
train0,Latest,contemporaneous
train0,Latest,contemporary
train0,Latest,contested
train0,Latest,context
train0,Latest,contexts
train0,Latest,contextual
train0,Latest,contextualize
train0,Latest,contextualized
train0,Latest,contextually
train0,Latest,continued
train0,Latest,continuity
train0,Latest,continuous
train0,Latest,contrast
train0,Latest,contrasting
train0,Latest,contrasts
train0,Latest,contributed
train0,Latest,contribution
train0,Latest,contributor
train0,Latest,contributors
train0,Latest,controllability
train0,Latest,controllable
train0,Latest,conventional
train0,Latest,converge
train0,Latest,converged
train0,Latest,convergence
train0,Latest,convergent
train0,Latest,converges
train0,Latest,converging
train0,Latest,conversational
train0,Latest,conversion
train0,Latest,convert
train0,Latest,converts
train0,Latest,cooperative
train0,Latest,coordinate
train0,Latest,coordinated
train0,Latest,coordinates
train0,Latest,coordinating
train0,Latest,coordination
train0,Latest,coping
train0,Latest,core
train0,Latest,cornerstone
train0,Latest,corrected
train0,Latest,correction
train0,Latest,corrects
train0,Latest,correlational
train0,Latest,count
train0,Latest,counterfactual
train0,Latest,counterintuitive
train0,Latest,coverage
train0,Latest,creates
train0,Latest,credibility
train0,Latest,credible
train0,Latest,criteria
train0,Latest,criterion
train0,Latest,critic
train0,Latest,criticality
train0,Latest,critically
train0,Latest,crucially
train0,Latest,cumulative
train0,Latest,curated
train0,Latest,curation
train0,Latest,curiosity
train0,Latest,current
train0,Latest,cutoff
train0,Latest,cutoffs
train0,Latest,cycle
train0,Latest,debated
train0,Latest,debriefing
train0,Latest,decentralized
train0,Latest,decision
train0,Latest,decisions
train0,Latest,declined
train0,Latest,declines
train0,Latest,declining
train0,Latest,decode
train0,Latest,decoding
train0,Latest,decomposes
train0,Latest,decouple
train0,Latest,decoupled
train0,Latest,decouples
train0,Latest,dedicated
train0,Latest,deductive
train0,Latest,deduplication
train0,Latest,deferred
train0,Latest,deficits
train0,Latest,define
train0,Latest,defined
train0,Latest,defines
train0,Latest,defining
train0,Latest,definitions
train0,Latest,definitive
train0,Latest,delayed
train0,Latest,delays
train0,Latest,deliberate
train0,Latest,deliberately
train0,Latest,delineate
train0,Latest,delineates
train0,Latest,delivered
train0,Latest,delivers
train0,Latest,delivery
train0,Latest,demand
train0,Latest,demanding
train0,Latest,demands
train0,Latest,demonstrate
train0,Latest,demonstrations
train0,Latest,depend
train0,Latest,dependence
train0,Latest,dependencies
train0,Latest,dependency
train0,Latest,dependent
train0,Latest,depends
train0,Latest,depletes
train0,Latest,depleting
train0,Latest,deployed
train0,Latest,deployments
train0,Latest,derivatives
train0,Latest,derive
train0,Latest,derived
train0,Latest,derives
train0,Latest,descriptive
train0,Latest,descriptively
train0,Latest,descriptor
train0,Latest,design
train0,Latest,designs
train0,Latest,destabilization
train0,Latest,destabilize
train0,Latest,destabilizes
train0,Latest,destabilizing
train0,Latest,destructive
train0,Latest,detectability
train0,Latest,detectable
train0,Latest,detections
train0,Latest,deterioration
train0,Latest,determinant
train0,Latest,determinants
train0,Latest,develops
train0,Latest,deviations
train0,Latest,device
train0,Latest,dichotomy
train0,Latest,dictate
train0,Latest,dictates
train0,Latest,differ
train0,Latest,differed
train0,Latest,differentiable
train0,Latest,differential
train0,Latest,digitally
train0,Latest,dignity
train0,Latest,dimension
train0,Latest,dimensionality
train0,Latest,dimensionless
train0,Latest,direct
train0,Latest,directed
train0,Latest,directional
train0,Latest,directionally
train0,Latest,directly
train0,Latest,directs
train0,Latest,disaggregated
train0,Latest,disclosure
train0,Latest,disclosures
train0,Latest,disconnect
train0,Latest,disconnected
train0,Latest,disconnection
train0,Latest,discontinuations
train0,Latest,discontinuities
train0,Latest,discordance
train0,Latest,discordant
train0,Latest,discourse
train0,Latest,discovery
train0,Latest,discrete
train0,Latest,discussion
train0,Latest,disengagement
train0,Latest,disentangling
train0,Latest,disorganization
train0,Latest,disproportionate
train0,Latest,disproportionately
train0,Latest,disrupted
train0,Latest,disruption
train0,Latest,disrupts
train0,Latest,dissect
train0,Latest,dissecting
train0,Latest,dissemination
train0,Latest,distinct
train0,Latest,distinction
train0,Latest,distinctiveness
train0,Latest,distinguish
train0,Latest,distinguished
train0,Latest,distinguishes
train0,Latest,distort
train0,Latest,distortion
train0,Latest,distress
train0,Latest,distributed
train0,Latest,distributional
train0,Latest,distrust
train0,Latest,disturbance
train0,Latest,diverge
train0,Latest,divergence
train0,Latest,divergent
train0,Latest,diversification
train0,Latest,documentation
train0,Latest,documented
train0,Latest,documents
train0,Latest,domain
train0,Latest,domains
train0,Latest,dominance
train0,Latest,dominant
train0,Latest,dominate
train0,Latest,dominated
train0,Latest,drawing
train0,Latest,drift
train0,Latest,drifts
train0,Latest,drive
train0,Latest,driven
train0,Latest,driver
train0,Latest,drivers
train0,Latest,drives
train0,Latest,drove
train0,Latest,dual
train0,Latest,duality
train0,Latest,durability
train0,Latest,durable
train0,Latest,dynamic
train0,Latest,dynamically
train0,Latest,earlier
train0,Latest,early
train0,Latest,ecologically
train0,Latest,editing
train0,Latest,elaborates
train0,Latest,electronic
train0,Latest,elevates
train0,Latest,elevation
train0,Latest,eligible
train0,Latest,embed
train0,Latest,embeds
train0,Latest,embodied
train0,Latest,embodiment
train0,Latest,emerge
train0,Latest,emerging
train0,Latest,emotion
train0,Latest,emotionally
train0,Latest,empathy
train0,Latest,emphasis
train0,Latest,empirical
train0,Latest,empowerment
train0,Latest,emulate
train0,Latest,emulation
train0,Latest,enable
train0,Latest,enabled
train0,Latest,enablers
train0,Latest,enables
train0,Latest,enabling
train0,Latest,encounters
train0,Latest,endowing
train0,Latest,energetic
train0,Latest,enforce
train0,Latest,enforces
train0,Latest,enforcing
train0,Latest,engagement
train0,Latest,engages
train0,Latest,enlarging
train0,Latest,enrolling
train0,Latest,entrenched
train0,Latest,entropy
train0,Latest,epistemic
train0,Latest,equation
train0,Latest,equitable
train0,Latest,equity
train0,Latest,equivalence
train0,Latest,eras
train0,Latest,error
train0,Latest,errors
train0,Latest,escalation
train0,Latest,establish
train0,Latest,established
train0,Latest,establishes
train0,Latest,establishing
train0,Latest,estimated
train0,Latest,estimates
train0,Latest,estimation
train0,Latest,ethically
train0,Latest,evaluable
train0,Latest,evaluated
train0,Latest,evaluation
train0,Latest,evaluative
train0,Latest,evaluator
train0,Latest,evenness
train0,Latest,everyday
train0,Latest,evidence
train0,Latest,evidentiary
train0,Latest,evolve
train0,Latest,evolves
train0,Latest,examine
train0,Latest,examined
train0,Latest,exceeded
train0,Latest,exceedingly
train0,Latest,exceptionally
train0,Latest,exchange
train0,Latest,excluded
train0,Latest,excludes
train0,Latest,excluding
train0,Latest,exclusion
train0,Latest,exclusions
train0,Latest,exclusively
train0,Latest,execution
train0,Latest,exert
train0,Latest,exerts
train0,Latest,exhausted
train0,Latest,existential
train0,Latest,expand
train0,Latest,expanded
train0,Latest,expands
train0,Latest,expansion
train0,Latest,expectations
train0,Latest,experiential
train0,Latest,experimentally
train0,Latest,expert
train0,Latest,explainability
train0,Latest,explaining
train0,Latest,explanations
train0,Latest,explanatory
train0,Latest,explicit
train0,Latest,explicitly
train0,Latest,exploits
train0,Latest,exploratory
train0,Latest,exposes
train0,Latest,exposures
train0,Latest,extend
train0,Latest,extending
train0,Latest,extends
train0,Latest,extensible
train0,Latest,extension
train0,Latest,external
train0,Latest,externally
train0,Latest,extractable
train0,Latest,extrapolation
train0,Latest,extreme
train0,Latest,extremes
train0,Latest,factual
train0,Latest,fail
train0,Latest,fails
train0,Latest,failure
train0,Latest,fairness
train0,Latest,faithful
train0,Latest,faithfully
train0,Latest,false
train0,Latest,fault
train0,Latest,favorable
train0,Latest,favored
train0,Latest,favoring
train0,Latest,favourable
train0,Latest,feasibility
train0,Latest,feasible
train0,Latest,feature
train0,Latest,features
train0,Latest,fidelity
train0,Latest,fieldwork
train0,Latest,final
train0,Latest,finalized
train0,Latest,fine
train0,Latest,finer
train0,Latest,finite
train0,Latest,firmness
train0,Latest,fit
train0,Latest,fivefold
train0,Latest,fixed
train0,Latest,flag
train0,Latest,flagged
train0,Latest,flags
train0,Latest,flexible
train0,Latest,flourishing
train0,Latest,follow
train0,Latest,followed
train0,Latest,footprint
train0,Latest,footprints
train0,Latest,formal
train0,Latest,formalized
train0,Latest,formula
train0,Latest,foundational
train0,Latest,foundations
train0,Latest,fragmentation
train0,Latest,fragmented
train0,Latest,framed
train0,Latest,framework
train0,Latest,frameworks
train0,Latest,framing
train0,Latest,free
train0,Latest,frequent
train0,Latest,frequently
train0,Latest,frontier
train0,Latest,fueling
train0,Latest,full
train0,Latest,fully
train0,Latest,functioning
train0,Latest,fundamental
train0,Latest,fundamentally
train0,Latest,gains
train0,Latest,gaps
train0,Latest,generalisability
train0,Latest,generalizable
train0,Latest,generalization
train0,Latest,generalize
train0,Latest,generalized
train0,Latest,generalizes
train0,Latest,generally
train0,Latest,generate
train0,Latest,generated
train0,Latest,generates
train0,Latest,generating
train0,Latest,generation
train0,Latest,generational
train0,Latest,gentle
train0,Latest,genuine
train0,Latest,govern
train0,Latest,governance
train0,Latest,governed
train0,Latest,governing
train0,Latest,governs
train0,Latest,grading
train0,Latest,granularity
train0,Latest,gratitude
train0,Latest,greater
train0,Latest,greatest
train0,Latest,grounded
train0,Latest,grounding
train0,Latest,guarantees
train0,Latest,guidance
train0,Latest,guide
train0,Latest,guided
train0,Latest,guideline
train0,Latest,guides
train0,Latest,hallmark
train0,Latest,handcrafted
train0,Latest,handles
train0,Latest,handling
train0,Latest,hardship
train0,Latest,harm
train0,Latest,harmonisation
train0,Latest,harmonised
train0,Latest,harmonization
train0,Latest,harmonize
train0,Latest,harmonized
train0,Latest,heavily
train0,Latest,heuristics
train0,Latest,hierarchies
train0,Latest,hierarchy
train0,Latest,high
train0,Latest,higher
train0,Latest,highly
train0,Latest,historical
train0,Latest,historically
train0,Latest,holders
train0,Latest,homogeneous
train0,Latest,horizons
train0,Latest,humanistic
train0,Latest,humility
train0,Latest,idealized
train0,Latest,ideals
train0,Latest,identical
train0,Latest,identifier
train0,Latest,identifiers
train0,Latest,identifies
train0,Latest,identify
train0,Latest,identity
train0,Latest,illumination
train0,Latest,illustrates
train0,Latest,illustrative
train0,Latest,imbalanced
train0,Latest,immediate
train0,Latest,implementable
train0,Latest,implementation
train0,Latest,implementations
train0,Latest,implicated
train0,Latest,implicates
train0,Latest,importantly
train0,Latest,impose
train0,Latest,imposes
train0,Latest,imposing
train0,Latest,imprecise
train0,Latest,improved
train0,Latest,improves
train0,Latest,inaccessible
train0,Latest,incidentally
train0,Latest,incomplete
train0,Latest,incompletely
train0,Latest,inconsistent
train0,Latest,inconsistently
train0,Latest,incorporated
train0,Latest,incorporation
train0,Latest,increasingly
train0,Latest,incremental
train0,Latest,independence
train0,Latest,independent
train0,Latest,independently
train0,Latest,index
train0,Latest,indexing
train0,Latest,indicates
train0,Latest,indirect
train0,Latest,indiscriminate
train0,Latest,individual
train0,Latest,individualised
train0,Latest,inductive
train0,Latest,inefficient
train0,Latest,inequalities
train0,Latest,inequitable
train0,Latest,inequities
train0,Latest,infeasible
train0,Latest,inferential
train0,Latest,influential
train0,Latest,inform
train0,Latest,informal
train0,Latest,informational
train0,Latest,informative
train0,Latest,informed
train0,Latest,informs
train0,Latest,infrastructural
train0,Latest,infrastructures
train0,Latest,inherently
train0,Latest,initiated
train0,Latest,initiation
train0,Latest,injustice
train0,Latest,inputs
train0,Latest,inspired
train0,Latest,instability
train0,Latest,instructional
train0,Latest,instrument
train0,Latest,insufficient
train0,Latest,insufficiently
train0,Latest,integrate
train0,Latest,integrated
train0,Latest,integrates
train0,Latest,integrating
train0,Latest,integration
train0,Latest,integrative
train0,Latest,integrity
train0,Latest,intended
train0,Latest,intensification
train0,Latest,intensified
train0,Latest,intensify
train0,Latest,intensifying
train0,Latest,intensity
train0,Latest,intensive
train0,Latest,intention
train0,Latest,interactive
train0,Latest,interannual
train0,Latest,interchangeable
train0,Latest,interconnected
train0,Latest,interdependence
train0,Latest,interdependent
train0,Latest,intergroup
train0,Latest,interindividual
train0,Latest,intermediate
train0,Latest,internal
train0,Latest,internally
train0,Latest,international
train0,Latest,interoperability
train0,Latest,interoperable
train0,Latest,interpersonal
train0,Latest,interpret
train0,Latest,interpretability
train0,Latest,interpretable
train0,Latest,interpretation
train0,Latest,interpretative
train0,Latest,interpreted
train0,Latest,interpreting
train0,Latest,interpretive
train0,Latest,interrelated
train0,Latest,intersect
train0,Latest,intersected
train0,Latest,intersecting
train0,Latest,intertwined
train0,Latest,intrinsic
train0,Latest,intrinsically
train0,Latest,invariance
train0,Latest,investigational
train0,Latest,investment
train0,Latest,invisible
train0,Latest,involvement
train0,Latest,irregular
train0,Latest,irreversible
train0,Latest,isolate
train0,Latest,items
train0,Latest,iterations
train0,Latest,iterative
train0,Latest,iteratively
train0,Latest,joint
train0,Latest,jointly
train0,Latest,judgment
train0,Latest,keystone
train0,Latest,labels
train0,Latest,lacked
train0,Latest,lacking
train0,Latest,lagged
train0,Latest,landmark
train0,Latest,landscapes
train0,Latest,largely
train0,Latest,larger
train0,Latest,largest
train0,Latest,late
train0,Latest,layer
train0,Latest,layered
train0,Latest,layouts
train0,Latest,leadership
train0,Latest,learnable
train0,Latest,learner
train0,Latest,learners
train0,Latest,learns
train0,Latest,leave
train0,Latest,leaving
train0,Latest,left
train0,Latest,legacy
train0,Latest,legal
train0,Latest,legitimacy
train0,Latest,lens
train0,Latest,lever
train0,Latest,levers
train0,Latest,liabilities
train0,Latest,liability
train0,Latest,lifecycle
train0,Latest,lifelong
train0,Latest,likeness
train0,Latest,likes
train0,Latest,limit
train0,Latest,limitation
train0,Latest,limited
train0,Latest,limiting
train0,Latest,limits
train0,Latest,linearity
train0,Latest,linguistic
train0,Latest,linking
train0,Latest,links
train0,Latest,load
train0,Latest,loading
train0,Latest,loadings
train0,Latest,local
train0,Latest,locally
train0,Latest,long
train0,Latest,longer
train0,Latest,longstanding
train0,Latest,losses
train0,Latest,low
train0,Latest,lower
train0,Latest,lowered
train0,Latest,lowering
train0,Latest,lowers
train0,Latest,lowest
train0,Latest,magnitude
train0,Latest,maintain
train0,Latest,maintained
train0,Latest,maintains
train0,Latest,maintenance
train0,Latest,major
train0,Latest,malicious
train0,Latest,manageable
train0,Latest,managed
train0,Latest,mandates
train0,Latest,manifold
train0,Latest,mappings
train0,Latest,margin
train0,Latest,marginal
train0,Latest,marginalised
train0,Latest,margins
train0,Latest,marked
train0,Latest,markedly
train0,Latest,masking
train0,Latest,mastery
train0,Latest,materially
train0,Latest,maturity
train0,Latest,maximizes
train0,Latest,meaningful
train0,Latest,meaningfully
train0,Latest,measurable
train0,Latest,measurements
train0,Latest,median
train0,Latest,memory
train0,Latest,mentorship
train0,Latest,merely
train0,Latest,message
train0,Latest,metadata
train0,Latest,methodologically
train0,Latest,mid
train0,Latest,mild
train0,Latest,mimic
train0,Latest,mimicry
train0,Latest,minimally
train0,Latest,misaligned
train0,Latest,misalignment
train0,Latest,misclassification
train0,Latest,misclassified
train0,Latest,misinterpretation
train0,Latest,mismatch
train0,Latest,mismatched
train0,Latest,mismatches
train0,Latest,missed
train0,Latest,missingness
train0,Latest,mistrust
train0,Latest,mixed
train0,Latest,modelling
train0,Latest,moderate
train0,Latest,moderated
train0,Latest,moderates
train0,Latest,moderation
train0,Latest,modern
train0,Latest,modernization
train0,Latest,modes
train0,Latest,modest
train0,Latest,modestly
train0,Latest,modifiable
train0,Latest,modification
train0,Latest,modifiers
train0,Latest,modifies
train0,Latest,modifying
train0,Latest,modularity
train0,Latest,monitoring
train0,Latest,monotonic
train0,Latest,monotonically
train0,Latest,moral
train0,Latest,motivating
train0,Latest,motivation
train0,Latest,moving
train0,Latest,multidimensional
train0,Latest,multidirectional
train0,Latest,multidisciplinary
train0,Latest,multidomain
train0,Latest,multifactorial
train0,Latest,multifunctional
train0,Latest,multilayer
train0,Latest,multilevel
train0,Latest,multilingual
train0,Latest,multiple
train0,Latest,multiplicative
train0,Latest,multisectoral
train0,Latest,multisystem
train0,Latest,narrative
train0,Latest,narratively
train0,Latest,narratives
train0,Latest,narrow
train0,Latest,narrowing
train0,Latest,narrowly
train0,Latest,narrows
train0,Latest,nationally
train0,Latest,nationwide
train0,Latest,navigation
train0,Latest,near
train0,Latest,nearly
train0,Latest,negligible
train0,Latest,negotiated
train0,Latest,negotiation
train0,Latest,neutrality
train0,Latest,next
train0,Latest,niches
train0,Latest,node
train0,Latest,nodes
train0,Latest,nominal
train0,Latest,nominally
train0,Latest,nominate
train0,Latest,nominated
train0,Latest,nonuniform
train0,Latest,normalisation
train0,Latest,normalised
train0,Latest,norms
train0,Latest,numerical
train0,Latest,obligations
train0,Latest,obscured
train0,Latest,obscures
train0,Latest,obscuring
train0,Latest,observable
train0,Latest,observables
train0,Latest,observations
train0,Latest,occupies
train0,Latest,occurred
train0,Latest,offline
train0,Latest,offsets
train0,Latest,omission
train0,Latest,omitting
train0,Latest,onset
train0,Latest,onward
train0,Latest,open
train0,Latest,openly
train0,Latest,operate
train0,Latest,operates
train0,Latest,operating
train0,Latest,operational
train0,Latest,operationalization
train0,Latest,operationalize
train0,Latest,operationalized
train0,Latest,operationally
train0,Latest,operator
train0,Latest,opportunistic
train0,Latest,opportunities
train0,Latest,optimisation
train0,Latest,optimised
train0,Latest,optimism
train0,Latest,optimization
train0,Latest,optimized
train0,Latest,optional
train0,Latest,orchestrate
train0,Latest,orchestrates
train0,Latest,orchestration
train0,Latest,ordered
train0,Latest,ordering
train0,Latest,ordinal
train0,Latest,organisational
train0,Latest,organization
train0,Latest,organizational
train0,Latest,organize
train0,Latest,organized
train0,Latest,organizes
train0,Latest,orientation
train0,Latest,oriented
train0,Latest,outline
train0,Latest,outlining
train0,Latest,output
train0,Latest,outputs
train0,Latest,overall
train0,Latest,overcome
train0,Latest,overcomes
train0,Latest,overhead
train0,Latest,overlap
train0,Latest,overlapping
train0,Latest,overload
train0,Latest,overreliance
train0,Latest,oversight
train0,Latest,overt
train0,Latest,panel
train0,Latest,panels
train0,Latest,paradigm
train0,Latest,paradigms
train0,Latest,paradox
train0,Latest,paradoxical
train0,Latest,paradoxically
train0,Latest,parallel
train0,Latest,paralleling
train0,Latest,parsimonious
train0,Latest,partial
train0,Latest,partially
train0,Latest,participatory
train0,Latest,partitions
train0,Latest,passive
train0,Latest,path
train0,Latest,pattern
train0,Latest,patterns
train0,Latest,pause
train0,Latest,peak
train0,Latest,peaked
train0,Latest,penalized
train0,Latest,penalties
train0,Latest,pending
train0,Latest,perceived
train0,Latest,perception
train0,Latest,performance
train0,Latest,permissive
train0,Latest,perpetuate
train0,Latest,perpetuating
train0,Latest,persisted
train0,Latest,persistence
train0,Latest,persistent
train0,Latest,persistently
train0,Latest,persists
train0,Latest,person
train0,Latest,perspective
train0,Latest,perturbs
train0,Latest,phased
train0,Latest,piecewise
train0,Latest,pillar
train0,Latest,pillars
train0,Latest,pitfall
train0,Latest,plateaued
train0,Latest,plausibility
train0,Latest,plausible
train0,Latest,plausibly
train0,Latest,plus
train0,Latest,points
train0,Latest,policy
train0,Latest,poor
train0,Latest,poorer
train0,Latest,poorly
train0,Latest,portable
train0,Latest,positioned
train0,Latest,positioning
train0,Latest,positively
train0,Latest,potency
train0,Latest,potent
train0,Latest,powerful
train0,Latest,practical
train0,Latest,practice
train0,Latest,pragmatic
train0,Latest,preclude
train0,Latest,precluded
train0,Latest,precludes
train0,Latest,precluding
train0,Latest,precursor
train0,Latest,predefined
train0,Latest,predictable
train0,Latest,prediction
train0,Latest,predominant
train0,Latest,predominantly
train0,Latest,predominated
train0,Latest,predominates
train0,Latest,predominating
train0,Latest,preferential
train0,Latest,preferentially
train0,Latest,preliminarily
train0,Latest,preliminary
train0,Latest,premier
train0,Latest,preparedness
train0,Latest,presentation
train0,Latest,preservation
train0,Latest,preserve
train0,Latest,preserved
train0,Latest,preserves
train0,Latest,preserving
train0,Latest,prespecified
train0,Latest,pressure
train0,Latest,pressures
train0,Latest,primary
train0,Latest,principal
train0,Latest,principle
train0,Latest,principled
train0,Latest,principles
train0,Latest,prior
train0,Latest,priorities
train0,Latest,prioritisation
train0,Latest,prioritise
train0,Latest,prioritised
train0,Latest,prioritising
train0,Latest,prioritization
train0,Latest,prioritize
train0,Latest,prioritized
train0,Latest,prioritizes
train0,Latest,priority
train0,Latest,priors
train0,Latest,pristine
train0,Latest,privileged
train0,Latest,probabilistic
train0,Latest,proceeds
train0,Latest,processed
train0,Latest,processing
train0,Latest,produced
train0,Latest,produces
train0,Latest,producing
train0,Latest,product
train0,Latest,profiled
train0,Latest,profound
train0,Latest,profoundly
train0,Latest,programming
train0,Latest,progress
train0,Latest,progressed
train0,Latest,progressive
train0,Latest,progressively
train0,Latest,prohibitive
train0,Latest,projected
train0,Latest,projections
train0,Latest,prolonged
train0,Latest,prolongs
train0,Latest,promoted
train0,Latest,promotes
train0,Latest,pronounced
train0,Latest,proof
train0,Latest,propagation
train0,Latest,proportionate
train0,Latest,proportions
train0,Latest,propose
train0,Latest,proposes
train0,Latest,prospective
train0,Latest,protection
train0,Latest,protections
train0,Latest,protective
train0,Latest,protocol
train0,Latest,provenance
train0,Latest,provide
train0,Latest,provides
train0,Latest,provisional
train0,Latest,proxies
train0,Latest,proxy
train0,Latest,pruning
train0,Latest,publications
train0,Latest,publicly
train0,Latest,purely
train0,Latest,purposive
train0,Latest,purposively
train0,Latest,qualitative
train0,Latest,raising
train0,Latest,ranged
train0,Latest,ranked
train0,Latest,rankings
train0,Latest,rapid
train0,Latest,rapidly
train0,Latest,rare
train0,Latest,rarely
train0,Latest,rather
train0,Latest,rational
train0,Latest,rationale
train0,Latest,rationally
train0,Latest,reached
train0,Latest,read
train0,Latest,readable
train0,Latest,readily
train0,Latest,readiness
train0,Latest,real
train0,Latest,realism
train0,Latest,realistic
train0,Latest,realities
train0,Latest,reanalysis
train0,Latest,reappraisal
train0,Latest,reasoning
train0,Latest,reassessment
train0,Latest,reassurance
train0,Latest,reassuring
train0,Latest,rebalancing
train0,Latest,rebound
train0,Latest,recalibration
train0,Latest,recapitulated
train0,Latest,recapitulating
train0,Latest,recognised
train0,Latest,recognition
train0,Latest,recognized
train0,Latest,reconcile
train0,Latest,reconciliation
train0,Latest,reconfigurable
train0,Latest,reconfiguration
train0,Latest,reconstructed
train0,Latest,reconstructive
train0,Latest,reconstructs
train0,Latest,recoverable
train0,Latest,recoveries
train0,Latest,recovers
train0,Latest,recurring
train0,Latest,recursive
train0,Latest,redefine
train0,Latest,redefined
train0,Latest,redefines
train0,Latest,redefining
train0,Latest,redesign
train0,Latest,redirect
train0,Latest,redirected
train0,Latest,redirecting
train0,Latest,reduced
train0,Latest,reductions
train0,Latest,redundancy
train0,Latest,reference
train0,Latest,refined
train0,Latest,refinement
train0,Latest,refines
train0,Latest,reflect
train0,Latest,reflected
train0,Latest,reflecting
train0,Latest,reflective
train0,Latest,reflects
train0,Latest,reflexive
train0,Latest,reform
train0,Latest,reframe
train0,Latest,reframes
train0,Latest,reframing
train0,Latest,regarded
train0,Latest,regime
train0,Latest,regionally
train0,Latest,registry
train0,Latest,reinforce
train0,Latest,reinforced
train0,Latest,reinforcement
train0,Latest,reinforcing
train0,Latest,reintegration
train0,Latest,related
train0,Latest,relational
train0,Latest,relative
train0,Latest,relevance
train0,Latest,relevant
train0,Latest,reliable
train0,Latest,reliably
train0,Latest,reliance
train0,Latest,relied
train0,Latest,relies
train0,Latest,rely
train0,Latest,remain
train0,Latest,remained
train0,Latest,remaining
train0,Latest,remains
train0,Latest,remodel
train0,Latest,remodeled
train0,Latest,remodels
train0,Latest,removes
train0,Latest,reorganization
train0,Latest,reorganize
train0,Latest,reorientation
train0,Latest,reparative
train0,Latest,repeat
train0,Latest,repeated
train0,Latest,replacement
train0,Latest,replaces
train0,Latest,replicable
train0,Latest,report
train0,Latest,reporting
train0,Latest,repositories
train0,Latest,represent
train0,Latest,representation
train0,Latest,representational
train0,Latest,representations
train0,Latest,representative
train0,Latest,representativeness
train0,Latest,representing
train0,Latest,represents
train0,Latest,reproduced
train0,Latest,reproduces
train0,Latest,reproducibility
train0,Latest,reproducible
train0,Latest,reprogram
train0,Latest,reprogrammed
train0,Latest,reprograms
train0,Latest,repurposing
train0,Latest,require
train0,Latest,required
train0,Latest,requirements
train0,Latest,requires
train0,Latest,requiring
train0,Latest,resamples
train0,Latest,reset
train0,Latest,reshape
train0,Latest,reshaped
train0,Latest,reshapes
train0,Latest,reshaping
train0,Latest,resilient
train0,Latest,resists
train0,Latest,resolution
train0,Latest,resolve
train0,Latest,resolved
train0,Latest,resolves
train0,Latest,resolving
train0,Latest,resource
train0,Latest,resourced
train0,Latest,respectful
train0,Latest,response
train0,Latest,responses
train0,Latest,responsibilities
train0,Latest,responsibility
train0,Latest,responsive
train0,Latest,responsiveness
train0,Latest,restoration
train0,Latest,restorative
train0,Latest,restore
train0,Latest,restored
train0,Latest,restores
train0,Latest,restoring
train0,Latest,restrains
train0,Latest,restrict
train0,Latest,restricted
train0,Latest,restricting
train0,Latest,restricts
train0,Latest,restructuring
train0,Latest,retain
train0,Latest,retained
train0,Latest,retaining
train0,Latest,retains
train0,Latest,retention
train0,Latest,retraining
train0,Latest,retrieval
train0,Latest,reusable
train0,Latest,reverses
train0,Latest,reversibility
train0,Latest,reversible
train0,Latest,review
train0,Latest,reviewer
train0,Latest,rich
train0,Latest,right
train0,Latest,rigid
train0,Latest,rigidity
train0,Latest,rigor
train0,Latest,rigorous
train0,Latest,rigour
train0,Latest,roadmap
train0,Latest,robust
train0,Latest,robustly
train0,Latest,robustness
train0,Latest,rollout
train0,Latest,root
train0,Latest,rose
train0,Latest,routes
train0,Latest,routine
train0,Latest,routinely
train0,Latest,routing
train0,Latest,rubric
train0,Latest,rule
train0,Latest,rules
train0,Latest,safe
train0,Latest,safeguards
train0,Latest,satisfies
train0,Latest,scaffolding
train0,Latest,scalar
train0,Latest,scales
train0,Latest,scarce
train0,Latest,scheduling
train0,Latest,scholarship
train0,Latest,scope
train0,Latest,score
train0,Latest,screened
train0,Latest,screener
train0,Latest,searched
train0,Latest,sectoral
train0,Latest,secure
train0,Latest,segment
train0,Latest,segmentation
train0,Latest,segmented
train0,Latest,selected
train0,Latest,selection
train0,Latest,selective
train0,Latest,selectively
train0,Latest,selectivity
train0,Latest,semantically
train0,Latest,semantics
train0,Latest,semi
train0,Latest,sentiment
train0,Latest,separability
train0,Latest,separable
train0,Latest,separates
train0,Latest,sequential
train0,Latest,served
train0,Latest,service
train0,Latest,session
train0,Latest,settings
train0,Latest,severe
train0,Latest,severely
train0,Latest,severity
train0,Latest,shape
train0,Latest,shaped
train0,Latest,shapes
train0,Latest,shared
train0,Latest,sharing
train0,Latest,sharper
train0,Latest,sharply
train0,Latest,sharpness
train0,Latest,she
train0,Latest,shielding
train0,Latest,shift
train0,Latest,shifted
train0,Latest,shifting
train0,Latest,shifts
train0,Latest,short
train0,Latest,shortages
train0,Latest,shortens
train0,Latest,shorter
train0,Latest,shot
train0,Latest,showed
train0,Latest,signature
train0,Latest,similarity
train0,Latest,simplification
train0,Latest,simplified
train0,Latest,simultaneous
train0,Latest,simultaneously
train0,Latest,single
train0,Latest,sites
train0,Latest,situating
train0,Latest,skepticism
train0,Latest,skewed
train0,Latest,skill
train0,Latest,slope
train0,Latest,sluggish
train0,Latest,smoothing
train0,Latest,snapshots
train0,Latest,social
train0,Latest,soft
train0,Latest,solidarity
train0,Latest,solver
train0,Latest,source
train0,Latest,sourcing
train0,Latest,space
train0,Latest,spanning
train0,Latest,sparsity
train0,Latest,specialization
train0,Latest,specific
train0,Latest,specified
train0,Latest,speculative
train0,Latest,spillover
train0,Latest,splits
train0,Latest,squares
train0,Latest,stabilisation
train0,Latest,stability
train0,Latest,stabilization
train0,Latest,stabilize
train0,Latest,stabilized
train0,Latest,stabilizes
train0,Latest,stabilizing
train0,Latest,stable
train0,Latest,stacking
train0,Latest,staggered
train0,Latest,stagnant
train0,Latest,stagnation
train0,Latest,stakeholder
train0,Latest,stakes
train0,Latest,standard
train0,Latest,standardisation
train0,Latest,standardised
train0,Latest,standardization
train0,Latest,standardized
train0,Latest,standing
train0,Latest,state
train0,Latest,states
train0,Latest,status
train0,Latest,steeper
train0,Latest,steepest
train0,Latest,steering
train0,Latest,strain
train0,Latest,strategy
train0,Latest,stratifies
train0,Latest,strengthen
train0,Latest,strengthened
train0,Latest,strengthening
train0,Latest,strengthens
train0,Latest,strict
train0,Latest,strong
train0,Latest,stronger
train0,Latest,strongest
train0,Latest,strongly
train0,Latest,structural
train0,Latest,structurally
train0,Latest,structure
train0,Latest,structured
train0,Latest,structuring
train0,Latest,studies
train0,Latest,subjective
train0,Latest,subnational
train0,Latest,subsequent
train0,Latest,subset
train0,Latest,subsets
train0,Latest,substantial
train0,Latest,substantially
train0,Latest,subsystems
train0,Latest,subtle
train0,Latest,suffer
train0,Latest,suggest
train0,Latest,suggestive
train0,Latest,summaries
train0,Latest,summarises
train0,Latest,summarizes
train0,Latest,superiority
train0,Latest,supervisory
train0,Latest,support
train0,Latest,supported
train0,Latest,supporting
train0,Latest,supportive
train0,Latest,supports
train0,Latest,surges
train0,Latest,suspected
train0,Latest,suspicion
train0,Latest,sustain
train0,Latest,sustained
train0,Latest,sustaining
train0,Latest,sustains
train0,Latest,symbolic
train0,Latest,symmetric
train0,Latest,symmetries
train0,Latest,symmetry
train0,Latest,synergistic
train0,Latest,synergistically
train0,Latest,synergized
train0,Latest,synergizes
train0,Latest,synergy
train0,Latest,synthesis
train0,Latest,synthesise
train0,Latest,synthesised
train0,Latest,synthesises
train0,Latest,synthesize
train0,Latest,synthesized
train0,Latest,synthesizes
train0,Latest,synthetic
train0,Latest,system
train0,Latest,systematic
train0,Latest,systematically
train0,Latest,tabular
train0,Latest,talent
train0,Latest,target
train0,Latest,task
train0,Latest,technical
train0,Latest,technically
train0,Latest,temporal
train0,Latest,temporally
train0,Latest,temporary
train0,Latest,tenfold
train0,Latest,tensions
train0,Latest,terminology
train0,Latest,testable
train0,Latest,text
train0,Latest,textbook
train0,Latest,textual
train0,Latest,thematic
train0,Latest,thematically
train0,Latest,theory
train0,Latest,threatening
train0,Latest,threatens
train0,Latest,throughput
train0,Latest,tiered
train0,Latest,tiers
train0,Latest,tight
train0,Latest,tighter
train0,Latest,timeliness
train0,Latest,timepoints
train0,Latest,timescales
train0,Latest,together
train0,Latest,toolkit
train0,Latest,toward
train0,Latest,trace
train0,Latest,traceability
train0,Latest,traceable
train0,Latest,tractable
train0,Latest,traditionally
train0,Latest,traditions
train0,Latest,trainable
train0,Latest,trained
train0,Latest,trait
train0,Latest,trajectories
train0,Latest,trajectory
train0,Latest,transcend
train0,Latest,transfer
train0,Latest,transferability
train0,Latest,transferable
train0,Latest,transference
train0,Latest,transformation
train0,Latest,transformational
train0,Latest,transformations
train0,Latest,transformed
train0,Latest,transforms
train0,Latest,transient
train0,Latest,transition
train0,Latest,transitional
train0,Latest,transitions
train0,Latest,translatable
train0,Latest,translate
train0,Latest,translates
train0,Latest,translating
train0,Latest,translation
train0,Latest,transparency
train0,Latest,transparent
train0,Latest,traversing
train0,Latest,trigger
train0,Latest,triggered
train0,Latest,triggers
train0,Latest,triple
train0,Latest,trusted
train0,Latest,trustworthy
train0,Latest,truth
train0,Latest,tunability
train0,Latest,tuned
train0,Latest,tunes
train0,Latest,turnaround
train0,Latest,umbrella
train0,Latest,unaddressed
train0,Latest,unavailable
train0,Latest,uncertain
train0,Latest,uncertainty
train0,Latest,unchanged
train0,Latest,uncharacterized
train0,Latest,unclear
train0,Latest,uncommon
train0,Latest,uncontrolled
train0,Latest,undefined
train0,Latest,under
train0,Latest,underappreciated
train0,Latest,underdeveloped
train0,Latest,underestimate
train0,Latest,undergoes
train0,Latest,undermine
train0,Latest,undermined
train0,Latest,undermines
train0,Latest,undermining
train0,Latest,underpins
train0,Latest,underpowered
train0,Latest,underrecognized
train0,Latest,underrepresented
train0,Latest,understood
train0,Latest,underused
train0,Latest,underutilized
train0,Latest,unequal
train0,Latest,uneven
train0,Latest,unevenly
train0,Latest,uneventful
train0,Latest,unexplained
train0,Latest,unfolds
train0,Latest,unified
train0,Latest,unifies
train0,Latest,uniform
train0,Latest,uniformly
train0,Latest,unify
train0,Latest,unifying
train0,Latest,uniquely
train0,Latest,unity
train0,Latest,universal
train0,Latest,universally
train0,Latest,unlabeled
train0,Latest,unlabelled
train0,Latest,unmeasured
train0,Latest,unmet
train0,Latest,unnecessary
train0,Latest,unproven
train0,Latest,unrecognized
train0,Latest,unreliable
train0,Latest,unremarkable
train0,Latest,unreported
train0,Latest,unresolved
train0,Latest,unseen
train0,Latest,unstructured
train0,Latest,unsupported
train0,Latest,updated
train0,Latest,updates
train0,Latest,upgrading
train0,Latest,upper
train0,Latest,uptake
train0,Latest,usability
train0,Latest,validated
train0,Latest,validation
train0,Latest,validity
train0,Latest,value
train0,Latest,valuing
train0,Latest,variability
train0,Latest,variable
train0,Latest,variably
train0,Latest,variant
train0,Latest,variants
train0,Latest,variation
train0,Latest,varies
train0,Latest,vary
train0,Latest,verifiable
train0,Latest,verification
train0,Latest,versus
train0,Latest,via
train0,Latest,vicious
train0,Latest,viewed
train0,Latest,vigor
train0,Latest,virtual
train0,Latest,visibility
train0,Latest,visible
train0,Latest,volatile
train0,Latest,volatility
train0,Latest,voting
train0,Latest,vulnerabilities
train0,Latest,vulnerability
train0,Latest,vulnerable
train0,Latest,warning
train0,Latest,warrant
train0,Latest,warranted
train0,Latest,warrants
train0,Latest,weak
train0,Latest,weaken
train0,Latest,weakened
train0,Latest,weakening
train0,Latest,weakens
train0,Latest,weaker
train0,Latest,weakly
train0,Latest,whereas
train0,Latest,whether
train0,Latest,whose
train0,Latest,widely
train0,Latest,willingness
train0,Latest,wise
train0,Latest,within
train0,Latest,without
train0,Latest,wonder
train0,Latest,work
train0,Latest,workload
train0,Latest,world
train0,Latest,worsening
train0,Latest,writers
train0,Latest,year
train0,Latest,yet
train0,Latest,yield
train0,Latest,yielded
train0,Latest,yielding
train0,Latest,yields
train1,Early,abilities
train1,Early,ability
train1,Early,above
train1,Early,abundant
train1,Early,according
train1,Early,accurately
train1,Early,achieve
train1,Early,acknowledged
train1,Early,acknowledges
train1,Early,action
train1,Early,actual
train1,Early,adding
train1,Early,addition
train1,Early,additionally
train1,Early,addressed
train1,Early,adept
train1,Early,adhering
train1,Early,administering
train1,Early,adopted
train1,Early,advantages
train1,Early,affect
train1,Early,affecting
train1,Early,affects
train1,Early,affirm
train1,Early,affirmed
train1,Early,affirming
train1,Early,agreeing
train1,Early,aid
train1,Early,aiding
train1,Early,akin
train1,Early,alleviate
train1,Early,allowing
train1,Early,amalgamation
train1,Early,ameliorative
train1,Early,amidst
train1,Early,analyze
train1,Early,annotating
train1,Early,anticipated
train1,Early,application
train1,Early,applying
train1,Early,appropriate
train1,Early,approved
train1,Early,area
train1,Early,areas
train1,Early,art
train1,Early,aspect
train1,Early,aspects
train1,Early,assembled
train1,Early,assistance
train1,Early,attention
train1,Early,attracted
train1,Early,attributed
train1,Early,attributes
train1,Early,augmenting
train1,Early,automatic
train1,Early,avenue
train1,Early,average
train1,Early,because
train1,Early,become
train1,Early,becoming
train1,Early,behind
train1,Early,beneficial
train1,Early,benefiting
train1,Early,bespoke
train1,Early,best
train1,Early,better
train1,Early,boasts
train1,Early,bolster
train1,Early,bolstering
train1,Early,boost
train1,Early,build
train1,Early,built
train1,Early,burgeoning
train1,Early,capitalizing
train1,Early,cater
train1,Early,cause
train1,Early,caused
train1,Early,causes
train1,Early,causing
train1,Early,certain
train1,Early,changes
train1,Early,changing
train1,Early,characteristics
train1,Early,chief
train1,Early,chosen
train1,Early,classify
train1,Early,cleanliness
train1,Early,coefficient
train1,Early,collaborations
train1,Early,collect
train1,Early,collected
train1,Early,collection
train1,Early,combat
train1,Early,combating
train1,Early,commendable
train1,Early,common
train1,Early,commonly
train1,Early,complexities
train1,Early,compositions
train1,Early,comprehend
train1,Early,comprehending
train1,Early,comprehension
train1,Early,comprised
train1,Early,concerning
train1,Early,concludes
train1,Early,condition
train1,Early,conducive
train1,Early,conduct
train1,Early,conducting
train1,Early,confront
train1,Early,conjunction
train1,Early,connected
train1,Early,connection
train1,Early,connections
train1,Early,consequently
train1,Early,consider
train1,Early,considerable
train1,Early,considerably
train1,Early,considering
train1,Early,consisting
train1,Early,consuming
train1,Early,consumption
train1,Early,contains
train1,Early,content
train1,Early,contentious
train1,Early,contents
train1,Early,contributed
train1,Early,controlling
train1,Early,correlation
train1,Early,countering
train1,Early,counterparts
train1,Early,crafted
train1,Early,crafting
train1,Early,create
train1,Early,created
train1,Early,creation
train1,Early,crucial
train1,Early,curbing
train1,Early,currently
train1,Early,customize
train1,Early,customized
train1,Early,customizing
train1,Early,cutting
train1,Early,database
train1,Early,databases
train1,Early,decades
train1,Early,decent
train1,Early,decided
train1,Early,deemed
train1,Early,deleting
train1,Early,delve
train1,Early,delved
train1,Early,delves
train1,Early,delving
train1,Early,depending
train1,Early,depiction
train1,Early,depth
train1,Early,desired
train1,Early,detail
train1,Early,detailed
train1,Early,details
train1,Early,determining
train1,Early,detrimental
train1,Early,develop
train1,Early,developing
train1,Early,development
train1,Early,devices
train1,Early,devising
train1,Early,different
train1,Early,differentially
train1,Early,differentials
train1,Early,difficult
train1,Early,difficulties
train1,Early,difficulty
train1,Early,digitization
train1,Early,direction
train1,Early,disagree
train1,Early,discern
train1,Early,discerned
train1,Early,discernible
train1,Early,discerning
train1,Early,discovered
train1,Early,discussed
train1,Early,discussing
train1,Early,displayed
train1,Early,displaying
train1,Early,diversifying
train1,Early,divided
train1,Early,due
train1,Early,ease
train1,Early,easing
train1,Early,easy
train1,Early,effect
train1,Early,efficiently
train1,Early,efforts
train1,Early,element
train1,Early,elements
train1,Early,elucidated
train1,Early,elusive
train1,Early,embraced
train1,Early,embracing
train1,Early,emotions
train1,Early,employing
train1,Early,empower
train1,Early,encapsulate
train1,Early,encapsulates
train1,Early,encompass
train1,Early,encompasses
train1,Early,encountered
train1,Early,encountering
train1,Early,encourage
train1,Early,endeavor
train1,Early,endeavors
train1,Early,endeavours
train1,Early,endows
train1,Early,endure
train1,Early,environment
train1,Early,eradicating
train1,Early,especially
train1,Early,even
train1,Early,examination
train1,Early,expansive
train1,Early,expedite
train1,Early,expedited
train1,Early,expediting
train1,Early,experienced
train1,Early,experiencing
train1,Early,experiment
train1,Early,experts
train1,Early,exploration
train1,Early,explore
train1,Early,explored
train1,Early,exploring
train1,Early,extensively
train1,Early,extract
train1,Early,extracting
train1,Early,extremely
train1,Early,faced
train1,Early,factors
train1,Early,fake
train1,Early,few
train1,Early,field
train1,Early,fields
train1,Early,finally
train1,Early,find
train1,Early,firstly
train1,Early,focuses
train1,Early,followers
train1,Early,forecasted
train1,Early,formulating
train1,Early,forthcoming
train1,Early,friendliness
train1,Early,functions
train1,Early,furnish
train1,Early,furthermore
train1,Early,gain
train1,Early,gained
train1,Early,gaining
train1,Early,garnering
train1,Early,gather
train1,Early,gathered
train1,Early,gauged
train1,Early,geared
train1,Early,gleaned
train1,Early,goals
train1,Early,good
train1,Early,gradually
train1,Early,grappling
train1,Early,grave
train1,Early,great
train1,Early,greatly
train1,Early,groundbreaking
train1,Early,groups
train1,Early,habits
train1,Early,harmful
train1,Early,harming
train1,Early,harmonious
train1,Early,hazardous
train1,Early,heavy
train1,Early,help
train1,Early,helpful
train1,Early,helping
train1,Early,helps
train1,Early,hence
train1,Early,her
train1,Early,herein
train1,Early,hesitancy
train1,Early,hesitant
train1,Early,hint
train1,Early,hinting
train1,Early,history
train1,Early,holds
train1,Early,holistically
train1,Early,hoping
train1,Early,hot
train1,Early,however
train1,Early,ideal
train1,Early,ideas
train1,Early,illuminates
train1,Early,illuminating
train1,Early,immense
train1,Early,impact
train1,Early,impacted
train1,Early,impacting
train1,Early,impacts
train1,Early,imparting
train1,Early,impede
train1,Early,impedes
train1,Early,impediments
train1,Early,impeding
train1,Early,imperative
train1,Early,implementing
train1,Early,impressive
train1,Early,impressively
train1,Early,includes
train1,Early,increase
train1,Early,ineffectiveness
train1,Early,information
train1,Early,inquiries
train1,Early,insightful
train1,Early,inspiration
train1,Early,inspire
train1,Early,inspiring
train1,Early,instance
train1,Early,instances
train1,Early,instrumental
train1,Early,integral
train1,Early,interconnection
train1,Early,interconnections
train1,Early,interest
train1,Early,intricacies
train1,Early,intricate
train1,Early,intricately
train1,Early,intriguing
train1,Early,introduced
train1,Early,intuition
train1,Early,invaluable
train1,Early,investigate
train1,Early,investigating
train1,Early,investigation
train1,Early,investigations
train1,Early,involve
train1,Early,involves
train1,Early,irreplaceable
train1,Early,issue
train1,Early,issues
train1,Early,journey
train1,Early,knowledge
train1,Early,lack
train1,Early,lastly
train1,Early,latest
train1,Early,lead
train1,Early,leads
train1,Early,leap
train1,Early,learn
train1,Early,led
train1,Early,lengthy
train1,Early,level
train1,Early,literature
train1,Early,main
train1,Early,mainly
train1,Early,make
train1,Early,makes
train1,Early,makeup
train1,Early,manage
train1,Early,manifests
train1,Early,material
train1,Early,materials
train1,Early,matter
train1,Early,meanwhile
train1,Early,mechanism
train1,Early,meet
train1,Early,mentioning
train1,Early,methodology
train1,Early,meticulously
train1,Early,mixes
train1,Early,mode
train1,Early,moreover
train1,Early,movement
train1,Early,must
train1,Early,myths
train1,Early,named
train1,Early,namely
train1,Early,nature
train1,Early,necessary
train1,Early,necessitated
train1,Early,needed
train1,Early,needs
train1,Early,negatively
train1,Early,nevertheless
train1,Early,new
train1,Early,nonetheless
train1,Early,noted
train1,Early,noteworthy
train1,Early,notice
train1,Early,noting
train1,Early,nuances
train1,Early,numerous
train1,Early,nurturing
train1,Early,observe
train1,Early,obstacles
train1,Early,obstructions
train1,Early,obtain
train1,Early,obtaining
train1,Early,occurrence
train1,Early,ones
train1,Early,operation
train1,Early,operations
train1,Early,oppression
train1,Early,opting
train1,Early,options
train1,Early,organizations
train1,Early,original
train1,Early,originating
train1,Early,out
train1,Early,outlined
train1,Early,outstanding
train1,Early,overview
train1,Early,owing
train1,Early,package
train1,Early,paper
train1,Early,paramount
train1,Early,parties
train1,Early,partnered
train1,Early,passion
train1,Early,past
train1,Early,pave
train1,Early,paves
train1,Early,people
train1,Early,perform
train1,Early,performances
train1,Early,periods
train1,Early,pertains
train1,Early,pertinent
train1,Early,phenomenon
train1,Early,pinpoint
train1,Early,pinpointing
train1,Early,pioneering
train1,Early,plagued
train1,Early,plans
train1,Early,play
train1,Early,plays
train1,Early,popular
train1,Early,popularity
train1,Early,positively
train1,Early,possess
train1,Early,possibilities
train1,Early,practitioners
train1,Early,predict
train1,Early,predicting
train1,Early,preferred
train1,Early,prejudice
train1,Early,preparation
train1,Early,prepare
train1,Early,prepared
train1,Early,preparing
train1,Early,pressing
train1,Early,prevent
train1,Early,problem
train1,Early,problems
train1,Early,process
train1,Early,produce
train1,Early,production
train1,Early,products
train1,Early,professionals
train1,Early,programmed
train1,Early,project
train1,Early,prominent
train1,Early,promptly
train1,Early,prone
train1,Early,propel
train1,Early,propelled
train1,Early,propelling
train1,Early,properties
train1,Early,proposed
train1,Early,prospects
train1,Early,proven
train1,Early,proves
train1,Early,provided
train1,Early,publications
train1,Early,pursuit
train1,Early,ramifications
train1,Early,rapport
train1,Early,reach
train1,Early,reaction
train1,Early,reactions
train1,Early,realize
train1,Early,realized
train1,Early,realizes
train1,Early,realm
train1,Early,realms
train1,Early,recent
train1,Early,recommended
train1,Early,record
train1,Early,reevaluation
train1,Early,references
train1,Early,refers
train1,Early,regarding
train1,Early,region
train1,Early,regular
train1,Early,regulate
train1,Early,regulating
train1,Early,relationship
train1,Early,remarkable
train1,Early,remarkably
train1,Early,remediating
train1,Early,removing
train1,Early,repercussions
train1,Early,replace
train1,Early,research
train1,Early,researchers
train1,Early,resisting
train1,Early,respond
train1,Early,reusing
train1,Early,revolutionary
train1,Early,revolutionizing
train1,Early,samples
train1,Early,satisfactory
train1,Early,scheme
train1,Early,scientific
train1,Early,screenings
train1,Early,scrutinize
train1,Early,scrutinized
train1,Early,second
train1,Early,sector
train1,Early,segmenting
train1,Early,sentiments
train1,Early,serious
train1,Early,seriously
train1,Early,set
train1,Early,shed
train1,Early,shedding
train1,Early,sheds
train1,Early,shortcoming
train1,Early,show
train1,Early,showcase
train1,Early,showcased
train1,Early,showcases
train1,Early,showcasing
train1,Early,shows
train1,Early,side
train1,Early,significance
train1,Early,signifies
train1,Early,signify
train1,Early,signifying
train1,Early,similarly
train1,Early,simulate
train1,Early,simulation
train1,Early,skills
train1,Early,society
train1,Early,software
train1,Early,solution
train1,Early,solutions
train1,Early,solve
train1,Early,solves
train1,Early,solving
train1,Early,sources
train1,Early,sparked
train1,Early,specializing
train1,Early,specifics
train1,Early,speed
train1,Early,spotlight
train1,Early,spurred
train1,Early,stakeholders
train1,Early,stands
train1,Early,stemming
train1,Early,steps
train1,Early,still
train1,Early,stood
train1,Early,straightforward
train1,Early,stressing
train1,Early,strides
train1,Early,studying
train1,Early,subjected
train1,Early,substance
train1,Early,substantiated
train1,Early,successful
train1,Early,successfully
train1,Early,suggestions
train1,Early,suitable
train1,Early,summarize
train1,Early,summarized
train1,Early,summary
train1,Early,superb
train1,Early,supreme
train1,Early,surface
train1,Early,surrounding
train1,Early,survey
train1,Early,sustainably
train1,Early,swift
train1,Early,swiftly
train1,Early,synopsis
train1,Early,tackle
train1,Early,tasked
train1,Early,team
train1,Early,technology
train1,Early,terms
train1,Early,therefore
train1,Early,third
train1,Early,thorough
train1,Early,thoroughly
train1,Early,thriving
train1,Early,throughout
train1,Early,thus
train1,Early,top
train1,Early,topic
train1,Early,topics
train1,Early,total
train1,Early,train
train1,Early,transform
train1,Early,trend
train1,Early,trending
train1,Early,trouble
train1,Early,trusting
train1,Early,types
train1,Early,undergo
train1,Early,underlining
train1,Early,understand
train1,Early,understanding
train1,Early,unique
train1,Early,unparalleled
train1,Early,unravel
train1,Early,unraveling
train1,Early,unveil
train1,Early,unveiled
train1,Early,unveiling
train1,Early,unveils
train1,Early,upsurge
train1,Early,urging
train1,Early,usage
train1,Early,used
train1,Early,uses
train1,Early,usually
train1,Early,utilised
train1,Early,utilises
train1,Early,utilising
train1,Early,utilization
train1,Early,utilize
train1,Early,utilized
train1,Early,utilizing
train1,Early,values
train1,Early,variables
train1,Early,varieties
train1,Early,variety
train1,Early,various
train1,Early,verified
train1,Early,verifies
train1,Early,verify
train1,Early,version
train1,Early,view
train1,Early,vital
train1,Early,waning
train1,Early,way
train1,Early,ways
train1,Early,wherein
train1,Early,wide
train1,Early,worldwide
train1,Early,worrisome
train1,Intermediate,accelerating
train1,Intermediate,accessibility
train1,Intermediate,accessing
train1,Intermediate,accommodating
train1,Intermediate,accuracy
train1,Intermediate,accurate
train1,Intermediate,achieving
train1,Intermediate,acknowledging
train1,Intermediate,adapt
train1,Intermediate,adaptability
train1,Intermediate,adaptable
train1,Intermediate,adaptations
train1,Intermediate,adapts
train1,Intermediate,address
train1,Intermediate,addresses
train1,Intermediate,addressing
train1,Intermediate,adhered
train1,Intermediate,adheres
train1,Intermediate,adjusting
train1,Intermediate,adjustments
train1,Intermediate,adjusts
train1,Intermediate,adopting
train1,Intermediate,adoption
train1,Intermediate,advance
train1,Intermediate,advanced
train1,Intermediate,advancement
train1,Intermediate,advancements
train1,Intermediate,advancing
train1,Intermediate,adverse
train1,Intermediate,advocate
train1,Intermediate,advocates
train1,Intermediate,advocating
train1,Intermediate,aesthetic
train1,Intermediate,affordability
train1,Intermediate,agile
train1,Intermediate,aimed
train1,Intermediate,aiming
train1,Intermediate,aims
train1,Intermediate,alarmingly
train1,Intermediate,align
train1,Intermediate,aligning
train1,Intermediate,aligns
train1,Intermediate,alleviating
train1,Intermediate,along
train1,Intermediate,altering
train1,Intermediate,alternative
train1,Intermediate,alternatives
train1,Intermediate,amid
train1,Intermediate,analog
train1,Intermediate,analyzes
train1,Intermediate,annually
train1,Intermediate,anomalies
train1,Intermediate,anything
train1,Intermediate,applicability
train1,Intermediate,applicable
train1,Intermediate,applications
train1,Intermediate,approach
train1,Intermediate,approval
train1,Intermediate,approvals
train1,Intermediate,artificial
train1,Intermediate,assess
train1,Intermediate,assesses
train1,Intermediate,assessing
train1,Intermediate,assessments
train1,Intermediate,attitudes
train1,Intermediate,augmented
train1,Intermediate,authenticity
train1,Intermediate,authored
train1,Intermediate,automate
train1,Intermediate,automates
train1,Intermediate,automating
train1,Intermediate,avenues
train1,Intermediate,awareness
train1,Intermediate,backgrounds
train1,Intermediate,balancing
train1,Intermediate,behaviors
train1,Intermediate,benefits
train1,Intermediate,biases
train1,Intermediate,boosts
train1,Intermediate,breaches
train1,Intermediate,breaking
train1,Intermediate,breakthroughs
train1,Intermediate,broadening
train1,Intermediate,broadens
train1,Intermediate,burdens
train1,Intermediate,capabilities
train1,Intermediate,capability
train1,Intermediate,capturing
train1,Intermediate,careful
train1,Intermediate,cases
train1,Intermediate,catalog
train1,Intermediate,categorized
train1,Intermediate,categorizes
train1,Intermediate,categorizing
train1,Intermediate,causally
train1,Intermediate,challenge
train1,Intermediate,challenges
train1,Intermediate,challenging
train1,Intermediate,chaotic
train1,Intermediate,characterizing
train1,Intermediate,checklist
train1,Intermediate,citing
train1,Intermediate,classifies
train1,Intermediate,classifying
train1,Intermediate,closely
train1,Intermediate,cohesion
train1,Intermediate,cohesive
train1,Intermediate,collaboration
train1,Intermediate,collaborative
train1,Intermediate,collaboratively
train1,Intermediate,combining
train1,Intermediate,comfort
train1,Intermediate,communities
train1,Intermediate,compares
train1,Intermediate,compelling
train1,Intermediate,compensates
train1,Intermediate,competitiveness
train1,Intermediate,compiles
train1,Intermediate,complex
train1,Intermediate,complexity
train1,Intermediate,complicate
train1,Intermediate,complicates
train1,Intermediate,complicating
train1,Intermediate,compounded
train1,Intermediate,comprehensibility
train1,Intermediate,comprehensive
train1,Intermediate,comprehensively
train1,Intermediate,comprehensiveness
train1,Intermediate,comprises
train1,Intermediate,comprising
train1,Intermediate,compromised
train1,Intermediate,compromising
train1,Intermediate,computing
train1,Intermediate,concern
train1,Intermediate,concerns
train1,Intermediate,concurrently
train1,Intermediate,conducted
train1,Intermediate,conducts
train1,Intermediate,confirm
train1,Intermediate,confronting
train1,Intermediate,consent
train1,Intermediate,consolidate
train1,Intermediate,consolidates
train1,Intermediate,constructing
train1,Intermediate,consumer
train1,Intermediate,continues
train1,Intermediate,contribute
train1,Intermediate,contributes
train1,Intermediate,contributing
train1,Intermediate,contributors
train1,Intermediate,convenience
train1,Intermediate,conversely
train1,Intermediate,cost
train1,Intermediate,count
train1,Intermediate,counteracts
train1,Intermediate,covering
train1,Intermediate,creating
train1,Intermediate,creativity
train1,Intermediate,critical
train1,Intermediate,culminated
train1,Intermediate,culminating
train1,Intermediate,cultivate
train1,Intermediate,cultivating
train1,Intermediate,curiosity
train1,Intermediate,curve
train1,Intermediate,curves
train1,Intermediate,custom
train1,Intermediate,customizable
train1,Intermediate,customization
train1,Intermediate,cycles
train1,Intermediate,damage
train1,Intermediate,data
train1,Intermediate,dataset
train1,Intermediate,decline
train1,Intermediate,deductively
train1,Intermediate,deepen
train1,Intermediate,deepened
train1,Intermediate,deepening
train1,Intermediate,deepens
train1,Intermediate,deeper
train1,Intermediate,delaying
train1,Intermediate,delineating
train1,Intermediate,delivering
train1,Intermediate,demonstrated
train1,Intermediate,demonstrates
train1,Intermediate,demonstrating
train1,Intermediate,dependable
train1,Intermediate,deploying
train1,Intermediate,designed
train1,Intermediate,designing
train1,Intermediate,despite
train1,Intermediate,detailing
train1,Intermediate,deviates
train1,Intermediate,deviating
train1,Intermediate,dictating
train1,Intermediate,differences
train1,Intermediate,differentiating
train1,Intermediate,dimensionality
train1,Intermediate,diminished
train1,Intermediate,diminishes
train1,Intermediate,diminishing
train1,Intermediate,directions
train1,Intermediate,discomfort
train1,Intermediate,discrepancies
train1,Intermediate,discusses
train1,Intermediate,discussions
train1,Intermediate,disparities
train1,Intermediate,disproportionality
train1,Intermediate,disrupt
train1,Intermediate,disrupting
train1,Intermediate,disruptions
train1,Intermediate,distinctions
train1,Intermediate,distinctive
train1,Intermediate,distinguishing
train1,Intermediate,diverse
train1,Intermediate,diversity
train1,Intermediate,driving
train1,Intermediate,duration
train1,Intermediate,economic
train1,Intermediate,education
train1,Intermediate,effective
train1,Intermediate,effectively
train1,Intermediate,effectiveness
train1,Intermediate,effects
train1,Intermediate,efficacy
train1,Intermediate,efficiency
train1,Intermediate,efficient
train1,Intermediate,elevate
train1,Intermediate,elevated
train1,Intermediate,elevating
train1,Intermediate,eliminates
train1,Intermediate,eliminating
train1,Intermediate,elucidate
train1,Intermediate,elucidates
train1,Intermediate,elucidating
train1,Intermediate,emerged
train1,Intermediate,emerges
train1,Intermediate,empathetic
train1,Intermediate,empathy
train1,Intermediate,emphasise
train1,Intermediate,emphasised
train1,Intermediate,emphasises
train1,Intermediate,emphasising
train1,Intermediate,emphasize
train1,Intermediate,emphasizes
train1,Intermediate,emphasizing
train1,Intermediate,employ
train1,Intermediate,employed
train1,Intermediate,employs
train1,Intermediate,empowering
train1,Intermediate,empowers
train1,Intermediate,emulate
train1,Intermediate,emulating
train1,Intermediate,enablers
train1,Intermediate,encompassed
train1,Intermediate,encompassing
train1,Intermediate,encounter
train1,Intermediate,enduring
train1,Intermediate,energy
train1,Intermediate,engage
train1,Intermediate,engaged
train1,Intermediate,engaging
train1,Intermediate,enhance
train1,Intermediate,enhanced
train1,Intermediate,enhancement
train1,Intermediate,enhancements
train1,Intermediate,enhances
train1,Intermediate,enhancing
train1,Intermediate,enjoyment
train1,Intermediate,enriching
train1,Intermediate,ensure
train1,Intermediate,ensured
train1,Intermediate,ensures
train1,Intermediate,ensuring
train1,Intermediate,equalization
train1,Intermediate,equip
train1,Intermediate,equipping
train1,Intermediate,escalate
train1,Intermediate,escalated
train1,Intermediate,escalating
train1,Intermediate,essential
train1,Intermediate,ethical
train1,Intermediate,evaluates
train1,Intermediate,evaluating
train1,Intermediate,evaluations
train1,Intermediate,evidenced
train1,Intermediate,evolving
train1,Intermediate,exacerbate
train1,Intermediate,exacerbates
train1,Intermediate,exacerbating
train1,Intermediate,examines
train1,Intermediate,examining
train1,Intermediate,exceeding
train1,Intermediate,excel
train1,Intermediate,excelled
train1,Intermediate,excellent
train1,Intermediate,excels
train1,Intermediate,exceptional
train1,Intermediate,excessive
train1,Intermediate,exemplifies
train1,Intermediate,exerting
train1,Intermediate,exhibit
train1,Intermediate,exhibited
train1,Intermediate,exhibiting
train1,Intermediate,exhibits
train1,Intermediate,existing
train1,Intermediate,expanding
train1,Intermediate,experience
train1,Intermediate,experiences
train1,Intermediate,experiments
train1,Intermediate,expertise
train1,Intermediate,explores
train1,Intermediate,extended
train1,Intermediate,extensive
train1,Intermediate,extracted
train1,Intermediate,face
train1,Intermediate,faces
train1,Intermediate,facilitate
train1,Intermediate,facilitated
train1,Intermediate,facilitates
train1,Intermediate,facilitating
train1,Intermediate,facilitators
train1,Intermediate,facing
train1,Intermediate,faster
train1,Intermediate,fault
train1,Intermediate,faults
train1,Intermediate,featuring
train1,Intermediate,fewer
train1,Intermediate,fills
train1,Intermediate,financial
train1,Intermediate,findings
train1,Intermediate,flexibility
train1,Intermediate,flourishing
train1,Intermediate,fluctuations
train1,Intermediate,focus
train1,Intermediate,focused
train1,Intermediate,focusing
train1,Intermediate,following
train1,Intermediate,forces
train1,Intermediate,forecasting
train1,Intermediate,formidable
train1,Intermediate,foster
train1,Intermediate,fostered
train1,Intermediate,fostering
train1,Intermediate,fosters
train1,Intermediate,foundation
train1,Intermediate,framework's
train1,Intermediate,friendly
train1,Intermediate,fueling
train1,Intermediate,functionalities
train1,Intermediate,functionality
train1,Intermediate,further
train1,Intermediate,future
train1,Intermediate,gap
train1,Intermediate,garnered
train1,Intermediate,generalizability
train1,Intermediate,generalizing
train1,Intermediate,global
train1,Intermediate,globally
train1,Intermediate,gradual
train1,Intermediate,gratitude
train1,Intermediate,groundwork
train1,Intermediate,growing
train1,Intermediate,guidelines
train1,Intermediate,guiding
train1,Intermediate,halting
train1,Intermediate,handles
train1,Intermediate,harmonize
train1,Intermediate,harmonizing
train1,Intermediate,harness
train1,Intermediate,harnesses
train1,Intermediate,harnessing
train1,Intermediate,heighten
train1,Intermediate,heightened
train1,Intermediate,heightens
train1,Intermediate,highest
train1,Intermediate,highlight
train1,Intermediate,highlighted
train1,Intermediate,highlighting
train1,Intermediate,highlights
train1,Intermediate,hinder
train1,Intermediate,hindered
train1,Intermediate,hindering
train1,Intermediate,hinders
train1,Intermediate,hinges
train1,Intermediate,hold
train1,Intermediate,holders
train1,Intermediate,holding
train1,Intermediate,holistic
train1,Intermediate,humanistic
train1,Intermediate,hurdles
train1,Intermediate,hypothesizing
train1,Intermediate,ideals
train1,Intermediate,identified
train1,Intermediate,identifying
train1,Intermediate,illustrations
train1,Intermediate,imbalanced
train1,Intermediate,impactful
train1,Intermediate,imparts
train1,Intermediate,implicated
train1,Intermediate,implications
train1,Intermediate,importance
train1,Intermediate,imposing
train1,Intermediate,impractical
train1,Intermediate,improve
train1,Intermediate,improvements
train1,Intermediate,improving
train1,Intermediate,inaccuracies
train1,Intermediate,inadequate
train1,Intermediate,inadequately
train1,Intermediate,inadvertently
train1,Intermediate,inaugural
train1,Intermediate,include
train1,Intermediate,included
train1,Intermediate,including
train1,Intermediate,inclusion
train1,Intermediate,inclusive
train1,Intermediate,inclusivity
train1,Intermediate,inconclusive
train1,Intermediate,inconsistencies
train1,Intermediate,incorporate
train1,Intermediate,incorporates
train1,Intermediate,incorporating
train1,Intermediate,increasing
train1,Intermediate,incurring
train1,Intermediate,indicate
train1,Intermediate,indicated
train1,Intermediate,indicating
train1,Intermediate,indicator
train1,Intermediate,inefficiencies
train1,Intermediate,inefficiency
train1,Intermediate,ineligible
train1,Intermediate,influence
train1,Intermediate,influenced
train1,Intermediate,influences
train1,Intermediate,influencing
train1,Intermediate,influential
train1,Intermediate,informing
train1,Intermediate,informs
train1,Intermediate,inherent
train1,Intermediate,initial
train1,Intermediate,initially
train1,Intermediate,initiating
train1,Intermediate,initiative
train1,Intermediate,initiatives
train1,Intermediate,innovation
train1,Intermediate,innovations
train1,Intermediate,innovative
train1,Intermediate,innovatively
train1,Intermediate,insights
train1,Intermediate,inspections
train1,Intermediate,intensifies
train1,Intermediate,intensifying
train1,Intermediate,interactivity
train1,Intermediate,interacts
train1,Intermediate,interconnectedness
train1,Intermediate,interdependencies
train1,Intermediate,interdisciplinary
train1,Intermediate,interplay
train1,Intermediate,interrelationships
train1,Intermediate,intertwined
train1,Intermediate,intragroup
train1,Intermediate,introduce
train1,Intermediate,introduces
train1,Intermediate,introducing
train1,Intermediate,investigates
train1,Intermediate,involving
train1,Intermediate,irregularities
train1,Intermediate,isolating
train1,Intermediate,items
train1,Intermediate,journeys
train1,Intermediate,key
train1,Intermediate,labeling
train1,Intermediate,lacked
train1,Intermediate,lacking
train1,Intermediate,lacks
train1,Intermediate,landscape
train1,Intermediate,laying
train1,Intermediate,lays
train1,Intermediate,leading
train1,Intermediate,learning
train1,Intermediate,leverage
train1,Intermediate,leveraged
train1,Intermediate,leverages
train1,Intermediate,leveraging
train1,Intermediate,lies
train1,Intermediate,like
train1,Intermediate,likelihood
train1,Intermediate,likes
train1,Intermediate,limitations
train1,Intermediate,link
train1,Intermediate,linked
train1,Intermediate,logistical
train1,Intermediate,lowering
train1,Intermediate,lowest
train1,Intermediate,maintain
train1,Intermediate,maintaining
train1,Intermediate,making
train1,Intermediate,malicious
train1,Intermediate,manages
train1,Intermediate,managing
train1,Intermediate,manifesting
train1,Intermediate,marginalised
train1,Intermediate,marginalized
train1,Intermediate,marking
train1,Intermediate,marks
train1,Intermediate,maximizing
train1,Intermediate,meeting
train1,Intermediate,memory
train1,Intermediate,method's
train1,Intermediate,meticulous
train1,Intermediate,middle
train1,Intermediate,mimicking
train1,Intermediate,mindset
train1,Intermediate,minimal
train1,Intermediate,minimising
train1,Intermediate,minimize
train1,Intermediate,minimizes
train1,Intermediate,minimizing
train1,Intermediate,mirroring
train1,Intermediate,misconceptions
train1,Intermediate,mitigate
train1,Intermediate,mitigated
train1,Intermediate,mitigates
train1,Intermediate,mitigating
train1,Intermediate,mitigation
train1,Intermediate,moderating
train1,Intermediate,modifications
train1,Intermediate,monitoring
train1,Intermediate,multifaceted
train1,Intermediate,multifunctionality
train1,Intermediate,narrowed
train1,Intermediate,natural
train1,Intermediate,navigate
train1,Intermediate,navigating
train1,Intermediate,necessitate
train1,Intermediate,necessitates
train1,Intermediate,necessitating
train1,Intermediate,necessity
train1,Intermediate,need
train1,Intermediate,neglecting
train1,Intermediate,neutrality
train1,Intermediate,notable
train1,Intermediate,notably
train1,Intermediate,novel
train1,Intermediate,nuanced
train1,Intermediate,observed
train1,Intermediate,offer
train1,Intermediate,offering
train1,Intermediate,offers
train1,Intermediate,often
train1,Intermediate,ongoing
train1,Intermediate,onset
train1,Intermediate,opening
train1,Intermediate,optima
train1,Intermediate,optimal
train1,Intermediate,optimise
train1,Intermediate,optimising
train1,Intermediate,optimize
train1,Intermediate,optimizer
train1,Intermediate,optimizes
train1,Intermediate,optimizing
train1,Intermediate,option
train1,Intermediate,orchestrating
train1,Intermediate,outcomes
train1,Intermediate,outdated
train1,Intermediate,outperformed
train1,Intermediate,outperforming
train1,Intermediate,outperforms
train1,Intermediate,over
train1,Intermediate,overcoming
train1,Intermediate,overfitting
train1,Intermediate,overlook
train1,Intermediate,overlooked
train1,Intermediate,overlooking
train1,Intermediate,overlooks
train1,Intermediate,packaging
train1,Intermediate,particularly
train1,Intermediate,paving
train1,Intermediate,peaking
train1,Intermediate,perceptions
train1,Intermediate,perpetuate
train1,Intermediate,persist
train1,Intermediate,personalised
train1,Intermediate,personalize
train1,Intermediate,personalizing
train1,Intermediate,perspectives
train1,Intermediate,pervasive
train1,Intermediate,pilots
train1,Intermediate,pinpointed
train1,Intermediate,pioneers
train1,Intermediate,pivotal
train1,Intermediate,playing
train1,Intermediate,poised
train1,Intermediate,policies
train1,Intermediate,policymakers
train1,Intermediate,portability
train1,Intermediate,portable
train1,Intermediate,pose
train1,Intermediate,posed
train1,Intermediate,poses
train1,Intermediate,posing
train1,Intermediate,posits
train1,Intermediate,potential
train1,Intermediate,potentially
train1,Intermediate,power
train1,Intermediate,powering
train1,Intermediate,practicality
train1,Intermediate,practices
train1,Intermediate,precise
train1,Intermediate,precisely
train1,Intermediate,precision
train1,Intermediate,predispositions
train1,Intermediate,preferences
train1,Intermediate,presenting
train1,Intermediate,presents
train1,Intermediate,prevalence
train1,Intermediate,prevalent
train1,Intermediate,prevention
train1,Intermediate,primarily
train1,Intermediate,printed
train1,Intermediate,prioritising
train1,Intermediate,prioritizing
train1,Intermediate,proactive
train1,Intermediate,proactively
train1,Intermediate,procedures
train1,Intermediate,processes
train1,Intermediate,productivity
train1,Intermediate,proficiency
train1,Intermediate,profoundly
train1,Intermediate,progress
train1,Intermediate,prolific
train1,Intermediate,prominence
train1,Intermediate,promise
train1,Intermediate,promising
train1,Intermediate,promote
train1,Intermediate,promoting
train1,Intermediate,prompt
train1,Intermediate,prompted
train1,Intermediate,prompting
train1,Intermediate,prompts
train1,Intermediate,pronged
train1,Intermediate,proposing
train1,Intermediate,proprietary
train1,Intermediate,providing
train1,Intermediate,public
train1,Intermediate,publication
train1,Intermediate,quality
train1,Intermediate,queries
train1,Intermediate,raises
train1,Intermediate,randomness
train1,Intermediate,ranging
train1,Intermediate,ranks
train1,Intermediate,rarity
train1,Intermediate,rating
train1,Intermediate,readability
train1,Intermediate,reality
train1,Intermediate,reassess
train1,Intermediate,recognizing
train1,Intermediate,recommendations
train1,Intermediate,reconstructing
train1,Intermediate,reduce
train1,Intermediate,reduces
train1,Intermediate,reducing
train1,Intermediate,reduction
train1,Intermediate,refine
train1,Intermediate,refining
train1,Intermediate,reforming
train1,Intermediate,registration
train1,Intermediate,regret
train1,Intermediate,reintegration
train1,Intermediate,rejuvenation
train1,Intermediate,relationships
train1,Intermediate,reliability
train1,Intermediate,rendering
train1,Intermediate,renowned
train1,Intermediate,replacing
train1,Intermediate,representativeness
train1,Intermediate,reprocessing
train1,Intermediate,resilience
train1,Intermediate,resources
train1,Intermediate,resulting
train1,Intermediate,resurgence
train1,Intermediate,reveal
train1,Intermediate,revealed
train1,Intermediate,revealing
train1,Intermediate,reveals
train1,Intermediate,revising
train1,Intermediate,revisits
train1,Intermediate,richness
train1,Intermediate,rise
train1,Intermediate,rises
train1,Intermediate,rising
train1,Intermediate,risking
train1,Intermediate,role
train1,Intermediate,roles
train1,Intermediate,rooted
train1,Intermediate,roundness
train1,Intermediate,safeguard
train1,Intermediate,safeguarding
train1,Intermediate,safer
train1,Intermediate,satisfaction
train1,Intermediate,scaffolded
train1,Intermediate,scarcity
train1,Intermediate,scenarios
train1,Intermediate,scholar
train1,Intermediate,seamless
train1,Intermediate,seamlessly
train1,Intermediate,search
train1,Intermediate,secure
train1,Intermediate,security
train1,Intermediate,seeks
train1,Intermediate,selecting
train1,Intermediate,serve
train1,Intermediate,serves
train1,Intermediate,serving
train1,Intermediate,sessions
train1,Intermediate,shaping
train1,Intermediate,sharing
train1,Intermediate,sharper
train1,Intermediate,showing
train1,Intermediate,significant
train1,Intermediate,significantly
train1,Intermediate,simplicity
train1,Intermediate,simplifies
train1,Intermediate,simplifying
train1,Intermediate,simulates
train1,Intermediate,skepticism
train1,Intermediate,smart
train1,Intermediate,smoothed
train1,Intermediate,smoother
train1,Intermediate,societal
train1,Intermediate,solely
train1,Intermediate,spaces
train1,Intermediate,spanned
train1,Intermediate,spans
train1,Intermediate,specifically
train1,Intermediate,spoke
train1,Intermediate,square
train1,Intermediate,squared
train1,Intermediate,stages
train1,Intermediate,staggered
train1,Intermediate,standardize
train1,Intermediate,standardizing
train1,Intermediate,stark
train1,Intermediate,stays
train1,Intermediate,stemmed
train1,Intermediate,stems
train1,Intermediate,storage
train1,Intermediate,strategic
train1,Intermediate,strategically
train1,Intermediate,strategies
train1,Intermediate,streamline
train1,Intermediate,streamlined
train1,Intermediate,streamlines
train1,Intermediate,streamlining
train1,Intermediate,strength
train1,Intermediate,strengths
train1,Intermediate,stricter
train1,Intermediate,stringent
train1,Intermediate,structures
train1,Intermediate,struggle
train1,Intermediate,struggled
train1,Intermediate,struggles
train1,Intermediate,studies
train1,Intermediate,study
train1,Intermediate,suboptimal
train1,Intermediate,subregion
train1,Intermediate,subregions
train1,Intermediate,subsequently
train1,Intermediate,substituting
train1,Intermediate,subthemes
train1,Intermediate,success
train1,Intermediate,succumbed
train1,Intermediate,suggesting
train1,Intermediate,suggests
train1,Intermediate,suitability
train1,Intermediate,superior
train1,Intermediate,superiority
train1,Intermediate,surged
train1,Intermediate,surpass
train1,Intermediate,surpassed
train1,Intermediate,surpasses
train1,Intermediate,surpassing
train1,Intermediate,surveys
train1,Intermediate,sustainability
train1,Intermediate,sustainable
train1,Intermediate,synergies
train1,Intermediate,synergize
train1,Intermediate,synergizing
train1,Intermediate,synthesising
train1,Intermediate,synthesizing
train1,Intermediate,system's
train1,Intermediate,tailored
train1,Intermediate,tailoring
train1,Intermediate,talent
train1,Intermediate,targeted
train1,Intermediate,targeting
train1,Intermediate,targets
train1,Intermediate,tasks
train1,Intermediate,technological
train1,Intermediate,tenfold
train1,Intermediate,textbook
train1,Intermediate,textual
train1,Intermediate,themes
train1,Intermediate,theoretical
train1,Intermediate,thereby
train1,Intermediate,though
train1,Intermediate,threat
train1,Intermediate,threats
train1,Intermediate,through
train1,Intermediate,tied
train1,Intermediate,timeframes
train1,Intermediate,timely
train1,Intermediate,tipping
train1,Intermediate,titled
train1,Intermediate,totaling
train1,Intermediate,traditional
train1,Intermediate,transdisciplinary
train1,Intermediate,transference
train1,Intermediate,transformations
train1,Intermediate,transformative
train1,Intermediate,transforming
train1,Intermediate,transitioned
train1,Intermediate,transitioning
train1,Intermediate,translatability
train1,Intermediate,traverse
train1,Intermediate,traversing
train1,Intermediate,trends
train1,Intermediate,triggering
train1,Intermediate,trueness
train1,Intermediate,typically
train1,Intermediate,ultimately
train1,Intermediate,umbrella
train1,Intermediate,uncover
train1,Intermediate,uncovered
train1,Intermediate,uncovering
train1,Intermediate,uncovers
train1,Intermediate,underexplored
train1,Intermediate,undergoes
train1,Intermediate,undergoing
train1,Intermediate,underlying
train1,Intermediate,underpinnings
train1,Intermediate,underreported
train1,Intermediate,underreporting
train1,Intermediate,underrepresentation
train1,Intermediate,underscore
train1,Intermediate,underscored
train1,Intermediate,underscores
train1,Intermediate,underscoring
train1,Intermediate,understudied
train1,Intermediate,underutilization
train1,Intermediate,underutilized
train1,Intermediate,underwent
train1,Intermediate,undescribed
train1,Intermediate,undocumented
train1,Intermediate,unexplored
train1,Intermediate,unfeasible
train1,Intermediate,unintentionally
train1,Intermediate,universality
train1,Intermediate,unlabeled
train1,Intermediate,unlike
train1,Intermediate,unlock
train1,Intermediate,unlocking
train1,Intermediate,unpredictability
train1,Intermediate,unresponsive
train1,Intermediate,unstructured
train1,Intermediate,unsuitable
train1,Intermediate,unsustainable
train1,Intermediate,untapped
train1,Intermediate,upgrades
train1,Intermediate,uphold
train1,Intermediate,upward
train1,Intermediate,urgency
train1,Intermediate,urgent
train1,Intermediate,user
train1,Intermediate,using
train1,Intermediate,utility
train1,Intermediate,utilizes
train1,Intermediate,validate
train1,Intermediate,validates
train1,Intermediate,validating
train1,Intermediate,validations
train1,Intermediate,valuable
train1,Intermediate,valued
train1,Intermediate,valuing
train1,Intermediate,variations
train1,Intermediate,varied
train1,Intermediate,varying
train1,Intermediate,vector
train1,Intermediate,verifying
train1,Intermediate,versatility
train1,Intermediate,viability
train1,Intermediate,viable
train1,Intermediate,vigilance
train1,Intermediate,vigilant
train1,Intermediate,vision
train1,Intermediate,warnings
train1,Intermediate,warranting
train1,Intermediate,weights
train1,Intermediate,while
train1,Intermediate,widespread
train1,Intermediate,workloads
train1,Intermediate,worsened
train1,Intermediate,worsening
train1,Intermediate,worsens
train1,Intermediate,writers
train1,Latest,abolishes
train1,Latest,absence
train1,Latest,absent
train1,Latest,absolute
train1,Latest,academic
train1,Latest,accelerate
train1,Latest,accelerated
train1,Latest,accelerates
train1,Latest,acceptability
train1,Latest,acceptable
train1,Latest,acceptance
train1,Latest,access
train1,Latest,accessible
train1,Latest,accommodates
train1,Latest,accommodations
train1,Latest,accompanied
train1,Latest,accordance
train1,Latest,accountability
train1,Latest,accounted
train1,Latest,accounting
train1,Latest,accumulating
train1,Latest,achieved
train1,Latest,achieves
train1,Latest,across
train1,Latest,actionability
train1,Latest,actionable
train1,Latest,active
train1,Latest,actively
train1,Latest,acts
train1,Latest,adaptation
train1,Latest,adapted
train1,Latest,adaptive
train1,Latest,adaptively
train1,Latest,additional
train1,Latest,additive
train1,Latest,adequacy
train1,Latest,adequately
train1,Latest,adjacent
train1,Latest,adjudicated
train1,Latest,adjudication
train1,Latest,adjusted
train1,Latest,adjustment
train1,Latest,administrative
train1,Latest,adopt
train1,Latest,adopts
train1,Latest,advances
train1,Latest,advocacy
train1,Latest,affording
train1,Latest,against
train1,Latest,agency
train1,Latest,agendas
train1,Latest,aggregate
train1,Latest,agnostic
train1,Latest,agreement
train1,Latest,aligned
train1,Latest,alignment
train1,Latest,alleviated
train1,Latest,alleviates
train1,Latest,alone
train1,Latest,alongside
train1,Latest,alter
train1,Latest,alterations
train1,Latest,altered
train1,Latest,alters
train1,Latest,although
train1,Latest,ambiguities
train1,Latest,ambiguity
train1,Latest,ambiguous
train1,Latest,among
train1,Latest,analysed
train1,Latest,analytics
train1,Latest,anchor
train1,Latest,anchors
train1,Latest,annotated
train1,Latest,annotations
train1,Latest,annualized
train1,Latest,anomaly
train1,Latest,anonymized
train1,Latest,anticipating
train1,Latest,anticipatory
train1,Latest,apparent
train1,Latest,applies
train1,Latest,appraisal
train1,Latest,appraised
train1,Latest,approaches
train1,Latest,approaching
train1,Latest,approximately
train1,Latest,argue
train1,Latest,argues
train1,Latest,arguing
train1,Latest,arise
train1,Latest,arises
train1,Latest,arising
train1,Latest,arm
train1,Latest,ascertainment
train1,Latest,assembles
train1,Latest,assemblies
train1,Latest,assessed
train1,Latest,assessment
train1,Latest,assigned
train1,Latest,assigns
train1,Latest,assisted
train1,Latest,associated
train1,Latest,association
train1,Latest,associations
train1,Latest,assumptions
train1,Latest,asynchronous
train1,Latest,attainment
train1,Latest,attains
train1,Latest,attitudinal
train1,Latest,attributable
train1,Latest,attribution
train1,Latest,atypical
train1,Latest,audiences
train1,Latest,auditable
train1,Latest,auditing
train1,Latest,audits
train1,Latest,augmentation
train1,Latest,authentic
train1,Latest,authoritative
train1,Latest,authority
train1,Latest,authorship
train1,Latest,automation
train1,Latest,autonomously
train1,Latest,auxiliary
train1,Latest,availability
train1,Latest,avid
train1,Latest,avoidance
train1,Latest,avoiding
train1,Latest,aware
train1,Latest,backdrop
train1,Latest,balance
train1,Latest,balanced
train1,Latest,balances
train1,Latest,barrier
train1,Latest,barriers
train1,Latest,base
train1,Latest,based
train1,Latest,baseline
train1,Latest,baselines
train1,Latest,basis
train1,Latest,behavioural
train1,Latest,below
train1,Latest,beneath
train1,Latest,benefit
train1,Latest,beyond
train1,Latest,bias
train1,Latest,biasing
train1,Latest,bidirectionally
train1,Latest,binary
train1,Latest,blueprint
train1,Latest,blur
train1,Latest,bottleneck
train1,Latest,bottlenecks
train1,Latest,boundaries
train1,Latest,boundary
train1,Latest,bounded
train1,Latest,bounding
train1,Latest,bounds
train1,Latest,branch
train1,Latest,bridge
train1,Latest,bridges
train1,Latest,bridging
train1,Latest,broad
train1,Latest,broadened
train1,Latest,broader
train1,Latest,broadest
train1,Latest,broadly
train1,Latest,building
train1,Latest,burden
train1,Latest,candidate
train1,Latest,candidates
train1,Latest,cannot
train1,Latest,capable
train1,Latest,capacity
train1,Latest,capture
train1,Latest,captured
train1,Latest,captures
train1,Latest,career
train1,Latest,cascading
train1,Latest,case
train1,Latest,categorical
train1,Latest,categories
train1,Latest,category
train1,Latest,causation
train1,Latest,caution
train1,Latest,cautious
train1,Latest,cautiously
train1,Latest,ceiling
train1,Latest,centered
train1,Latest,centering
train1,Latest,central
train1,Latest,centralized
train1,Latest,centred
train1,Latest,certainty
train1,Latest,characterise
train1,Latest,characterised
train1,Latest,characteristic
train1,Latest,characterization
train1,Latest,characterize
train1,Latest,characterized
train1,Latest,characterizes
train1,Latest,charted
train1,Latest,charting
train1,Latest,checklists
train1,Latest,checks
train1,Latest,circumventing
train1,Latest,circumvents
train1,Latest,claims
train1,Latest,clarifies
train1,Latest,clarify
train1,Latest,clarifying
train1,Latest,clarity
train1,Latest,classes
train1,Latest,classifications
train1,Latest,clear
train1,Latest,clearer
train1,Latest,clearest
train1,Latest,closed
train1,Latest,closure
train1,Latest,cluster
train1,Latest,clusters
train1,Latest,code
train1,Latest,codes
train1,Latest,coexist
train1,Latest,coexistence
train1,Latest,coexisting
train1,Latest,coexists
train1,Latest,coherence
train1,Latest,coherent
train1,Latest,coinciding
train1,Latest,collective
train1,Latest,collectively
train1,Latest,combinations
train1,Latest,combine
train1,Latest,combined
train1,Latest,combines
train1,Latest,commercial
train1,Latest,commitments
train1,Latest,community
train1,Latest,compact
train1,Latest,compactness
train1,Latest,comparability
train1,Latest,comparable
train1,Latest,comparative
train1,Latest,comparatively
train1,Latest,comparator
train1,Latest,comparators
train1,Latest,comparisons
train1,Latest,compatibility
train1,Latest,compatible
train1,Latest,compensation
train1,Latest,competence
train1,Latest,competencies
train1,Latest,competency
train1,Latest,competition
train1,Latest,competitive
train1,Latest,complement
train1,Latest,complementarity
train1,Latest,complementary
train1,Latest,complemented
train1,Latest,complementing
train1,Latest,complements
train1,Latest,complete
train1,Latest,completed
train1,Latest,completeness
train1,Latest,completion
train1,Latest,compliance
train1,Latest,compliant
train1,Latest,component
train1,Latest,components
train1,Latest,composition
train1,Latest,compounding
train1,Latest,compression
train1,Latest,compressive
train1,Latest,compromise
train1,Latest,compromises
train1,Latest,computation
train1,Latest,computed
train1,Latest,computes
train1,Latest,concentrated
train1,Latest,concept
train1,Latest,conceptual
train1,Latest,conceptualize
train1,Latest,conceptualized
train1,Latest,conceptualizes
train1,Latest,conceptualizing
train1,Latest,conceptually
train1,Latest,concurrent
train1,Latest,conditions
train1,Latest,conferred
train1,Latest,confers
train1,Latest,confidence
train1,Latest,configured
train1,Latest,confined
train1,Latest,confinement
train1,Latest,confirmation
train1,Latest,confirmed
train1,Latest,confirming
train1,Latest,confirms
train1,Latest,conflict
train1,Latest,confounder
train1,Latest,connect
train1,Latest,connecting
train1,Latest,connects
train1,Latest,consensus
train1,Latest,consequential
train1,Latest,considerations
train1,Latest,consistency
train1,Latest,consistent
train1,Latest,consistently
train1,Latest,consolidated
train1,Latest,consolidating
train1,Latest,constituents
train1,Latest,constitutes
train1,Latest,constrain
train1,Latest,constrained
train1,Latest,constraining
train1,Latest,constrains
train1,Latest,constraint
train1,Latest,constraints
train1,Latest,construct
train1,Latest,constructed
train1,Latest,construction
train1,Latest,contemporaneous
train1,Latest,contemporary
train1,Latest,contend
train1,Latest,contested
train1,Latest,context
train1,Latest,contexts
train1,Latest,contextual
train1,Latest,contextualize
train1,Latest,contextualized
train1,Latest,contextually
train1,Latest,continued
train1,Latest,continuity
train1,Latest,continuous
train1,Latest,contrast
train1,Latest,contrasting
train1,Latest,contrastive
train1,Latest,contrasts
train1,Latest,contribution
train1,Latest,contributor
train1,Latest,controllability
train1,Latest,controllable
train1,Latest,conventional
train1,Latest,converge
train1,Latest,converged
train1,Latest,convergence
train1,Latest,convergent
train1,Latest,converges
train1,Latest,converging
train1,Latest,conversational
train1,Latest,conversion
train1,Latest,converts
train1,Latest,cooperative
train1,Latest,cooperatively
train1,Latest,coordinate
train1,Latest,coordinated
train1,Latest,coordinates
train1,Latest,coordinating
train1,Latest,coordination
train1,Latest,coping
train1,Latest,core
train1,Latest,cornerstone
train1,Latest,corrected
train1,Latest,correction
train1,Latest,corrects
train1,Latest,correlational
train1,Latest,counterfactual
train1,Latest,counterintuitive
train1,Latest,coverage
train1,Latest,creates
train1,Latest,credibility
train1,Latest,credible
train1,Latest,criteria
train1,Latest,criterion
train1,Latest,critic
train1,Latest,critically
train1,Latest,crucially
train1,Latest,cumulative
train1,Latest,curated
train1,Latest,curation
train1,Latest,current
train1,Latest,cutoff
train1,Latest,cutoffs
train1,Latest,cycle
train1,Latest,cyclic
train1,Latest,cyclical
train1,Latest,dampening
train1,Latest,debriefing
train1,Latest,decentralized
train1,Latest,decision
train1,Latest,decisions
train1,Latest,declined
train1,Latest,declines
train1,Latest,declining
train1,Latest,decode
train1,Latest,decoding
train1,Latest,decomposes
train1,Latest,decomposition
train1,Latest,decouple
train1,Latest,decoupled
train1,Latest,decouples
train1,Latest,dedicated
train1,Latest,deductive
train1,Latest,deduplication
train1,Latest,deep
train1,Latest,deferred
train1,Latest,deficits
train1,Latest,define
train1,Latest,defined
train1,Latest,defines
train1,Latest,defining
train1,Latest,definitions
train1,Latest,definitive
train1,Latest,delayed
train1,Latest,delays
train1,Latest,deliberate
train1,Latest,deliberately
train1,Latest,delineate
train1,Latest,delineates
train1,Latest,delivered
train1,Latest,delivers
train1,Latest,delivery
train1,Latest,demand
train1,Latest,demanding
train1,Latest,demands
train1,Latest,demonstrate
train1,Latest,demonstrations
train1,Latest,denial
train1,Latest,denotes
train1,Latest,denser
train1,Latest,depend
train1,Latest,dependence
train1,Latest,dependencies
train1,Latest,dependency
train1,Latest,dependent
train1,Latest,depends
train1,Latest,depletes
train1,Latest,deployed
train1,Latest,deployments
train1,Latest,derivatives
train1,Latest,derive
train1,Latest,derived
train1,Latest,derives
train1,Latest,descriptive
train1,Latest,descriptively
train1,Latest,descriptor
train1,Latest,design
train1,Latest,designs
train1,Latest,destabilize
train1,Latest,destabilizes
train1,Latest,destructive
train1,Latest,detectability
train1,Latest,detectable
train1,Latest,detections
train1,Latest,deterioration
train1,Latest,determinant
train1,Latest,determinants
train1,Latest,developed
train1,Latest,develops
train1,Latest,deviations
train1,Latest,device
train1,Latest,dialogue
train1,Latest,dichotomy
train1,Latest,dictates
train1,Latest,differ
train1,Latest,differed
train1,Latest,differentiable
train1,Latest,differential
train1,Latest,differentiated
train1,Latest,digitally
train1,Latest,dignity
train1,Latest,dimension
train1,Latest,direct
train1,Latest,directed
train1,Latest,directional
train1,Latest,directionality
train1,Latest,directionally
train1,Latest,directly
train1,Latest,directs
train1,Latest,disaggregated
train1,Latest,disagreements
train1,Latest,disclosure
train1,Latest,disclosures
train1,Latest,disconnect
train1,Latest,disconnection
train1,Latest,discontinuations
train1,Latest,discontinuities
train1,Latest,discordance
train1,Latest,discovery
train1,Latest,discrete
train1,Latest,discussion
train1,Latest,disengagement
train1,Latest,disentangling
train1,Latest,disordered
train1,Latest,disorganization
train1,Latest,displacing
train1,Latest,disproportionate
train1,Latest,disproportionately
train1,Latest,disrupted
train1,Latest,disruption
train1,Latest,disrupts
train1,Latest,dissect
train1,Latest,dissecting
train1,Latest,dissemination
train1,Latest,distinct
train1,Latest,distinction
train1,Latest,distinctiveness
train1,Latest,distinguish
train1,Latest,distinguishes
train1,Latest,distort
train1,Latest,distortion
train1,Latest,distress
train1,Latest,distributed
train1,Latest,distributional
train1,Latest,distrust
train1,Latest,disturbance
train1,Latest,diverge
train1,Latest,divergence
train1,Latest,divergent
train1,Latest,diversification
train1,Latest,diversify
train1,Latest,documentation
train1,Latest,documented
train1,Latest,documents
train1,Latest,domain
train1,Latest,domains
train1,Latest,dominance
train1,Latest,dominant
train1,Latest,dominate
train1,Latest,dominated
train1,Latest,dominates
train1,Latest,drawing
train1,Latest,drift
train1,Latest,drifts
train1,Latest,drive
train1,Latest,driven
train1,Latest,driver
train1,Latest,drivers
train1,Latest,drives
train1,Latest,drove
train1,Latest,dual
train1,Latest,duality
train1,Latest,durability
train1,Latest,durable
train1,Latest,dynamic
train1,Latest,dynamically
train1,Latest,dynamics
train1,Latest,earlier
train1,Latest,early
train1,Latest,ecologically
train1,Latest,editing
train1,Latest,elaborates
train1,Latest,electronic
train1,Latest,elevates
train1,Latest,elevation
train1,Latest,eligible
train1,Latest,embed
train1,Latest,embeds
train1,Latest,embodied
train1,Latest,embodiment
train1,Latest,emerge
train1,Latest,emergence
train1,Latest,emerging
train1,Latest,emotion
train1,Latest,emotionally
train1,Latest,emphasis
train1,Latest,empirical
train1,Latest,empowerment
train1,Latest,emulation
train1,Latest,enable
train1,Latest,enabled
train1,Latest,enables
train1,Latest,enabling
train1,Latest,enacted
train1,Latest,encounters
train1,Latest,endowing
train1,Latest,enforce
train1,Latest,enforces
train1,Latest,enforcing
train1,Latest,engagement
train1,Latest,engages
train1,Latest,enlargement
train1,Latest,enlarging
train1,Latest,enriches
train1,Latest,enrolling
train1,Latest,entrenched
train1,Latest,entropy
train1,Latest,epistemic
train1,Latest,equation
train1,Latest,equitable
train1,Latest,equity
train1,Latest,equivalence
train1,Latest,eras
train1,Latest,error
train1,Latest,errors
train1,Latest,escalation
train1,Latest,escape
train1,Latest,establish
train1,Latest,established
train1,Latest,establishes
train1,Latest,establishing
train1,Latest,estimated
train1,Latest,estimates
train1,Latest,estimation
train1,Latest,ethically
train1,Latest,evaluable
train1,Latest,evaluate
train1,Latest,evaluated
train1,Latest,evaluation
train1,Latest,evaluative
train1,Latest,everyday
train1,Latest,evidence
train1,Latest,evidentiary
train1,Latest,evolve
train1,Latest,evolved
train1,Latest,examine
train1,Latest,examined
train1,Latest,exceeded
train1,Latest,exceedingly
train1,Latest,exceptionally
train1,Latest,exchange
train1,Latest,excluded
train1,Latest,excludes
train1,Latest,excluding
train1,Latest,exclusion
train1,Latest,exclusions
train1,Latest,exclusively
train1,Latest,execution
train1,Latest,exert
train1,Latest,exerts
train1,Latest,exhausted
train1,Latest,existential
train1,Latest,expand
train1,Latest,expanded
train1,Latest,expands
train1,Latest,expansion
train1,Latest,expectations
train1,Latest,experiential
train1,Latest,experimentally
train1,Latest,expert
train1,Latest,explainability
train1,Latest,explaining
train1,Latest,explanations
train1,Latest,explanatory
train1,Latest,explicit
train1,Latest,explicitly
train1,Latest,exploits
train1,Latest,exploratory
train1,Latest,exposes
train1,Latest,exposures
train1,Latest,extend
train1,Latest,extending
train1,Latest,extends
train1,Latest,extensible
train1,Latest,extension
train1,Latest,external
train1,Latest,externally
train1,Latest,extractable
train1,Latest,extreme
train1,Latest,factual
train1,Latest,fail
train1,Latest,fails
train1,Latest,failure
train1,Latest,failures
train1,Latest,fairness
train1,Latest,faithfully
train1,Latest,false
train1,Latest,favorable
train1,Latest,favored
train1,Latest,favoring
train1,Latest,favourable
train1,Latest,feasibility
train1,Latest,feasible
train1,Latest,feature
train1,Latest,features
train1,Latest,fidelity
train1,Latest,final
train1,Latest,finalized
train1,Latest,fine
train1,Latest,finer
train1,Latest,finite
train1,Latest,firmness
train1,Latest,fivefold
train1,Latest,fixed
train1,Latest,flagged
train1,Latest,flags
train1,Latest,flair
train1,Latest,flexible
train1,Latest,fluctuating
train1,Latest,follow
train1,Latest,followed
train1,Latest,footprint
train1,Latest,forecasts
train1,Latest,formal
train1,Latest,formation
train1,Latest,foundational
train1,Latest,foundations
train1,Latest,fragility
train1,Latest,fragmentation
train1,Latest,fragmented
train1,Latest,framed
train1,Latest,framework
train1,Latest,frameworks
train1,Latest,framing
train1,Latest,free
train1,Latest,frequent
train1,Latest,frequently
train1,Latest,frontier
train1,Latest,frontiers
train1,Latest,fulfillment
train1,Latest,full
train1,Latest,fully
train1,Latest,fundamental
train1,Latest,fundamentally
train1,Latest,gains
train1,Latest,gaps
train1,Latest,generalisability
train1,Latest,generalizable
train1,Latest,generalization
train1,Latest,generalized
train1,Latest,generalizes
train1,Latest,generally
train1,Latest,generate
train1,Latest,generated
train1,Latest,generates
train1,Latest,generating
train1,Latest,generation
train1,Latest,generational
train1,Latest,genuine
train1,Latest,govern
train1,Latest,governance
train1,Latest,governed
train1,Latest,governing
train1,Latest,governs
train1,Latest,grading
train1,Latest,granularity
train1,Latest,greater
train1,Latest,greatest
train1,Latest,grounded
train1,Latest,grounding
train1,Latest,guidance
train1,Latest,guide
train1,Latest,guided
train1,Latest,guideline
train1,Latest,guides
train1,Latest,hallmark
train1,Latest,handcrafted
train1,Latest,handling
train1,Latest,hardship
train1,Latest,harm
train1,Latest,harmonisation
train1,Latest,harmonised
train1,Latest,harmonization
train1,Latest,harmonized
train1,Latest,harmony
train1,Latest,heavily
train1,Latest,held
train1,Latest,heuristics
train1,Latest,hierarchies
train1,Latest,hierarchy
train1,Latest,high
train1,Latest,higher
train1,Latest,highly
train1,Latest,hindrance
train1,Latest,historical
train1,Latest,historically
train1,Latest,homogeneous
train1,Latest,horizons
train1,Latest,humility
train1,Latest,idealized
train1,Latest,identical
train1,Latest,identifiable
train1,Latest,identification
train1,Latest,identifier
train1,Latest,identifies
train1,Latest,identify
train1,Latest,identity
train1,Latest,illumination
train1,Latest,illustrates
train1,Latest,illustrative
train1,Latest,immediate
train1,Latest,immersive
train1,Latest,implementable
train1,Latest,implementation
train1,Latest,implicates
train1,Latest,implicating
train1,Latest,importantly
train1,Latest,impose
train1,Latest,imposes
train1,Latest,imprecise
train1,Latest,improved
train1,Latest,improvement
train1,Latest,improves
train1,Latest,inaccessible
train1,Latest,incidentally
train1,Latest,incomplete
train1,Latest,incompletely
train1,Latest,inconsistent
train1,Latest,inconsistently
train1,Latest,incorporated
train1,Latest,incorporation
train1,Latest,increasingly
train1,Latest,incremental
train1,Latest,independence
train1,Latest,independent
train1,Latest,independently
train1,Latest,index
train1,Latest,indicates
train1,Latest,indirect
train1,Latest,individual
train1,Latest,individualised
train1,Latest,inductive
train1,Latest,inefficient
train1,Latest,inequalities
train1,Latest,inequitable
train1,Latest,inequities
train1,Latest,infeasible
train1,Latest,inferential
train1,Latest,inflation
train1,Latest,inflection
train1,Latest,inform
train1,Latest,informal
train1,Latest,informational
train1,Latest,informative
train1,Latest,informed
train1,Latest,infrastructural
train1,Latest,infrastructures
train1,Latest,inherently
train1,Latest,initiated
train1,Latest,initiation
train1,Latest,injustice
train1,Latest,input
train1,Latest,inputs
train1,Latest,inspired
train1,Latest,instability
train1,Latest,instructional
train1,Latest,insufficient
train1,Latest,insufficiently
train1,Latest,integrate
train1,Latest,integrated
train1,Latest,integrates
train1,Latest,integrating
train1,Latest,integration
train1,Latest,integrative
train1,Latest,integrity
train1,Latest,intended
train1,Latest,intensified
train1,Latest,intensify
train1,Latest,intensity
train1,Latest,intensive
train1,Latest,intention
train1,Latest,intentionally
train1,Latest,interactive
train1,Latest,interannual
train1,Latest,interchangeable
train1,Latest,interconnected
train1,Latest,interdependent
train1,Latest,intergroup
train1,Latest,interindividual
train1,Latest,intermediate
train1,Latest,intermittent
train1,Latest,internal
train1,Latest,internally
train1,Latest,international
train1,Latest,interoperability
train1,Latest,interoperable
train1,Latest,interpersonal
train1,Latest,interpret
train1,Latest,interpretability
train1,Latest,interpretable
train1,Latest,interpretation
train1,Latest,interpretative
train1,Latest,interpreted
train1,Latest,interpreting
train1,Latest,interpretive
train1,Latest,interrelated
train1,Latest,interruptions
train1,Latest,intersect
train1,Latest,intersected
train1,Latest,intersecting
train1,Latest,intersection
train1,Latest,intrinsic
train1,Latest,intrinsically
train1,Latest,invariance
train1,Latest,investigational
train1,Latest,investment
train1,Latest,involvement
train1,Latest,irregular
train1,Latest,irreversible
train1,Latest,isolate
train1,Latest,iterations
train1,Latest,iterative
train1,Latest,iteratively
train1,Latest,joint
train1,Latest,jointly
train1,Latest,judgment
train1,Latest,keystone
train1,Latest,labels
train1,Latest,lagged
train1,Latest,landmark
train1,Latest,landscapes
train1,Latest,largely
train1,Latest,larger
train1,Latest,largest
train1,Latest,late
train1,Latest,layer
train1,Latest,layered
train1,Latest,layers
train1,Latest,layouts
train1,Latest,leadership
train1,Latest,learnable
train1,Latest,learner
train1,Latest,learners
train1,Latest,learns
train1,Latest,leave
train1,Latest,leaving
train1,Latest,left
train1,Latest,legacy
train1,Latest,legal
train1,Latest,legitimacy
train1,Latest,legitimate
train1,Latest,lens
train1,Latest,lever
train1,Latest,levers
train1,Latest,liabilities
train1,Latest,liability
train1,Latest,library
train1,Latest,lifecycle
train1,Latest,lifelong
train1,Latest,likeness
train1,Latest,limit
train1,Latest,limitation
train1,Latest,limited
train1,Latest,limiting
train1,Latest,limits
train1,Latest,linearity
train1,Latest,linguistic
train1,Latest,linguistically
train1,Latest,linking
train1,Latest,links
train1,Latest,load
train1,Latest,loading
train1,Latest,loadings
train1,Latest,local
train1,Latest,locally
train1,Latest,long
train1,Latest,longer
train1,Latest,longstanding
train1,Latest,losses
train1,Latest,low
train1,Latest,lower
train1,Latest,lowers
train1,Latest,magnitude
train1,Latest,maintained
train1,Latest,maintains
train1,Latest,major
train1,Latest,manageable
train1,Latest,managed
train1,Latest,mandates
train1,Latest,manifold
train1,Latest,mappings
train1,Latest,marginal
train1,Latest,marginalization
train1,Latest,margins
train1,Latest,marked
train1,Latest,markedly
train1,Latest,materially
train1,Latest,maturity
train1,Latest,maximizes
train1,Latest,meaningful
train1,Latest,meaningfully
train1,Latest,measurable
train1,Latest,median
train1,Latest,mentorship
train1,Latest,mere
train1,Latest,merely
train1,Latest,metadata
train1,Latest,methodologically
train1,Latest,mid
train1,Latest,mild
train1,Latest,mimic
train1,Latest,minimally
train1,Latest,misaligned
train1,Latest,misalignment
train1,Latest,misclassification
train1,Latest,misclassified
train1,Latest,misinterpretation
train1,Latest,mismatch
train1,Latest,mismatches
train1,Latest,missed
train1,Latest,missing
train1,Latest,missingness
train1,Latest,mistaken
train1,Latest,mistrust
train1,Latest,mixed
train1,Latest,mobilization
train1,Latest,modelling
train1,Latest,moderate
train1,Latest,moderated
train1,Latest,moderates
train1,Latest,moderation
train1,Latest,modern
train1,Latest,modernization
train1,Latest,modes
train1,Latest,modest
train1,Latest,modestly
train1,Latest,modifiable
train1,Latest,modification
train1,Latest,modified
train1,Latest,modifies
train1,Latest,modifying
train1,Latest,modularity
train1,Latest,momentary
train1,Latest,monotonic
train1,Latest,monotonically
train1,Latest,moral
train1,Latest,motivating
train1,Latest,motivation
train1,Latest,motivational
train1,Latest,multidimensional
train1,Latest,multidirectional
train1,Latest,multidisciplinary
train1,Latest,multidomain
train1,Latest,multifactorial
train1,Latest,multifunctional
train1,Latest,multilayer
train1,Latest,multilevel
train1,Latest,multilingual
train1,Latest,multiple
train1,Latest,multiplicative
train1,Latest,multiplicity
train1,Latest,multisectoral
train1,Latest,multisystem
train1,Latest,narrative
train1,Latest,narratively
train1,Latest,narratives
train1,Latest,narrow
train1,Latest,narrower
train1,Latest,narrowing
train1,Latest,narrowly
train1,Latest,narrows
train1,Latest,national
train1,Latest,nationwide
train1,Latest,navigated
train1,Latest,navigation
train1,Latest,near
train1,Latest,nearly
train1,Latest,negligible
train1,Latest,negotiated
train1,Latest,negotiation
train1,Latest,nested
train1,Latest,next
train1,Latest,niches
train1,Latest,node
train1,Latest,nodes
train1,Latest,nominal
train1,Latest,nominally
train1,Latest,nominate
train1,Latest,nominated
train1,Latest,normalisation
train1,Latest,normalised
train1,Latest,normality
train1,Latest,normalizing
train1,Latest,normative
train1,Latest,norms
train1,Latest,numerical
train1,Latest,objectivity
train1,Latest,obligations
train1,Latest,obscured
train1,Latest,obscures
train1,Latest,obscuring
train1,Latest,observables
train1,Latest,observations
train1,Latest,obstructing
train1,Latest,occupies
train1,Latest,occurred
train1,Latest,offsets
train1,Latest,omission
train1,Latest,onward
train1,Latest,open
train1,Latest,openly
train1,Latest,operate
train1,Latest,operates
train1,Latest,operating
train1,Latest,operational
train1,Latest,operationalization
train1,Latest,operationalize
train1,Latest,operationalized
train1,Latest,operationally
train1,Latest,operator
train1,Latest,opportunistic
train1,Latest,opportunities
train1,Latest,optimisation
train1,Latest,optimism
train1,Latest,optimization
train1,Latest,optimized
train1,Latest,optional
train1,Latest,orchestrate
train1,Latest,orchestrates
train1,Latest,orchestration
train1,Latest,ordered
train1,Latest,ordering
train1,Latest,ordinal
train1,Latest,organisational
train1,Latest,organization
train1,Latest,organizational
train1,Latest,organize
train1,Latest,organized
train1,Latest,organizes
train1,Latest,oriented
train1,Latest,originality
train1,Latest,originates
train1,Latest,outlier
train1,Latest,outline
train1,Latest,outlines
train1,Latest,outlining
train1,Latest,outperform
train1,Latest,output
train1,Latest,outputs
train1,Latest,overall
train1,Latest,overcome
train1,Latest,overcomes
train1,Latest,overhead
train1,Latest,overlap
train1,Latest,overlapping
train1,Latest,overload
train1,Latest,overreliance
train1,Latest,oversight
train1,Latest,overt
train1,Latest,packing
train1,Latest,panel
train1,Latest,panels
train1,Latest,panoramic
train1,Latest,paradigm
train1,Latest,paradigmatic
train1,Latest,paradigms
train1,Latest,paradox
train1,Latest,paradoxical
train1,Latest,paradoxically
train1,Latest,parallel
train1,Latest,paralleling
train1,Latest,parameters
train1,Latest,parsimonious
train1,Latest,partial
train1,Latest,partially
train1,Latest,participatory
train1,Latest,partitioned
train1,Latest,partitions
train1,Latest,passive
train1,Latest,path
train1,Latest,pattern
train1,Latest,patterns
train1,Latest,peak
train1,Latest,peaked
train1,Latest,penalized
train1,Latest,penalties
train1,Latest,pending
train1,Latest,perceived
train1,Latest,perception
train1,Latest,performance
train1,Latest,permissive
train1,Latest,perpetuating
train1,Latest,persisted
train1,Latest,persistence
train1,Latest,persistent
train1,Latest,persistently
train1,Latest,persists
train1,Latest,person
train1,Latest,personalization
train1,Latest,perspective
train1,Latest,perturbs
train1,Latest,phased
train1,Latest,phases
train1,Latest,philosophical
train1,Latest,piecewise
train1,Latest,pillars
train1,Latest,pitfall
train1,Latest,plateau
train1,Latest,plateaued
train1,Latest,plausibility
train1,Latest,plausible
train1,Latest,plausibly
train1,Latest,plus
train1,Latest,point
train1,Latest,points
train1,Latest,policy
train1,Latest,poor
train1,Latest,poorer
train1,Latest,poorly
train1,Latest,positional
train1,Latest,positioned
train1,Latest,positioning
train1,Latest,positions
train1,Latest,potency
train1,Latest,potent
train1,Latest,powerful
train1,Latest,practical
train1,Latest,practice
train1,Latest,pragmatic
train1,Latest,preclude
train1,Latest,precluded
train1,Latest,precludes
train1,Latest,precluding
train1,Latest,precursor
train1,Latest,predefined
train1,Latest,predictable
train1,Latest,prediction
train1,Latest,predominant
train1,Latest,predominantly
train1,Latest,predominated
train1,Latest,predominates
train1,Latest,predominating
train1,Latest,preferential
train1,Latest,preferentially
train1,Latest,preliminarily
train1,Latest,preliminary
train1,Latest,premium
train1,Latest,preparedness
train1,Latest,presentation
train1,Latest,preservation
train1,Latest,preserve
train1,Latest,preserved
train1,Latest,preserves
train1,Latest,preserving
train1,Latest,prespecified
train1,Latest,pressure
train1,Latest,pressures
train1,Latest,primary
train1,Latest,principal
train1,Latest,principled
train1,Latest,principles
train1,Latest,prior
train1,Latest,priorities
train1,Latest,prioritisation
train1,Latest,prioritise
train1,Latest,prioritised
train1,Latest,prioritization
train1,Latest,prioritize
train1,Latest,prioritized
train1,Latest,prioritizes
train1,Latest,priority
train1,Latest,priors
train1,Latest,pristine
train1,Latest,privileged
train1,Latest,probabilistic
train1,Latest,probability
train1,Latest,probing
train1,Latest,proceeds
train1,Latest,processed
train1,Latest,processing
train1,Latest,procurement
train1,Latest,produced
train1,Latest,produces
train1,Latest,producing
train1,Latest,product
train1,Latest,professionalism
train1,Latest,profiled
train1,Latest,profound
train1,Latest,programming
train1,Latest,progressed
train1,Latest,progressive
train1,Latest,progressively
train1,Latest,prohibitive
train1,Latest,projected
train1,Latest,projections
train1,Latest,prolonged
train1,Latest,prolongs
train1,Latest,promoted
train1,Latest,promotes
train1,Latest,pronounced
train1,Latest,proof
train1,Latest,propagates
train1,Latest,propagation
train1,Latest,proportionate
train1,Latest,propose
train1,Latest,proposes
train1,Latest,prospective
train1,Latest,protection
train1,Latest,protections
train1,Latest,protective
train1,Latest,protocol
train1,Latest,provenance
train1,Latest,provide
train1,Latest,provides
train1,Latest,provisional
train1,Latest,proxies
train1,Latest,proxy
train1,Latest,pruning
train1,Latest,publicly
train1,Latest,purely
train1,Latest,purposive
train1,Latest,purposively
train1,Latest,qualification
train1,Latest,qualitative
train1,Latest,raising
train1,Latest,ranges
train1,Latest,ranked
train1,Latest,rankings
train1,Latest,rapid
train1,Latest,rapidly
train1,Latest,rare
train1,Latest,rarely
train1,Latest,rather
train1,Latest,rational
train1,Latest,rationale
train1,Latest,rationally
train1,Latest,raw
train1,Latest,reached
train1,Latest,read
train1,Latest,readable
train1,Latest,readily
train1,Latest,readiness
train1,Latest,real
train1,Latest,realism
train1,Latest,realistic
train1,Latest,realities
train1,Latest,realizing
train1,Latest,reanalysis
train1,Latest,reanalyzed
train1,Latest,reappraisal
train1,Latest,reasoning
train1,Latest,reassessment
train1,Latest,reassurance
train1,Latest,rebalancing
train1,Latest,rebound
train1,Latest,recalibration
train1,Latest,recapitulated
train1,Latest,recapitulates
train1,Latest,recapitulating
train1,Latest,receiving
train1,Latest,recipients
train1,Latest,recognised
train1,Latest,recognising
train1,Latest,recognition
train1,Latest,recognized
train1,Latest,reconcile
train1,Latest,reconfigurable
train1,Latest,reconfiguration
train1,Latest,reconstructed
train1,Latest,reconstructive
train1,Latest,reconstructs
train1,Latest,recordings
train1,Latest,recoverable
train1,Latest,recovers
train1,Latest,recurring
train1,Latest,recursive
train1,Latest,redefine
train1,Latest,redefined
train1,Latest,redefines
train1,Latest,redefining
train1,Latest,redesign
train1,Latest,redirect
train1,Latest,redirected
train1,Latest,redirecting
train1,Latest,reduced
train1,Latest,reductions
train1,Latest,redundancy
train1,Latest,reference
train1,Latest,referencing
train1,Latest,refined
train1,Latest,refinement
train1,Latest,refinements
train1,Latest,refines
train1,Latest,reflect
train1,Latest,reflected
train1,Latest,reflecting
train1,Latest,reflective
train1,Latest,reflects
train1,Latest,reflexive
train1,Latest,reform
train1,Latest,reframe
train1,Latest,reframes
train1,Latest,reframing
train1,Latest,regarded
train1,Latest,regime
train1,Latest,regionally
train1,Latest,registered
train1,Latest,registry
train1,Latest,reinforce
train1,Latest,reinforced
train1,Latest,reinforcement
train1,Latest,reinforces
train1,Latest,reinforcing
train1,Latest,related
train1,Latest,relational
train1,Latest,relative
train1,Latest,relevance
train1,Latest,relevant
train1,Latest,reliable
train1,Latest,reliably
train1,Latest,reliance
train1,Latest,relied
train1,Latest,relies
train1,Latest,relieves
train1,Latest,rely
train1,Latest,relying
train1,Latest,remain
train1,Latest,remained
train1,Latest,remaining
train1,Latest,remains
train1,Latest,remodel
train1,Latest,remodeled
train1,Latest,remodels
train1,Latest,remote
train1,Latest,reorganization
train1,Latest,reorganize
train1,Latest,reorientation
train1,Latest,reparative
train1,Latest,repeat
train1,Latest,repeated
train1,Latest,repertoire
train1,Latest,replacement
train1,Latest,replaces
train1,Latest,replenishment
train1,Latest,replicable
train1,Latest,report
train1,Latest,reporting
train1,Latest,repositories
train1,Latest,represent
train1,Latest,representation
train1,Latest,representational
train1,Latest,representations
train1,Latest,representative
train1,Latest,representing
train1,Latest,represents
train1,Latest,reproduce
train1,Latest,reproduced
train1,Latest,reproduces
train1,Latest,reproducibility
train1,Latest,reproducible
train1,Latest,reprogram
train1,Latest,reprogrammed
train1,Latest,reprograms
train1,Latest,repurposing
train1,Latest,require
train1,Latest,required
train1,Latest,requirements
train1,Latest,requires
train1,Latest,requiring
train1,Latest,resamples
train1,Latest,reset
train1,Latest,reshape
train1,Latest,reshaped
train1,Latest,reshapes
train1,Latest,reshaping
train1,Latest,resilient
train1,Latest,resists
train1,Latest,resolution
train1,Latest,resolve
train1,Latest,resolved
train1,Latest,resolves
train1,Latest,resolving
train1,Latest,resource
train1,Latest,resourced
train1,Latest,respectful
train1,Latest,response
train1,Latest,responses
train1,Latest,responsibilities
train1,Latest,responsibility
train1,Latest,responsive
train1,Latest,responsiveness
train1,Latest,restoration
train1,Latest,restorative
train1,Latest,restore
train1,Latest,restored
train1,Latest,restores
train1,Latest,restoring
train1,Latest,restrains
train1,Latest,restrict
train1,Latest,restricted
train1,Latest,restricting
train1,Latest,restricts
train1,Latest,restructuring
train1,Latest,retain
train1,Latest,retained
train1,Latest,retaining
train1,Latest,retains
train1,Latest,retention
train1,Latest,retraining
train1,Latest,retrieval
train1,Latest,reusable
train1,Latest,reverses
train1,Latest,reversibility
train1,Latest,reversible
train1,Latest,review
train1,Latest,reviewer
train1,Latest,rich
train1,Latest,richer
train1,Latest,right
train1,Latest,rigid
train1,Latest,rigor
train1,Latest,rigorous
train1,Latest,rigorously
train1,Latest,rigour
train1,Latest,roadmap
train1,Latest,robust
train1,Latest,robustly
train1,Latest,robustness
train1,Latest,rollout
train1,Latest,root
train1,Latest,rose
train1,Latest,routes
train1,Latest,routine
train1,Latest,routinely
train1,Latest,routing
train1,Latest,rubric
train1,Latest,rule
train1,Latest,sacrificial
train1,Latest,safe
train1,Latest,safeguards
train1,Latest,saturation
train1,Latest,scalar
train1,Latest,scales
train1,Latest,scarce
train1,Latest,scenes
train1,Latest,scheduling
train1,Latest,scholarly
train1,Latest,scholarship
train1,Latest,scope
train1,Latest,score
train1,Latest,screened
train1,Latest,searched
train1,Latest,sectoral
train1,Latest,seeking
train1,Latest,segment
train1,Latest,segmentation
train1,Latest,selected
train1,Latest,selection
train1,Latest,selective
train1,Latest,selectively
train1,Latest,selectivity
train1,Latest,selects
train1,Latest,semantically
train1,Latest,semantics
train1,Latest,semi
train1,Latest,sentiment
train1,Latest,separability
train1,Latest,separable
train1,Latest,separates
train1,Latest,sequential
train1,Latest,sequentially
train1,Latest,served
train1,Latest,service
train1,Latest,session
train1,Latest,settings
train1,Latest,severe
train1,Latest,severely
train1,Latest,severity
train1,Latest,shape
train1,Latest,shaped
train1,Latest,shapes
train1,Latest,shared
train1,Latest,sharply
train1,Latest,sharpness
train1,Latest,she
train1,Latest,shielding
train1,Latest,shift
train1,Latest,shifted
train1,Latest,shifting
train1,Latest,shifts
train1,Latest,short
train1,Latest,shortages
train1,Latest,shortens
train1,Latest,shorter
train1,Latest,shot
train1,Latest,showed
train1,Latest,shrinkage
train1,Latest,signature
train1,Latest,similarity
train1,Latest,simplified
train1,Latest,simulated
train1,Latest,simultaneous
train1,Latest,simultaneously
train1,Latest,single
train1,Latest,sites
train1,Latest,situating
train1,Latest,skill
train1,Latest,slope
train1,Latest,sluggish
train1,Latest,smoothing
train1,Latest,smoothness
train1,Latest,snapshots
train1,Latest,social
train1,Latest,soft
train1,Latest,solidarity
train1,Latest,solver
train1,Latest,source
train1,Latest,sourcing
train1,Latest,space
train1,Latest,spanning
train1,Latest,sparsity
train1,Latest,specialization
train1,Latest,specific
train1,Latest,specified
train1,Latest,speculative
train1,Latest,spillover
train1,Latest,splits
train1,Latest,squares
train1,Latest,stabilisation
train1,Latest,stability
train1,Latest,stabilization
train1,Latest,stabilize
train1,Latest,stabilized
train1,Latest,stabilizes
train1,Latest,stabilizing
train1,Latest,stable
train1,Latest,stacking
train1,Latest,stagnation
train1,Latest,stakeholder
train1,Latest,stakes
train1,Latest,standard
train1,Latest,standardisation
train1,Latest,standardise
train1,Latest,standardised
train1,Latest,standardization
train1,Latest,standardized
train1,Latest,standards
train1,Latest,standing
train1,Latest,state
train1,Latest,states
train1,Latest,status
train1,Latest,steeper
train1,Latest,steepest
train1,Latest,steering
train1,Latest,storytelling
train1,Latest,strain
train1,Latest,strategy
train1,Latest,stratifies
train1,Latest,strengthen
train1,Latest,strengthened
train1,Latest,strengthening
train1,Latest,strengthens
train1,Latest,strict
train1,Latest,strictly
train1,Latest,strong
train1,Latest,stronger
train1,Latest,strongest
train1,Latest,strongly
train1,Latest,structural
train1,Latest,structurally
train1,Latest,structure
train1,Latest,structured
train1,Latest,subjective
train1,Latest,subjectivity
train1,Latest,submission
train1,Latest,submissions
train1,Latest,subnational
train1,Latest,subsequent
train1,Latest,subset
train1,Latest,subsets
train1,Latest,substantial
train1,Latest,substantially
train1,Latest,subtle
train1,Latest,suffer
train1,Latest,suggest
train1,Latest,suggestive
train1,Latest,summaries
train1,Latest,summarises
train1,Latest,summarizes
train1,Latest,supervisory
train1,Latest,supply
train1,Latest,support
train1,Latest,supported
train1,Latest,supporting
train1,Latest,supportive
train1,Latest,supports
train1,Latest,surges
train1,Latest,suspicion
train1,Latest,sustain
train1,Latest,sustained
train1,Latest,sustaining
train1,Latest,sustains
train1,Latest,symbolic
train1,Latest,symmetric
train1,Latest,symmetry
train1,Latest,synchronize
train1,Latest,synergistic
train1,Latest,synergistically
train1,Latest,synergized
train1,Latest,synergizes
train1,Latest,synergy
train1,Latest,synthesis
train1,Latest,synthesise
train1,Latest,synthesised
train1,Latest,synthesises
train1,Latest,synthesize
train1,Latest,synthesized
train1,Latest,synthesizes
train1,Latest,synthetic
train1,Latest,system
train1,Latest,systematic
train1,Latest,systematically
train1,Latest,tabular
train1,Latest,tactical
train1,Latest,target
train1,Latest,task
train1,Latest,teams
train1,Latest,technical
train1,Latest,technically
train1,Latest,temporal
train1,Latest,temporally
train1,Latest,temporary
train1,Latest,tensions
train1,Latest,terminology
train1,Latest,testable
train1,Latest,text
train1,Latest,texture
train1,Latest,thematic
train1,Latest,thematically
train1,Latest,theory
train1,Latest,thoughtful
train1,Latest,threaten
train1,Latest,threatening
train1,Latest,threatens
train1,Latest,throughput
train1,Latest,tiered
train1,Latest,tiers
train1,Latest,tighter
train1,Latest,timelines
train1,Latest,timeliness
train1,Latest,timepoints
train1,Latest,together
train1,Latest,toolkit
train1,Latest,toward
train1,Latest,trace
train1,Latest,traceability
train1,Latest,traceable
train1,Latest,tractable
train1,Latest,traditionally
train1,Latest,traditions
train1,Latest,trainable
train1,Latest,trained
train1,Latest,trait
train1,Latest,trajectories
train1,Latest,trajectory
train1,Latest,transcend
train1,Latest,transfer
train1,Latest,transferability
train1,Latest,transferable
train1,Latest,transformation
train1,Latest,transformed
train1,Latest,transforms
train1,Latest,transient
train1,Latest,transition
train1,Latest,transitions
train1,Latest,translatable
train1,Latest,translate
train1,Latest,translates
train1,Latest,translating
train1,Latest,translation
train1,Latest,translationally
train1,Latest,transparency
train1,Latest,transparent
train1,Latest,trigger
train1,Latest,triggered
train1,Latest,triggers
train1,Latest,triple
train1,Latest,trusted
train1,Latest,trustworthiness
train1,Latest,trustworthy
train1,Latest,truth
train1,Latest,tunability
train1,Latest,tuned
train1,Latest,tunes
train1,Latest,turnaround
train1,Latest,unaddressed
train1,Latest,unavailable
train1,Latest,uncertain
train1,Latest,uncertainty
train1,Latest,unchanged
train1,Latest,uncharacterized
train1,Latest,unclear
train1,Latest,uncommon
train1,Latest,unconstrained
train1,Latest,uncontrolled
train1,Latest,undefined
train1,Latest,under
train1,Latest,underappreciated
train1,Latest,underdeveloped
train1,Latest,undermine
train1,Latest,undermined
train1,Latest,undermines
train1,Latest,undermining
train1,Latest,underpins
train1,Latest,underpowered
train1,Latest,underrecognized
train1,Latest,underrepresented
train1,Latest,understood
train1,Latest,underused
train1,Latest,unequal
train1,Latest,uneven
train1,Latest,unevenly
train1,Latest,uneventful
train1,Latest,unexplained
train1,Latest,unfolds
train1,Latest,unified
train1,Latest,unifies
train1,Latest,uniform
train1,Latest,uniformly
train1,Latest,unify
train1,Latest,unifying
train1,Latest,uniquely
train1,Latest,unity
train1,Latest,universal
train1,Latest,universally
train1,Latest,unlabelled
train1,Latest,unmeasured
train1,Latest,unmet
train1,Latest,unnecessary
train1,Latest,unproven
train1,Latest,unrecognized
train1,Latest,unreliable
train1,Latest,unremarkable
train1,Latest,unresolved
train1,Latest,unseen
train1,Latest,unstable
train1,Latest,unsupported
train1,Latest,untested
train1,Latest,updated
train1,Latest,updates
train1,Latest,upgrading
train1,Latest,upper
train1,Latest,uptake
train1,Latest,usability
train1,Latest,validated
train1,Latest,validation
train1,Latest,validity
train1,Latest,value
train1,Latest,variability
train1,Latest,variable
train1,Latest,variant
train1,Latest,variants
train1,Latest,variation
train1,Latest,varies
train1,Latest,vary
train1,Latest,verifiable
train1,Latest,verification
train1,Latest,versatile
train1,Latest,versus
train1,Latest,via
train1,Latest,vicious
train1,Latest,viewed
train1,Latest,vigor
train1,Latest,virtual
train1,Latest,visibility
train1,Latest,visible
train1,Latest,visualizations
train1,Latest,volatile
train1,Latest,volatility
train1,Latest,voting
train1,Latest,vulnerabilities
train1,Latest,vulnerability
train1,Latest,vulnerable
train1,Latest,warning
train1,Latest,warrant
train1,Latest,warranted
train1,Latest,warrants
train1,Latest,weak
train1,Latest,weaken
train1,Latest,weakened
train1,Latest,weakening
train1,Latest,weakens
train1,Latest,weaker
train1,Latest,weakest
train1,Latest,weakness
train1,Latest,weekly
train1,Latest,whereas
train1,Latest,whether
train1,Latest,whose
train1,Latest,widely
train1,Latest,widening
train1,Latest,willingness
train1,Latest,wise
train1,Latest,within
train1,Latest,without
train1,Latest,wonder
train1,Latest,work
train1,Latest,workload
train1,Latest,world
train1,Latest,year
train1,Latest,yet
train1,Latest,yield
train1,Latest,yielded
train1,Latest,yielding
train1,Latest,yields
full,Early,abilities
full,Early,ability
full,Early,above
full,Early,abundant
full,Early,according
full,Early,accurately
full,Early,achieve
full,Early,acknowledges
full,Early,action
full,Early,added
full,Early,adding
full,Early,addition
full,Early,additionally
full,Early,adept
full,Early,adhering
full,Early,adopted
full,Early,advantages
full,Early,affect
full,Early,affecting
full,Early,affects
full,Early,affirm
full,Early,affirmed
full,Early,aid
full,Early,aiding
full,Early,aids
full,Early,aims
full,Early,akin
full,Early,alleviate
full,Early,amalgamation
full,Early,amidst
full,Early,analyze
full,Early,annotating
full,Early,anticipated
full,Early,application
full,Early,applying
full,Early,area
full,Early,areas
full,Early,art
full,Early,aspect
full,Early,aspects
full,Early,assembled
full,Early,assist
full,Early,assistance
full,Early,attention
full,Early,attracted
full,Early,attributed
full,Early,attributes
full,Early,attributing
full,Early,augmenting
full,Early,automatic
full,Early,avenue
full,Early,average
full,Early,averting
full,Early,awards
full,Early,because
full,Early,become
full,Early,becoming
full,Early,behind
full,Early,beneficial
full,Early,benefiting
full,Early,best
full,Early,better
full,Early,boasts
full,Early,bolster
full,Early,bolstered
full,Early,bolstering
full,Early,boost
full,Early,build
full,Early,built
full,Early,burgeoning
full,Early,called
full,Early,capitalizing
full,Early,cater
full,Early,cause
full,Early,caused
full,Early,causes
full,Early,causing
full,Early,certain
full,Early,changed
full,Early,changes
full,Early,characteristics
full,Early,chief
full,Early,classify
full,Early,coefficient
full,Early,collect
full,Early,collected
full,Early,collection
full,Early,combat
full,Early,combating
full,Early,commendable
full,Early,common
full,Early,commonly
full,Early,complexities
full,Early,comprehend
full,Early,comprehending
full,Early,comprehension
full,Early,comprised
full,Early,concerning
full,Early,concludes
full,Early,condition
full,Early,conducive
full,Early,conduct
full,Early,conducting
full,Early,conjunction
full,Early,connection
full,Early,connections
full,Early,consequently
full,Early,consider
full,Early,considerable
full,Early,considering
full,Early,constructed
full,Early,consuming
full,Early,consumption
full,Early,contains
full,Early,content
full,Early,contentious
full,Early,contents
full,Early,contributed
full,Early,correlation
full,Early,countering
full,Early,counterparts
full,Early,crafted
full,Early,crafting
full,Early,create
full,Early,created
full,Early,creation
full,Early,crucial
full,Early,curbing
full,Early,customize
full,Early,customized
full,Early,customizing
full,Early,cutting
full,Early,database
full,Early,databases
full,Early,decades
full,Early,decided
full,Early,deemed
full,Early,degrees
full,Early,delve
full,Early,delved
full,Early,delves
full,Early,delving
full,Early,dependable
full,Early,depth
full,Early,detailed
full,Early,details
full,Early,determining
full,Early,detrimental
full,Early,develop
full,Early,developing
full,Early,development
full,Early,deviating
full,Early,devices
full,Early,devising
full,Early,different
full,Early,differentially
full,Early,difficult
full,Early,difficulties
full,Early,digitization
full,Early,direction
full,Early,disagree
full,Early,discern
full,Early,discerned
full,Early,discernible
full,Early,discerning
full,Early,discovered
full,Early,discussed
full,Early,discussing
full,Early,displayed
full,Early,displaying
full,Early,diversifying
full,Early,divided
full,Early,due
full,Early,ease
full,Early,economic
full,Early,effect
full,Early,efficiently
full,Early,efforts
full,Early,element
full,Early,elements
full,Early,elucidated
full,Early,elusive
full,Early,embracing
full,Early,emotions
full,Early,employing
full,Early,encompass
full,Early,encompassed
full,Early,encompasses
full,Early,encountered
full,Early,encountering
full,Early,endangers
full,Early,endeavor
full,Early,endeavors
full,Early,endeavours
full,Early,endows
full,Early,environment
full,Early,especially
full,Early,examination
full,Early,excel
full,Early,expansive
full,Early,expedite
full,Early,expediting
full,Early,experienced
full,Early,experiencing
full,Early,experts
full,Early,exploration
full,Early,explore
full,Early,explored
full,Early,exploring
full,Early,extensively
full,Early,extract
full,Early,extracting
full,Early,extremely
full,Early,faced
full,Early,factors
full,Early,field
full,Early,fields
full,Early,finally
full,Early,find
full,Early,focuses
full,Early,forbidden
full,Early,formulating
full,Early,forthcoming
full,Early,friendliness
full,Early,functions
full,Early,furnish
full,Early,furthermore
full,Early,gain
full,Early,gained
full,Early,gaining
full,Early,garnering
full,Early,gathered
full,Early,gauged
full,Early,goals
full,Early,good
full,Early,gradually
full,Early,grappling
full,Early,great
full,Early,greatly
full,Early,groundbreaking
full,Early,group's
full,Early,groups
full,Early,guaranteeing
full,Early,habits
full,Early,harmful
full,Early,harmonious
full,Early,harnessing
full,Early,heavy
full,Early,help
full,Early,helpful
full,Early,helping
full,Early,helps
full,Early,hence
full,Early,her
full,Early,herein
full,Early,hesitancy
full,Early,hesitant
full,Early,hinting
full,Early,history
full,Early,holds
full,Early,holistically
full,Early,hoping
full,Early,hot
full,Early,however
full,Early,ideal
full,Early,ideas
full,Early,illuminates
full,Early,illuminating
full,Early,immense
full,Early,impact
full,Early,impacted
full,Early,impacting
full,Early,impacts
full,Early,impedes
full,Early,impeding
full,Early,imperative
full,Early,implementing
full,Early,impressive
full,Early,impressively
full,Early,includes
full,Early,information
full,Early,inquiries
full,Early,insightful
full,Early,inspiration
full,Early,inspire
full,Early,inspiring
full,Early,instance
full,Early,instances
full,Early,instrumental
full,Early,interconnection
full,Early,interest
full,Early,intricacies
full,Early,intricate
full,Early,intricately
full,Early,intriguing
full,Early,introduced
full,Early,investigate
full,Early,investigating
full,Early,investigation
full,Early,investigations
full,Early,involve
full,Early,involves
full,Early,irreplaceable
full,Early,issue
full,Early,issues
full,Early,journey
full,Early,knowledge
full,Early,lack
full,Early,lastly
full,Early,latest
full,Early,layers
full,Early,lead
full,Early,leads
full,Early,leap
full,Early,learn
full,Early,learnings
full,Early,led
full,Early,level
full,Early,literature
full,Early,main
full,Early,mainly
full,Early,make
full,Early,makes
full,Early,manage
full,Early,manifests
full,Early,material
full,Early,materials
full,Early,meanwhile
full,Early,mechanism
full,Early,meet
full,Early,methodology
full,Early,meticulously
full,Early,moreover
full,Early,must
full,Early,myths
full,Early,namely
full,Early,nature
full,Early,necessary
full,Early,necessitated
full,Early,needed
full,Early,needs
full,Early,negatively
full,Early,nevertheless
full,Early,new
full,Early,nonetheless
full,Early,noted
full,Early,noteworthy
full,Early,notice
full,Early,noticeable
full,Early,noting
full,Early,nuances
full,Early,numerous
full,Early,nurturing
full,Early,obstacles
full,Early,obtain
full,Early,obtaining
full,Early,occurrence
full,Early,operation
full,Early,oppression
full,Early,opting
full,Early,options
full,Early,organizations
full,Early,original
full,Early,originating
full,Early,out
full,Early,outstanding
full,Early,overview
full,Early,owing
full,Early,package
full,Early,paper
full,Early,paramount
full,Early,parties
full,Early,pave
full,Early,paves
full,Early,people
full,Early,perform
full,Early,performances
full,Early,pertinent
full,Early,phenomenon
full,Early,pinpoint
full,Early,pinpointing
full,Early,pioneered
full,Early,pioneering
full,Early,plans
full,Early,play
full,Early,plays
full,Early,popular
full,Early,popularity
full,Early,popularization
full,Early,positively
full,Early,possess
full,Early,possibilities
full,Early,predict
full,Early,predicting
full,Early,preferred
full,Early,prepare
full,Early,prepared
full,Early,pressing
full,Early,prevent
full,Early,probability
full,Early,problem
full,Early,problems
full,Early,process
full,Early,produce
full,Early,production
full,Early,products
full,Early,professionals
full,Early,project
full,Early,project's
full,Early,prominent
full,Early,promptly
full,Early,prone
full,Early,propel
full,Early,propelling
full,Early,properties
full,Early,proposed
full,Early,prospects
full,Early,proven
full,Early,proves
full,Early,provided
full,Early,publications
full,Early,pursuit
full,Early,raw
full,Early,reach
full,Early,reaction
full,Early,reactions
full,Early,realize
full,Early,realizes
full,Early,realm
full,Early,realms
full,Early,recent
full,Early,record
full,Early,rectify
full,Early,reevaluation
full,Early,references
full,Early,regarding
full,Early,regulate
full,Early,regulating
full,Early,relationship
full,Early,remarkable
full,Early,remediating
full,Early,removing
full,Early,renowned
full,Early,repercussions
full,Early,research
full,Early,researchers
full,Early,researching
full,Early,respond
full,Early,reusing
full,Early,revolutionary
full,Early,revolutionizing
full,Early,satisfactory
full,Early,scientific
full,Early,screen
full,Early,scrutinize
full,Early,scrutinized
full,Early,scrutinizing
full,Early,sector
full,Early,segmenting
full,Early,sentiments
full,Early,serious
full,Early,seriously
full,Early,set
full,Early,shed
full,Early,shedding
full,Early,sheds
full,Early,showcase
full,Early,showcased
full,Early,showcases
full,Early,showcasing
full,Early,shows
full,Early,significance
full,Early,signifies
full,Early,signify
full,Early,signifying
full,Early,simulate
full,Early,simulation
full,Early,skills
full,Early,software
full,Early,solution
full,Early,solutions
full,Early,solve
full,Early,solves
full,Early,sources
full,Early,sparked
full,Early,specializing
full,Early,specifics
full,Early,speed
full,Early,spurred
full,Early,stakeholders
full,Early,stands
full,Early,stemming
full,Early,still
full,Early,stood
full,Early,straightforward
full,Early,strides
full,Early,studying
full,Early,subjected
full,Early,substantiated
full,Early,successful
full,Early,successfully
full,Early,suitable
full,Early,summarize
full,Early,summarized
full,Early,summary
full,Early,supply
full,Early,supreme
full,Early,surface
full,Early,surrounding
full,Early,survey
full,Early,sustainably
full,Early,swift
full,Early,swiftly
full,Early,tackle
full,Early,team
full,Early,technology
full,Early,terms
full,Early,therefore
full,Early,third
full,Early,thorough
full,Early,thoroughly
full,Early,thriving
full,Early,thus
full,Early,top
full,Early,topic
full,Early,topics
full,Early,total
full,Early,train
full,Early,transform
full,Early,trend
full,Early,types
full,Early,undergo
full,Early,underlining
full,Early,understand
full,Early,understanding
full,Early,unique
full,Early,unparalleled
full,Early,unraveling
full,Early,unravelling
full,Early,unveil
full,Early,unveiled
full,Early,unveiling
full,Early,unveils
full,Early,urging
full,Early,usage
full,Early,used
full,Early,uses
full,Early,utilises
full,Early,utilization
full,Early,utilize
full,Early,utilized
full,Early,utilizes
full,Early,utilizing
full,Early,values
full,Early,variables
full,Early,varieties
full,Early,various
full,Early,verified
full,Early,verifies
full,Early,verify
full,Early,version
full,Early,vital
full,Early,waning
full,Early,way
full,Early,ways
full,Early,wide
full,Early,worldwide
full,Intermediate,accelerating
full,Intermediate,accessibility
full,Intermediate,accessing
full,Intermediate,accommodating
full,Intermediate,accuracy
full,Intermediate,accurate
full,Intermediate,achieving
full,Intermediate,acknowledging
full,Intermediate,adapt
full,Intermediate,adaptability
full,Intermediate,adaptable
full,Intermediate,adaptations
full,Intermediate,adapts
full,Intermediate,address
full,Intermediate,addresses
full,Intermediate,addressing
full,Intermediate,adhered
full,Intermediate,adheres
full,Intermediate,adjusting
full,Intermediate,adjustments
full,Intermediate,adjusts
full,Intermediate,adopting
full,Intermediate,adoption
full,Intermediate,advance
full,Intermediate,advanced
full,Intermediate,advancement
full,Intermediate,advancements
full,Intermediate,advancing
full,Intermediate,adverse
full,Intermediate,advocate
full,Intermediate,advocates
full,Intermediate,advocating
full,Intermediate,aesthetic
full,Intermediate,affirming
full,Intermediate,affordability
full,Intermediate,aimed
full,Intermediate,aiming
full,Intermediate,alarmingly
full,Intermediate,align
full,Intermediate,aligning
full,Intermediate,aligns
full,Intermediate,alleviating
full,Intermediate,allowing
full,Intermediate,along
full,Intermediate,altering
full,Intermediate,alternative
full,Intermediate,alternatives
full,Intermediate,amid
full,Intermediate,analytics
full,Intermediate,analyzes
full,Intermediate,annually
full,Intermediate,anomalies
full,Intermediate,applicability
full,Intermediate,applications
full,Intermediate,approach
full,Intermediate,approval
full,Intermediate,artificial
full,Intermediate,assess
full,Intermediate,assesses
full,Intermediate,assessing
full,Intermediate,assessments
full,Intermediate,attitudes
full,Intermediate,augmented
full,Intermediate,authored
full,Intermediate,automate
full,Intermediate,automates
full,Intermediate,automating
full,Intermediate,avenues
full,Intermediate,awareness
full,Intermediate,backgrounds
full,Intermediate,balancing
full,Intermediate,behaviors
full,Intermediate,benefits
full,Intermediate,biases
full,Intermediate,boosts
full,Intermediate,breaches
full,Intermediate,breakthroughs
full,Intermediate,broadening
full,Intermediate,broadens
full,Intermediate,burdens
full,Intermediate,capabilities
full,Intermediate,capability
full,Intermediate,capturing
full,Intermediate,cases
full,Intermediate,catalog
full,Intermediate,categorized
full,Intermediate,categorizes
full,Intermediate,categorizing
full,Intermediate,causally
full,Intermediate,challenge
full,Intermediate,challenges
full,Intermediate,challenging
full,Intermediate,checklist
full,Intermediate,circumventing
full,Intermediate,citing
full,Intermediate,classifies
full,Intermediate,classifying
full,Intermediate,closely
full,Intermediate,cohesive
full,Intermediate,cohesiveness
full,Intermediate,collaboration
full,Intermediate,collaborations
full,Intermediate,collaborative
full,Intermediate,collaboratively
full,Intermediate,combining
full,Intermediate,comfort
full,Intermediate,communities
full,Intermediate,compares
full,Intermediate,compelling
full,Intermediate,compensates
full,Intermediate,competitiveness
full,Intermediate,compiles
full,Intermediate,complex
full,Intermediate,complexity
full,Intermediate,complicate
full,Intermediate,complicates
full,Intermediate,complicating
full,Intermediate,compounded
full,Intermediate,comprehensibility
full,Intermediate,comprehensive
full,Intermediate,comprehensively
full,Intermediate,comprehensiveness
full,Intermediate,comprises
full,Intermediate,comprising
full,Intermediate,compromised
full,Intermediate,compromising
full,Intermediate,computing
full,Intermediate,concern
full,Intermediate,concerns
full,Intermediate,conducted
full,Intermediate,conducts
full,Intermediate,confirm
full,Intermediate,consolidate
full,Intermediate,consolidates
full,Intermediate,consolidating
full,Intermediate,constructing
full,Intermediate,consumer
full,Intermediate,continues
full,Intermediate,contribute
full,Intermediate,contributes
full,Intermediate,contributing
full,Intermediate,convenience
full,Intermediate,conversely
full,Intermediate,cost
full,Intermediate,covering
full,Intermediate,creating
full,Intermediate,creativity
full,Intermediate,critical
full,Intermediate,culminating
full,Intermediate,cultivate
full,Intermediate,cultivating
full,Intermediate,curve
full,Intermediate,curves
full,Intermediate,custom
full,Intermediate,customizable
full,Intermediate,customization
full,Intermediate,cycles
full,Intermediate,damage
full,Intermediate,data
full,Intermediate,dataset
full,Intermediate,decline
full,Intermediate,deductively
full,Intermediate,deep
full,Intermediate,deepen
full,Intermediate,deepened
full,Intermediate,deepening
full,Intermediate,deepens
full,Intermediate,deeper
full,Intermediate,delineating
full,Intermediate,delivering
full,Intermediate,demonstrated
full,Intermediate,demonstrates
full,Intermediate,demonstrating
full,Intermediate,deploying
full,Intermediate,designed
full,Intermediate,designing
full,Intermediate,despite
full,Intermediate,detailing
full,Intermediate,differences
full,Intermediate,differentiating
full,Intermediate,dimensionality
full,Intermediate,diminished
full,Intermediate,diminishes
full,Intermediate,diminishing
full,Intermediate,directions
full,Intermediate,discomfort
full,Intermediate,discrepancies
full,Intermediate,discusses
full,Intermediate,discussions
full,Intermediate,disparities
full,Intermediate,disproportionality
full,Intermediate,disrupt
full,Intermediate,disrupting
full,Intermediate,disruptions
full,Intermediate,distinctions
full,Intermediate,distinctive
full,Intermediate,distinguishing
full,Intermediate,diverse
full,Intermediate,diversity
full,Intermediate,driving
full,Intermediate,duration
full,Intermediate,education
full,Intermediate,effective
full,Intermediate,effectively
full,Intermediate,effectiveness
full,Intermediate,effects
full,Intermediate,efficacy
full,Intermediate,efficiency
full,Intermediate,efficient
full,Intermediate,elevate
full,Intermediate,elevated
full,Intermediate,elevating
full,Intermediate,eliminates
full,Intermediate,eliminating
full,Intermediate,elucidate
full,Intermediate,elucidates
full,Intermediate,elucidating
full,Intermediate,emerged
full,Intermediate,emergence
full,Intermediate,emerges
full,Intermediate,empathetic
full,Intermediate,emphasise
full,Intermediate,emphasised
full,Intermediate,emphasises
full,Intermediate,emphasising
full,Intermediate,emphasize
full,Intermediate,emphasizes
full,Intermediate,emphasizing
full,Intermediate,employ
full,Intermediate,employed
full,Intermediate,employs
full,Intermediate,empower
full,Intermediate,empowering
full,Intermediate,empowers
full,Intermediate,emulate
full,Intermediate,emulating
full,Intermediate,encapsulates
full,Intermediate,encompassing
full,Intermediate,encounter
full,Intermediate,enduring
full,Intermediate,energy
full,Intermediate,engage
full,Intermediate,engaged
full,Intermediate,engaging
full,Intermediate,enhance
full,Intermediate,enhanced
full,Intermediate,enhancement
full,Intermediate,enhancements
full,Intermediate,enhances
full,Intermediate,enhancing
full,Intermediate,enriching
full,Intermediate,ensure
full,Intermediate,ensures
full,Intermediate,ensuring
full,Intermediate,equalization
full,Intermediate,equip
full,Intermediate,equipping
full,Intermediate,escalating
full,Intermediate,essential
full,Intermediate,ethical
full,Intermediate,evaluates
full,Intermediate,evaluating
full,Intermediate,evaluations
full,Intermediate,evidenced
full,Intermediate,evolving
full,Intermediate,exacerbate
full,Intermediate,exacerbates
full,Intermediate,exacerbating
full,Intermediate,examines
full,Intermediate,examining
full,Intermediate,exceeding
full,Intermediate,excelled
full,Intermediate,excellent
full,Intermediate,excels
full,Intermediate,exceptional
full,Intermediate,excessive
full,Intermediate,exemplifies
full,Intermediate,exerting
full,Intermediate,exhibit
full,Intermediate,exhibited
full,Intermediate,exhibiting
full,Intermediate,exhibits
full,Intermediate,existing
full,Intermediate,expanding
full,Intermediate,experience
full,Intermediate,experiences
full,Intermediate,experiments
full,Intermediate,expertise
full,Intermediate,explores
full,Intermediate,extended
full,Intermediate,extensive
full,Intermediate,extracted
full,Intermediate,face
full,Intermediate,faces
full,Intermediate,facilitate
full,Intermediate,facilitated
full,Intermediate,facilitates
full,Intermediate,facilitating
full,Intermediate,facilitators
full,Intermediate,facing
full,Intermediate,faster
full,Intermediate,fault
full,Intermediate,faults
full,Intermediate,featuring
full,Intermediate,fewer
full,Intermediate,fills
full,Intermediate,financial
full,Intermediate,findings
full,Intermediate,flexibility
full,Intermediate,fluctuations
full,Intermediate,focus
full,Intermediate,focused
full,Intermediate,focusing
full,Intermediate,following
full,Intermediate,forecasting
full,Intermediate,formation
full,Intermediate,formidable
full,Intermediate,foster
full,Intermediate,fostered
full,Intermediate,fostering
full,Intermediate,fosters
full,Intermediate,foundation
full,Intermediate,framework's
full,Intermediate,friendly
full,Intermediate,functionalities
full,Intermediate,functionality
full,Intermediate,further
full,Intermediate,future
full,Intermediate,gap
full,Intermediate,garnered
full,Intermediate,generalizability
full,Intermediate,generalizing
full,Intermediate,global
full,Intermediate,globally
full,Intermediate,gradual
full,Intermediate,groundwork
full,Intermediate,growing
full,Intermediate,guidelines
full,Intermediate,guiding
full,Intermediate,halting
full,Intermediate,harmonizing
full,Intermediate,harmony
full,Intermediate,harness
full,Intermediate,harnesses
full,Intermediate,heighten
full,Intermediate,heightened
full,Intermediate,heightens
full,Intermediate,highest
full,Intermediate,highlight
full,Intermediate,highlighted
full,Intermediate,highlighting
full,Intermediate,highlights
full,Intermediate,hinder
full,Intermediate,hindered
full,Intermediate,hindering
full,Intermediate,hinders
full,Intermediate,hinges
full,Intermediate,hold
full,Intermediate,holding
full,Intermediate,holistic
full,Intermediate,hurdles
full,Intermediate,hypothesizing
full,Intermediate,identified
full,Intermediate,identifying
full,Intermediate,illustrations
full,Intermediate,impactful
full,Intermediate,imparts
full,Intermediate,implications
full,Intermediate,importance
full,Intermediate,impractical
full,Intermediate,improve
full,Intermediate,improvements
full,Intermediate,improving
full,Intermediate,inaccuracies
full,Intermediate,inadequate
full,Intermediate,inadequately
full,Intermediate,inadvertently
full,Intermediate,inaugural
full,Intermediate,include
full,Intermediate,included
full,Intermediate,including
full,Intermediate,inclusion
full,Intermediate,inclusive
full,Intermediate,inclusivity
full,Intermediate,inconclusive
full,Intermediate,inconsistencies
full,Intermediate,incorporate
full,Intermediate,incorporates
full,Intermediate,incorporating
full,Intermediate,increasing
full,Intermediate,indicate
full,Intermediate,indicated
full,Intermediate,indicating
full,Intermediate,indicator
full,Intermediate,inefficiencies
full,Intermediate,inefficiency
full,Intermediate,inflection
full,Intermediate,influence
full,Intermediate,influenced
full,Intermediate,influences
full,Intermediate,influencing
full,Intermediate,influential
full,Intermediate,informing
full,Intermediate,informs
full,Intermediate,inherent
full,Intermediate,initial
full,Intermediate,initially
full,Intermediate,initiating
full,Intermediate,initiative
full,Intermediate,initiatives
full,Intermediate,innovation
full,Intermediate,innovations
full,Intermediate,innovative
full,Intermediate,innovatively
full,Intermediate,insights
full,Intermediate,inspections
full,Intermediate,intensifies
full,Intermediate,interacts
full,Intermediate,interconnectedness
full,Intermediate,interconnections
full,Intermediate,interdependencies
full,Intermediate,interdisciplinary
full,Intermediate,interplay
full,Intermediate,interrelationships
full,Intermediate,intersection
full,Intermediate,intertwined
full,Intermediate,introduce
full,Intermediate,introduces
full,Intermediate,introducing
full,Intermediate,investigates
full,Intermediate,involving
full,Intermediate,irregularities
full,Intermediate,items
full,Intermediate,journeys
full,Intermediate,key
full,Intermediate,lacked
full,Intermediate,lacks
full,Intermediate,landscape
full,Intermediate,laying
full,Intermediate,lays
full,Intermediate,leading
full,Intermediate,learning
full,Intermediate,leverage
full,Intermediate,leveraged
full,Intermediate,leverages
full,Intermediate,leveraging
full,Intermediate,library
full,Intermediate,lies
full,Intermediate,like
full,Intermediate,likelihood
full,Intermediate,limitations
full,Intermediate,link
full,Intermediate,linked
full,Intermediate,logistical
full,Intermediate,lowering
full,Intermediate,lowest
full,Intermediate,maintaining
full,Intermediate,making
full,Intermediate,manages
full,Intermediate,managing
full,Intermediate,manifesting
full,Intermediate,marginalization
full,Intermediate,marginalized
full,Intermediate,marking
full,Intermediate,maximizing
full,Intermediate,meeting
full,Intermediate,method's
full,Intermediate,meticulous
full,Intermediate,middle
full,Intermediate,mindset
full,Intermediate,minimal
full,Intermediate,minimize
full,Intermediate,minimizes
full,Intermediate,minimizing
full,Intermediate,mirroring
full,Intermediate,misconceptions
full,Intermediate,mitigate
full,Intermediate,mitigated
full,Intermediate,mitigates
full,Intermediate,mitigating
full,Intermediate,mitigation
full,Intermediate,moderating
full,Intermediate,modifications
full,Intermediate,multifaceted
full,Intermediate,multifunctionality
full,Intermediate,natural
full,Intermediate,navigate
full,Intermediate,navigating
full,Intermediate,necessitate
full,Intermediate,necessitates
full,Intermediate,necessitating
full,Intermediate,necessity
full,Intermediate,need
full,Intermediate,negated
full,Intermediate,neglecting
full,Intermediate,notable
full,Intermediate,notably
full,Intermediate,novel
full,Intermediate,nuanced
full,Intermediate,objectivity
full,Intermediate,observed
full,Intermediate,obstructing
full,Intermediate,offer
full,Intermediate,offering
full,Intermediate,offers
full,Intermediate,often
full,Intermediate,ongoing
full,Intermediate,opening
full,Intermediate,optima
full,Intermediate,optimal
full,Intermediate,optimise
full,Intermediate,optimising
full,Intermediate,optimize
full,Intermediate,optimizer
full,Intermediate,optimizes
full,Intermediate,optimizing
full,Intermediate,option
full,Intermediate,orchestrating
full,Intermediate,outcomes
full,Intermediate,outdated
full,Intermediate,outperform
full,Intermediate,outperformed
full,Intermediate,outperforming
full,Intermediate,outperforms
full,Intermediate,over
full,Intermediate,overcoming
full,Intermediate,overfitting
full,Intermediate,overlook
full,Intermediate,overlooked
full,Intermediate,overlooking
full,Intermediate,overlooks
full,Intermediate,packaging
full,Intermediate,particularly
full,Intermediate,paving
full,Intermediate,peaking
full,Intermediate,perceptions
full,Intermediate,perpetuate
full,Intermediate,persist
full,Intermediate,personalised
full,Intermediate,personalization
full,Intermediate,personalize
full,Intermediate,personalizing
full,Intermediate,perspectives
full,Intermediate,pervasive
full,Intermediate,phases
full,Intermediate,pinpointed
full,Intermediate,pioneers
full,Intermediate,pivotal
full,Intermediate,playing
full,Intermediate,poised
full,Intermediate,policies
full,Intermediate,policymakers
full,Intermediate,portability
full,Intermediate,pose
full,Intermediate,posed
full,Intermediate,poses
full,Intermediate,posing
full,Intermediate,potential
full,Intermediate,potentially
full,Intermediate,power
full,Intermediate,powering
full,Intermediate,practicality
full,Intermediate,practices
full,Intermediate,precise
full,Intermediate,precisely
full,Intermediate,precision
full,Intermediate,predispositions
full,Intermediate,preferences
full,Intermediate,presenting
full,Intermediate,presents
full,Intermediate,prevalence
full,Intermediate,prevalent
full,Intermediate,prevention
full,Intermediate,primarily
full,Intermediate,printed
full,Intermediate,prioritizing
full,Intermediate,proactive
full,Intermediate,processes
full,Intermediate,productivity
full,Intermediate,proficiency
full,Intermediate,prolific
full,Intermediate,prominence
full,Intermediate,promise
full,Intermediate,promising
full,Intermediate,promote
full,Intermediate,promoting
full,Intermediate,prompt
full,Intermediate,prompted
full,Intermediate,prompting
full,Intermediate,prompts
full,Intermediate,pronged
full,Intermediate,proposing
full,Intermediate,proprietary
full,Intermediate,providing
full,Intermediate,public
full,Intermediate,publication
full,Intermediate,quality
full,Intermediate,queries
full,Intermediate,raises
full,Intermediate,ranging
full,Intermediate,rarity
full,Intermediate,rating
full,Intermediate,readability
full,Intermediate,reality
full,Intermediate,reassess
full,Intermediate,recognising
full,Intermediate,recognizing
full,Intermediate,recommendations
full,Intermediate,reconstructing
full,Intermediate,reduce
full,Intermediate,reduces
full,Intermediate,reducing
full,Intermediate,reduction
full,Intermediate,refine
full,Intermediate,refining
full,Intermediate,reforming
full,Intermediate,registered
full,Intermediate,registration
full,Intermediate,relationships
full,Intermediate,reliability
full,Intermediate,reprocessing
full,Intermediate,resilience
full,Intermediate,resources
full,Intermediate,resulting
full,Intermediate,reveal
full,Intermediate,revealed
full,Intermediate,revealing
full,Intermediate,reveals
full,Intermediate,revising
full,Intermediate,revisits
full,Intermediate,rigorously
full,Intermediate,rise
full,Intermediate,rises
full,Intermediate,rising
full,Intermediate,risking
full,Intermediate,role
full,Intermediate,roles
full,Intermediate,rooted
full,Intermediate,roundness
full,Intermediate,sacrificial
full,Intermediate,safeguard
full,Intermediate,safeguarding
full,Intermediate,safer
full,Intermediate,satisfaction
full,Intermediate,scaffolded
full,Intermediate,scarcity
full,Intermediate,scenarios
full,Intermediate,scholar
full,Intermediate,scholarly
full,Intermediate,seamless
full,Intermediate,seamlessly
full,Intermediate,search
full,Intermediate,secure
full,Intermediate,security
full,Intermediate,seeks
full,Intermediate,selecting
full,Intermediate,serve
full,Intermediate,serves
full,Intermediate,serving
full,Intermediate,sessions
full,Intermediate,shaping
full,Intermediate,sharing
full,Intermediate,showing
full,Intermediate,shrinkage
full,Intermediate,significant
full,Intermediate,significantly
full,Intermediate,simplicity
full,Intermediate,simplifies
full,Intermediate,simplifying
full,Intermediate,skepticism
full,Intermediate,smart
full,Intermediate,smoother
full,Intermediate,societal
full,Intermediate,solely
full,Intermediate,spaces
full,Intermediate,spanned
full,Intermediate,spans
full,Intermediate,specifically
full,Intermediate,square
full,Intermediate,squared
full,Intermediate,stages
full,Intermediate,standardize
full,Intermediate,standardizing
full,Intermediate,standards
full,Intermediate,stays
full,Intermediate,stemmed
full,Intermediate,stems
full,Intermediate,storage
full,Intermediate,storytelling
full,Intermediate,strategic
full,Intermediate,strategically
full,Intermediate,strategies
full,Intermediate,streamline
full,Intermediate,streamlined
full,Intermediate,streamlines
full,Intermediate,streamlining
full,Intermediate,strength
full,Intermediate,strengths
full,Intermediate,stricter
full,Intermediate,stringent
full,Intermediate,structures
full,Intermediate,struggle
full,Intermediate,struggled
full,Intermediate,struggles
full,Intermediate,studies
full,Intermediate,study
full,Intermediate,suboptimal
full,Intermediate,subsequently
full,Intermediate,subthemes
full,Intermediate,success
full,Intermediate,succumbed
full,Intermediate,suggesting
full,Intermediate,suggests
full,Intermediate,suitability
full,Intermediate,superior
full,Intermediate,superiority
full,Intermediate,surged
full,Intermediate,surpass
full,Intermediate,surpassed
full,Intermediate,surpasses
full,Intermediate,surpassing
full,Intermediate,surveys
full,Intermediate,sustainability
full,Intermediate,sustainable
full,Intermediate,synergies
full,Intermediate,synergize
full,Intermediate,synergizing
full,Intermediate,synthesising
full,Intermediate,synthesizing
full,Intermediate,system's
full,Intermediate,tailored
full,Intermediate,tailoring
full,Intermediate,targeted
full,Intermediate,targeting
full,Intermediate,targets
full,Intermediate,tasks
full,Intermediate,teams
full,Intermediate,technological
full,Intermediate,themes
full,Intermediate,theoretical
full,Intermediate,thereby
full,Intermediate,though
full,Intermediate,threat
full,Intermediate,threats
full,Intermediate,through
full,Intermediate,tied
full,Intermediate,timeframes
full,Intermediate,timely
full,Intermediate,tipping
full,Intermediate,titled
full,Intermediate,totaling
full,Intermediate,traditional
full,Intermediate,transference
full,Intermediate,transformative
full,Intermediate,transforming
full,Intermediate,transitioned
full,Intermediate,transitioning
full,Intermediate,translatability
full,Intermediate,traverse
full,Intermediate,traversing
full,Intermediate,trends
full,Intermediate,triggering
full,Intermediate,trueness
full,Intermediate,typically
full,Intermediate,ultimately
full,Intermediate,unattainable
full,Intermediate,uncover
full,Intermediate,uncovered
full,Intermediate,uncovering
full,Intermediate,uncovers
full,Intermediate,underexplored
full,Intermediate,undergoing
full,Intermediate,underlying
full,Intermediate,underpinnings
full,Intermediate,underreported
full,Intermediate,underreporting
full,Intermediate,underrepresentation
full,Intermediate,underscore
full,Intermediate,underscored
full,Intermediate,underscores
full,Intermediate,underscoring
full,Intermediate,understudied
full,Intermediate,underutilization
full,Intermediate,underwent
full,Intermediate,unexplored
full,Intermediate,unfeasible
full,Intermediate,universality
full,Intermediate,unlabeled
full,Intermediate,unlike
full,Intermediate,unlock
full,Intermediate,unlocking
full,Intermediate,unpredictability
full,Intermediate,unresponsive
full,Intermediate,unsuitable
full,Intermediate,unsustainable
full,Intermediate,untapped
full,Intermediate,upgrades
full,Intermediate,uphold
full,Intermediate,upward
full,Intermediate,urgent
full,Intermediate,user
full,Intermediate,using
full,Intermediate,utility
full,Intermediate,validate
full,Intermediate,validates
full,Intermediate,validating
full,Intermediate,validations
full,Intermediate,valuable
full,Intermediate,valued
full,Intermediate,variations
full,Intermediate,varied
full,Intermediate,varying
full,Intermediate,vector
full,Intermediate,versatility
full,Intermediate,viability
full,Intermediate,viable
full,Intermediate,vigilance
full,Intermediate,vigilant
full,Intermediate,vision
full,Intermediate,visualizations
full,Intermediate,warranting
full,Intermediate,weights
full,Intermediate,while
full,Intermediate,widespread
full,Intermediate,workloads
full,Intermediate,worsened
full,Intermediate,worsens
full,Latest,abolishes
full,Latest,absence
full,Latest,absent
full,Latest,absolute
full,Latest,academic
full,Latest,accelerate
full,Latest,accelerated
full,Latest,accelerates
full,Latest,acceptability
full,Latest,acceptable
full,Latest,acceptance
full,Latest,access
full,Latest,accessible
full,Latest,accommodates
full,Latest,accommodations
full,Latest,accompanied
full,Latest,accordance
full,Latest,accountability
full,Latest,accounted
full,Latest,accounting
full,Latest,accumulating
full,Latest,achieved
full,Latest,achieves
full,Latest,across
full,Latest,actionability
full,Latest,actionable
full,Latest,active
full,Latest,actively
full,Latest,acts
full,Latest,adaptation
full,Latest,adapted
full,Latest,adaptive
full,Latest,adaptively
full,Latest,additional
full,Latest,additive
full,Latest,adequacy
full,Latest,adequately
full,Latest,adjudicated
full,Latest,adjudication
full,Latest,adjusted
full,Latest,adjustment
full,Latest,administrative
full,Latest,adopt
full,Latest,adopts
full,Latest,advances
full,Latest,advocacy
full,Latest,affording
full,Latest,against
full,Latest,agency
full,Latest,agendas
full,Latest,aggregate
full,Latest,agnostic
full,Latest,agreement
full,Latest,aligned
full,Latest,alignment
full,Latest,alleviated
full,Latest,alleviates
full,Latest,alone
full,Latest,alongside
full,Latest,alter
full,Latest,alterations
full,Latest,altered
full,Latest,alters
full,Latest,although
full,Latest,ambiguities
full,Latest,ambiguity
full,Latest,among
full,Latest,analysed
full,Latest,anchor
full,Latest,anchors
full,Latest,annotated
full,Latest,annotations
full,Latest,annualized
full,Latest,anomaly
full,Latest,anonymized
full,Latest,anticipating
full,Latest,anticipatory
full,Latest,apparent
full,Latest,applicable
full,Latest,applied
full,Latest,applies
full,Latest,appraisal
full,Latest,approaches
full,Latest,approaching
full,Latest,approvals
full,Latest,approximately
full,Latest,argue
full,Latest,argues
full,Latest,arguing
full,Latest,arise
full,Latest,arises
full,Latest,arising
full,Latest,ascertainment
full,Latest,assembles
full,Latest,assemblies
full,Latest,assessed
full,Latest,assessment
full,Latest,assigned
full,Latest,assigns
full,Latest,assisted
full,Latest,associated
full,Latest,association
full,Latest,associations
full,Latest,assumptions
full,Latest,asynchronous
full,Latest,attainment
full,Latest,attains
full,Latest,attributable
full,Latest,attribution
full,Latest,atypical
full,Latest,auditable
full,Latest,auditing
full,Latest,augmentation
full,Latest,authentic
full,Latest,authenticity
full,Latest,authoritative
full,Latest,authority
full,Latest,authorship
full,Latest,automation
full,Latest,autonomously
full,Latest,auxiliary
full,Latest,availability
full,Latest,avid
full,Latest,avoidable
full,Latest,avoidance
full,Latest,aware
full,Latest,backdrop
full,Latest,balance
full,Latest,balanced
full,Latest,balances
full,Latest,barrier
full,Latest,barriers
full,Latest,base
full,Latest,based
full,Latest,baseline
full,Latest,baselines
full,Latest,basis
full,Latest,below
full,Latest,benefit
full,Latest,beyond
full,Latest,bias
full,Latest,bidirectionally
full,Latest,binary
full,Latest,blueprint
full,Latest,blur
full,Latest,bottleneck
full,Latest,bottlenecks
full,Latest,boundaries
full,Latest,boundary
full,Latest,bounded
full,Latest,bounding
full,Latest,bounds
full,Latest,branch
full,Latest,bridge
full,Latest,bridges
full,Latest,bridging
full,Latest,broad
full,Latest,broader
full,Latest,broadest
full,Latest,broadly
full,Latest,building
full,Latest,burden
full,Latest,candidate
full,Latest,candidates
full,Latest,cannot
full,Latest,capable
full,Latest,capacity
full,Latest,capture
full,Latest,captured
full,Latest,captures
full,Latest,career
full,Latest,careful
full,Latest,cascading
full,Latest,case
full,Latest,categorical
full,Latest,categories
full,Latest,category
full,Latest,caution
full,Latest,cautious
full,Latest,cautiously
full,Latest,ceiling
full,Latest,centered
full,Latest,centering
full,Latest,central
full,Latest,centrality
full,Latest,centralized
full,Latest,centred
full,Latest,certainty
full,Latest,characterise
full,Latest,characterised
full,Latest,characteristic
full,Latest,characterization
full,Latest,characterize
full,Latest,characterized
full,Latest,characterizes
full,Latest,charted
full,Latest,charting
full,Latest,checklists
full,Latest,checks
full,Latest,circumvents
full,Latest,claims
full,Latest,clarifies
full,Latest,clarify
full,Latest,clarifying
full,Latest,clarity
full,Latest,classes
full,Latest,classifications
full,Latest,clear
full,Latest,clearer
full,Latest,clearest
full,Latest,closed
full,Latest,closure
full,Latest,clusters
full,Latest,code
full,Latest,codes
full,Latest,coexist
full,Latest,coexistence
full,Latest,coexisting
full,Latest,coexists
full,Latest,coherence
full,Latest,coherent
full,Latest,coinciding
full,Latest,collective
full,Latest,collectively
full,Latest,combinations
full,Latest,combine
full,Latest,combined
full,Latest,combines
full,Latest,commercial
full,Latest,commitments
full,Latest,community
full,Latest,compact
full,Latest,compactness
full,Latest,comparability
full,Latest,comparable
full,Latest,comparative
full,Latest,comparatively
full,Latest,comparator
full,Latest,comparators
full,Latest,comparisons
full,Latest,compatibility
full,Latest,compatible
full,Latest,compensation
full,Latest,competence
full,Latest,competencies
full,Latest,competency
full,Latest,competitive
full,Latest,complement
full,Latest,complementarity
full,Latest,complementary
full,Latest,complemented
full,Latest,complementing
full,Latest,complements
full,Latest,complete
full,Latest,completed
full,Latest,completeness
full,Latest,completion
full,Latest,compliance
full,Latest,compliant
full,Latest,component
full,Latest,components
full,Latest,composition
full,Latest,compounding
full,Latest,compression
full,Latest,compressive
full,Latest,compromise
full,Latest,compromises
full,Latest,computed
full,Latest,computes
full,Latest,concentrated
full,Latest,concept
full,Latest,conceptual
full,Latest,conceptualize
full,Latest,conceptualized
full,Latest,conceptualizes
full,Latest,conceptualizing
full,Latest,conceptually
full,Latest,concurrent
full,Latest,concurrently
full,Latest,conditions
full,Latest,conferred
full,Latest,confers
full,Latest,confidence
full,Latest,confined
full,Latest,confinement
full,Latest,confirmation
full,Latest,confirmed
full,Latest,confirming
full,Latest,confirms
full,Latest,conflict
full,Latest,confounder
full,Latest,connect
full,Latest,connecting
full,Latest,connects
full,Latest,consensus
full,Latest,consequential
full,Latest,considerations
full,Latest,consistency
full,Latest,consistent
full,Latest,consistently
full,Latest,consolidated
full,Latest,constituents
full,Latest,constrain
full,Latest,constrained
full,Latest,constraining
full,Latest,constrains
full,Latest,constraint
full,Latest,constraints
full,Latest,construct
full,Latest,construction
full,Latest,contemporaneous
full,Latest,contemporary
full,Latest,contested
full,Latest,context
full,Latest,contexts
full,Latest,contextual
full,Latest,contextualize
full,Latest,contextualized
full,Latest,contextually
full,Latest,continued
full,Latest,continuity
full,Latest,continuous
full,Latest,contrast
full,Latest,contrasting
full,Latest,contrastive
full,Latest,contrasts
full,Latest,contribution
full,Latest,contributor
full,Latest,contributors
full,Latest,controllability
full,Latest,controllable
full,Latest,conventional
full,Latest,converge
full,Latest,converged
full,Latest,convergence
full,Latest,convergent
full,Latest,converges
full,Latest,converging
full,Latest,conversational
full,Latest,conversion
full,Latest,converts
full,Latest,cooperative
full,Latest,cooperatively
full,Latest,coordinate
full,Latest,coordinated
full,Latest,coordinates
full,Latest,coordinating
full,Latest,coordination
full,Latest,coping
full,Latest,core
full,Latest,cornerstone
full,Latest,corrected
full,Latest,correction
full,Latest,correlational
full,Latest,count
full,Latest,counterfactual
full,Latest,coverage
full,Latest,creates
full,Latest,credibility
full,Latest,credible
full,Latest,criteria
full,Latest,criterion
full,Latest,critic
full,Latest,critically
full,Latest,crucially
full,Latest,cumulative
full,Latest,curated
full,Latest,curation
full,Latest,curiosity
full,Latest,current
full,Latest,cutoffs
full,Latest,cycle
full,Latest,cyclic
full,Latest,dampening
full,Latest,debriefing
full,Latest,decentralized
full,Latest,decision
full,Latest,decisions
full,Latest,declined
full,Latest,declines
full,Latest,declining
full,Latest,decode
full,Latest,decoding
full,Latest,decomposes
full,Latest,decomposition
full,Latest,decouple
full,Latest,decoupled
full,Latest,decouples
full,Latest,dedicated
full,Latest,deductive
full,Latest,deduplication
full,Latest,deferred
full,Latest,deficits
full,Latest,define
full,Latest,defined
full,Latest,defines
full,Latest,defining
full,Latest,definitions
full,Latest,definitive
full,Latest,delayed
full,Latest,delays
full,Latest,deliberate
full,Latest,deliberately
full,Latest,delineate
full,Latest,delineates
full,Latest,delivered
full,Latest,delivers
full,Latest,delivery
full,Latest,demand
full,Latest,demanding
full,Latest,demands
full,Latest,demonstrate
full,Latest,demonstrations
full,Latest,denser
full,Latest,depend
full,Latest,dependence
full,Latest,dependencies
full,Latest,dependency
full,Latest,dependent
full,Latest,depends
full,Latest,depletes
full,Latest,depleting
full,Latest,deployed
full,Latest,deployments
full,Latest,derivatives
full,Latest,derive
full,Latest,derived
full,Latest,derives
full,Latest,descriptive
full,Latest,descriptively
full,Latest,descriptor
full,Latest,design
full,Latest,designs
full,Latest,destabilization
full,Latest,destabilize
full,Latest,destabilizes
full,Latest,destructive
full,Latest,detectability
full,Latest,detectable
full,Latest,deterioration
full,Latest,determinant
full,Latest,determinants
full,Latest,developed
full,Latest,develops
full,Latest,deviations
full,Latest,device
full,Latest,dialogue
full,Latest,dichotomy
full,Latest,dictates
full,Latest,differ
full,Latest,differed
full,Latest,differentiable
full,Latest,differential
full,Latest,digitally
full,Latest,dignity
full,Latest,direct
full,Latest,directed
full,Latest,directional
full,Latest,directionally
full,Latest,directly
full,Latest,directs
full,Latest,disaggregated
full,Latest,disagreements
full,Latest,disclosures
full,Latest,disconnect
full,Latest,disconnection
full,Latest,discontinuations
full,Latest,discontinuities
full,Latest,discordance
full,Latest,discordant
full,Latest,discovery
full,Latest,discrete
full,Latest,discussion
full,Latest,disengagement
full,Latest,disentangling
full,Latest,disorganization
full,Latest,displacing
full,Latest,disproportionate
full,Latest,disproportionately
full,Latest,disrupted
full,Latest,disruption
full,Latest,disrupts
full,Latest,dissect
full,Latest,dissecting
full,Latest,dissemination
full,Latest,distinct
full,Latest,distinction
full,Latest,distinguish
full,Latest,distinguishes
full,Latest,distort
full,Latest,distortion
full,Latest,distress
full,Latest,distributed
full,Latest,distributional
full,Latest,distrust
full,Latest,disturbance
full,Latest,diverge
full,Latest,divergence
full,Latest,divergent
full,Latest,diversification
full,Latest,documentation
full,Latest,documented
full,Latest,documents
full,Latest,domain
full,Latest,domains
full,Latest,dominance
full,Latest,dominant
full,Latest,dominate
full,Latest,dominated
full,Latest,dominates
full,Latest,drawing
full,Latest,drift
full,Latest,drifts
full,Latest,drive
full,Latest,driven
full,Latest,driver
full,Latest,drivers
full,Latest,drives
full,Latest,drove
full,Latest,dual
full,Latest,duality
full,Latest,durability
full,Latest,durable
full,Latest,dynamic
full,Latest,dynamically
full,Latest,dynamics
full,Latest,earlier
full,Latest,early
full,Latest,ecologically
full,Latest,editing
full,Latest,elaborates
full,Latest,electronic
full,Latest,elevates
full,Latest,eligible
full,Latest,embed
full,Latest,embeds
full,Latest,embodied
full,Latest,emerge
full,Latest,emerging
full,Latest,emotion
full,Latest,emotionally
full,Latest,emphasis
full,Latest,empirical
full,Latest,emulation
full,Latest,enable
full,Latest,enabled
full,Latest,enablers
full,Latest,enables
full,Latest,enabling
full,Latest,encounters
full,Latest,endowing
full,Latest,enforces
full,Latest,enforcing
full,Latest,engagement
full,Latest,engages
full,Latest,enlarging
full,Latest,enriches
full,Latest,enrolling
full,Latest,entrenched
full,Latest,entropy
full,Latest,epistemic
full,Latest,equation
full,Latest,equitable
full,Latest,equity
full,Latest,equivalence
full,Latest,error
full,Latest,errors
full,Latest,escalation
full,Latest,establish
full,Latest,established
full,Latest,establishes
full,Latest,establishing
full,Latest,estimated
full,Latest,estimates
full,Latest,estimation
full,Latest,ethically
full,Latest,evaluable
full,Latest,evaluate
full,Latest,evaluated
full,Latest,evaluation
full,Latest,evaluative
full,Latest,evaluator
full,Latest,evenness
full,Latest,everyday
full,Latest,evidence
full,Latest,evidentiary
full,Latest,evolve
full,Latest,examine
full,Latest,examined
full,Latest,exceeded
full,Latest,exceedingly
full,Latest,exceptionally
full,Latest,exchange
full,Latest,excluded
full,Latest,excluding
full,Latest,exclusion
full,Latest,exclusions
full,Latest,exclusively
full,Latest,execution
full,Latest,exert
full,Latest,exerts
full,Latest,exhausted
full,Latest,existential
full,Latest,expand
full,Latest,expanded
full,Latest,expands
full,Latest,expansion
full,Latest,expectations
full,Latest,experiential
full,Latest,experimentally
full,Latest,expert
full,Latest,explainability
full,Latest,explaining
full,Latest,explanations
full,Latest,explanatory
full,Latest,explicit
full,Latest,explicitly
full,Latest,exploratory
full,Latest,exposes
full,Latest,exposures
full,Latest,extend
full,Latest,extending
full,Latest,extends
full,Latest,extensible
full,Latest,extension
full,Latest,external
full,Latest,externally
full,Latest,extractable
full,Latest,extrapolation
full,Latest,extreme
full,Latest,extremes
full,Latest,factual
full,Latest,fail
full,Latest,fails
full,Latest,failure
full,Latest,failures
full,Latest,fairness
full,Latest,faithful
full,Latest,faithfully
full,Latest,false
full,Latest,favorable
full,Latest,favored
full,Latest,favoring
full,Latest,favourable
full,Latest,feasibility
full,Latest,feasible
full,Latest,feature
full,Latest,features
full,Latest,fidelity
full,Latest,final
full,Latest,finalized
full,Latest,fine
full,Latest,finite
full,Latest,firmness
full,Latest,fixed
full,Latest,flagged
full,Latest,flags
full,Latest,flexible
full,Latest,flourishing
full,Latest,fluctuating
full,Latest,follow
full,Latest,followed
full,Latest,footprint
full,Latest,forecasts
full,Latest,formal
full,Latest,foundational
full,Latest,foundations
full,Latest,fragmentation
full,Latest,fragmented
full,Latest,framed
full,Latest,framework
full,Latest,frameworks
full,Latest,framing
full,Latest,free
full,Latest,frequent
full,Latest,frequently
full,Latest,frontier
full,Latest,frontiers
full,Latest,fueling
full,Latest,full
full,Latest,fully
full,Latest,fundamental
full,Latest,fundamentally
full,Latest,gains
full,Latest,gaps
full,Latest,generalisability
full,Latest,generalizable
full,Latest,generalization
full,Latest,generalized
full,Latest,generalizes
full,Latest,generally
full,Latest,generate
full,Latest,generated
full,Latest,generates
full,Latest,generating
full,Latest,generation
full,Latest,generational
full,Latest,genuine
full,Latest,govern
full,Latest,governance
full,Latest,governed
full,Latest,governing
full,Latest,governs
full,Latest,grading
full,Latest,granularity
full,Latest,gratitude
full,Latest,greater
full,Latest,greatest
full,Latest,grounded
full,Latest,grounding
full,Latest,guidance
full,Latest,guide
full,Latest,guided
full,Latest,guideline
full,Latest,guides
full,Latest,hallmark
full,Latest,handcrafted
full,Latest,handles
full,Latest,handling
full,Latest,hardship
full,Latest,harm
full,Latest,harmonisation
full,Latest,harmonised
full,Latest,harmonization
full,Latest,harmonize
full,Latest,harmonized
full,Latest,heavily
full,Latest,heuristics
full,Latest,hierarchies
full,Latest,hierarchy
full,Latest,high
full,Latest,higher
full,Latest,highly
full,Latest,historical
full,Latest,historically
full,Latest,homogeneous
full,Latest,horizons
full,Latest,humanistic
full,Latest,humility
full,Latest,idealized
full,Latest,ideals
full,Latest,identical
full,Latest,identification
full,Latest,identifier
full,Latest,identifies
full,Latest,identify
full,Latest,identity
full,Latest,illumination
full,Latest,illustrates
full,Latest,illustrative
full,Latest,imbalanced
full,Latest,immediate
full,Latest,immersive
full,Latest,implementable
full,Latest,implementation
full,Latest,implicated
full,Latest,implicates
full,Latest,implicating
full,Latest,importantly
full,Latest,impose
full,Latest,imposes
full,Latest,imposing
full,Latest,imprecise
full,Latest,improved
full,Latest,improvement
full,Latest,improves
full,Latest,inaccessible
full,Latest,incidentally
full,Latest,incomplete
full,Latest,incompletely
full,Latest,inconsistent
full,Latest,inconsistently
full,Latest,incorporated
full,Latest,incorporation
full,Latest,increasingly
full,Latest,incremental
full,Latest,independence
full,Latest,independent
full,Latest,independently
full,Latest,index
full,Latest,indicates
full,Latest,indirect
full,Latest,individual
full,Latest,individualised
full,Latest,inductive
full,Latest,inefficient
full,Latest,inequalities
full,Latest,inequitable
full,Latest,inequities
full,Latest,infeasible
full,Latest,inferential
full,Latest,inform
full,Latest,informational
full,Latest,informative
full,Latest,informed
full,Latest,infrastructural
full,Latest,infrastructures
full,Latest,inherently
full,Latest,initiated
full,Latest,initiation
full,Latest,injustice
full,Latest,input
full,Latest,inputs
full,Latest,inspired
full,Latest,instability
full,Latest,instructional
full,Latest,insufficient
full,Latest,insufficiently
full,Latest,integrate
full,Latest,integrated
full,Latest,integrates
full,Latest,integrating
full,Latest,integration
full,Latest,integrative
full,Latest,integrity
full,Latest,intended
full,Latest,intensified
full,Latest,intensify
full,Latest,intensifying
full,Latest,intensity
full,Latest,intensive
full,Latest,intention
full,Latest,interactive
full,Latest,interactivity
full,Latest,interchangeable
full,Latest,interconnected
full,Latest,interdependent
full,Latest,intergroup
full,Latest,interindividual
full,Latest,intermediate
full,Latest,intermittent
full,Latest,internal
full,Latest,internally
full,Latest,international
full,Latest,interoperability
full,Latest,interoperable
full,Latest,interpersonal
full,Latest,interpret
full,Latest,interpretability
full,Latest,interpretable
full,Latest,interpretation
full,Latest,interpretative
full,Latest,interpreted
full,Latest,interpreting
full,Latest,interpretive
full,Latest,interrelated
full,Latest,interruptions
full,Latest,intersect
full,Latest,intersected
full,Latest,intersecting
full,Latest,intrinsic
full,Latest,intrinsically
full,Latest,invariance
full,Latest,investigational
full,Latest,investment
full,Latest,involvement
full,Latest,irregular
full,Latest,irreversible
full,Latest,isolate
full,Latest,iterations
full,Latest,iterative
full,Latest,iteratively
full,Latest,joint
full,Latest,jointly
full,Latest,judgment
full,Latest,labels
full,Latest,lacking
full,Latest,lagged
full,Latest,landmark
full,Latest,landscapes
full,Latest,largely
full,Latest,larger
full,Latest,largest
full,Latest,late
full,Latest,layer
full,Latest,layered
full,Latest,layouts
full,Latest,leadership
full,Latest,learnable
full,Latest,learner
full,Latest,learners
full,Latest,learns
full,Latest,leave
full,Latest,leaving
full,Latest,left
full,Latest,legacy
full,Latest,legal
full,Latest,legitimacy
full,Latest,lens
full,Latest,lever
full,Latest,levers
full,Latest,liabilities
full,Latest,liability
full,Latest,lifecycle
full,Latest,lifelong
full,Latest,likeness
full,Latest,likes
full,Latest,limit
full,Latest,limitation
full,Latest,limited
full,Latest,limiting
full,Latest,limits
full,Latest,linearity
full,Latest,linguistic
full,Latest,linguistically
full,Latest,linking
full,Latest,links
full,Latest,load
full,Latest,loading
full,Latest,loadings
full,Latest,local
full,Latest,locally
full,Latest,long
full,Latest,longer
full,Latest,longstanding
full,Latest,losses
full,Latest,low
full,Latest,lower
full,Latest,lowers
full,Latest,magnitude
full,Latest,maintain
full,Latest,maintained
full,Latest,maintains
full,Latest,major
full,Latest,malicious
full,Latest,manageable
full,Latest,managed
full,Latest,manifold
full,Latest,mappings
full,Latest,marginal
full,Latest,marginalised
full,Latest,margins
full,Latest,marked
full,Latest,markedly
full,Latest,masking
full,Latest,materially
full,Latest,maturity
full,Latest,meaningful
full,Latest,meaningfully
full,Latest,measurable
full,Latest,median
full,Latest,memory
full,Latest,mentorship
full,Latest,mere
full,Latest,merely
full,Latest,metadata
full,Latest,methodologically
full,Latest,mid
full,Latest,mild
full,Latest,mimic
full,Latest,minimally
full,Latest,misaligned
full,Latest,misalignment
full,Latest,misclassification
full,Latest,misclassified
full,Latest,misinterpretation
full,Latest,mismatch
full,Latest,mismatches
full,Latest,missed
full,Latest,missingness
full,Latest,mistrust
full,Latest,mixed
full,Latest,modelling
full,Latest,moderate
full,Latest,moderated
full,Latest,moderates
full,Latest,moderation
full,Latest,modern
full,Latest,modernization
full,Latest,modes
full,Latest,modest
full,Latest,modestly
full,Latest,modifiable
full,Latest,modification
full,Latest,modifies
full,Latest,modifying
full,Latest,modularity
full,Latest,momentary
full,Latest,monitoring
full,Latest,monotonic
full,Latest,monotonically
full,Latest,moral
full,Latest,motivating
full,Latest,motivation
full,Latest,multidimensional
full,Latest,multidirectional
full,Latest,multidisciplinary
full,Latest,multidomain
full,Latest,multifactorial
full,Latest,multifunctional
full,Latest,multilayer
full,Latest,multilevel
full,Latest,multilingual
full,Latest,multiple
full,Latest,multiplicative
full,Latest,multisectoral
full,Latest,multisystem
full,Latest,narrative
full,Latest,narratively
full,Latest,narratives
full,Latest,narrow
full,Latest,narrowing
full,Latest,narrowly
full,Latest,narrows
full,Latest,national
full,Latest,nationwide
full,Latest,navigation
full,Latest,near
full,Latest,nearly
full,Latest,negligible
full,Latest,negotiated
full,Latest,negotiation
full,Latest,nested
full,Latest,neutrality
full,Latest,next
full,Latest,niches
full,Latest,node
full,Latest,nodes
full,Latest,nominal
full,Latest,nominally
full,Latest,nominate
full,Latest,nominated
full,Latest,normalisation
full,Latest,normalised
full,Latest,norms
full,Latest,numerical
full,Latest,obligations
full,Latest,obscured
full,Latest,obscures
full,Latest,obscuring
full,Latest,observable
full,Latest,observables
full,Latest,observations
full,Latest,occupies
full,Latest,occurred
full,Latest,offline
full,Latest,offsets
full,Latest,omission
full,Latest,onset
full,Latest,onward
full,Latest,open
full,Latest,openly
full,Latest,operate
full,Latest,operates
full,Latest,operating
full,Latest,operational
full,Latest,operationalization
full,Latest,operationalize
full,Latest,operationalized
full,Latest,operationally
full,Latest,operator
full,Latest,opportunistic
full,Latest,opportunities
full,Latest,optimisation
full,Latest,optimism
full,Latest,optimization
full,Latest,optimized
full,Latest,optional
full,Latest,orchestrate
full,Latest,orchestrates
full,Latest,orchestration
full,Latest,ordered
full,Latest,ordering
full,Latest,ordinal
full,Latest,organisational
full,Latest,organization
full,Latest,organizational
full,Latest,organize
full,Latest,organized
full,Latest,organizes
full,Latest,orientation
full,Latest,oriented
full,Latest,outline
full,Latest,outlines
full,Latest,outlining
full,Latest,output
full,Latest,outputs
full,Latest,overall
full,Latest,overcome
full,Latest,overcomes
full,Latest,overhead
full,Latest,overlap
full,Latest,overlapping
full,Latest,overload
full,Latest,overreliance
full,Latest,oversight
full,Latest,overt
full,Latest,packing
full,Latest,panel
full,Latest,panels
full,Latest,panoramic
full,Latest,paradigm
full,Latest,paradigms
full,Latest,paradox
full,Latest,paradoxical
full,Latest,paradoxically
full,Latest,parallel
full,Latest,paralleling
full,Latest,parameters
full,Latest,parsimonious
full,Latest,partial
full,Latest,partially
full,Latest,participatory
full,Latest,partitioned
full,Latest,partitions
full,Latest,passive
full,Latest,path
full,Latest,pattern
full,Latest,patterns
full,Latest,peak
full,Latest,peaked
full,Latest,penalized
full,Latest,penalties
full,Latest,pending
full,Latest,perceived
full,Latest,perception
full,Latest,performance
full,Latest,permissive
full,Latest,perpetuating
full,Latest,persisted
full,Latest,persistence
full,Latest,persistent
full,Latest,persistently
full,Latest,persists
full,Latest,person
full,Latest,perspective
full,Latest,perturbs
full,Latest,phased
full,Latest,piecewise
full,Latest,pillars
full,Latest,pitfall
full,Latest,plateaued
full,Latest,plausibility
full,Latest,plausible
full,Latest,plausibly
full,Latest,plus
full,Latest,points
full,Latest,policy
full,Latest,poor
full,Latest,poorer
full,Latest,poorly
full,Latest,portable
full,Latest,positioned
full,Latest,positioning
full,Latest,positions
full,Latest,potency
full,Latest,potent
full,Latest,powerful
full,Latest,practical
full,Latest,practice
full,Latest,pragmatic
full,Latest,preclude
full,Latest,precluded
full,Latest,precludes
full,Latest,precluding
full,Latest,precursor
full,Latest,predefined
full,Latest,predictable
full,Latest,prediction
full,Latest,predominant
full,Latest,predominantly
full,Latest,predominated
full,Latest,predominates
full,Latest,predominating
full,Latest,preferential
full,Latest,preferentially
full,Latest,preliminarily
full,Latest,preliminary
full,Latest,preparedness
full,Latest,presentation
full,Latest,preservation
full,Latest,preserve
full,Latest,preserved
full,Latest,preserves
full,Latest,preserving
full,Latest,prespecified
full,Latest,pressure
full,Latest,pressures
full,Latest,primary
full,Latest,principal
full,Latest,principle
full,Latest,principled
full,Latest,principles
full,Latest,prior
full,Latest,priorities
full,Latest,prioritisation
full,Latest,prioritise
full,Latest,prioritised
full,Latest,prioritising
full,Latest,prioritization
full,Latest,prioritize
full,Latest,prioritized
full,Latest,prioritizes
full,Latest,priority
full,Latest,priors
full,Latest,pristine
full,Latest,privileged
full,Latest,probabilistic
full,Latest,proceeds
full,Latest,processed
full,Latest,processing
full,Latest,produced
full,Latest,produces
full,Latest,producing
full,Latest,product
full,Latest,profiled
full,Latest,profound
full,Latest,profoundly
full,Latest,programming
full,Latest,progress
full,Latest,progressed
full,Latest,progressive
full,Latest,progressively
full,Latest,prohibitive
full,Latest,projected
full,Latest,projections
full,Latest,prolonged
full,Latest,promoted
full,Latest,promotes
full,Latest,pronounced
full,Latest,proof
full,Latest,propagation
full,Latest,proportionate
full,Latest,propose
full,Latest,proposes
full,Latest,prospective
full,Latest,protection
full,Latest,protections
full,Latest,protective
full,Latest,protocol
full,Latest,provenance
full,Latest,provide
full,Latest,provides
full,Latest,provisional
full,Latest,proxies
full,Latest,proxy
full,Latest,pruning
full,Latest,publicly
full,Latest,purely
full,Latest,purposive
full,Latest,purposively
full,Latest,qualitative
full,Latest,raising
full,Latest,ranges
full,Latest,ranked
full,Latest,rankings
full,Latest,rapid
full,Latest,rapidly
full,Latest,rare
full,Latest,rarely
full,Latest,rather
full,Latest,rational
full,Latest,rationale
full,Latest,rationally
full,Latest,reached
full,Latest,read
full,Latest,readable
full,Latest,readily
full,Latest,readiness
full,Latest,real
full,Latest,realism
full,Latest,realistic
full,Latest,realities
full,Latest,reanalysis
full,Latest,reappraisal
full,Latest,reasoning
full,Latest,reassessment
full,Latest,reassurance
full,Latest,rebalancing
full,Latest,rebound
full,Latest,recalibration
full,Latest,recapitulated
full,Latest,recapitulating
full,Latest,receiving
full,Latest,recognised
full,Latest,recognition
full,Latest,recognized
full,Latest,reconcile
full,Latest,reconfigurable
full,Latest,reconfiguration
full,Latest,reconstructed
full,Latest,reconstructs
full,Latest,recordings
full,Latest,recoverable
full,Latest,recovers
full,Latest,recurring
full,Latest,recursive
full,Latest,redefine
full,Latest,redefined
full,Latest,redefines
full,Latest,redefining
full,Latest,redesign
full,Latest,redirect
full,Latest,redirected
full,Latest,redirecting
full,Latest,reduced
full,Latest,reductions
full,Latest,redundancy
full,Latest,reference
full,Latest,refined
full,Latest,refinement
full,Latest,refinements
full,Latest,refines
full,Latest,reflect
full,Latest,reflected
full,Latest,reflecting
full,Latest,reflective
full,Latest,reflects
full,Latest,reflexive
full,Latest,reform
full,Latest,reframe
full,Latest,reframes
full,Latest,reframing
full,Latest,regarded
full,Latest,regime
full,Latest,regionally
full,Latest,registry
full,Latest,reinforce
full,Latest,reinforced
full,Latest,reinforcement
full,Latest,reinforces
full,Latest,reinforcing
full,Latest,reintegration
full,Latest,related
full,Latest,relational
full,Latest,relative
full,Latest,relevance
full,Latest,relevant
full,Latest,reliable
full,Latest,reliably
full,Latest,reliance
full,Latest,relied
full,Latest,relies
full,Latest,relieves
full,Latest,rely
full,Latest,relying
full,Latest,remain
full,Latest,remained
full,Latest,remaining
full,Latest,remains
full,Latest,remodel
full,Latest,remodeled
full,Latest,remodels
full,Latest,remote
full,Latest,reorganization
full,Latest,reorganize
full,Latest,reorientation
full,Latest,reparative
full,Latest,repeat
full,Latest,repeated
full,Latest,replacement
full,Latest,replaces
full,Latest,replicable
full,Latest,report
full,Latest,reporting
full,Latest,represent
full,Latest,representation
full,Latest,representational
full,Latest,representations
full,Latest,representative
full,Latest,representativeness
full,Latest,representing
full,Latest,represents
full,Latest,reproduced
full,Latest,reproduces
full,Latest,reproducibility
full,Latest,reproducible
full,Latest,reprogram
full,Latest,reprogrammed
full,Latest,reprograms
full,Latest,repurposing
full,Latest,require
full,Latest,required
full,Latest,requirements
full,Latest,requires
full,Latest,requiring
full,Latest,resamples
full,Latest,reset
full,Latest,reshape
full,Latest,reshaped
full,Latest,reshapes
full,Latest,reshaping
full,Latest,resilient
full,Latest,resists
full,Latest,resolution
full,Latest,resolve
full,Latest,resolved
full,Latest,resolves
full,Latest,resolving
full,Latest,resource
full,Latest,resourced
full,Latest,respectful
full,Latest,response
full,Latest,responses
full,Latest,responsibilities
full,Latest,responsibility
full,Latest,responsive
full,Latest,responsiveness
full,Latest,restoration
full,Latest,restore
full,Latest,restored
full,Latest,restores
full,Latest,restoring
full,Latest,restrains
full,Latest,restrict
full,Latest,restricted
full,Latest,restricting
full,Latest,restricts
full,Latest,restructuring
full,Latest,retain
full,Latest,retained
full,Latest,retaining
full,Latest,retains
full,Latest,retention
full,Latest,retraining
full,Latest,retrieval
full,Latest,reusable
full,Latest,reverses
full,Latest,reversibility
full,Latest,reversible
full,Latest,review
full,Latest,reviewer
full,Latest,rich
full,Latest,right
full,Latest,rigid
full,Latest,rigor
full,Latest,rigorous
full,Latest,rigour
full,Latest,roadmap
full,Latest,robust
full,Latest,robustly
full,Latest,robustness
full,Latest,rollout
full,Latest,root
full,Latest,rose
full,Latest,routes
full,Latest,routine
full,Latest,routinely
full,Latest,routing
full,Latest,rubric
full,Latest,rule
full,Latest,safe
full,Latest,safeguards
full,Latest,scalar
full,Latest,scales
full,Latest,scarce
full,Latest,scenes
full,Latest,scheduling
full,Latest,scholarship
full,Latest,scope
full,Latest,score
full,Latest,screened
full,Latest,searched
full,Latest,sectoral
full,Latest,seeking
full,Latest,segmentation
full,Latest,selected
full,Latest,selection
full,Latest,selective
full,Latest,selectively
full,Latest,selectivity
full,Latest,selects
full,Latest,semantically
full,Latest,semantics
full,Latest,semi
full,Latest,sentiment
full,Latest,separability
full,Latest,separable
full,Latest,separates
full,Latest,sequential
full,Latest,served
full,Latest,service
full,Latest,session
full,Latest,settings
full,Latest,severe
full,Latest,severely
full,Latest,severity
full,Latest,shape
full,Latest,shaped
full,Latest,shapes
full,Latest,shared
full,Latest,sharper
full,Latest,sharply
full,Latest,sharpness
full,Latest,she
full,Latest,shielding
full,Latest,shift
full,Latest,shifted
full,Latest,shifting
full,Latest,shifts
full,Latest,short
full,Latest,shortages
full,Latest,shortens
full,Latest,shorter
full,Latest,shot
full,Latest,showed
full,Latest,signature
full,Latest,similarity
full,Latest,simplified
full,Latest,simultaneous
full,Latest,simultaneously
full,Latest,single
full,Latest,sites
full,Latest,situating
full,Latest,skill
full,Latest,slope
full,Latest,sluggish
full,Latest,smoothing
full,Latest,smoothness
full,Latest,social
full,Latest,soft
full,Latest,source
full,Latest,sourcing
full,Latest,space
full,Latest,spanning
full,Latest,sparsity
full,Latest,specialization
full,Latest,specific
full,Latest,specified
full,Latest,speculative
full,Latest,spillover
full,Latest,splits
full,Latest,squares
full,Latest,stabilisation
full,Latest,stability
full,Latest,stabilization
full,Latest,stabilize
full,Latest,stabilized
full,Latest,stabilizes
full,Latest,stabilizing
full,Latest,stable
full,Latest,stacking
full,Latest,staggered
full,Latest,stagnation
full,Latest,stakeholder
full,Latest,stakes
full,Latest,standard
full,Latest,standardisation
full,Latest,standardise
full,Latest,standardised
full,Latest,standardization
full,Latest,standardized
full,Latest,standing
full,Latest,state
full,Latest,states
full,Latest,status
full,Latest,steeper
full,Latest,steepest
full,Latest,steering
full,Latest,strain
full,Latest,strategy
full,Latest,stratifies
full,Latest,strengthen
full,Latest,strengthened
full,Latest,strengthening
full,Latest,strengthens
full,Latest,strict
full,Latest,strong
full,Latest,stronger
full,Latest,strongest
full,Latest,strongly
full,Latest,structural
full,Latest,structurally
full,Latest,structure
full,Latest,structured
full,Latest,structuring
full,Latest,subjective
full,Latest,subjectivity
full,Latest,submission
full,Latest,subsequent
full,Latest,subset
full,Latest,subsets
full,Latest,substantial
full,Latest,substantially
full,Latest,subtle
full,Latest,suffer
full,Latest,suggest
full,Latest,suggestive
full,Latest,summaries
full,Latest,summarises
full,Latest,summarizes
full,Latest,supervisory
full,Latest,support
full,Latest,supported
full,Latest,supporting
full,Latest,supportive
full,Latest,supports
full,Latest,surges
full,Latest,suspected
full,Latest,suspicion
full,Latest,sustain
full,Latest,sustained
full,Latest,sustaining
full,Latest,sustains
full,Latest,symbolic
full,Latest,symmetric
full,Latest,symmetry
full,Latest,synergistic
full,Latest,synergistically
full,Latest,synergized
full,Latest,synergizes
full,Latest,synergy
full,Latest,synthesis
full,Latest,synthesise
full,Latest,synthesised
full,Latest,synthesises
full,Latest,synthesize
full,Latest,synthesized
full,Latest,synthesizes
full,Latest,synthetic
full,Latest,system
full,Latest,systematic
full,Latest,systematically
full,Latest,tabular
full,Latest,tactical
full,Latest,talent
full,Latest,target
full,Latest,task
full,Latest,technical
full,Latest,technically
full,Latest,temporal
full,Latest,temporally
full,Latest,tensions
full,Latest,terminology
full,Latest,testable
full,Latest,text
full,Latest,textual
full,Latest,texture
full,Latest,thematic
full,Latest,thematically
full,Latest,theory
full,Latest,thoughtful
full,Latest,threaten
full,Latest,threatening
full,Latest,threatens
full,Latest,throughput
full,Latest,tiered
full,Latest,tiers
full,Latest,tighter
full,Latest,timelines
full,Latest,timeliness
full,Latest,timepoints
full,Latest,together
full,Latest,toolkit
full,Latest,toward
full,Latest,trace
full,Latest,traceability
full,Latest,traceable
full,Latest,tractable
full,Latest,traditionally
full,Latest,traditions
full,Latest,trainable
full,Latest,trained
full,Latest,trait
full,Latest,trajectories
full,Latest,trajectory
full,Latest,transcend
full,Latest,transfer
full,Latest,transferability
full,Latest,transferable
full,Latest,transformation
full,Latest,transformations
full,Latest,transformed
full,Latest,transforms
full,Latest,transient
full,Latest,transition
full,Latest,transitions
full,Latest,translatable
full,Latest,translate
full,Latest,translates
full,Latest,translating
full,Latest,translation
full,Latest,transparency
full,Latest,transparent
full,Latest,trigger
full,Latest,triggered
full,Latest,triggers
full,Latest,triple
full,Latest,trusted
full,Latest,trustworthiness
full,Latest,trustworthy
full,Latest,truth
full,Latest,tunability
full,Latest,tuned
full,Latest,tunes
full,Latest,turnaround
full,Latest,umbrella
full,Latest,unaddressed
full,Latest,unavailable
full,Latest,uncertain
full,Latest,uncertainty
full,Latest,unchanged
full,Latest,uncharacterized
full,Latest,unclear
full,Latest,uncommon
full,Latest,unconstrained
full,Latest,uncontrolled
full,Latest,undefined
full,Latest,under
full,Latest,underappreciated
full,Latest,underdeveloped
full,Latest,undergoes
full,Latest,undermine
full,Latest,undermined
full,Latest,undermines
full,Latest,undermining
full,Latest,underpins
full,Latest,underpowered
full,Latest,underrecognized
full,Latest,underrepresented
full,Latest,understood
full,Latest,underutilized
full,Latest,unequal
full,Latest,uneven
full,Latest,unevenly
full,Latest,uneventful
full,Latest,unexplained
full,Latest,unfolds
full,Latest,unified
full,Latest,unifies
full,Latest,uniform
full,Latest,uniformly
full,Latest,unify
full,Latest,unifying
full,Latest,uniquely
full,Latest,unity
full,Latest,universal
full,Latest,universally
full,Latest,unlabelled
full,Latest,unmeasured
full,Latest,unmet
full,Latest,unnecessary
full,Latest,unproven
full,Latest,unrecognized
full,Latest,unreliable
full,Latest,unremarkable
full,Latest,unreported
full,Latest,unresolved
full,Latest,unseen
full,Latest,unstructured
full,Latest,unsupported
full,Latest,untested
full,Latest,updated
full,Latest,updates
full,Latest,upgrading
full,Latest,upper
full,Latest,uptake
full,Latest,usability
full,Latest,validated
full,Latest,validation
full,Latest,validity
full,Latest,value
full,Latest,valuing
full,Latest,variability
full,Latest,variable
full,Latest,variant
full,Latest,variants
full,Latest,variation
full,Latest,varies
full,Latest,vary
full,Latest,verifiable
full,Latest,verification
full,Latest,versatile
full,Latest,versus
full,Latest,via
full,Latest,vicious
full,Latest,viewed
full,Latest,vigor
full,Latest,virtual
full,Latest,visibility
full,Latest,visible
full,Latest,volatile
full,Latest,volatility
full,Latest,voting
full,Latest,vulnerabilities
full,Latest,vulnerability
full,Latest,vulnerable
full,Latest,warning
full,Latest,warrant
full,Latest,warranted
full,Latest,warrants
full,Latest,weak
full,Latest,weaken
full,Latest,weakened
full,Latest,weakening
full,Latest,weakens
full,Latest,weaker
full,Latest,weakly
full,Latest,weakness
full,Latest,whereas
full,Latest,whether
full,Latest,whose
full,Latest,widely
full,Latest,wise
full,Latest,within
full,Latest,without
full,Latest,wonder
full,Latest,work
full,Latest,workload
full,Latest,world
full,Latest,worsening
full,Latest,year
full,Latest,yet
full,Latest,yield
full,Latest,yielded
full,Latest,yielding
full,Latest,yields
