word,saved_decision,run_1,run_2,in_random_sample,retained_full,retained_train0,retained_train1,selected_set_full
abcd,exclude,T,T,True,False,False,False,
abductor,exclude,T,T,True,False,False,False,
abilities,include,G,,False,True,True,True,
ability,include,G,,False,True,True,True,
ablation,exclude,T,T,True,False,False,False,
abolishes,include,G,,False,True,True,True,
above,include,G,,False,True,True,True,
absence,include,G,,False,True,True,True,
absent,include,G,,False,True,True,True,
absolute,include,G,,False,True,True,True,
abundant,include,G,,False,True,True,True,
academic,include,B,,False,True,True,True,
accelerate,include,G,,False,True,True,True,
accelerated,include,G,,False,True,True,True,
accelerates,include,G,,False,True,True,True,
accelerating,include,G,,False,True,True,True,
acceptability,include,G,,False,True,True,True,
acceptable,include,G,,False,True,True,True,
acceptance,include,G,,False,True,True,True,
access,include,G,,False,True,True,True,
accessibility,include,B,,False,True,True,True,
accessible,include,G,,False,True,True,True,
accessing,include,G,,False,True,True,True,
accommodates,include,G,,False,True,True,True,
accommodating,include,G,,False,True,True,True,
accommodations,include,B,,False,True,True,True,
accompanied,include,G,G,True,True,True,True,
accordance,include,G,,False,True,True,True,
according,include,G,,False,True,True,True,
accountability,include,T,,False,True,True,True,
accounted,include,G,,False,True,True,True,
accounting,include,G,,False,True,True,True,
accumulating,include,G,G,True,True,True,True,
accuracy,include,G,,False,True,True,True,
accurate,include,G,,False,True,True,True,
accurately,include,G,,False,True,True,True,
acetylene,exclude,T,T,True,False,False,False,
achieve,include,G,,False,True,True,True,
achieved,include,G,G,True,True,True,True,
achieves,include,G,,False,True,True,True,Latest
achieving,include,G,,False,True,True,True,Intermediate
acknowledged,include,G,,False,False,False,True,
acknowledges,include,G,,False,True,True,True,
acknowledging,include,G,,False,True,True,True,
across,include,G,,False,True,True,True,Latest
action,include,G,,False,True,True,True,
actionability,include,G,,False,True,True,True,
actionable,include,G,,False,True,True,True,
active,include,G,,False,True,True,True,
actively,include,G,,False,True,True,True,
acts,include,G,G,True,True,True,True,
actual,include,G,,False,False,False,True,
actuation,exclude,T,T,True,False,False,False,
acupuncture,exclude,T,T,True,False,False,False,
adapt,include,G,,False,True,True,True,
adaptability,include,G,,False,True,True,True,
adaptable,include,G,G,True,True,True,True,
adaptation,include,G,,False,True,True,True,
adaptations,include,G,,False,True,True,True,
adapted,include,G,,False,True,True,True,
adaption,include,G,G,True,False,False,False,
adaptive,include,B,,False,True,True,True,
adaptively,include,G,,False,True,True,True,
adapts,include,G,,False,True,True,True,
added,include,G,G,True,True,True,False,
adding,include,G,,False,True,True,True,
addition,include,G,,False,True,True,True,
additional,include,G,,False,True,True,True,
additionally,include,G,,False,True,True,True,Early
additive,include,B,,False,True,True,True,
address,include,G,,False,True,True,True,
addressed,include,G,,False,False,False,True,
addresses,include,G,,False,True,True,True,
addressing,include,G,,False,True,True,True,
adept,include,G,,False,True,True,True,
adequacy,include,G,,False,True,True,True,
adequately,include,G,,False,True,True,True,
adhered,include,G,,False,True,True,True,
adheres,include,G,,False,True,True,True,
adhering,include,G,,False,True,True,True,
adjacent,include,G,,False,False,True,True,
adjudicated,include,B,,False,True,True,True,
adjudication,include,T,,False,True,True,True,
adjusted,include,B,,False,True,True,True,
adjusting,include,G,,False,True,True,True,
adjustment,include,B,B,True,True,True,True,
adjustments,include,G,,False,True,True,True,
adjusts,include,G,,False,True,True,True,
administering,include,G,,False,False,True,True,
administrative,include,B,,False,True,True,True,
adopt,include,G,,False,True,True,True,
adopted,include,G,,False,True,True,True,
adopting,include,G,,False,True,True,True,
adoption,include,G,,False,True,True,True,
adopts,include,G,,False,True,True,True,
advance,include,G,,False,True,True,True,
advanced,include,B,,False,True,True,True,
advancement,include,G,,False,True,True,True,
advancements,include,G,G,True,True,True,True,Intermediate
advances,include,G,,False,True,True,True,
advancing,include,G,,False,True,True,True,
advantages,include,G,,False,True,True,True,
adverse,include,B,,False,True,True,True,
adversely,include,G,,False,False,True,False,
advocacy,include,T,,False,True,True,True,
advocate,include,G,,False,True,True,True,
advocates,include,G,,False,True,True,True,
advocating,include,G,,False,True,True,True,
aesthetic,include,B,,False,True,True,True,
affect,include,B,,False,True,True,True,
affecting,include,G,,False,True,True,True,
affects,include,G,,False,True,True,True,
affirm,include,G,,False,True,True,True,
affirmed,include,G,,False,True,True,True,
affirming,include,G,,False,True,True,True,
affordability,include,T,,False,True,True,True,
affording,include,G,,False,True,True,True,
against,include,G,,False,True,True,True,
agency,include,G,,False,True,True,True,
agendas,include,G,,False,True,True,True,
aggregate,include,G,,False,True,False,True,
agile,include,G,,False,False,True,True,
agnostic,include,G,,False,True,True,True,
agnp,exclude,T,T,True,False,False,False,
agreeing,include,G,,False,False,False,True,
agreement,include,G,,False,True,True,True,
ags,exclude,T,T,True,False,False,False,
aid,include,G,,False,True,True,True,
aiding,include,G,,False,True,True,True,Early
aids,include,B,,False,True,True,False,
aimed,include,G,,False,True,True,True,
aiming,include,G,,False,True,True,True,
aims,include,G,,False,True,True,True,Early
akin,include,G,,False,True,True,True,
alarmingly,include,G,,False,True,True,True,
alaska,exclude,T,T,True,False,False,False,
align,include,G,,False,True,True,True,
aligned,include,G,,False,True,True,True,
aligning,include,G,,False,True,True,True,
alignment,include,B,,False,True,True,True,
aligns,include,G,,False,True,True,True,
alleviate,include,G,,False,True,True,True,Early
alleviated,include,G,,False,True,True,True,Latest
alleviates,include,G,,False,True,True,True,
alleviating,include,G,,False,True,True,True,
allocated,include,G,,False,False,True,False,
allowing,include,G,,False,True,True,True,
alone,include,G,,False,True,True,True,
along,include,G,,False,True,True,True,
alongside,include,G,,False,True,True,True,Latest
alter,include,G,,False,True,False,True,
alterations,include,B,,False,True,True,True,
altered,include,G,,False,True,True,True,
altering,include,G,G,True,True,True,True,
alternative,include,G,,False,True,True,True,
alternatives,include,G,,False,True,True,True,
alters,include,G,G,True,True,True,True,
although,include,G,,False,True,True,True,
amalgamation,include,G,,False,True,False,True,
ambiguities,include,G,,False,True,True,True,
ambiguity,include,G,,False,True,True,True,
ambiguous,include,G,,False,False,False,True,
ameliorative,include,G,,False,False,True,True,
amid,include,G,,False,True,True,True,
amidst,include,G,,False,True,True,True,
among,include,G,,False,True,True,True,
analog,include,B,B,True,False,False,True,
analysed,include,G,,False,True,True,True,
analytics,include,T,,False,True,True,True,
analyze,include,G,,False,True,True,True,
analyzes,include,G,,False,True,True,True,
anatomically,exclude,T,T,True,False,False,False,
anchor,include,G,,False,True,True,True,
anchors,include,G,,False,True,True,True,
annotate,include,B,,False,False,True,False,
annotated,include,B,,False,True,True,True,
annotating,include,B,,False,True,True,True,
annotations,include,T,,False,True,True,True,
annualized,include,B,,False,True,True,True,
annually,include,G,,False,True,True,True,
anomalies,include,B,,False,True,True,True,
anomaly,include,B,,False,True,True,True,
anonymised,include,T,,False,False,True,False,
anonymized,include,G,,False,True,True,True,
anterior,exclude,T,T,True,False,False,False,
anthracycline,exclude,T,T,True,False,False,False,
anticipated,include,G,,False,True,True,True,
anticipating,include,G,,False,True,True,True,
anticipatory,include,G,,False,True,True,True,
antimicrobial,exclude,T,T,True,False,False,False,
anything,include,G,,False,False,True,True,
apparent,include,G,,False,True,True,True,
applicability,include,G,,False,True,True,True,
applicable,include,G,,False,True,True,True,
application,include,G,,False,True,True,True,
applications,include,G,,False,True,True,True,
applied,include,G,,False,True,True,False,
applies,include,G,,False,True,True,True,
apply,include,G,,False,False,True,False,
applying,include,G,,False,True,True,True,
appraisal,include,B,,False,True,True,True,
appraised,include,G,,False,False,False,True,
approach,include,G,,False,True,True,True,
approaches,include,G,,False,True,True,True,
approaching,include,G,,False,True,True,True,
appropriate,include,G,G,True,False,True,True,
approval,include,B,,False,True,True,True,
approvals,include,B,,False,True,True,True,
approved,include,B,,False,False,True,True,
approximately,include,G,,False,True,True,True,
aptt,exclude,T,T,True,False,False,False,
area,include,G,B,True,True,True,True,
areas,include,G,,False,True,True,True,
areata,exclude,T,T,True,False,False,False,
argue,include,G,,False,True,True,True,
argues,include,G,,False,True,True,True,
arguing,include,G,,False,True,True,True,
arise,include,G,,False,True,True,True,
arises,include,G,,False,True,True,True,
arising,include,G,,False,True,True,True,
arm,include,B,,False,False,False,True,
arrhythmic,exclude,T,T,True,False,False,False,
art,include,B,,False,True,True,True,
articulate,include,G,,False,False,True,False,
artifact,include,B,B,True,False,False,False,
artificial,include,T,,False,True,True,True,
ascertain,include,G,,False,False,True,False,
ascertainment,include,T,,False,True,True,True,
asl,exclude,T,T,True,False,False,False,
aspect,include,G,,False,True,True,True,
aspects,include,G,,False,True,True,True,
assembled,include,G,,False,True,True,True,
assembles,include,G,,False,True,True,True,
assemblies,include,T,,False,True,True,True,
assess,include,G,,False,True,True,True,
assessed,include,G,,False,True,True,True,
assesses,include,G,,False,True,True,True,
assessing,include,G,,False,True,True,True,
assessment,include,G,,False,True,True,True,
assessments,include,G,G,True,True,True,True,
assigned,include,G,,False,True,True,True,
assigns,include,G,,False,True,True,True,
assist,include,G,,False,True,True,False,
assistance,include,G,,False,True,True,True,
assisted,include,G,B,True,True,True,True,
associated,include,G,,False,True,True,True,
association,include,G,,False,True,True,True,
associations,include,G,,False,True,True,True,
assumptions,include,G,,False,True,True,True,
astragalus,exclude,T,T,True,False,False,False,
astrocytoma,exclude,T,T,True,False,False,False,
asynchronous,include,T,T,True,True,True,True,
ata,exclude,T,T,True,False,False,False,
atrophic,exclude,T,T,True,False,False,False,
attaching,exclude,G,G,True,False,False,False,
attainment,include,G,,False,True,True,True,
attains,include,G,,False,True,True,True,
attention,include,B,,False,True,True,True,
attitudes,include,G,T,True,True,True,True,
attitudinal,include,G,,False,False,False,True,
attracted,include,G,,False,True,True,True,
attributable,include,G,,False,True,True,True,
attributed,include,G,,False,True,True,True,
attributes,include,G,,False,True,True,True,
attributing,include,G,,False,True,True,False,
attribution,include,G,,False,True,True,True,
atypical,include,B,,False,True,True,True,
audiences,include,G,,False,False,False,True,
auditable,include,G,,False,True,True,True,
auditing,include,B,T,True,True,True,True,
audits,include,B,,False,False,True,True,
augmentation,include,B,,False,True,True,True,
augmented,include,B,,False,True,True,True,
augmenting,include,G,,False,True,True,True,
aureus,exclude,T,T,True,False,False,False,
authentic,include,G,,False,True,True,True,
authenticity,include,G,,False,True,True,True,
authored,include,G,,False,True,True,True,
authoritative,include,G,,False,True,True,True,
authority,include,G,,False,True,False,True,
authorship,include,T,,False,True,True,True,
automate,include,G,,False,True,True,True,
automates,include,G,,False,True,True,True,
automatic,include,G,,False,True,False,True,
automating,include,G,,False,True,True,True,
automation,include,T,,False,True,True,True,
autonomously,include,G,,False,True,True,True,
autophagy,exclude,T,T,True,False,False,False,
auxiliary,include,G,,False,True,True,True,
availability,include,G,,False,True,True,True,
avenue,include,G,,False,True,True,True,Early
avenues,include,G,,False,True,True,True,
average,include,G,,False,True,True,True,
averaging,include,G,G,True,False,False,False,
averting,include,G,,False,True,True,False,
avid,include,G,,False,True,True,True,
avoidable,include,G,,False,True,True,False,
avoidance,include,B,,False,True,True,True,
avoiding,include,G,,False,False,False,True,
awards,include,G,,False,True,True,False,
aware,include,G,,False,True,True,True,
awareness,include,G,,False,True,True,True,
axspa,exclude,T,T,True,False,False,False,
azo,exclude,T,T,True,False,False,False,
backdrop,include,G,,False,True,True,True,
backgrounds,include,G,,False,True,True,True,
balance,include,B,,False,True,True,True,
balanced,include,G,,False,True,True,True,
balances,include,G,,False,True,True,True,
balancing,include,G,G,True,True,True,True,
bands,exclude,T,B,True,False,False,False,
barrier,include,B,B,True,True,True,True,
barriers,include,B,,False,True,True,True,
barthel,exclude,T,T,True,False,False,False,
base,include,G,,False,True,True,True,
based,include,G,,False,True,True,True,
baseline,include,G,,False,True,True,True,
baselines,include,G,,False,True,True,True,
basis,include,G,,False,True,True,True,
because,include,G,,False,True,True,True,
become,include,G,,False,True,True,True,
becoming,include,G,,False,True,False,True,
begg's,exclude,T,T,True,False,False,False,
behaviors,include,B,,False,True,True,True,
behavioural,include,T,,False,False,False,True,
behind,include,G,,False,True,True,True,
below,include,G,,False,True,True,True,
benchmarks,exclude,B,B,True,False,False,False,
beneath,include,G,G,True,False,True,True,
beneficial,include,G,,False,True,True,True,
benefit,include,G,,False,True,True,True,
benefiting,include,G,G,True,True,True,True,Early
benefits,include,G,,False,True,True,True,
bespoke,include,G,,False,False,False,True,
best,include,G,,False,True,True,True,
better,include,G,,False,True,True,True,
beyond,include,G,,False,True,True,True,
bias,include,B,,False,True,True,True,
biases,include,B,,False,True,True,True,
biasing,include,G,,False,False,False,True,
bidirectionally,include,G,,False,True,True,True,
billions,exclude,G,G,True,False,False,False,
binary,include,B,,False,True,True,True,
bioeconomy,exclude,T,T,True,False,False,False,
biomaterials,exclude,T,T,True,False,False,False,
biomonitoring,exclude,T,T,True,False,False,False,
birthing,exclude,T,T,True,False,False,False,
blank,include,B,B,True,False,False,False,
blind,include,B,B,True,False,False,False,
blueprint,include,G,,False,True,True,True,
blur,include,B,,False,True,True,True,
blurred,include,G,,False,False,True,False,
bmsc,exclude,T,T,True,False,False,False,
boasts,include,G,G,True,True,True,True,
bolster,include,G,,False,True,True,True,
bolstered,include,G,,False,True,True,False,
bolstering,include,G,,False,True,True,True,
bonferroni,exclude,T,T,True,False,False,False,
boost,include,G,,False,True,True,True,
boosts,include,G,,False,True,True,True,
bottleneck,include,B,,False,True,True,True,
bottlenecks,include,G,,False,True,True,True,
bottom,include,G,G,True,False,False,False,
boundaries,include,G,,False,True,True,True,
boundary,include,B,,False,True,True,True,
bounded,include,B,,False,True,True,True,
bounding,include,B,,False,True,True,True,
bounds,include,G,,False,True,False,True,
brackets,exclude,B,T,True,False,False,False,
branch,include,B,,False,True,True,True,
breaches,include,B,,False,True,True,True,
breaking,include,G,,False,False,True,True,
breakthroughs,include,G,G,True,True,True,True,
bridge,include,G,,False,True,True,True,
bridges,include,B,B,True,True,True,True,
bridging,include,G,,False,True,True,True,
broad,include,G,,False,True,True,True,
broadened,include,G,,False,False,False,True,
broadening,include,G,,False,True,True,True,
broadens,include,G,,False,True,True,True,
broader,include,G,,False,True,True,True,Latest
broadest,include,G,,False,True,True,True,
broadly,include,G,,False,True,True,True,
bronchodilator,exclude,T,T,True,False,False,False,
budgets,include,G,,False,False,True,False,
build,include,G,,False,True,True,True,
building,include,G,,False,True,True,True,
buildup,exclude,G,G,True,False,False,False,
built,include,G,,False,True,True,True,
burden,include,G,,False,True,True,True,
burdens,include,G,,False,True,True,True,
burgeoning,include,G,,False,True,True,True,
cag,exclude,T,T,True,False,False,False,
calculating,include,G,G,True,False,False,False,
calculator,include,T,,False,False,True,False,
calibrating,include,G,,False,False,True,False,
called,include,G,,False,True,True,False,
camel,exclude,T,T,True,False,False,False,
candidate,include,B,,False,True,True,True,
candidates,include,B,,False,True,True,True,
cannot,include,G,,False,True,True,True,
capabilities,include,G,,False,True,True,True,
capability,include,G,,False,True,True,True,
capable,include,G,,False,True,True,True,
capacity,include,G,,False,True,True,True,
capitalizing,include,G,,False,True,True,True,
capture,include,G,,False,True,True,True,
captured,include,G,,False,True,True,True,
captures,include,G,,False,True,True,True,
capturing,include,G,,False,True,True,True,
carbonaceous,exclude,T,T,True,False,False,False,
carcinoma,exclude,T,T,True,False,False,False,
cardiovascular,exclude,T,T,True,False,False,False,
career,include,T,,False,True,True,True,
careful,include,G,,False,True,True,True,
caregiver's,exclude,T,T,True,False,False,False,
cascade,exclude,B,B,True,False,False,False,
cascading,include,G,,False,True,True,True,
case,include,B,,False,True,True,True,
cases,include,G,,False,True,True,True,
catalog,include,G,,False,True,True,True,
categorical,include,G,,False,True,True,True,
categories,include,G,,False,True,True,True,
categorized,include,G,,False,True,True,True,
categorizes,include,G,,False,True,True,True,
categorizing,include,G,G,True,True,True,True,
category,include,G,,False,True,True,True,
cater,include,G,,False,True,False,True,
causal,exclude,B,G,True,False,False,False,
causally,include,G,,False,True,True,True,
causation,include,G,,False,False,False,True,
cause,include,G,,False,True,True,True,
caused,include,G,,False,True,True,True,
causes,include,G,,False,True,True,True,
causing,include,G,G,True,True,True,True,
caution,include,G,,False,True,True,True,
cautious,include,G,,False,True,True,True,
cautiously,include,G,,False,True,True,True,
ccsd,exclude,T,T,True,False,False,False,
ceiling,include,B,,False,True,False,True,
cellulose,exclude,T,T,True,False,False,False,
centered,include,G,,False,True,True,True,
centering,include,G,,False,True,True,True,
central,include,G,,False,True,True,True,
centrality,include,B,,False,True,True,False,
centralized,include,G,,False,True,True,True,
centred,include,G,,False,True,True,True,
certain,include,G,,False,True,True,True,
certainty,include,G,,False,True,True,True,
challenge,include,G,,False,True,True,True,
challenges,include,G,,False,True,True,True,Intermediate
challenging,include,G,,False,True,True,True,
changed,include,G,,False,True,True,False,
changes,include,G,,False,True,True,True,
changing,include,G,,False,False,False,True,
chaotic,include,B,,False,False,False,True,
characterise,include,G,,False,True,False,True,
characterised,include,G,,False,True,True,True,
characteristic,include,B,B,True,True,True,True,
characteristics,include,G,,False,True,True,True,
characterization,include,G,,False,True,True,True,
characterize,include,G,,False,True,True,True,
characterized,include,G,,False,True,True,True,
characterizes,include,G,,False,True,True,True,
characterizing,include,G,,False,False,True,True,
charted,include,G,,False,True,True,True,
charting,include,G,,False,True,True,True,
checklist,include,G,,False,True,True,True,
checklists,include,T,,False,True,True,True,
checks,include,G,,False,True,True,True,
chief,include,G,,False,True,True,True,
china's,exclude,T,T,True,False,False,False,
chlorides,exclude,T,T,True,False,False,False,
chlorophyll,exclude,T,T,True,False,False,False,
chondrosarcoma,exclude,T,T,True,False,False,False,
chosen,include,G,,False,False,False,True,
circumventing,include,G,,False,True,True,True,
circumvents,include,G,,False,True,True,True,
citing,include,T,,False,True,True,True,
citrobacter,exclude,T,T,True,False,False,False,
claims,include,B,,False,True,True,True,
clarifies,include,G,,False,True,True,True,
clarify,include,G,,False,True,True,True,
clarifying,include,G,G,True,True,True,True,
clarity,include,G,,False,True,True,True,
classes,include,G,,False,True,True,True,
classifications,include,G,,False,True,True,True,
classifies,include,G,,False,True,True,True,
classify,include,G,G,True,True,True,True,
classifying,include,G,,False,True,True,True,
cleanliness,include,B,,False,False,False,True,
clear,include,G,,False,True,True,True,
clearer,include,G,,False,True,True,True,
clearest,include,G,,False,True,True,True,
clinical,exclude,G,B,True,False,False,False,
closed,include,G,,False,True,True,True,
closely,include,G,,False,True,True,True,
closure,include,B,,False,True,True,True,
cluster,include,B,,False,False,True,True,
clusters,include,B,,False,True,True,True,
cobalt,exclude,T,T,True,False,False,False,
code,include,T,,False,True,True,True,
codes,include,B,,False,True,True,True,
coefficient,include,T,,False,True,True,True,
coexist,include,G,,False,True,True,True,
coexistence,include,G,,False,True,True,True,
coexisting,include,G,,False,True,True,True,
coexists,include,G,,False,True,True,True,
cognitions,exclude,T,T,True,False,False,False,
coherence,include,B,,False,True,True,True,
coherent,include,G,,False,True,True,True,
cohesion,include,G,,False,False,False,True,
cohesive,include,G,,False,True,True,True,
cohesiveness,include,G,,False,True,False,False,
cohort,exclude,T,B,True,False,False,False,
coinciding,include,G,,False,True,True,True,
collaboration,include,G,,False,True,True,True,
collaborations,include,G,G,True,True,True,True,
collaborative,include,G,,False,True,True,True,
collaboratively,include,G,,False,True,True,True,
collect,include,G,,False,True,True,True,
collected,include,G,,False,True,True,True,
collection,include,G,,False,True,True,True,
collective,include,G,,False,True,True,True,
collectively,include,G,,False,True,True,True,
colocalized,exclude,T,T,True,False,False,False,
colonial,exclude,T,T,True,False,False,False,
colposcopy,exclude,T,T,True,False,False,False,
combat,include,G,,False,True,True,True,
combating,include,G,,False,True,True,True,
combination,include,G,,False,False,True,False,
combinations,include,G,,False,True,True,True,
combine,include,G,,False,True,True,True,
combined,include,G,,False,True,True,True,
combines,include,G,G,True,True,True,True,
combining,include,G,,False,True,True,True,
comfort,include,G,,False,True,True,True,
commendable,include,G,,False,True,True,True,
commercial,include,G,,False,True,True,True,
commitments,include,G,,False,True,True,True,
common,include,G,,False,True,True,True,
commonalities,include,G,G,True,False,False,False,
commonly,include,G,,False,True,True,True,
communal,include,G,,False,False,True,False,
communicated,include,G,G,True,False,False,False,
communities,include,B,,False,True,True,True,
community,include,B,,False,True,True,True,
compact,include,G,,False,True,True,True,
compactness,include,T,B,True,True,True,True,
comparability,include,G,,False,True,True,True,
comparable,include,G,,False,True,True,True,
comparative,include,G,,False,True,True,True,
comparatively,include,G,G,True,True,True,True,
comparator,include,T,,False,True,True,True,
comparators,include,T,,False,True,True,True,
compares,include,G,,False,True,True,True,
comparisons,include,G,,False,True,True,True,
compartments,exclude,B,B,True,False,False,False,
compatibility,include,B,,False,True,True,True,
compatible,include,G,,False,True,True,True,
compelling,include,G,,False,True,True,True,
compensates,include,G,,False,True,True,True,
compensation,include,B,,False,True,True,True,
competence,include,B,,False,True,True,True,
competencies,include,B,,False,True,True,True,
competency,include,B,,False,True,True,True,
competition,include,B,,False,False,False,True,
competitive,include,G,,False,True,True,True,
competitiveness,include,B,T,True,True,True,True,
compile,include,G,G,True,False,False,False,
compiles,include,G,,False,True,True,True,
compiling,include,G,,False,False,True,False,
complement,include,B,,False,True,True,True,
complementarity,include,G,,False,True,True,True,
complementary,include,G,,False,True,True,True,
complemented,include,G,,False,True,True,True,
complementing,include,G,,False,True,True,True,
complements,include,G,,False,True,True,True,
complete,include,G,,False,True,True,True,
completed,include,G,,False,True,True,True,
completeness,include,G,,False,True,True,True,
completion,include,G,,False,True,True,True,
complex,include,B,,False,True,True,True,
complexities,include,G,,False,True,True,True,Early
complexity,include,G,,False,True,True,True,
compliance,include,B,,False,True,True,True,
compliant,include,B,,False,True,True,True,
complicate,include,G,,False,True,True,True,
complicates,include,G,,False,True,True,True,
complicating,include,G,,False,True,True,True,
component,include,G,,False,True,True,True,
components,include,G,,False,True,True,True,
composition,include,B,,False,True,True,True,
compositions,include,B,,False,False,True,True,
compounded,include,G,,False,True,True,True,
compounding,include,B,,False,True,True,True,
comprehend,include,G,,False,True,True,True,
comprehending,include,G,,False,True,True,True,
comprehensibility,include,G,,False,True,True,True,
comprehension,include,B,,False,True,True,True,
comprehensive,include,G,,False,True,True,True,Intermediate
comprehensively,include,G,,False,True,True,True,
comprehensiveness,include,G,,False,True,True,True,
compression,include,T,,False,True,True,True,
compressive,include,T,,False,True,True,True,
comprised,include,G,,False,True,True,True,
comprises,include,G,,False,True,True,True,
comprising,include,G,,False,True,True,True,
compromise,include,G,,False,True,True,True,
compromised,include,G,,False,True,True,True,
compromises,include,G,,False,True,True,True,
compromising,include,G,,False,True,True,True,
computation,include,G,,False,False,False,True,
computed,include,B,,False,True,True,True,
computes,include,G,,False,True,True,True,
computing,include,T,,False,True,True,True,
concentrated,include,G,,False,True,True,True,
concept,include,G,,False,True,True,True,
conceptual,include,G,,False,True,True,True,
conceptualize,include,G,,False,True,True,True,
conceptualized,include,G,,False,True,True,True,
conceptualizes,include,G,,False,True,True,True,
conceptualizing,include,G,,False,True,True,True,
conceptually,include,G,,False,True,True,True,
concern,include,G,,False,True,True,True,
concerning,include,G,,False,True,False,True,
concerns,include,G,,False,True,True,True,
concise,include,G,,False,False,True,False,
concludes,include,G,,False,True,True,True,
concurrent,include,G,,False,True,True,True,
concurrently,include,G,,False,True,True,True,
condition,include,B,,False,True,True,True,
conditions,include,G,,False,True,True,True,
conducive,include,G,,False,True,True,True,
conduct,include,G,,False,True,True,True,
conducted,include,G,,False,True,True,True,
conducting,include,G,,False,True,True,True,
conducts,include,G,G,True,True,True,True,
conferred,include,G,,False,True,True,True,
confers,include,G,,False,True,True,True,
confidence,include,B,,False,True,True,True,
configured,include,G,,False,False,False,True,
confined,include,G,,False,True,True,True,
confinement,include,T,,False,True,True,True,
confining,include,G,,False,False,True,False,
confirm,include,G,,False,True,True,True,
confirmation,include,G,,False,True,True,True,
confirmed,include,G,G,True,True,True,True,
confirming,include,G,,False,True,True,True,
confirms,include,G,G,True,True,True,True,
conflict,include,B,,False,True,True,True,
confounder,include,T,T,True,True,True,True,
confounders,include,T,,False,False,True,False,
confront,include,G,,False,False,False,True,
confronting,include,G,,False,False,False,True,
conjunction,include,G,,False,True,True,True,
connect,include,G,,False,True,True,True,
connected,include,G,,False,False,False,True,
connecting,include,G,,False,True,True,True,
connection,include,G,G,True,True,True,True,
connections,include,G,,False,True,True,True,
connects,include,G,,False,True,True,True,
consensus,include,B,,False,True,True,True,
consent,include,T,,False,False,True,True,
consequential,include,G,,False,True,True,True,
consequently,include,G,,False,True,True,True,
consider,include,G,,False,True,True,True,
considerable,include,G,,False,True,True,True,
considerably,include,G,,False,False,False,True,
considerations,include,G,G,True,True,True,True,
considering,include,G,,False,True,True,True,
consistency,include,G,,False,True,True,True,
consistent,include,G,,False,True,True,True,
consistently,include,G,,False,True,True,True,
consisting,include,G,,False,False,False,True,
consists,include,G,,False,False,True,False,
consolidate,include,G,,False,True,True,True,
consolidated,include,G,G,True,True,True,True,
consolidates,include,G,,False,True,True,True,
consolidating,include,G,,False,True,True,True,
consortia,exclude,B,B,True,False,False,False,
constituents,include,B,,False,True,True,True,
constitutes,include,G,,False,False,False,True,
constrain,include,G,,False,True,True,True,
constrained,include,G,,False,True,True,True,
constraining,include,G,,False,True,True,True,
constrains,include,G,,False,True,True,True,
constraint,include,G,,False,True,True,True,
constraints,include,G,,False,True,True,True,
construct,include,B,B,True,True,True,True,
constructed,include,G,,False,True,True,True,Early
constructing,include,G,,False,True,True,True,
construction,include,G,,False,True,True,True,
consumer,include,T,,False,True,True,True,
consuming,include,G,,False,True,True,True,
consumption,include,B,,False,True,True,True,
contains,include,G,,False,True,True,True,
contemporaneous,include,G,,False,True,True,True,
contemporary,include,G,,False,True,True,True,
contend,include,G,,False,False,False,True,
content,include,G,,False,True,True,True,
contentious,include,G,G,True,True,True,True,
contents,include,G,,False,True,True,True,
contested,include,G,,False,True,True,True,
context,include,G,G,True,True,True,True,
contexts,include,G,,False,True,True,True,
contextual,include,G,,False,True,True,True,
contextualize,include,G,G,True,True,True,True,
contextualized,include,G,,False,True,True,True,
contextually,include,G,G,True,True,True,True,
continued,include,G,,False,True,True,True,
continues,include,G,,False,True,True,True,
continuity,include,B,,False,True,True,True,
continuous,include,G,,False,True,True,True,
contradiction,include,G,,False,False,True,False,
contrast,include,B,,False,True,True,True,
contrasting,include,G,G,True,True,True,True,
contrastive,include,T,,False,True,True,True,
contrasts,include,G,,False,True,True,True,
contribute,include,G,,False,True,True,True,
contributed,include,G,,False,True,True,True,
contributes,include,G,,False,True,True,True,
contributing,include,G,,False,True,True,True,
contribution,include,G,,False,True,True,True,
contributor,include,G,G,True,True,True,True,
contributors,include,G,,False,True,True,True,
controllability,include,T,,False,True,True,True,
controllable,include,G,,False,True,True,True,
controlling,include,G,,False,False,False,True,
contusion,exclude,T,T,True,False,False,False,
convenience,include,B,,False,True,True,True,
conventional,include,G,,False,True,True,True,
converge,include,G,,False,True,True,True,
converged,include,G,,False,True,True,True,
convergence,include,G,,False,True,True,True,
convergent,include,B,,False,True,True,True,
converges,include,G,,False,True,True,True,
converging,include,G,,False,True,True,True,
conversational,include,B,B,True,True,True,True,
conversely,include,G,,False,True,True,True,
conversion,include,B,,False,True,True,True,
convert,include,G,,False,False,True,False,
converts,include,G,,False,True,True,True,
cooperative,include,G,,False,True,True,True,
cooperatively,include,G,,False,True,False,True,
coordinate,include,G,,False,True,True,True,
coordinated,include,G,,False,True,True,True,
coordinates,include,B,B,True,True,True,True,
coordinating,include,G,,False,True,True,True,
coordination,include,B,,False,True,True,True,
coping,include,B,,False,True,True,True,
core,include,B,,False,True,True,True,
cornerstone,include,G,,False,True,True,True,
coronary,exclude,T,T,True,False,False,False,
corrected,include,G,,False,True,True,True,
correction,include,B,,False,True,True,True,
corrects,include,G,,False,False,True,True,
correlation,include,B,,False,True,True,True,
correlational,include,G,,False,True,True,True,
corroborated,include,G,,False,False,True,False,
cost,include,G,B,True,True,True,True,
costly,include,G,,False,False,True,False,
count,include,G,,False,True,True,True,
counteracts,include,G,,False,False,False,True,
counterfactual,include,T,,False,True,True,True,
countering,include,G,,False,True,True,True,
counterintuitive,include,G,,False,False,True,True,
counterparts,include,G,,False,True,True,True,
coverage,include,B,B,True,True,True,True,
covering,include,G,,False,True,True,True,
cpl,exclude,T,T,True,False,False,False,
crafted,include,G,,False,True,True,True,
crafting,include,G,,False,True,True,True,
create,include,G,,False,True,True,True,
created,include,G,,False,True,True,True,
creates,include,G,,False,True,True,True,
creating,include,G,G,True,True,True,True,
creation,include,G,,False,True,True,True,
creativity,include,B,T,True,True,True,True,
credibility,include,G,,False,True,True,True,
credible,include,G,,False,True,True,True,
criteria,include,G,,False,True,True,True,
criterion,include,G,B,True,True,True,True,
critic,include,B,,False,True,True,True,
critical,include,G,,False,True,True,True,
criticality,include,T,,False,False,True,False,
critically,include,B,,False,True,True,True,
crucial,include,G,,False,True,True,True,Early
crucially,include,G,,False,True,True,True,
culminated,include,G,,False,False,False,True,
culminating,include,G,,False,True,True,True,
cultivate,include,G,,False,True,True,True,
cultivating,include,G,,False,True,True,True,
cultivation,exclude,T,T,True,False,False,False,
cumulative,include,G,,False,True,True,True,
curated,include,G,G,True,True,True,True,
curation,include,T,,False,True,True,True,
curbing,include,G,,False,True,True,True,
curiosity,include,G,,False,True,True,True,
current,include,G,,False,True,True,True,
currently,include,G,,False,False,True,True,
curve,include,B,,False,True,True,True,
curves,include,B,,False,True,True,True,
custom,include,G,,False,True,True,True,
customised,include,G,,False,False,True,False,
customizable,include,G,,False,True,True,True,
customization,include,G,,False,True,True,True,
customize,include,G,,False,True,True,True,
customized,include,G,,False,True,True,True,
customizing,include,G,,False,True,True,True,
cutoff,include,G,,False,False,True,True,
cutoffs,include,T,,False,True,True,True,
cutting,include,G,,False,True,True,True,
cycle,include,B,,False,True,True,True,
cycles,include,B,,False,True,True,True,
cyclic,include,T,,False,True,True,True,
cyclical,include,G,,False,False,False,True,
cytarabine,exclude,T,T,True,False,False,False,
cytoprotective,exclude,T,T,True,False,False,False,
damage,include,G,,False,True,True,True,
dampening,include,G,,False,True,True,True,
data,include,G,,False,True,True,True,
database,include,T,,False,True,True,True,
databases,include,T,,False,True,True,True,
dataset,include,G,,False,True,True,True,
davidson,exclude,T,T,True,False,False,False,
day,include,G,G,True,False,False,False,
ddr,exclude,T,T,True,False,False,False,
debated,include,G,,False,False,True,False,
debriefing,include,T,,False,True,True,True,
decades,include,G,,False,True,True,True,
decent,include,G,,False,False,False,True,
decentralized,include,G,,False,True,True,True,
decided,include,G,,False,True,True,True,
deciphered,include,G,,False,False,True,False,
decision,include,G,,False,True,True,True,
decisions,include,G,,False,True,True,True,
decline,include,G,,False,True,True,True,
declined,include,G,,False,True,True,True,
declines,include,G,,False,True,True,True,
declining,include,G,,False,True,True,True,
decode,include,G,,False,True,True,True,
decoding,include,T,,False,True,True,True,
decomposes,include,B,,False,True,True,True,
decomposition,include,B,,False,True,True,True,
decouple,include,G,,False,True,True,True,
decoupled,include,B,,False,True,True,True,
decouples,include,G,,False,True,True,True,
dedicated,include,G,,False,True,True,True,
deductive,include,G,,False,True,True,True,
deductively,include,G,,False,True,True,True,
deduplication,include,T,,False,True,True,True,
deemed,include,G,,False,True,True,True,
deep,include,B,,False,True,True,True,
deepen,include,G,,False,True,True,True,
deepened,include,G,,False,True,True,True,
deepening,include,G,,False,True,True,True,
deepens,include,G,,False,True,True,True,
deeper,include,G,,False,True,True,True,
deferred,include,G,,False,True,True,True,
deficits,include,B,B,True,True,True,True,
define,include,G,,False,True,True,True,
defined,include,G,,False,True,True,True,
defines,include,G,,False,True,True,True,
defining,include,G,,False,True,True,True,
definitions,include,G,,False,True,True,True,
definitive,include,G,,False,True,True,True,
degrade,exclude,G,B,True,False,False,False,
degree,include,B,,False,False,True,False,
degrees,include,B,,False,True,True,False,
delayed,include,G,,False,True,True,True,
delaying,include,G,,False,False,True,True,
delays,include,G,,False,True,True,True,
deleting,include,B,,False,False,False,True,
deliberate,include,G,,False,True,True,True,
deliberately,include,G,,False,True,True,True,
delicate,include,G,G,True,False,False,False,
delineate,include,G,,False,True,True,True,
delineates,include,G,,False,True,True,True,
delineating,include,G,,False,True,True,True,
deliver,include,G,B,True,False,False,False,
delivered,include,G,B,True,True,True,True,
delivering,include,G,,False,True,True,True,
delivers,include,G,,False,True,True,True,
delivery,include,B,,False,True,True,True,
delve,include,G,,False,True,True,True,
delved,include,G,G,True,True,True,True,
delves,include,G,,False,True,True,True,Early
delving,include,G,,False,True,True,True,
demand,include,G,,False,True,True,True,
demanding,include,G,,False,True,True,True,
demands,include,G,,False,True,True,True,
demonstrate,include,G,,False,True,True,True,
demonstrated,include,G,,False,True,True,True,
demonstrates,include,G,,False,True,True,True,
demonstrating,include,G,,False,True,True,True,
demonstrations,include,G,,False,True,True,True,
denial,include,G,,False,False,False,True,
denotes,include,G,,False,False,False,True,
denser,include,G,,False,True,True,True,
depend,include,G,,False,True,True,True,
dependable,include,G,,False,True,True,True,
dependence,include,B,,False,True,True,True,
dependencies,include,G,,False,True,True,True,
dependency,include,B,,False,True,True,True,
dependent,include,G,,False,True,True,True,
depending,include,G,,False,False,False,True,
depends,include,G,,False,True,True,True,
depiction,include,G,,False,False,False,True,
depletes,include,G,,False,True,True,True,
depleting,include,B,,False,True,True,False,
deployed,include,G,,False,True,True,True,
deploying,include,G,,False,True,True,True,
deployments,include,B,,False,True,True,True,
depth,include,G,,False,True,True,True,
derivatives,include,T,,False,True,True,True,
derive,include,G,,False,True,True,True,
derived,include,G,,False,True,True,True,
derives,include,G,,False,True,True,True,
dermatitis,exclude,T,T,True,False,False,False,
descriptive,include,G,,False,True,True,True,
descriptively,include,G,,False,True,True,True,
descriptor,include,T,,False,True,True,True,
design,include,G,,False,True,True,True,
designed,include,G,,False,True,True,True,
designing,include,G,G,True,True,True,True,
designs,include,G,,False,True,True,True,
desired,include,G,,False,False,True,True,
despite,include,G,,False,True,True,True,
destabilization,include,T,,False,True,True,False,
destabilize,include,G,,False,True,True,True,
destabilizes,include,B,,False,True,True,True,
destabilizing,include,G,,False,False,True,False,
destructive,include,G,,False,True,True,True,
detail,include,G,,False,False,False,True,
detailed,include,G,,False,True,True,True,
detailing,include,G,,False,True,True,True,
details,include,G,,False,True,True,True,
detect,include,G,,False,False,True,False,
detectability,include,G,,False,True,True,True,
detectable,include,G,,False,True,True,True,
detections,include,G,,False,False,True,True,
deterioration,include,G,,False,True,True,True,
determinant,include,B,,False,True,True,True,
determinants,include,G,,False,True,True,True,
determining,include,G,,False,True,True,True,
detrimental,include,G,,False,True,True,True,
deuterium,exclude,T,T,True,False,False,False,
develop,include,G,,False,True,True,True,
developed,include,G,G,True,True,True,True,
developing,include,G,,False,True,True,True,
development,include,G,,False,True,True,True,
develops,include,G,,False,True,True,True,
deviates,include,G,,False,False,False,True,
deviating,include,G,,False,True,True,True,
deviations,include,B,,False,True,True,True,
device,include,B,,False,True,True,True,
devices,include,B,,False,True,True,True,
devise,include,G,,False,False,True,False,
devising,include,G,,False,True,True,True,
dialogue,include,G,,False,True,False,True,
dichotomy,include,G,,False,True,True,True,
dictate,include,G,,False,False,True,False,
dictates,include,G,,False,True,True,True,
dictating,include,G,,False,False,True,True,
differ,include,G,G,True,True,True,True,
differed,include,G,,False,True,True,True,
differences,include,G,,False,True,True,True,
different,include,G,,False,True,True,True,
differentiable,include,T,,False,True,True,True,
differential,include,B,B,True,True,True,True,
differentially,include,B,,False,True,True,True,
differentials,include,B,,False,False,False,True,
differentiated,include,B,,False,False,False,True,
differentiating,include,B,,False,True,True,True,
difficult,include,G,,False,True,True,True,
difficulties,include,G,,False,True,True,True,
difficulty,include,G,,False,False,True,True,
digitally,include,B,,False,True,True,True,
digitization,include,T,,False,True,True,True,
dignity,include,B,,False,True,True,True,
dimension,include,G,,False,False,True,True,
dimensionality,include,T,,False,True,True,True,
dimensionless,include,T,,False,False,True,False,
diminished,include,G,,False,True,True,True,
diminishes,include,G,,False,True,True,True,
diminishing,include,G,,False,True,True,True,
dinuclear,exclude,T,T,True,False,False,False,
direct,include,G,,False,True,True,True,
directed,include,G,,False,True,True,True,
direction,include,G,,False,True,True,True,
directional,include,G,,False,True,True,True,
directionality,include,G,,False,False,False,True,
directionally,include,G,,False,True,True,True,
directions,include,G,,False,True,True,True,
directly,include,G,,False,True,True,True,
directs,include,G,,False,True,True,True,
disaggregated,include,G,,False,True,True,True,
disagree,include,G,,False,True,False,True,
disagreements,include,G,,False,True,False,True,
discern,include,G,,False,True,True,True,
discerned,include,G,,False,True,True,True,
discernible,include,G,,False,True,True,True,
discerning,include,G,,False,True,True,True,
disclosure,include,B,,False,False,True,True,
disclosures,include,T,,False,True,True,True,
discomfort,include,B,,False,True,True,True,
disconnect,include,G,G,True,True,True,True,
disconnected,include,G,,False,False,True,False,
disconnection,include,G,,False,True,True,True,
discontinuations,include,T,,False,True,True,True,
discontinuities,include,G,,False,True,True,True,
discordance,include,B,,False,True,True,True,
discordant,include,G,,False,True,True,False,
discourse,include,B,G,True,False,True,False,
discover,include,G,,False,False,True,False,
discovered,include,G,G,True,True,True,True,
discovery,include,G,,False,True,True,True,
discrepancies,include,G,,False,True,True,True,
discrete,include,G,,False,True,True,True,
discussed,include,G,,False,True,True,True,
discusses,include,G,,False,True,True,True,
discussing,include,G,,False,True,False,True,
discussion,include,B,,False,True,True,True,
discussions,include,G,,False,True,True,True,
disengagement,include,G,,False,True,True,True,
disentangling,include,G,,False,True,True,True,
disordered,include,B,,False,False,False,True,
disorganization,include,B,,False,True,True,True,
disparities,include,B,,False,True,True,True,
displacing,include,G,,False,True,False,True,
displayed,include,G,,False,True,True,True,
displaying,include,G,,False,True,True,True,
disproportionality,include,T,,False,True,True,True,
disproportionate,include,G,,False,True,True,True,
disproportionately,include,G,,False,True,True,True,
disregarded,include,G,G,True,False,False,False,
disrupt,include,G,,False,True,True,True,
disrupted,include,G,,False,True,True,True,
disrupting,include,G,,False,True,True,True,
disruption,include,B,,False,True,True,True,
disruptions,include,G,,False,True,True,True,
disruptors,include,T,,False,False,True,False,
disrupts,include,G,,False,True,True,True,Latest
dissatisfaction,include,G,B,True,False,False,False,
dissect,include,G,G,True,True,True,True,
dissecting,include,G,,False,True,True,True,
dissemination,include,B,,False,True,True,True,
dissertations,include,T,,False,False,True,False,
dissipative,exclude,T,T,True,False,False,False,
distinct,include,G,,False,True,True,True,
distinction,include,G,,False,True,True,True,
distinctions,include,G,,False,True,True,True,
distinctive,include,G,,False,True,True,True,
distinctiveness,include,G,,False,False,True,True,
distinguish,include,G,,False,True,True,True,
distinguished,include,G,,False,False,True,False,
distinguishes,include,G,,False,True,True,True,
distinguishing,include,G,,False,True,True,True,
distort,include,G,,False,True,True,True,
distortion,include,G,,False,True,True,True,
distress,include,B,,False,True,True,True,
distributed,include,G,,False,True,True,True,
distributing,include,G,,False,False,True,False,
distributional,include,T,,False,True,True,True,
distrust,include,T,,False,True,True,True,
disturbance,include,B,,False,True,True,True,
diverge,include,G,,False,True,True,True,
divergence,include,B,,False,True,True,True,
divergent,include,B,,False,True,True,True,
diverse,include,G,,False,True,True,True,
diversification,include,B,,False,True,True,True,
diversify,include,G,,False,False,False,True,
diversifying,include,G,,False,True,True,True,
diversity,include,G,,False,True,True,True,
divided,include,G,,False,True,True,True,
divides,include,G,,False,False,True,False,
dlco,exclude,T,T,True,False,False,False,
documentation,include,G,,False,True,True,True,
documented,include,G,,False,True,True,True,
documents,include,G,,False,True,True,True,
domain,include,B,,False,True,True,True,
domains,include,B,,False,True,True,True,
dominance,include,G,,False,True,True,True,
dominant,include,B,,False,True,True,True,
dominate,include,G,,False,True,True,True,
dominated,include,G,,False,True,True,True,
dominates,include,G,G,True,True,False,True,
drawbacks,include,G,,False,False,True,False,
drawing,include,G,,False,True,True,True,
drg,exclude,T,T,True,False,False,False,
drift,include,B,,False,True,True,True,
drifts,include,B,,False,True,True,True,
drive,include,G,,False,True,True,True,
driven,include,G,,False,True,True,True,Latest
driver,include,B,,False,True,True,True,
drivers,include,B,,False,True,True,True,
drives,include,G,,False,True,True,True,
driving,include,B,,False,True,True,True,
drove,include,G,,False,True,True,True,
dual,include,G,,False,True,True,True,
duality,include,G,,False,True,True,True,
due,include,G,,False,True,True,True,
duplicates,include,G,,False,False,True,False,
durability,include,B,,False,True,True,True,
durable,include,G,,False,True,True,True,
duration,include,G,,False,True,True,True,
dynamic,include,G,,False,True,True,True,
dynamically,include,G,,False,True,True,True,
dynamics,include,B,,False,True,True,True,
dystrophin,exclude,T,T,True,False,False,False,
earlier,include,G,,False,True,True,True,
early,include,G,,False,True,True,True,
ease,include,G,,False,True,True,True,
easily,include,G,,False,False,True,False,
easing,include,G,,False,False,False,True,
easy,include,G,,False,False,True,True,
ecc,exclude,T,T,True,False,False,False,
ecologically,include,B,,False,True,True,True,
economic,include,G,,False,True,True,True,
edentulous,exclude,T,T,True,False,False,False,
editing,include,B,T,True,True,True,True,
education,include,B,T,True,True,True,True,
effect,include,G,,False,True,True,True,
effective,include,G,,False,True,True,True,
effectively,include,G,,False,True,True,True,
effectiveness,include,G,,False,True,True,True,
effects,include,G,,False,True,True,True,
efficacy,include,B,,False,True,True,True,
efficiency,include,G,,False,True,True,True,
efficient,include,G,,False,True,True,True,
efficiently,include,G,,False,True,True,True,
efforts,include,G,,False,True,True,True,
elaborates,include,G,,False,True,True,True,
electrocatalyst,exclude,T,T,True,False,False,False,
electronic,include,B,,False,True,True,True,
electrostatic,exclude,T,T,True,False,False,False,
element,include,G,,False,True,True,True,
elements,include,G,,False,True,True,True,
elephant,exclude,T,T,True,False,False,False,
elevate,include,G,,False,True,True,True,
elevated,include,G,,False,True,True,True,
elevates,include,G,,False,True,True,True,
elevating,include,G,,False,True,True,True,
elevation,include,B,,False,False,True,True,
eligible,include,G,,False,True,True,True,
eliminates,include,G,,False,True,True,True,
eliminating,include,G,,False,True,True,True,
elucidate,include,G,,False,True,True,True,
elucidated,include,G,,False,True,True,True,
elucidates,include,G,,False,True,True,True,
elucidating,include,G,,False,True,True,True,
elusive,include,G,,False,True,True,True,
embed,include,G,,False,True,True,True,
embeds,include,G,,False,True,True,True,
embodied,include,B,,False,True,True,True,
embodiment,include,T,,False,False,True,True,
embraced,include,G,G,True,False,True,True,
embracing,include,G,,False,True,True,True,
emerge,include,G,,False,True,True,True,
emerged,include,G,,False,True,True,True,
emergence,include,G,,False,True,True,True,
emerges,include,G,,False,True,True,True,
emerging,include,G,,False,True,True,True,
emotion,include,T,,False,True,True,True,
emotionally,include,T,B,True,True,True,True,
emotions,include,B,B,True,True,True,True,
empathetic,include,T,,False,True,True,True,
empathy,include,B,,False,False,True,True,
emphasis,include,G,,False,True,True,True,
emphasise,include,G,,False,True,True,True,
emphasised,include,G,,False,True,True,True,
emphasises,include,G,G,True,True,True,True,
emphasising,include,G,,False,True,True,True,
emphasize,include,G,,False,True,True,True,
emphasizes,include,G,,False,True,True,True,
emphasizing,include,G,,False,True,True,True,Intermediate
empirical,include,G,,False,True,True,True,
employ,include,G,,False,True,True,True,
employed,include,G,,False,True,True,True,
employing,include,G,,False,True,True,True,Early
employs,include,G,G,True,True,True,True,
empower,include,G,,False,True,True,True,
empowering,include,G,,False,True,True,True,
empowerment,include,B,,False,False,True,True,
empowers,include,G,,False,True,True,True,
emulate,include,G,,False,True,True,True,
emulating,include,G,,False,True,True,True,
emulation,include,B,,False,True,True,True,
enable,include,G,G,True,True,True,True,
enabled,include,G,,False,True,True,True,
enablers,include,G,,False,True,True,True,
enables,include,G,,False,True,True,True,Latest
enabling,include,G,,False,True,True,True,Latest
enacted,include,G,,False,False,False,True,
encapsulate,include,G,,False,False,True,True,
encapsulates,include,G,,False,True,True,True,
encompass,include,G,,False,True,True,True,
encompassed,include,G,,False,True,True,True,Early
encompasses,include,G,,False,True,True,True,
encompassing,include,G,,False,True,True,True,
encounter,include,G,,False,True,True,True,
encountered,include,G,,False,True,True,True,
encountering,include,G,,False,True,True,True,
encounters,include,G,B,True,True,True,True,
encourage,include,G,,False,False,False,True,
encouragement,include,G,G,True,False,False,False,
endangers,include,G,,False,True,False,False,
endeavor,include,G,,False,True,True,True,
endeavors,include,G,,False,True,True,True,
endeavours,include,G,,False,True,True,True,
endocrine,exclude,T,T,True,False,False,False,
endowing,include,G,,False,True,True,True,
endows,include,G,,False,True,True,True,
endure,include,G,,False,False,True,True,
enduring,include,G,,False,True,True,True,
energetic,include,T,,False,False,True,False,
energy,include,B,B,True,True,True,True,
enforce,include,G,,False,False,True,True,
enforces,include,G,,False,True,True,True,
enforcing,include,G,,False,True,True,True,
engage,include,G,,False,True,True,True,
engaged,include,G,,False,True,True,True,
engagement,include,B,,False,True,True,True,
engages,include,G,,False,True,True,True,
engaging,include,G,,False,True,True,True,
enhance,include,G,,False,True,True,True,Intermediate
enhanced,include,G,,False,True,True,True,
enhancement,include,G,,False,True,True,True,
enhancements,include,G,,False,True,True,True,
enhances,include,G,,False,True,True,True,Intermediate
enhancing,include,G,,False,True,True,True,Intermediate
enjoyment,include,T,,False,False,False,True,
enlargement,include,T,,False,False,False,True,
enlarging,include,G,,False,True,True,True,
enriches,include,G,,False,True,True,True,
enriching,include,G,,False,True,True,True,
enrolling,include,G,,False,True,True,True,
ensure,include,G,,False,True,True,True,
ensured,include,G,,False,False,False,True,
ensures,include,G,,False,True,True,True,
ensuring,include,G,,False,True,True,True,
entrenched,include,G,,False,True,True,True,
entropy,include,T,,False,True,True,True,
environment,include,G,,False,True,True,True,
epcam,exclude,T,T,True,False,False,False,
epigastric,exclude,T,T,True,False,False,False,
epistaxis,exclude,T,T,True,False,False,False,
epistemic,include,G,,False,True,True,True,
equalization,include,T,,False,True,True,True,
equation,include,B,,False,True,True,True,
equip,include,G,,False,True,True,True,
equipping,include,G,,False,True,True,True,
equitable,include,G,,False,True,True,True,Latest
equity,include,B,B,True,True,True,True,Latest
equivalence,include,B,B,True,True,True,True,
eradicating,include,G,,False,False,True,True,
eras,include,G,,False,False,True,True,
error,include,B,,False,True,True,True,
errors,include,G,,False,True,True,True,
escalate,include,G,,False,False,True,True,
escalated,include,G,,False,False,True,True,
escalating,include,G,,False,True,True,True,
escalation,include,B,,False,True,True,True,
escape,include,B,,False,False,False,True,
esophagitis,exclude,T,T,True,False,False,False,
especially,include,G,,False,True,True,True,
essence,include,G,G,True,False,False,False,
essential,include,G,,False,True,True,True,
establish,include,G,,False,True,True,True,
established,include,G,,False,True,True,True,
establishes,include,G,,False,True,True,True,
establishing,include,G,,False,True,True,True,
estimated,include,G,,False,True,True,True,
estimates,include,G,,False,True,True,True,
estimating,include,G,G,True,False,False,False,
estimation,include,B,,False,True,True,True,
estrogens,exclude,T,T,True,False,False,False,
etc,exclude,G,G,True,False,False,False,
ethical,include,G,,False,True,True,True,
ethically,include,G,G,True,True,True,True,
eular,exclude,T,T,True,False,False,False,
evaluable,include,T,,False,True,True,True,
evaluate,include,G,,False,True,True,True,
evaluated,include,G,,False,True,True,True,
evaluates,include,G,,False,True,True,True,
evaluating,include,G,,False,True,True,True,
evaluation,include,G,,False,True,True,True,
evaluations,include,G,,False,True,True,True,
evaluative,include,G,,False,True,True,True,
evaluator,include,B,,False,True,True,False,
even,include,G,,False,False,False,True,
evenness,include,T,,False,True,True,False,
everyday,include,G,,False,True,True,True,
evidence,include,G,,False,True,True,True,
evidenced,include,G,,False,True,True,True,
evidentiary,include,G,,False,True,True,True,
evolve,include,G,,False,True,True,True,
evolved,include,G,,False,False,False,True,
evolves,include,G,,False,False,True,False,
evolving,include,G,,False,True,True,True,
evs,exclude,T,T,True,False,False,False,
exacerbate,include,G,,False,True,True,True,
exacerbates,include,G,G,True,True,True,True,
exacerbating,include,G,,False,True,True,True,
examination,include,B,,False,True,True,True,
examine,include,G,,False,True,True,True,
examined,include,G,,False,True,True,True,
examines,include,G,,False,True,True,True,
examining,include,G,,False,True,True,True,
exceeded,include,G,,False,True,True,True,
exceeding,include,G,,False,True,True,True,
exceedingly,include,G,,False,True,True,True,
excel,include,G,,False,True,True,True,
excelled,include,G,,False,True,True,True,
excellent,include,G,,False,True,True,True,
excels,include,G,,False,True,True,True,
exceptional,include,G,,False,True,True,True,
exceptionally,include,G,,False,True,True,True,
excessive,include,G,,False,True,True,True,
exchange,include,B,,False,True,True,True,
excluded,include,G,,False,True,True,True,
excludes,include,G,,False,False,True,True,
excluding,include,G,,False,True,True,True,
exclusion,include,G,B,True,True,True,True,
exclusions,include,G,G,True,True,True,True,
exclusively,include,G,,False,True,True,True,
execution,include,G,,False,True,True,True,
executive,exclude,B,B,True,False,False,False,
exemplified,include,G,G,True,False,False,False,
exemplifies,include,G,,False,True,True,True,
exert,include,G,,False,True,True,True,
exerting,include,G,,False,True,True,True,
exertional,exclude,T,T,True,False,False,False,
exerts,include,G,,False,True,True,True,
exhausted,include,B,,False,True,True,True,
exhibit,include,G,,False,True,True,True,
exhibited,include,G,,False,True,True,True,
exhibiting,include,G,,False,True,True,True,
exhibits,include,G,,False,True,True,True,
existential,include,G,,False,True,True,True,
existing,include,G,,False,True,True,True,
exp,exclude,T,T,True,False,False,False,
expand,include,G,,False,True,True,True,
expanded,include,G,,False,True,True,True,
expanding,include,G,,False,True,True,True,
expands,include,G,,False,True,True,True,
expansion,include,B,,False,True,True,True,
expansive,include,G,,False,True,True,True,
expectancies,include,T,T,True,False,False,False,
expectations,include,G,,False,True,True,True,
expected,include,G,,False,False,True,False,
expedite,include,G,,False,True,True,True,
expedited,include,G,,False,False,False,True,
expediting,include,G,,False,True,True,True,
expenses,include,G,,False,False,True,False,
experience,include,G,G,True,True,True,True,
experienced,include,G,,False,True,True,True,
experiences,include,G,,False,True,True,True,
experiencing,include,G,,False,True,True,True,Early
experiential,include,G,,False,True,True,True,
experiment,include,G,,False,False,False,True,
experimentally,include,G,,False,True,True,True,
experiments,include,G,,False,True,True,True,
expert,include,G,,False,True,True,True,
expertise,include,G,,False,True,True,True,
experts,include,G,,False,True,True,True,
explainability,include,T,,False,True,True,True,
explaining,include,G,,False,True,True,True,
explanations,include,G,,False,True,True,True,
explanatory,include,G,,False,True,True,True,
explicit,include,G,,False,True,True,True,
explicitly,include,G,,False,True,True,True,
exploits,include,G,,False,False,True,True,
exploration,include,G,,False,True,True,True,Early
explorations,include,G,,False,False,True,False,
exploratory,include,G,,False,True,True,True,
explore,include,G,,False,True,True,True,
explored,include,G,,False,True,True,True,
explores,include,G,,False,True,True,True,Intermediate
exploring,include,G,,False,True,True,True,Early
exposes,include,G,,False,True,True,True,
exposures,include,B,,False,True,True,True,
extend,include,G,,False,True,True,True,
extended,include,G,,False,True,True,True,
extending,include,G,,False,True,True,True,
extends,include,G,,False,True,True,True,
extensible,include,G,,False,True,True,True,
extension,include,B,,False,True,True,True,
extensive,include,G,,False,True,True,True,
extensively,include,G,G,True,True,True,True,
external,include,G,,False,True,True,True,
externally,include,G,,False,True,True,True,
extract,include,B,,False,True,True,True,
extractable,include,T,,False,True,True,True,
extracted,include,G,,False,True,True,True,
extracting,include,G,,False,True,True,True,
extrapolation,include,G,,False,True,True,False,
extreme,include,G,,False,True,True,True,
extremely,include,G,,False,True,False,True,
extremes,include,G,,False,True,True,False,
face,include,B,,False,True,True,True,
faced,include,G,,False,True,True,True,
faces,include,B,,False,True,True,True,
faceted,include,G,,False,False,True,False,
facilitate,include,G,G,True,True,True,True,
facilitated,include,G,,False,True,True,True,
facilitates,include,G,,False,True,True,True,
facilitating,include,G,,False,True,True,True,
facilitators,include,G,,False,True,True,True,
facing,include,G,,False,True,True,True,
factors,include,G,,False,True,True,True,
factual,include,G,,False,True,True,True,
fail,include,G,,False,True,True,True,
fails,include,G,G,True,True,True,True,
failure,include,B,,False,True,True,True,
failures,include,G,,False,True,False,True,
fairness,include,G,,False,True,True,True,
faith,exclude,T,T,True,False,False,False,
faithful,include,G,,False,True,True,False,
faithfully,include,G,,False,True,True,True,
fake,include,G,,False,False,False,True,
false,include,B,,False,True,True,True,
fasciitis,exclude,T,T,True,False,False,False,
faster,include,G,,False,True,True,True,
fat,exclude,T,T,True,False,False,False,
fault,include,B,,False,True,True,True,
faults,include,T,,False,True,True,True,
favorable,include,G,,False,True,True,True,Latest
favored,include,G,,False,True,True,True,
favoring,include,G,,False,True,True,True,
favourable,include,G,,False,True,True,True,
fcc,exclude,T,T,True,False,False,False,
feasibility,include,G,,False,True,True,True,
feasible,include,G,,False,True,True,True,
feature,include,G,,False,True,True,True,
features,include,G,,False,True,True,True,
featuring,include,G,,False,True,True,True,
few,include,G,,False,False,False,True,
fewer,include,G,,False,True,True,True,
fidelity,include,G,,False,True,True,True,
field,include,B,,False,True,True,True,
field's,exclude,G,G,True,False,False,False,
fields,include,G,,False,True,True,True,
fieldwork,include,T,,False,False,True,False,
fills,include,G,,False,True,True,True,
final,include,G,,False,True,True,True,
finalized,include,G,,False,True,True,True,
finally,include,G,,False,True,True,True,
financial,include,G,,False,True,True,True,
find,include,G,,False,True,True,True,
findings,include,G,,False,True,True,True,Intermediate
fine,include,B,,False,True,True,True,
finer,include,G,,False,False,True,True,
finite,include,B,,False,True,True,True,
firmness,include,T,,False,True,True,True,
firstly,include,G,,False,False,False,True,
fit,include,G,,False,False,True,False,
fivefold,include,G,,False,False,True,True,
fixed,include,B,,False,True,True,True,
flag,include,G,,False,False,True,False,
flagged,include,G,,False,True,True,True,
flags,include,G,,False,True,True,True,
flair,include,G,,False,False,False,True,
flask,exclude,T,T,True,False,False,False,
flavour,exclude,T,T,True,False,False,False,
flesch,exclude,T,T,True,False,False,False,
flexibility,include,G,,False,True,True,True,
flexible,include,G,,False,True,True,True,
flourishing,include,G,,False,True,True,True,
fluctuating,include,G,,False,True,True,True,
fluctuations,include,G,,False,True,True,True,
fluid,exclude,B,B,True,False,False,False,
focus,include,G,,False,True,True,True,
focused,include,G,,False,True,True,True,
focuses,include,G,,False,True,True,True,
focusing,include,G,,False,True,True,True,
foil,exclude,T,T,True,False,False,False,
follow,include,G,,False,True,True,True,
followed,include,G,,False,True,True,True,
followers,include,G,,False,False,True,True,
following,include,G,,False,True,True,True,
footprint,include,B,,False,True,True,True,
footprints,include,B,,False,False,True,False,
forbidden,include,G,G,True,True,True,False,
forces,include,B,,False,False,False,True,
forecasted,include,G,,False,False,False,True,
forecasting,include,T,,False,True,True,True,
forecasts,include,B,,False,True,True,True,
formal,include,G,,False,True,True,True,
formalized,include,G,G,True,False,True,False,
formally,include,G,G,True,False,False,False,
formation,include,B,,False,True,True,True,
formidable,include,G,G,True,True,True,True,
formula,include,B,,False,False,True,False,
formulating,include,G,,False,True,True,True,
formulations,exclude,B,B,True,False,False,False,
forthcoming,include,G,,False,True,True,True,
foster,include,B,,False,True,True,True,
fostered,include,G,,False,True,True,True,
fostering,include,G,,False,True,True,True,
fosters,include,G,,False,True,True,True,
foundation,include,G,,False,True,True,True,
foundational,include,G,,False,True,True,True,
foundations,include,G,,False,True,True,True,
fragility,include,B,,False,False,False,True,
fragmentation,include,B,,False,True,True,True,
fragmented,include,G,,False,True,True,True,
framed,include,G,,False,True,True,True,
framework,include,G,G,True,True,True,True,Latest
framework's,include,G,,False,True,True,True,
frameworks,include,G,,False,True,True,True,
framing,include,G,,False,True,True,True,
fraught,include,G,,False,False,True,False,
free,include,B,,False,True,True,True,
frequent,include,G,,False,True,True,True,
frequently,include,G,,False,True,True,True,
fresh,include,G,,False,False,True,False,
friendliness,include,G,,False,True,True,True,
friendly,include,G,G,True,True,True,True,
frontier,include,G,,False,True,True,True,
frontiers,include,G,,False,True,True,True,
fueling,include,G,,False,True,True,True,
fulfillment,include,G,,False,False,False,True,
full,include,G,,False,True,True,True,
fully,include,G,,False,True,True,True,
functionalities,include,G,,False,True,True,True,
functionality,include,G,,False,True,True,True,
functioning,include,B,,False,False,True,False,
functions,include,G,,False,True,True,True,
fundamental,include,G,,False,True,True,True,
fundamentally,include,G,,False,True,True,True,
fungal,exclude,T,T,True,False,False,False,
furnish,include,G,,False,True,True,True,
further,include,G,,False,True,True,True,
furthermore,include,G,,False,True,True,True,
future,include,G,,False,True,True,True,
gain,include,G,,False,True,True,True,
gained,include,G,,False,True,True,True,
gaining,include,G,,False,True,True,True,
gains,include,G,,False,True,True,True,
gan,exclude,T,T,True,False,False,False,
gap,include,G,,False,True,True,True,
gaps,include,G,,False,True,True,True,Latest
garnered,include,G,,False,True,True,True,
garnering,include,G,,False,True,True,True,
gatekeeper,exclude,T,B,True,False,False,False,
gather,include,G,,False,False,True,True,
gathered,include,G,,False,True,True,True,
gauged,include,G,,False,True,True,True,
geared,include,G,,False,False,False,True,
generalisability,include,G,,False,True,True,True,
generalizability,include,G,,False,True,True,True,
generalizable,include,G,,False,True,True,True,
generalization,include,G,,False,True,True,True,
generalize,include,G,,False,False,True,False,
generalized,include,B,,False,True,True,True,
generalizes,include,G,,False,True,True,True,
generalizing,include,G,,False,True,True,True,
generally,include,G,,False,True,True,True,
generate,include,G,,False,True,True,True,
generated,include,G,G,True,True,True,True,
generates,include,G,,False,True,True,True,
generating,include,G,,False,True,True,True,
generation,include,G,,False,True,True,True,
generational,include,G,,False,True,True,True,
generative,exclude,T,T,True,False,False,False,
gentle,include,G,,False,False,True,False,
genuine,include,G,,False,True,True,True,
geometric,exclude,B,B,True,False,False,False,
geriatric,exclude,T,T,True,False,False,False,
github,exclude,T,T,True,False,False,False,
gleaned,include,G,,False,False,False,True,
glial,exclude,T,T,True,False,False,False,
global,include,G,,False,True,True,True,
globally,include,G,,False,True,True,True,
gmp,exclude,T,T,True,False,False,False,
goals,include,G,,False,True,True,True,
good,include,G,,False,True,True,True,
govern,include,G,,False,True,True,True,
governance,include,T,,False,True,True,True,
governed,include,G,,False,True,True,True,
governing,include,G,,False,True,True,True,
governs,include,G,,False,True,True,True,
grading,include,B,,False,True,True,True,
gradual,include,G,,False,True,True,True,
gradually,include,G,,False,True,True,True,
grained,exclude,G,B,True,False,False,False,
granularity,include,G,,False,True,True,True,
grappling,include,G,,False,True,True,True,
grasp,include,G,B,True,False,False,False,
gratitude,include,B,,False,True,True,True,
grave,include,G,,False,False,True,True,
great,include,G,,False,True,True,True,
greater,include,G,,False,True,True,True,
greatest,include,G,,False,True,True,True,
greatly,include,G,,False,True,True,True,
ground,include,G,B,True,False,False,False,
groundbreaking,include,G,G,True,True,True,True,
grounded,include,G,,False,True,True,True,
grounding,include,G,,False,True,True,True,
groundwork,include,G,,False,True,True,True,
group's,include,G,,False,True,True,False,
groups,include,G,,False,True,True,True,
growers,exclude,T,T,True,False,False,False,
growing,include,G,,False,True,True,True,
guaranteeing,include,G,,False,True,True,False,
guarantees,include,G,,False,False,True,False,
guidance,include,B,,False,True,True,True,
guide,include,G,,False,True,True,True,
guided,include,B,,False,True,True,True,
guideline,include,T,,False,True,True,True,
guidelines,include,B,,False,True,True,True,
guides,include,G,,False,True,True,True,
guiding,include,G,,False,True,True,True,
habits,include,T,B,True,True,True,True,
haemodialysis,exclude,T,T,True,False,False,False,
hallmark,include,G,,False,True,True,True,
halting,include,G,,False,True,True,True,
handcrafted,include,G,,False,True,True,True,
handles,include,G,,False,True,True,True,
handling,include,G,,False,True,True,True,
harding,exclude,T,T,True,False,False,False,
hardship,include,B,,False,True,True,True,
harm,include,G,,False,True,True,True,
harmful,include,G,,False,True,True,True,
harming,include,G,,False,False,True,True,
harmonious,include,G,,False,True,True,True,
harmonisation,include,G,,False,True,True,True,
harmonised,include,G,,False,True,True,True,
harmonization,include,G,,False,True,True,True,
harmonize,include,G,,False,True,True,True,
harmonized,include,G,,False,True,True,True,
harmonizing,include,G,,False,True,True,True,
harmony,include,G,,False,True,True,True,
harness,include,G,,False,True,True,True,
harnesses,include,G,,False,True,True,True,
harnessing,include,G,,False,True,True,True,Early
hazardous,include,T,,False,False,False,True,
hca,exclude,T,T,True,False,False,False,
heavily,include,G,,False,True,True,True,
heavy,include,B,,False,True,True,True,
heighten,include,G,,False,True,True,True,
heightened,include,G,,False,True,True,True,
heightens,include,G,,False,True,False,True,
held,include,G,,False,False,False,True,
help,include,G,,False,True,True,True,
helpful,include,G,,False,True,True,True,
helping,include,G,,False,True,True,True,
helps,include,G,,False,True,True,True,
hence,include,G,,False,True,True,True,
her,include,G,,False,True,True,True,
herein,include,G,,False,True,True,True,
hesitancy,include,T,,False,True,True,True,
hesitant,include,B,,False,True,True,True,
hesperidin,exclude,T,T,True,False,False,False,
heuristics,include,T,,False,True,True,True,
hierarchies,include,G,G,True,True,True,True,
hierarchy,include,G,,False,True,True,True,
high,include,G,,False,True,True,True,
higher,include,G,,False,True,True,True,
highest,include,G,,False,True,True,True,
highlight,include,G,G,True,True,True,True,
highlighted,include,G,,False,True,True,True,
highlighting,include,G,,False,True,True,True,Intermediate
highlights,include,G,,False,True,True,True,Intermediate
highly,include,G,,False,True,True,True,
hinder,include,G,,False,True,True,True,
hindered,include,G,,False,True,True,True,
hindering,include,G,,False,True,True,True,
hinders,include,G,,False,True,True,True,
hindrance,include,G,,False,False,False,True,
hinges,include,G,,False,True,True,True,
hint,include,G,,False,False,False,True,
hinting,include,G,,False,True,True,True,
historical,include,G,,False,True,True,True,
historically,include,G,,False,True,True,True,
history,include,B,,False,True,True,True,
hold,include,G,,False,True,True,True,
holders,include,T,,False,False,True,True,
holding,include,G,,False,True,True,True,
holds,include,G,,False,True,True,True,Early
holistic,include,G,,False,True,True,True,
holistically,include,G,,False,True,True,True,
homogeneous,include,G,,False,True,True,True,
hoping,include,G,,False,True,True,True,
horizons,include,G,,False,True,True,True,
hot,include,B,,False,True,True,True,
however,include,G,,False,True,True,True,
humanistic,include,B,,False,True,True,True,
humility,include,T,,False,True,True,True,
hurdles,include,G,,False,True,True,True,
hyperparameter,exclude,T,T,True,False,False,False,
hypothesizing,include,G,,False,True,True,True,
ideal,include,G,,False,True,True,True,
idealized,include,G,G,True,True,True,True,
ideals,include,G,G,True,True,True,True,
ideas,include,G,,False,True,True,True,
identical,include,G,,False,True,True,True,
identifiable,include,G,,False,False,False,True,
identification,include,G,,False,True,True,True,
identifications,include,B,B,True,False,False,False,
identified,include,G,,False,True,True,True,
identifier,include,B,,False,True,True,True,
identifiers,include,T,,False,False,True,False,
identifies,include,G,,False,True,True,True,
identify,include,G,,False,True,True,True,
identifying,include,G,,False,True,True,True,
identity,include,B,,False,True,True,True,
illuminates,include,G,,False,True,True,True,
illuminating,include,G,G,True,True,True,True,
illumination,include,T,,False,True,True,True,
illustrates,include,G,,False,True,True,True,
illustrations,include,G,,False,True,True,True,
illustrative,include,G,G,True,True,True,True,
ils,exclude,T,T,True,False,False,False,
imbalanced,include,G,B,True,True,True,True,
imiquimod,exclude,T,T,True,False,False,False,
immediate,include,G,,False,True,True,True,
immense,include,G,,False,True,True,True,
immersive,include,T,,False,True,True,True,
imminent,include,G,G,True,False,False,False,
immunophenotypic,exclude,T,T,True,False,False,False,
impact,include,G,,False,True,True,True,Early
impacted,include,G,,False,True,True,True,
impactful,include,G,,False,True,True,True,
impacting,include,G,G,True,True,True,True,Early
impacts,include,G,,False,True,True,True,Early
imparting,include,G,,False,False,True,True,
imparts,include,G,,False,True,True,True,
impede,include,G,,False,False,False,True,
impedes,include,G,,False,True,True,True,
impediments,include,G,,False,False,True,True,
impeding,include,G,,False,True,True,True,
imperative,include,G,,False,True,True,True,
implementable,include,G,,False,True,True,True,
implementation,include,G,,False,True,True,True,
implementations,include,G,,False,False,True,False,
implementing,include,G,,False,True,True,True,Early
implicated,include,G,,False,True,True,True,
implicates,include,G,,False,True,True,True,
implicating,include,G,,False,True,True,True,
implications,include,G,,False,True,True,True,
importance,include,G,,False,True,True,True,
importantly,include,G,,False,True,True,True,
impose,include,G,,False,True,True,True,
imposes,include,G,,False,True,True,True,
imposing,include,G,,False,True,True,True,
impractical,include,G,,False,True,True,True,
imprecise,include,G,,False,True,True,True,
impressive,include,G,,False,True,True,True,
impressively,include,G,,False,True,True,True,
improve,include,G,,False,True,True,True,
improved,include,G,,False,True,True,True,
improvement,include,G,,False,True,True,True,
improvements,include,G,,False,True,True,True,
improves,include,G,G,True,True,True,True,
improving,include,G,,False,True,True,True,
inaccessible,include,G,,False,True,True,True,
inaccuracies,include,G,,False,True,True,True,
inadequate,include,G,,False,True,True,True,
inadequately,include,G,,False,True,True,True,
inadvertently,include,G,G,True,True,True,True,
inaugural,include,G,,False,True,True,True,
incidentally,include,G,,False,True,True,True,
include,include,G,,False,True,True,True,
included,include,G,,False,True,True,True,
includes,include,G,,False,True,True,True,
including,include,G,,False,True,True,True,
inclusion,include,B,,False,True,True,True,
inclusive,include,G,,False,True,True,True,
inclusivity,include,G,T,True,True,True,True,
incomplete,include,G,,False,True,True,True,
incompletely,include,G,G,True,True,True,True,
inconclusive,include,G,,False,True,True,True,
inconsistencies,include,G,,False,True,True,True,
inconsistent,include,G,,False,True,True,True,
inconsistently,include,G,,False,True,True,True,
incorporate,include,G,,False,True,True,True,
incorporated,include,G,,False,True,True,True,
incorporates,include,G,,False,True,True,True,
incorporating,include,G,,False,True,True,True,Intermediate
incorporation,include,G,,False,True,True,True,
increase,include,G,,False,False,False,True,
increasing,include,G,,False,True,True,True,
increasingly,include,G,,False,True,True,True,
incremental,include,G,,False,True,True,True,
incurring,include,G,,False,False,True,True,
independence,include,G,,False,True,True,True,
independent,include,G,,False,True,True,True,
independently,include,G,,False,True,True,True,
index,include,B,,False,True,True,True,
indexing,include,T,,False,False,True,False,
indicate,include,G,,False,True,True,True,
indicated,include,G,,False,True,True,True,
indicates,include,G,,False,True,True,True,
indicating,include,G,,False,True,True,True,
indicator,include,G,,False,True,True,True,
indicators,exclude,G,G,True,False,False,False,
indirect,include,G,,False,True,True,True,
indiscriminate,include,G,,False,False,True,False,
individual,include,G,,False,True,True,True,
individualised,include,G,,False,True,True,True,
induce,include,G,G,True,False,False,False,
inductive,include,B,,False,True,True,True,
ineffectiveness,include,G,,False,False,True,True,
inefficiencies,include,G,,False,True,True,True,
inefficiency,include,G,G,True,True,True,True,
inefficient,include,G,G,True,True,True,True,
ineligible,include,G,,False,False,False,True,
inequalities,include,T,,False,True,True,True,
inequitable,include,G,,False,True,True,True,
inequities,include,B,T,True,True,True,True,
infeasible,include,G,,False,True,True,True,
inferential,include,T,,False,True,True,True,
infinity,exclude,T,T,True,False,False,False,
inflation,include,T,,False,False,False,True,
inflection,include,B,,False,True,True,True,
influence,include,G,,False,True,True,True,
influenced,include,G,,False,True,True,True,
influences,include,G,,False,True,True,True,
influencing,include,G,,False,True,True,True,
influential,include,G,,False,True,True,True,
inform,include,G,,False,True,True,True,
informal,include,G,,False,False,True,True,
information,include,G,,False,True,True,True,
informational,include,G,,False,True,True,True,
informative,include,G,,False,True,True,True,
informed,include,G,,False,True,True,True,
informing,include,G,,False,True,True,True,
informs,include,G,,False,True,True,True,
infrastructural,include,G,,False,True,True,True,
infrastructures,include,T,,False,True,True,True,
inherent,include,G,,False,True,True,True,
inherently,include,G,,False,True,True,True,
initial,include,G,,False,True,True,True,
initially,include,G,G,True,True,True,True,
initiated,include,G,,False,True,True,True,
initiating,include,G,,False,True,True,True,
initiation,include,B,,False,True,True,True,
initiative,include,G,,False,True,True,True,
initiatives,include,G,,False,True,True,True,
injustice,include,G,,False,True,True,True,
innovation,include,G,,False,True,True,True,
innovations,include,G,,False,True,True,True,
innovative,include,G,,False,True,True,True,
innovatively,include,G,,False,True,True,True,
inorganic,exclude,T,T,True,False,False,False,
input,include,G,,False,True,True,True,
inputs,include,G,,False,True,True,True,
inquiries,include,G,,False,True,True,True,
insidious,exclude,B,G,True,False,False,False,
insightful,include,G,,False,True,True,True,
insights,include,G,,False,True,True,True,Intermediate
inspections,include,G,,False,True,True,True,
inspiration,include,B,,False,True,True,True,
inspire,include,G,,False,True,True,True,
inspired,include,G,,False,True,True,True,
inspiring,include,G,,False,True,True,True,
instability,include,G,,False,True,True,True,
instance,include,G,,False,True,True,True,
instances,include,G,,False,True,True,True,
instructional,include,B,,False,True,True,True,
instrument,include,G,,False,False,True,False,
instrumental,include,B,,False,True,True,True,
insufficient,include,G,,False,True,True,True,
insufficiently,include,G,,False,True,True,True,
intact,include,G,G,True,False,False,False,
integral,include,G,,False,False,True,True,
integrate,include,G,,False,True,True,True,
integrated,include,G,,False,True,True,True,
integrates,include,G,,False,True,True,True,Latest
integrating,include,G,,False,True,True,True,Latest
integration,include,G,,False,True,True,True,Latest
integrative,include,G,G,True,True,True,True,
integrity,include,G,,False,True,True,True,
intended,include,G,,False,True,True,True,
intending,include,G,,False,False,True,False,
intensification,include,G,,False,False,True,False,
intensified,include,G,,False,True,True,True,
intensifies,include,G,,False,True,True,True,
intensify,include,G,,False,True,True,True,
intensifying,include,G,,False,True,True,True,
intensity,include,B,,False,True,True,True,
intensive,include,B,,False,True,True,True,
intention,include,B,,False,True,True,True,
intentionally,include,G,,False,False,False,True,
interact,include,G,,False,False,True,False,
interactive,include,G,,False,True,True,True,
interactivity,include,G,,False,True,False,True,
interacts,include,G,,False,True,False,True,
interannual,include,T,,False,False,True,True,
interchangeable,include,G,,False,True,True,True,
interconnected,include,G,G,True,True,True,True,
interconnectedness,include,G,,False,True,True,True,
interconnection,include,G,,False,True,True,True,
interconnections,include,G,,False,True,True,True,
intercostal,exclude,T,T,True,False,False,False,
interdependence,include,G,G,True,False,True,False,
interdependencies,include,G,,False,True,True,True,
interdependent,include,G,,False,True,True,True,
interdisciplinary,include,G,,False,True,True,True,
interest,include,G,,False,True,True,True,
intergroup,include,G,,False,True,True,True,
interindividual,include,G,,False,True,True,True,
intermediate,include,G,,False,True,True,True,
intermittent,include,B,,False,True,False,True,
internal,include,G,,False,True,True,True,
internally,include,G,,False,True,True,True,
international,include,G,,False,True,True,True,
interneuron,exclude,T,T,True,False,False,False,
interoperability,include,T,T,True,True,True,True,
interoperable,include,T,,False,True,True,True,
interpenetrating,exclude,T,T,True,False,False,False,
interpersonal,include,T,,False,True,True,True,
interplay,include,G,,False,True,True,True,
interpret,include,G,,False,True,True,True,
interpretability,include,G,,False,True,True,True,
interpretable,include,B,,False,True,True,True,
interpretation,include,G,,False,True,True,True,
interpretative,include,B,,False,True,True,True,
interpreted,include,G,,False,True,True,True,
interpreting,include,G,,False,True,True,True,
interpretive,include,G,,False,True,True,True,
interrelated,include,G,,False,True,True,True,
interrelationships,include,G,,False,True,True,True,
interrogating,include,G,G,True,False,False,False,
interruptions,include,G,,False,True,False,True,
intersect,include,G,G,True,True,True,True,
intersected,include,G,,False,True,True,True,
intersecting,include,G,,False,True,True,True,
intersection,include,G,,False,True,True,True,
intertwined,include,G,,False,True,True,True,
intragroup,include,T,,False,False,False,True,
intricacies,include,G,G,True,True,True,True,
intricate,include,G,G,True,True,True,True,Early
intricately,include,G,,False,True,True,True,
intriguing,include,G,,False,True,True,True,
intrinsic,include,G,,False,True,True,True,
intrinsically,include,G,,False,True,True,True,
introduce,include,G,,False,True,True,True,
introduced,include,G,,False,True,True,True,
introduces,include,G,,False,True,True,True,Intermediate
introducing,include,G,,False,True,True,True,
intuition,include,G,,False,False,False,True,
invaluable,include,G,,False,False,True,True,
invariance,include,T,,False,True,True,True,
investigate,include,G,,False,True,True,True,
investigates,include,G,G,True,True,True,True,
investigating,include,G,,False,True,True,True,
investigation,include,G,,False,True,True,True,
investigational,include,T,,False,True,True,True,
investigations,include,G,G,True,True,True,True,
investing,include,G,,False,False,True,False,
investment,include,G,,False,True,True,True,
invisible,include,G,,False,False,True,False,
involve,include,G,,False,True,False,True,
involvement,include,G,,False,True,True,True,
involves,include,G,,False,True,True,True,
involving,include,G,G,True,True,True,True,
irregular,include,G,,False,True,True,True,
irregularities,include,G,,False,True,True,True,
irreplaceable,include,G,,False,True,True,True,
irreversible,include,G,,False,True,True,True,
isolate,include,B,,False,True,True,True,
isolating,include,B,,False,False,False,True,
issue,include,G,,False,True,True,True,
issues,include,G,,False,True,True,True,
it's,include,G,,False,False,True,False,
items,include,G,,False,True,True,True,
iterations,include,G,,False,True,True,True,
iterative,include,G,,False,True,True,True,
iteratively,include,G,G,True,True,True,True,
jitter,exclude,T,T,True,False,False,False,
joint,include,B,,False,True,True,True,
jointly,include,G,,False,True,True,True,
journey,include,G,,False,True,True,True,
journeys,include,G,,False,True,True,True,
judgment,include,G,,False,True,True,True,
judgments,include,G,G,True,False,False,False,
judicial,exclude,T,T,True,False,False,False,
jumps,exclude,G,G,True,False,False,False,
justification,include,G,G,True,False,False,False,
key,include,G,,False,True,True,True,
keystone,include,B,,False,False,True,True,
kinetically,exclude,T,T,True,False,False,False,
knot,exclude,T,T,True,False,False,False,
knowledge,include,G,,False,True,True,True,
labeling,include,B,,False,False,False,True,
labels,include,B,,False,True,True,True,
lack,include,G,,False,True,True,True,
lacked,include,G,,False,True,True,True,
lacking,include,G,,False,True,True,True,
lacks,include,G,G,True,True,True,True,
lacrimal,exclude,T,T,True,False,False,False,
lagged,include,T,,False,True,True,True,
landmark,include,G,,False,True,True,True,
landscape,include,G,,False,True,True,True,
landscapes,include,B,B,True,True,True,True,
largely,include,G,,False,True,True,True,
larger,include,G,,False,True,True,True,
largest,include,G,,False,True,True,True,
last,include,G,,False,False,True,False,
lasting,include,G,G,True,False,False,False,
lastly,include,G,,False,True,True,True,
late,include,G,,False,True,True,True,
latest,include,G,,False,True,True,True,
layer,include,B,,False,True,True,True,
layered,include,G,,False,True,True,True,
layers,include,G,,False,True,True,True,
laying,include,G,,False,True,True,True,
layouts,include,G,,False,True,True,True,
lays,include,G,,False,True,True,True,
lead,include,B,,False,True,True,True,
leadership,include,T,,False,True,True,True,
leading,include,G,,False,True,True,True,
leads,include,G,,False,True,True,True,
leaks,exclude,T,T,True,False,False,False,
leap,include,G,,False,True,True,True,
learn,include,G,,False,True,True,True,
learnable,include,T,,False,True,True,True,
learner,include,T,,False,True,True,True,
learners,include,T,,False,True,True,True,
learning,include,B,,False,True,True,True,Intermediate
learnings,include,G,,False,True,True,False,
learns,include,G,G,True,True,True,True,
leave,include,B,,False,True,True,True,
leaving,include,G,,False,True,True,True,
led,include,G,,False,True,True,True,
left,include,B,,False,True,True,True,
legacy,include,G,,False,True,True,True,
legal,include,T,,False,True,True,True,
legitimacy,include,G,,False,True,True,True,
legitimate,include,G,,False,False,False,True,
lengthy,include,G,,False,False,False,True,
lens,include,B,,False,True,True,True,
level,include,G,,False,True,False,True,
lever,include,G,,False,True,True,True,
leverage,include,G,,False,True,True,True,
leveraged,include,G,,False,True,True,True,
leverages,include,G,,False,True,True,True,
leveraging,include,G,,False,True,True,True,Intermediate
levers,include,G,,False,True,True,True,
liabilities,include,B,,False,True,True,True,
liability,include,B,,False,True,True,True,
library,include,B,B,True,True,True,True,
lies,include,G,,False,True,True,True,
lifecycle,include,B,,False,True,True,True,
lifelong,include,G,,False,True,True,True,
lifetimes,include,T,B,True,False,False,False,
lightness,include,B,T,True,False,False,False,
like,include,G,,False,True,True,True,
likelihood,include,B,,False,True,True,True,
likeness,include,G,,False,True,True,True,
likes,include,B,,False,True,True,True,
limit,include,B,,False,True,True,True,
limitation,include,G,,False,True,True,True,
limitations,include,G,,False,True,True,True,
limited,include,G,,False,True,True,True,
limiting,include,G,,False,True,True,True,
limits,include,G,,False,True,True,True,
lineages,exclude,T,T,True,False,False,False,
linearity,include,T,,False,True,True,True,
linguistic,include,T,,False,True,True,True,
linguistically,include,G,,False,True,True,True,
link,include,G,,False,True,True,True,
linked,include,G,,False,True,True,True,
linking,include,G,,False,True,True,True,
links,include,G,,False,True,True,True,
lipid,exclude,T,T,True,False,False,False,
literature,include,G,,False,True,True,True,
llerian,exclude,T,T,True,False,False,False,
lmr,exclude,T,T,True,False,False,False,
load,include,B,,False,True,True,True,
loaded,include,B,,False,False,True,False,
loading,include,B,,False,True,True,True,
loadings,include,T,,False,True,True,True,
local,include,B,,False,True,True,True,
locally,include,G,,False,True,True,True,
locating,include,G,G,True,False,False,False,
logarithm,exclude,T,T,True,False,False,False,
logistical,include,G,,False,True,True,True,
long,include,G,,False,True,True,True,
longer,include,G,,False,True,True,True,
longevity,exclude,B,T,True,False,False,False,
longstanding,include,G,,False,True,True,True,
losses,include,G,,False,True,True,True,
low,include,G,,False,True,True,True,
lower,include,G,,False,True,True,True,
lowered,include,G,,False,False,True,False,
lowering,include,G,,False,True,True,True,
lowers,include,G,,False,True,True,True,
lowest,include,G,,False,True,True,True,
lyase,exclude,T,T,True,False,False,False,
maceration,exclude,T,T,True,False,False,False,
magnitude,include,G,,False,True,True,True,
main,include,G,,False,True,True,True,
mainly,include,G,,False,True,True,True,
maintain,include,G,,False,True,True,True,
maintained,include,G,,False,True,True,True,
maintaining,include,G,,False,True,True,True,
maintains,include,G,,False,True,True,True,
maintenance,include,B,,False,False,True,False,
major,include,G,,False,True,True,True,
make,include,G,,False,True,True,True,
makes,include,G,,False,True,True,True,
makeup,include,G,,False,False,True,True,
making,include,G,,False,True,True,True,
malicious,include,G,,False,True,True,True,
manage,include,G,,False,True,True,True,
manageable,include,G,,False,True,True,True,
managed,include,G,,False,True,True,True,
manages,include,G,,False,True,True,True,
managing,include,G,,False,True,True,True,Intermediate
mandates,include,B,,False,False,True,True,
manifesting,include,G,,False,True,True,True,
manifests,include,G,,False,True,True,True,
manifold,include,B,,False,True,True,True,
manipulation,include,B,B,True,False,False,False,
mao,exclude,T,T,True,False,False,False,
mappings,include,G,,False,True,True,True,
margin,include,B,,False,False,True,False,
marginal,include,G,,False,True,True,True,
marginalised,include,B,,False,True,True,True,
marginalization,include,B,,False,True,True,True,
marginalized,include,T,T,True,True,True,True,
margins,include,B,,False,True,True,True,
maritime,exclude,T,T,True,False,False,False,
marked,include,G,,False,True,True,True,
markedly,include,G,,False,True,True,True,
marking,include,G,,False,True,True,True,
marks,include,G,,False,False,False,True,
masking,include,B,,False,True,True,False,
masses,exclude,B,B,True,False,False,False,
mastery,include,G,,False,False,True,False,
material,include,B,,False,True,True,True,
materially,include,G,G,True,True,True,True,
materials,include,B,,False,True,True,True,
maternally,exclude,T,T,True,False,False,False,
matter,include,B,,False,False,False,True,
matthews,exclude,T,T,True,False,False,False,
maturity,include,G,,False,True,True,True,
maximize,include,G,,False,False,True,False,
maximizes,include,G,,False,False,True,True,
maximizing,include,G,,False,True,True,True,
maximum,include,G,,False,False,True,False,
mbl,exclude,T,T,True,False,False,False,
mbq,exclude,T,T,True,False,False,False,
mcrpc,exclude,T,T,True,False,False,False,
meaningful,include,G,,False,True,True,True,
meaningfully,include,G,,False,True,True,True,
meanwhile,include,G,,False,True,True,True,
measurable,include,G,,False,True,True,True,
measurements,include,G,,False,False,True,False,
mechanically,exclude,B,B,True,False,False,False,
mechanism,include,G,,False,True,True,True,
median,include,T,,False,True,True,True,
mediate,include,G,G,True,False,False,False,
meet,include,G,,False,True,True,True,
meeting,include,B,,False,True,True,True,
melamine,exclude,T,T,True,False,False,False,
memory,include,T,,False,True,True,True,
mentioning,include,G,,False,False,False,True,
mentorship,include,T,T,True,True,True,True,
mere,include,G,,False,True,True,True,
merely,include,G,,False,True,True,True,
message,include,G,,False,False,True,False,
metadata,include,T,,False,True,True,True,
methanolic,exclude,T,T,True,False,False,False,
method's,include,G,,False,True,True,True,
methodologically,include,G,,False,True,True,True,
methodology,include,G,,False,True,True,True,
meticulous,include,G,,False,True,True,True,
meticulously,include,G,,False,True,True,True,
michaelis,exclude,T,T,True,False,False,False,
microglial,exclude,T,T,True,False,False,False,
mid,include,G,,False,True,True,True,
middle,include,B,G,True,True,True,True,
mild,include,B,,False,True,True,True,
mimic,include,G,,False,True,True,True,
mimicking,include,G,,False,False,True,True,
mimicry,include,T,T,True,False,True,False,
mindset,include,G,,False,True,True,True,
minimal,include,G,,False,True,True,True,
minimally,include,B,B,True,True,True,True,
minimising,include,G,,False,False,True,True,
minimize,include,G,,False,True,True,True,
minimizes,include,G,,False,True,True,True,
minimizing,include,G,,False,True,True,True,
minutes,exclude,T,T,True,False,False,False,
mirroring,include,G,,False,True,True,True,
misaligned,include,G,,False,True,True,True,
misalignment,include,G,,False,True,True,True,
misclassification,include,T,,False,True,True,True,
misclassified,include,G,,False,True,True,True,
misconceptions,include,G,,False,True,True,True,
misinterpretation,include,G,,False,True,True,True,
mismatch,include,G,,False,True,True,True,
mismatched,include,B,,False,False,True,False,
mismatches,include,B,,False,True,True,True,
missed,include,G,,False,True,True,True,
missing,include,G,,False,False,False,True,
missingness,include,T,,False,True,True,True,
mistaken,include,G,,False,False,False,True,
mistrust,include,G,,False,True,True,True,
mitigate,include,G,,False,True,True,True,Intermediate
mitigated,include,G,,False,True,True,True,
mitigates,include,G,,False,True,True,True,
mitigating,include,G,,False,True,True,True,Intermediate
mitigation,include,G,,False,True,True,True,
mixed,include,G,,False,True,True,True,
mixes,include,G,,False,False,True,True,
mma,exclude,T,T,True,False,False,False,
mmf,exclude,T,T,True,False,False,False,
mobilization,include,T,,False,False,False,True,
mode,include,B,,False,False,False,True,
modelling,include,G,,False,True,True,True,
moderate,include,G,,False,True,True,True,
moderated,include,G,,False,True,True,True,
moderates,include,G,,False,True,True,True,
moderating,include,B,,False,True,True,True,
moderation,include,B,,False,True,True,True,
modern,include,G,,False,True,True,True,
modernization,include,G,,False,True,True,True,
modes,include,G,,False,True,True,True,
modest,include,G,,False,True,True,True,
modestly,include,G,,False,True,True,True,
modifiable,include,B,,False,True,True,True,
modification,include,B,,False,True,True,True,
modifications,include,B,B,True,True,True,True,
modified,include,G,,False,False,True,True,
modifiers,include,B,,False,False,True,False,
modifies,include,G,,False,True,True,True,
modifying,include,G,,False,True,True,True,
modularity,include,T,,False,True,True,True,
momentary,include,T,,False,True,True,True,
monitor,include,G,,False,False,True,False,
monitoring,include,B,,False,True,True,True,
monotonic,include,T,,False,True,True,True,
monotonically,include,B,,False,True,True,True,
moral,include,T,,False,True,True,True,
morbidity,exclude,T,T,True,False,False,False,
moreover,include,G,,False,True,True,True,
motivating,include,G,G,True,True,True,True,
motivation,include,G,,False,True,True,True,
motivational,include,B,,False,False,False,True,
motivators,include,G,G,True,False,False,False,
motor,exclude,T,T,True,False,False,False,
movement,include,B,,False,False,False,True,
moving,include,G,,False,False,True,False,
mpmri,exclude,T,T,True,False,False,False,
mpv,exclude,T,T,True,False,False,False,
mre,exclude,T,T,True,False,False,False,
mucoadhesive,exclude,T,T,True,False,False,False,
multidimensional,include,G,,False,True,True,True,
multidirectional,include,G,,False,True,True,True,
multidisciplinary,include,B,,False,True,True,True,
multidomain,include,B,,False,True,True,True,
multifaceted,include,G,,False,True,True,True,
multifactorial,include,B,,False,True,True,True,
multifunctional,include,G,,False,True,True,True,
multifunctionality,include,G,,False,True,True,True,
multilayer,include,T,,False,True,True,True,
multilevel,include,B,,False,True,True,True,
multilingual,include,T,,False,True,True,True,
multimodal,exclude,B,B,True,False,False,False,
multiple,include,G,,False,True,True,True,
multiplicative,include,T,,False,True,True,True,
multiplicity,include,B,,False,False,False,True,
multisectoral,include,T,,False,True,True,True,
multisystem,include,T,,False,True,True,True,
must,include,G,G,True,True,True,True,
mycelial,exclude,T,T,True,False,False,False,
myositis,exclude,T,T,True,False,False,False,
myths,include,G,,False,True,True,True,
named,include,G,G,True,False,True,True,
namely,include,G,,False,True,True,True,
nanosheet,exclude,T,T,True,False,False,False,
narrative,include,B,,False,True,True,True,Latest
narratively,include,T,,False,True,True,True,
narratives,include,G,,False,True,True,True,
narrow,include,G,,False,True,True,True,
narrowed,include,G,,False,False,False,True,
narrower,include,G,,False,False,False,True,
narrowing,include,G,,False,True,True,True,
narrowly,include,G,,False,True,True,True,
narrows,include,G,,False,True,True,True,
national,include,G,,False,True,True,True,
nationally,include,G,,False,False,True,False,
nationwide,include,G,,False,True,True,True,
natural,include,G,,False,True,True,True,
nature,include,G,,False,True,True,True,
navigate,include,G,,False,True,True,True,
navigated,include,G,,False,False,False,True,
navigating,include,G,,False,True,True,True,
navigation,include,T,,False,True,True,True,
nbsp,exclude,T,T,True,False,False,False,
ndd,exclude,T,T,True,False,False,False,
near,include,G,,False,True,True,True,
nearly,include,G,,False,True,True,True,
necessary,include,G,,False,True,True,True,
necessitate,include,G,,False,True,True,True,
necessitated,include,G,,False,True,False,True,
necessitates,include,G,,False,True,True,True,
necessitating,include,G,,False,True,True,True,Intermediate
necessity,include,G,,False,True,True,True,
necrotizing,exclude,T,T,True,False,False,False,
need,include,G,G,True,True,True,True,
needed,include,G,,False,True,True,True,
needs,include,G,,False,True,True,True,
negated,include,G,,False,True,True,False,
negatively,include,G,,False,True,True,True,
neglecting,include,G,,False,True,True,True,
negligible,include,G,,False,True,True,True,
negotiated,include,G,G,True,True,True,True,
negotiation,include,B,,False,True,True,True,
nested,include,B,,False,True,False,True,
neurostimulation,exclude,T,T,True,False,False,False,
neurotransmitter,exclude,T,T,True,False,False,False,
neutrality,include,B,,False,True,True,True,
nevertheless,include,G,,False,True,True,True,
new,include,G,,False,True,True,True,
next,include,G,,False,True,True,True,
ngf,exclude,T,T,True,False,False,False,
niches,include,B,B,True,True,True,True,
nmr,exclude,T,T,True,False,False,False,
node,include,T,,False,True,True,True,
nodes,include,T,T,True,True,True,True,
nominal,include,B,,False,True,True,True,
nominally,include,G,,False,True,True,True,
nominate,include,G,,False,True,True,True,
nominated,include,G,,False,True,True,True,
nonadiabatic,exclude,T,T,True,False,False,False,
nonetheless,include,G,,False,True,True,True,
nonmetastatic,exclude,T,T,True,False,False,False,
nonuniform,include,B,,False,False,True,False,
normalisation,include,B,,False,True,True,True,
normalised,include,G,,False,True,True,True,
normality,include,T,,False,False,False,True,
normalizing,include,B,,False,False,True,True,
normative,include,B,,False,False,False,True,
norms,include,B,,False,True,True,True,
notable,include,G,,False,True,True,True,Intermediate
notably,include,G,,False,True,True,True,Intermediate
noted,include,G,,False,True,True,True,
noteworthy,include,G,,False,True,True,True,
notice,include,G,,False,True,True,True,
noticeable,include,G,,False,True,True,False,
noting,include,G,,False,True,True,True,
novel,include,G,,False,True,True,True,
nuanced,include,G,,False,True,True,True,
nuances,include,G,,False,True,True,True,
numerical,include,G,G,True,True,True,True,
numerous,include,G,,False,True,True,True,
nurturing,include,G,,False,True,True,True,
objectivity,include,G,,False,True,True,True,
objects,include,G,,False,False,True,False,
obligations,include,G,,False,True,True,True,
obscured,include,G,,False,True,True,True,
obscures,include,G,,False,True,True,True,
obscuring,include,G,,False,True,True,True,
observable,include,G,,False,True,True,False,
observables,include,T,,False,True,True,True,
observational,exclude,T,B,True,False,False,False,
observations,include,G,,False,True,True,True,
observe,include,G,,False,False,True,True,
observed,include,G,G,True,True,True,True,
obstacles,include,G,,False,True,True,True,
obstructing,include,B,,False,True,True,True,
obstructions,include,T,,False,False,False,True,
obtain,include,G,,False,True,True,True,
obtaining,include,G,,False,True,True,True,
obtains,include,G,G,True,False,True,False,
occupies,include,G,,False,True,True,True,
occurred,include,G,,False,True,True,True,
occurrence,include,G,,False,True,True,True,
offer,include,G,,False,True,True,True,
offering,include,G,,False,True,True,True,Intermediate
offers,include,G,,False,True,True,True,Intermediate
offline,include,B,,False,True,True,False,
offsets,include,G,,False,True,True,True,
oft,include,G,,False,False,True,False,
often,include,G,,False,True,True,True,
ohmic,exclude,T,T,True,False,False,False,
omic,exclude,T,T,True,False,False,False,
omission,include,G,,False,True,True,True,
omitting,include,G,,False,False,True,False,
oncogenic,exclude,T,T,True,False,False,False,
ones,include,G,,False,False,False,True,
ongoing,include,G,,False,True,True,True,
onset,include,G,,False,True,True,True,
onward,include,G,,False,True,True,True,
open,include,G,,False,True,True,True,
opening,include,B,,False,True,True,True,
openly,include,G,,False,True,True,True,
opens,include,G,,False,False,True,False,
operate,include,G,,False,True,True,True,
operates,include,G,,False,True,True,True,
operating,include,B,,False,True,True,True,
operation,include,B,,False,True,True,True,
operational,include,G,,False,True,True,True,
operationalization,include,G,,False,True,True,True,
operationalize,include,G,,False,True,True,True,
operationalized,include,G,,False,True,True,True,
operationally,include,G,,False,True,True,True,
operations,include,G,,False,False,True,True,
operator,include,B,,False,True,True,True,
opportunistic,include,B,,False,True,True,True,
opportunities,include,G,G,True,True,True,True,
oppression,include,T,,False,True,True,True,
optima,include,T,,False,True,True,True,
optimal,include,G,,False,True,True,True,
optimisation,include,B,,False,True,True,True,
optimise,include,G,,False,True,True,True,
optimised,include,G,,False,False,True,False,
optimising,include,G,,False,True,True,True,
optimism,include,G,,False,True,True,True,
optimization,include,G,,False,True,True,True,
optimizations,include,B,,False,False,True,False,
optimize,include,G,,False,True,True,True,
optimized,include,G,,False,True,True,True,
optimizer,include,T,,False,True,True,True,
optimizes,include,G,,False,True,True,True,
optimizing,include,G,,False,True,True,True,
opting,include,G,,False,True,True,True,
option,include,G,,False,True,True,True,
optional,include,G,,False,True,True,True,
options,include,G,,False,True,True,True,
optoelectronics,exclude,T,T,True,False,False,False,
orchestrate,include,G,,False,True,True,True,
orchestrates,include,G,,False,True,True,True,
orchestrating,include,G,,False,True,True,True,
orchestration,include,G,,False,True,True,True,
ordered,include,G,,False,True,True,True,
ordering,include,G,,False,True,True,True,
ordinal,include,T,,False,True,True,True,
oregon,exclude,T,T,True,False,False,False,
organ,exclude,T,T,True,False,False,False,
organisational,include,B,,False,True,True,True,
organization,include,B,,False,True,True,True,
organizational,include,G,,False,True,True,True,
organizations,include,G,,False,True,False,True,
organize,include,G,,False,True,True,True,
organized,include,G,,False,True,True,True,
organizes,include,G,,False,True,True,True,
orientation,include,B,,False,True,True,False,
oriented,include,G,,False,True,True,True,
orienting,include,G,B,True,False,False,False,
origami,exclude,T,T,True,False,False,False,
original,include,G,,False,True,False,True,
originality,include,G,,False,False,False,True,
originates,include,G,G,True,False,False,True,
originating,include,G,,False,True,True,True,
origins,include,G,G,True,False,True,False,
osteotomies,exclude,T,T,True,False,False,False,
out,include,G,,False,True,True,True,
outcomes,include,G,,False,True,True,True,
outdated,include,G,,False,True,True,True,
outlier,include,T,T,True,False,True,True,
outline,include,G,,False,True,True,True,
outlined,include,G,,False,False,True,True,
outlines,include,G,,False,True,True,True,
outlining,include,G,,False,True,True,True,
outperform,include,G,,False,True,True,True,
outperformed,include,G,,False,True,True,True,
outperforming,include,G,,False,True,True,True,
outperforms,include,G,,False,True,True,True,
output,include,G,,False,True,True,True,
outputs,include,G,,False,True,True,True,
outstanding,include,G,,False,True,True,True,
over,include,G,,False,True,True,True,
overall,include,G,,False,True,True,True,
overcome,include,G,,False,True,True,True,
overcomes,include,G,,False,True,True,True,
overcoming,include,G,,False,True,True,True,
overfitting,include,T,,False,True,True,True,
overhead,include,B,,False,True,True,True,
overlap,include,G,,False,True,True,True,
overlapping,include,G,,False,True,True,True,
overload,include,B,,False,True,True,True,
overlook,include,G,,False,True,True,True,
overlooked,include,G,G,True,True,True,True,
overlooking,include,G,,False,True,True,True,
overlooks,include,G,G,True,True,True,True,
overreliance,include,G,,False,True,True,True,
oversight,include,G,,False,True,True,True,
overt,include,G,,False,True,True,True,
overview,include,G,,False,True,True,True,
oviposition,exclude,T,T,True,False,False,False,
owing,include,G,,False,True,True,True,
oxa,exclude,T,T,True,False,False,False,
oxalate,exclude,T,T,True,False,False,False,
package,include,B,,False,True,True,True,
packaging,include,T,,False,True,True,True,
packing,include,T,,False,True,False,True,
panel,include,B,,False,True,True,True,
panelists,include,T,T,True,False,True,False,
panels,include,B,,False,True,True,True,
panoramic,include,T,,False,True,False,True,
paper,include,G,,False,True,True,True,
paradigm,include,G,,False,True,True,True,
paradigmatic,include,G,,False,False,False,True,
paradigms,include,G,,False,True,True,True,
paradox,include,G,,False,True,True,True,
paradoxical,include,G,,False,True,True,True,
paradoxically,include,G,G,True,True,True,True,
parallel,include,G,,False,True,True,True,
paralleling,include,G,,False,True,True,True,
parameters,include,G,,False,True,True,True,
paramount,include,G,,False,True,True,True,
paraspinal,exclude,T,T,True,False,False,False,
parsimonious,include,B,,False,True,True,True,
partial,include,G,G,True,True,True,True,
partially,include,G,,False,True,True,True,
participatory,include,T,,False,True,True,True,
particularly,include,G,,False,True,True,True,
parties,include,G,,False,True,True,True,
partitioned,include,G,,False,True,False,True,
partitions,include,T,,False,True,True,True,
partnered,include,G,,False,False,False,True,
passion,include,G,,False,False,True,True,
passive,include,B,,False,True,True,True,
past,include,G,,False,False,True,True,
patents,exclude,T,T,True,False,False,False,
path,include,B,,False,True,True,True,
pathognomonic,exclude,T,T,True,False,False,False,
pathophysiological,exclude,T,T,True,False,False,False,
pattern,include,G,,False,True,True,True,
patterns,include,G,,False,True,True,True,
pause,include,B,,False,False,True,False,
pave,include,G,,False,True,True,True,
paves,include,G,,False,True,True,True,
paving,include,G,,False,True,True,True,
pdo,exclude,T,T,True,False,False,False,
pdos,exclude,T,T,True,False,False,False,
peak,include,G,,False,True,True,True,
peaked,include,G,,False,True,True,True,
peaking,include,G,,False,True,True,True,
pear,exclude,T,T,True,False,False,False,
pedicled,exclude,T,T,True,False,False,False,
penalized,include,T,,False,True,True,True,
penalties,include,T,,False,True,True,True,
pending,include,G,,False,True,True,True,
people,include,G,,False,True,True,True,
perceived,include,G,,False,True,True,True,
perception,include,B,B,True,True,True,True,
perceptions,include,G,,False,True,True,True,
perform,include,G,,False,True,True,True,
performance,include,G,,False,True,True,True,Latest
performances,include,G,,False,True,True,True,
performing,include,G,,False,False,True,False,
performs,include,G,G,True,False,False,False,
periods,include,G,,False,False,False,True,
permissive,include,B,,False,True,True,True,
perpetuate,include,G,,False,True,True,True,
perpetuating,include,G,,False,True,True,True,
persist,include,G,,False,True,True,True,
persisted,include,G,,False,True,True,True,
persistence,include,B,,False,True,True,True,
persistent,include,G,,False,True,True,True,
persistently,include,G,,False,True,True,True,
persists,include,G,,False,True,True,True,
person,include,G,,False,True,True,True,
personalised,include,G,,False,True,True,True,
personalization,include,G,,False,True,True,True,
personalize,include,G,,False,True,True,True,
personalizing,include,G,,False,True,True,True,
perspective,include,G,,False,True,True,True,
perspectives,include,G,,False,True,True,True,
pertains,include,G,G,True,False,False,True,
pertinent,include,G,,False,True,True,True,
perturbs,include,G,,False,True,True,True,
pervasive,include,G,,False,True,True,True,
phased,include,G,,False,True,True,True,
phases,include,G,,False,True,True,True,
phenomenon,include,G,,False,True,True,True,
philosophical,include,G,,False,False,False,True,
photoaging,exclude,T,T,True,False,False,False,
photos,exclude,G,T,True,False,False,False,
phthalates,exclude,T,T,True,False,False,False,
pico,exclude,T,T,True,False,False,False,
piecewise,include,T,,False,True,True,True,
pillar,include,G,,False,False,True,False,
pillars,include,G,G,True,True,True,True,
pilots,include,B,,False,False,False,True,
pinpoint,include,G,,False,True,True,True,
pinpointed,include,G,,False,True,True,True,
pinpointing,include,G,,False,True,True,True,
pioneered,include,G,,False,True,True,False,
pioneering,include,G,,False,True,True,True,
pioneers,include,G,,False,True,True,True,
pitfall,include,G,,False,True,True,True,
pivotal,include,G,,False,True,True,True,
plagued,include,G,,False,False,True,True,
plan,include,G,,False,False,True,False,
plans,include,G,,False,True,True,True,
plateau,include,G,,False,False,False,True,
plateaued,include,G,,False,True,True,True,
plausibility,include,G,,False,True,True,True,
plausible,include,G,,False,True,True,True,
plausibly,include,G,,False,True,True,True,
play,include,G,,False,True,True,True,
playing,include,G,,False,True,True,True,
plays,include,G,,False,True,True,True,
plt,exclude,T,T,True,False,False,False,
plus,include,G,,False,True,True,True,
pmf,exclude,T,T,True,False,False,False,
pni,exclude,T,T,True,False,False,False,
point,include,G,,False,False,False,True,
points,include,G,,False,True,True,True,
poised,include,G,,False,True,True,True,
polar,exclude,B,B,True,False,False,False,
policies,include,G,,False,True,True,True,
policy,include,T,,False,True,True,True,
policymakers,include,G,,False,True,True,True,
polyphosphate,exclude,T,T,True,False,False,False,
polyvinylidene,exclude,T,T,True,False,False,False,
ponv,exclude,T,T,True,False,False,False,
poor,include,G,,False,True,True,True,
poorer,include,G,,False,True,True,True,
poorly,include,G,,False,True,True,True,
pops,exclude,T,T,True,False,False,False,
popular,include,G,G,True,True,True,True,
popularity,include,G,,False,True,True,True,
popularization,include,G,,False,True,False,False,
porous,exclude,T,T,True,False,False,False,
portability,include,G,,False,True,True,True,
portable,include,B,,False,True,True,True,
pose,include,G,,False,True,True,True,
posed,include,G,,False,True,True,True,
poses,include,G,,False,True,True,True,
posing,include,G,,False,True,True,True,
posit,include,G,G,True,False,False,False,
positional,include,B,,False,False,False,True,
positioned,include,G,,False,True,True,True,
positioning,include,G,,False,True,True,True,
positions,include,G,G,True,True,True,True,
positively,include,G,,False,True,True,True,
posits,include,G,,False,False,False,True,
possess,include,G,,False,True,True,True,
possibilities,include,G,,False,True,True,True,
potency,include,B,,False,True,True,True,
potent,include,B,,False,True,True,True,
potential,include,G,,False,True,True,True,
potentially,include,G,,False,True,True,True,
pots,exclude,T,T,True,False,False,False,
power,include,B,,False,True,True,True,
powerful,include,G,,False,True,True,True,
powering,include,G,,False,True,True,True,
ppm,exclude,T,T,True,False,False,False,
practical,include,G,,False,True,True,True,
practicality,include,G,,False,True,True,True,
practice,include,B,,False,True,True,True,
practices,include,G,,False,True,True,True,
practitioners,include,B,,False,False,False,True,
pragmatic,include,G,,False,True,True,True,
precipitate,include,B,B,True,False,False,False,
precise,include,G,,False,True,True,True,
precisely,include,G,,False,True,True,True,
precision,include,B,,False,True,True,True,
preclude,include,G,,False,True,True,True,
precluded,include,G,,False,True,True,True,
precludes,include,G,,False,True,True,True,
precluding,include,G,,False,True,True,True,
precursor,include,B,,False,True,True,True,
predefined,include,G,,False,True,True,True,
predicated,include,G,,False,False,True,False,
predict,include,G,,False,True,True,True,
predictable,include,G,,False,True,True,True,
predicting,include,G,,False,True,True,True,Early
prediction,include,G,,False,True,True,True,
predispositions,include,B,,False,True,True,True,
predominant,include,G,,False,True,True,True,
predominantly,include,G,,False,True,True,True,
predominated,include,G,,False,True,True,True,
predominates,include,G,,False,True,True,True,
predominating,include,G,,False,True,True,True,
preference,include,G,,False,False,True,False,
preferences,include,G,,False,True,True,True,
preferential,include,G,,False,True,True,True,
preferentially,include,G,,False,True,True,True,
preferred,include,G,,False,True,True,True,
prejudice,include,T,,False,False,True,True,
preliminarily,include,G,,False,True,True,True,
preliminary,include,G,,False,True,True,True,
premature,include,B,B,True,False,False,False,
premier,include,G,,False,False,True,False,
premium,include,T,B,True,False,False,True,
preparation,include,B,,False,False,True,True,
prepare,include,G,,False,True,True,True,
prepared,include,G,,False,True,True,True,
preparedness,include,T,,False,True,True,True,
preparing,include,G,,False,False,True,True,
presentation,include,B,,False,True,True,True,
presenting,include,G,,False,True,True,True,
presents,include,G,,False,True,True,True,
preservation,include,G,,False,True,True,True,
preserve,include,G,,False,True,True,True,
preserved,include,G,,False,True,True,True,
preserves,include,G,,False,True,True,True,
preserving,include,G,,False,True,True,True,Latest
prespecified,include,G,,False,True,True,True,
pressing,include,G,,False,True,True,True,
pressure,include,B,,False,True,True,True,
pressures,include,B,,False,True,True,True,
prevalence,include,T,,False,True,True,True,
prevalent,include,G,G,True,True,True,True,
prevent,include,G,,False,True,True,True,
prevention,include,B,,False,True,True,True,
primarily,include,G,,False,True,True,True,
primary,include,G,B,True,True,True,True,
principal,include,B,,False,True,True,True,
principle,include,G,,False,True,True,False,
principled,include,G,,False,True,True,True,
principles,include,G,,False,True,True,True,
printed,include,B,,False,True,True,True,
prior,include,G,,False,True,True,True,
priorities,include,G,G,True,True,True,True,
prioritisation,include,G,,False,True,True,True,
prioritise,include,G,,False,True,True,True,
prioritised,include,G,,False,True,True,True,
prioritising,include,G,,False,True,True,True,
prioritization,include,G,,False,True,True,True,
prioritize,include,G,,False,True,True,True,Latest
prioritized,include,G,,False,True,True,True,
prioritizes,include,G,,False,True,True,True,
prioritizing,include,G,,False,True,True,True,
priority,include,G,,False,True,True,True,
priors,include,T,,False,True,True,True,
pristine,include,B,,False,True,True,True,
privileged,include,G,,False,True,True,True,
proactive,include,G,,False,True,True,True,
proactively,include,G,,False,False,False,True,
probabilistic,include,T,,False,True,True,True,
probability,include,B,,False,True,True,True,
probing,include,G,,False,False,False,True,
problem,include,G,,False,True,True,True,
problems,include,G,,False,True,True,True,
procedures,include,B,,False,False,True,True,
proceeds,include,G,,False,True,True,True,
process,include,G,,False,True,True,True,
processed,include,G,,False,True,True,True,
processes,include,G,,False,True,True,True,
processing,include,B,B,True,True,True,True,
procurement,include,T,,False,False,False,True,
produce,include,G,,False,True,False,True,
produced,include,G,,False,True,True,True,
produces,include,G,,False,True,True,True,
producing,include,G,,False,True,True,True,
product,include,B,,False,True,True,True,
production,include,G,,False,True,True,True,
productivity,include,B,,False,True,True,True,
products,include,G,,False,True,True,True,
professionalism,include,T,,False,False,False,True,
professionals,include,B,,False,True,True,True,
proficiency,include,G,,False,True,True,True,
proficient,include,G,,False,False,True,False,
profiled,include,B,,False,True,True,True,
profitability,include,T,,False,False,True,False,
profound,include,G,,False,True,True,True,
profoundly,include,G,,False,True,True,True,
programmed,include,B,,False,False,True,True,
programming,include,T,,False,True,True,True,
progress,include,G,,False,True,True,True,
progressed,include,G,,False,True,True,True,
progressive,include,B,,False,True,True,True,
progressively,include,G,,False,True,True,True,
prohibitive,include,G,,False,True,True,True,
project,include,G,,False,True,True,True,
project's,include,G,,False,True,False,False,
projected,include,G,,False,True,True,True,
projections,include,B,,False,True,True,True,
prolific,include,G,G,True,True,True,True,
prolonged,include,G,G,True,True,True,True,
prolongs,include,G,,False,False,True,True,
prominence,include,G,,False,True,True,True,
prominent,include,G,,False,True,True,True,
promise,include,G,,False,True,True,True,
promising,include,G,,False,True,True,True,
promote,include,G,,False,True,True,True,
promoted,include,G,,False,True,True,True,
promotes,include,G,,False,True,True,True,
promoting,include,G,,False,True,True,True,
prompt,include,B,,False,True,True,True,
prompted,include,G,,False,True,True,True,
prompting,include,G,,False,True,True,True,
promptly,include,G,,False,True,True,True,
prompts,include,B,,False,True,True,True,
prone,include,G,,False,True,True,True,
pronged,include,G,,False,True,True,True,
pronounced,include,G,,False,True,True,True,Latest
proof,include,G,,False,True,True,True,
propagates,include,G,,False,False,False,True,
propagation,include,B,,False,True,True,True,
propel,include,G,,False,True,True,True,
propelled,include,G,,False,False,True,True,
propelling,include,G,G,True,True,False,True,
properties,include,G,,False,True,True,True,
proportionate,include,G,,False,True,True,True,
proportions,include,G,,False,False,True,False,
propose,include,G,,False,True,True,True,
proposed,include,G,,False,True,True,True,
proposes,include,G,,False,True,True,True,Latest
proposing,include,G,,False,True,True,True,
proprietary,include,G,,False,True,True,True,
prospective,include,B,,False,True,True,True,
prospects,include,G,,False,True,True,True,Early
protecting,include,G,,False,False,True,False,
protection,include,B,,False,True,True,True,
protections,include,G,,False,True,True,True,
protective,include,G,,False,True,True,True,
proteins,exclude,T,T,True,False,False,False,
protocol,include,B,,False,True,True,True,
prototypical,include,G,G,True,False,False,False,
proven,include,G,,False,True,True,True,
provenance,include,T,B,True,True,True,True,
proves,include,G,,False,True,True,True,
provide,include,G,,False,True,True,True,
provided,include,G,,False,True,True,True,
provides,include,G,,False,True,True,True,Latest
providing,include,G,,False,True,True,True,
provisional,include,G,,False,True,True,True,
proxies,include,G,,False,True,True,True,
proxy,include,G,,False,True,True,True,
pruning,include,T,,False,True,True,True,
public,include,G,,False,True,True,True,
publication,include,B,,False,True,True,True,
publications,include,G,,False,True,True,True,
publicly,include,G,,False,True,True,True,
purely,include,G,,False,True,True,True,
purposive,include,T,,False,True,True,True,
purposively,include,T,,False,True,True,True,
pursuit,include,G,,False,True,True,True,
pushed,include,G,G,True,False,False,False,
pyrrole,exclude,T,T,True,False,False,False,
qualification,include,B,,False,False,False,True,
qualifications,include,G,,False,False,True,False,
qualitative,include,G,,False,True,True,True,
quality,include,G,,False,True,True,True,
quantized,exclude,T,T,True,False,False,False,
queries,include,B,,False,True,True,True,
quest,include,G,,False,False,True,False,
questions,include,G,,False,False,True,False,
quiet,include,G,G,True,False,False,False,
radii,exclude,T,T,True,False,False,False,
radiographically,exclude,T,T,True,False,False,False,
radiologic,exclude,T,T,True,False,False,False,
radiomics,exclude,T,T,True,False,False,False,
raises,include,G,,False,True,True,True,
raising,include,G,,False,True,True,True,
ramifications,include,G,G,True,False,True,True,
randomness,include,T,,False,False,False,True,
ranged,include,G,,False,False,True,False,
ranges,include,G,,False,True,False,True,
ranging,include,G,,False,True,True,True,
ranked,include,G,,False,True,True,True,
rankings,include,G,,False,True,True,True,
ranks,include,G,G,True,False,False,True,
rapid,include,G,,False,True,True,True,
rapidly,include,G,,False,True,True,True,
rapport,include,G,,False,False,False,True,
rare,include,B,,False,True,True,True,Latest
rarely,include,G,,False,True,True,True,
rarity,include,G,,False,True,True,True,
rather,include,G,,False,True,True,True,
rating,include,G,,False,True,True,True,
rational,include,G,,False,True,True,True,
rationale,include,G,,False,True,True,True,
rationality,include,B,,False,False,True,False,
rationally,include,G,,False,True,True,True,
raw,include,G,,False,True,True,True,
rdw,exclude,T,T,True,False,False,False,
reach,include,G,,False,True,True,True,
reached,include,G,,False,True,True,True,
reaches,include,G,,False,False,True,False,
reaction,include,B,,False,True,False,True,
reactions,include,B,,False,True,True,True,
read,include,G,,False,True,True,True,
readability,include,B,,False,True,True,True,
readable,include,G,,False,True,True,True,
readily,include,G,,False,True,True,True,
readiness,include,G,,False,True,True,True,
real,include,G,,False,True,True,True,
realism,include,G,,False,True,True,True,
realistic,include,G,,False,True,True,True,
realities,include,G,,False,True,True,True,
reality,include,B,,False,True,True,True,
realize,include,G,,False,True,True,True,
realized,include,G,G,True,False,False,True,
realizes,include,G,,False,True,True,True,
realizing,include,G,,False,False,False,True,
realm,include,G,G,True,True,True,True,
realms,include,G,,False,True,True,True,
reanalysis,include,G,,False,True,True,True,
reanalyzed,include,G,,False,False,False,True,
reappraisal,include,B,,False,True,True,True,
rear,exclude,T,B,True,False,False,False,
reasoning,include,G,,False,True,True,True,
reassess,include,G,,False,True,True,True,
reassessment,include,G,,False,True,True,True,
reassurance,include,G,,False,True,True,True,
reassuring,include,G,,False,False,True,False,
rebalancing,include,G,,False,True,True,True,
rebound,include,B,,False,True,True,True,
recalibration,include,B,,False,True,True,True,
recapitulated,include,G,G,True,True,True,True,
recapitulates,include,G,,False,False,False,True,
recapitulating,include,G,,False,True,True,True,
receiving,include,G,,False,True,True,True,
recent,include,G,,False,True,True,True,
recession,exclude,T,T,True,False,False,False,
recipients,include,B,,False,False,False,True,
recognised,include,G,,False,True,True,True,
recognising,include,G,,False,True,True,True,
recognition,include,B,,False,True,True,True,
recognized,include,G,,False,True,True,True,
recognizing,include,G,,False,True,True,True,
recommendations,include,G,,False,True,True,True,
recommended,include,G,,False,False,False,True,
reconcile,include,G,,False,True,True,True,
reconciliation,include,B,,False,False,True,False,
reconfigurable,include,T,,False,True,True,True,
reconfiguration,include,G,,False,True,True,True,
reconstructed,include,G,,False,True,True,True,
reconstructing,include,G,,False,True,True,True,
reconstructive,include,T,,False,False,True,True,
reconstructs,include,G,,False,True,True,True,
record,include,B,,False,True,False,True,
recorded,include,G,G,True,False,False,False,
recordings,include,B,,False,True,False,True,
recoverable,include,G,,False,True,True,True,
recoveries,include,B,,False,False,True,False,
recovers,include,G,,False,True,True,True,
rectify,include,G,,False,True,False,False,
rectifying,include,G,T,True,False,False,False,
recurring,include,G,,False,True,True,True,
recursive,include,T,,False,True,True,True,
recycling,exclude,T,T,True,False,False,False,
redefine,include,G,,False,True,True,True,
redefined,include,G,,False,True,True,True,
redefines,include,G,,False,True,True,True,
redefining,include,G,,False,True,True,True,
redesign,include,G,,False,True,True,True,
redirect,include,G,,False,True,True,True,
redirected,include,G,,False,True,True,True,
redirecting,include,G,,False,True,True,True,
redness,exclude,T,T,True,False,False,False,
reduce,include,G,,False,True,True,True,
reduced,include,G,,False,True,True,True,
reduces,include,G,,False,True,True,True,
reducing,include,G,,False,True,True,True,
reduction,include,G,,False,True,True,True,
reductions,include,G,,False,True,True,True,
redundancy,include,G,,False,True,True,True,
reevaluation,include,G,,False,True,False,True,
reference,include,B,,False,True,True,True,
references,include,B,,False,True,True,True,
referencing,include,G,,False,False,False,True,
referred,include,G,B,True,False,False,False,
refers,include,G,,False,False,True,True,
refine,include,G,,False,True,True,True,
refined,include,G,G,True,True,True,True,
refinement,include,G,,False,True,True,True,
refinements,include,G,G,True,True,True,True,
refines,include,G,G,True,True,True,True,
refining,include,G,,False,True,True,True,
reflect,include,G,,False,True,True,True,
reflected,include,G,,False,True,True,True,
reflecting,include,G,,False,True,True,True,
reflective,include,B,,False,True,True,True,
reflects,include,G,,False,True,True,True,
reflexive,include,T,,False,True,True,True,
reform,include,B,,False,True,True,True,
reforming,include,G,,False,True,True,True,
reframe,include,G,,False,True,True,True,
reframes,include,G,,False,True,True,True,
reframing,include,G,,False,True,True,True,
regarded,include,G,,False,True,True,True,
regarding,include,G,,False,True,True,True,
regime,include,B,,False,True,True,True,
region,include,B,,False,False,False,True,
regionally,include,G,,False,True,True,True,
registered,include,B,,False,True,True,True,
registration,include,T,,False,True,True,True,
registry,include,T,,False,True,True,True,
regret,include,B,,False,False,False,True,
regular,include,G,,False,False,False,True,
regulate,include,G,,False,True,True,True,
regulating,include,G,,False,True,True,True,
regulatory,exclude,B,B,True,False,False,False,
reinforce,include,G,,False,True,True,True,
reinforced,include,G,,False,True,True,True,
reinforcement,include,B,,False,True,True,True,
reinforces,include,G,,False,True,True,True,
reinforcing,include,G,,False,True,True,True,
reintegration,include,T,,False,True,True,True,
rejuvenation,include,T,,False,False,True,True,
related,include,G,,False,True,True,True,
relational,include,G,,False,True,True,True,
relationship,include,G,,False,True,True,True,
relationships,include,G,,False,True,True,True,
relative,include,B,,False,True,True,True,
relevance,include,G,,False,True,True,True,
relevant,include,G,,False,True,True,True,
reliability,include,B,,False,True,True,True,
reliable,include,G,,False,True,True,True,
reliably,include,G,,False,True,True,True,
reliance,include,G,G,True,True,True,True,
relied,include,G,,False,True,True,True,
relies,include,G,,False,True,True,True,
relieves,include,G,,False,True,False,True,
rely,include,G,,False,True,True,True,
relying,include,G,,False,True,True,True,
remain,include,G,,False,True,True,True,Latest
remained,include,G,,False,True,True,True,
remaining,include,G,,False,True,True,True,
remains,include,G,,False,True,True,True,Latest
remarkable,include,G,,False,True,True,True,
remarkably,include,G,,False,False,True,True,
remediating,include,G,,False,True,False,True,
reminiscent,include,G,G,True,False,False,False,
remodel,include,B,,False,True,True,True,
remodeled,include,B,,False,True,True,True,
remodels,include,B,,False,True,True,True,
remote,include,B,,False,True,True,True,
removal,include,G,,False,False,True,False,
remove,include,G,,False,False,True,False,
removes,include,G,,False,False,True,False,
removing,include,G,,False,True,True,True,
rendering,include,G,,False,False,True,True,
renowned,include,G,,False,True,True,True,
reorganization,include,B,,False,True,True,True,
reorganize,include,G,,False,True,True,True,
reorientation,include,G,,False,True,True,True,
repair,exclude,B,B,True,False,False,False,
reparative,include,T,,False,True,True,True,
repeat,include,B,,False,True,True,True,
repeated,include,G,,False,True,True,True,
repercussions,include,G,,False,True,True,True,
repertoire,include,B,,False,False,False,True,
replace,include,G,G,True,False,False,True,
replacement,include,B,,False,True,True,True,
replaces,include,G,,False,True,True,True,
replacing,include,G,,False,False,True,True,
replenishment,include,B,,False,False,False,True,
replicability,include,G,,False,False,True,False,
replicable,include,G,G,True,True,True,True,
replications,include,G,,False,False,True,False,
report,include,G,G,True,True,True,True,
reporting,include,G,,False,True,True,True,
repositories,include,B,,False,False,True,True,
represent,include,G,G,True,True,True,True,
representation,include,G,,False,True,True,True,
representational,include,G,,False,True,True,True,
representations,include,B,,False,True,True,True,
representative,include,G,,False,True,True,True,
representativeness,include,G,,False,True,True,True,
represented,include,G,,False,False,True,False,
representing,include,G,,False,True,True,True,
represents,include,G,,False,True,True,True,
reprocessing,include,T,,False,True,True,True,
reproduce,include,G,,False,False,False,True,
reproduced,include,G,,False,True,True,True,
reproduces,include,G,,False,True,True,True,
reproducibility,include,G,,False,True,True,True,
reproducible,include,G,,False,True,True,True,
reprogram,include,T,,False,True,True,True,
reprogrammed,include,T,,False,True,True,True,
reprograms,include,T,,False,True,True,True,
repurposing,include,T,,False,True,True,True,
require,include,G,G,True,True,True,True,
required,include,G,,False,True,True,True,
requirements,include,G,,False,True,True,True,
requires,include,G,G,True,True,True,True,
requiring,include,G,,False,True,True,True,
resamples,include,T,,False,True,True,True,
research,include,G,,False,True,True,True,Early
researchers,include,G,,False,True,True,True,
researching,include,G,,False,True,True,False,
resemblance,include,G,,False,False,True,False,
reset,include,G,,False,True,True,True,
reshape,include,G,,False,True,True,True,
reshaped,include,G,,False,True,True,True,
reshapes,include,G,,False,True,True,True,
reshaping,include,G,,False,True,True,True,
residence,exclude,T,B,True,False,False,False,
residual,exclude,B,B,True,False,False,False,
resilience,include,B,,False,True,True,True,
resilient,include,B,,False,True,True,True,
resisting,include,G,,False,False,True,True,
resists,include,G,,False,True,True,True,
resolution,include,B,,False,True,True,True,
resolve,include,G,,False,True,True,True,
resolved,include,G,,False,True,True,True,
resolves,include,G,,False,True,True,True,
resolving,include,G,,False,True,True,True,
resource,include,G,,False,True,True,True,
resourced,include,G,,False,True,True,True,
resources,include,G,,False,True,True,True,
respectful,include,G,,False,True,True,True,
respectively,include,G,,False,False,True,False,
respond,include,G,,False,True,True,True,
response,include,B,,False,True,True,True,
responses,include,B,,False,True,True,True,
responsibilities,include,G,,False,True,True,True,
responsibility,include,G,,False,True,True,True,
responsive,include,G,,False,True,True,True,
responsiveness,include,G,,False,True,True,True,
restoration,include,B,,False,True,True,True,
restorative,include,B,,False,False,True,True,
restore,include,G,G,True,True,True,True,
restored,include,G,,False,True,True,True,
restores,include,G,G,True,True,True,True,
restoring,include,G,,False,True,True,True,
restrains,include,G,,False,True,True,True,
restrict,include,G,,False,True,True,True,
restricted,include,G,,False,True,True,True,
restricting,include,G,,False,True,True,True,
restricts,include,G,,False,True,True,True,
restructuring,include,G,G,True,True,True,True,
resulting,include,G,,False,True,True,True,
resurgence,include,G,,False,False,False,True,
retain,include,G,,False,True,True,True,
retained,include,G,,False,True,True,True,
retaining,include,G,,False,True,True,True,
retains,include,G,,False,True,True,True,
retention,include,B,,False,True,True,True,
retraining,include,B,,False,True,True,True,
retrieval,include,T,,False,True,True,True,
reusable,include,B,,False,True,True,True,
reusing,include,G,,False,True,True,True,
reveal,include,G,,False,True,True,True,
revealed,include,G,G,True,True,True,True,
revealing,include,G,G,True,True,True,True,
reveals,include,G,,False,True,True,True,
reverses,include,G,,False,True,True,True,
reversibility,include,B,,False,True,True,True,
reversible,include,B,,False,True,True,True,
review,include,B,,False,True,True,True,
reviewer,include,T,,False,True,True,True,
revising,include,G,G,True,True,False,True,
revision,include,B,B,True,False,False,False,
revisits,include,G,,False,True,True,True,
revolutionary,include,G,,False,True,True,True,
revolutionizing,include,G,,False,True,True,True,
rhe,exclude,T,T,True,False,False,False,
rich,include,G,,False,True,True,True,
richer,include,G,,False,False,False,True,
richness,include,B,,False,False,False,True,
right,include,B,,False,True,True,True,
rigid,include,G,,False,True,True,True,
rigidity,include,B,,False,False,True,False,
rigor,include,G,,False,True,True,True,
rigorous,include,G,,False,True,True,True,
rigorously,include,G,,False,True,True,True,
rigour,include,G,,False,True,True,True,
rise,include,G,,False,True,True,True,
rises,include,G,,False,True,True,True,
rising,include,G,,False,True,True,True,
risking,include,G,,False,True,True,True,
riverine,exclude,T,T,True,False,False,False,
roadmap,include,G,,False,True,True,True,
robust,include,G,,False,True,True,True,
robustly,include,G,,False,True,True,True,
robustness,include,G,,False,True,True,True,
role,include,G,,False,True,True,True,
roles,include,G,,False,True,True,True,
rollout,include,G,,False,True,True,True,
root,include,B,,False,True,True,True,
rooted,include,G,,False,True,True,True,
rose,include,G,,False,True,True,True,
rounded,include,G,G,True,False,False,False,
roundness,include,T,T,True,True,True,True,
routes,include,G,,False,True,True,True,
routine,include,G,,False,True,True,True,
routinely,include,G,,False,True,True,True,
routing,include,T,T,True,True,True,True,
rubric,include,T,,False,True,True,True,
rule,include,G,,False,True,True,True,
rules,include,G,,False,False,True,False,
sacrificial,include,T,,False,True,False,True,
sacrificing,include,B,B,True,False,False,False,
sacrum,exclude,T,T,True,False,False,False,
safe,include,G,,False,True,True,True,
safeguard,include,G,,False,True,True,True,
safeguarding,include,G,,False,True,True,True,
safeguards,include,G,,False,True,True,True,
safer,include,G,G,True,True,True,True,
safest,include,G,G,True,False,False,False,
salinity,exclude,T,T,True,False,False,False,
sample,include,G,,False,False,True,False,
samples,include,G,,False,False,False,True,
satisfaction,include,B,,False,True,True,True,
satisfactory,include,G,,False,True,True,True,
satisfies,include,G,,False,False,True,False,
saturation,include,T,,False,False,False,True,
scaffolded,include,T,,False,True,True,True,
scaffolding,include,B,,False,False,True,False,
scalar,include,T,,False,True,True,True,
scales,include,B,,False,True,True,True,
scarce,include,G,,False,True,True,True,
scarcity,include,G,G,True,True,True,True,
scenarios,include,G,,False,True,True,True,
scenes,include,B,,False,True,False,True,
scfas,exclude,T,T,True,False,False,False,
scheduling,include,G,,False,True,True,True,
scheme,include,G,,False,False,False,True,
scholar,include,G,,False,True,True,True,
scholarly,include,G,,False,True,True,True,
scholarship,include,G,,False,True,True,True,
sciences,include,G,,False,False,True,False,
scientific,include,G,,False,True,True,True,
scientifically,include,G,G,True,False,False,False,
scope,include,G,,False,True,True,True,
score,include,B,,False,True,True,True,
screen,include,B,,False,True,True,False,
screened,include,B,,False,True,True,True,
screener,include,T,,False,False,True,False,
screenings,include,T,,False,False,False,True,
scrutinize,include,G,,False,True,True,True,
scrutinized,include,G,,False,True,True,True,
scrutinizing,include,G,,False,True,True,False,
scrutiny,include,G,,False,False,True,False,
seamless,include,G,,False,True,True,True,
seamlessly,include,G,,False,True,True,True,
search,include,G,,False,True,True,True,
searched,include,G,,False,True,True,True,
second,include,G,,False,False,False,True,
sectionally,include,T,T,True,False,False,False,
sector,include,T,,False,True,True,True,
sectoral,include,G,,False,True,True,True,
secure,include,G,,False,True,True,True,
security,include,T,,False,True,True,True,
seeking,include,G,,False,True,True,True,
seeks,include,G,,False,True,True,True,
segment,include,B,,False,False,True,True,
segmentation,include,T,,False,True,True,True,
segmented,include,T,,False,False,True,False,
segmenting,include,B,,False,True,True,True,
select,include,G,,False,False,True,False,
selected,include,G,,False,True,True,True,
selecting,include,G,,False,True,True,True,
selection,include,B,B,True,True,True,True,
selective,include,B,,False,True,True,True,
selectively,include,G,,False,True,True,True,
selectivity,include,T,,False,True,True,True,
selects,include,G,,False,True,False,True,
semantic,exclude,B,T,True,False,False,False,
semantically,include,T,,False,True,True,True,
semantics,include,T,,False,True,True,True,
semi,include,G,,False,True,True,True,
sensitize,exclude,B,B,True,False,False,False,
sentiment,include,B,,False,True,True,True,
sentiments,include,B,,False,True,True,True,
separability,include,T,,False,True,True,True,
separable,include,G,,False,True,True,True,
separates,include,G,,False,True,True,True,
sequential,include,G,,False,True,True,True,
sequentially,include,G,,False,False,False,True,
serious,include,G,,False,True,True,True,
seriously,include,G,,False,True,True,True,
sertraline,exclude,T,T,True,False,False,False,
serve,include,G,,False,True,True,True,
served,include,G,,False,True,True,True,
serves,include,G,,False,True,True,True,
service,include,G,,False,True,True,True,
serving,include,G,,False,True,True,True,
session,include,B,,False,True,True,True,
sessions,include,B,,False,True,True,True,
set,include,G,,False,True,True,True,
sets,include,G,,False,False,True,False,
settings,include,G,,False,True,True,True,
severe,include,G,,False,True,True,True,
severely,include,G,,False,True,True,True,
severity,include,G,,False,True,True,True,
shape,include,G,,False,True,True,True,
shaped,include,G,,False,True,True,True,
shapes,include,G,,False,True,True,True,
shaping,include,G,,False,True,True,True,
shared,include,G,,False,True,True,True,
sharing,include,G,,False,True,True,True,
sharper,include,G,,False,True,True,True,
sharply,include,G,,False,True,True,True,
sharpness,include,T,,False,True,True,True,
she,include,G,,False,True,True,True,
shed,include,G,,False,True,True,True,
shedding,include,B,,False,True,True,True,
sheds,include,G,,False,True,True,True,
shielding,include,T,,False,True,True,True,
shift,include,G,G,True,True,True,True,
shifted,include,G,,False,True,True,True,
shifting,include,G,,False,True,True,True,
shifts,include,G,,False,True,True,True,
short,include,G,,False,True,True,True,
shortages,include,G,,False,True,True,True,
shortcoming,include,G,,False,False,False,True,
shortens,include,G,,False,True,True,True,
shorter,include,G,,False,True,True,True,
shot,include,B,,False,True,True,True,
show,include,G,,False,False,True,True,
showcase,include,G,,False,True,True,True,
showcased,include,G,,False,True,True,True,
showcases,include,G,,False,True,True,True,
showcasing,include,G,,False,True,True,True,Early
showed,include,G,,False,True,True,True,
showing,include,G,,False,True,True,True,
shows,include,G,,False,True,True,True,
shrink,include,G,G,True,False,False,False,
shrinkage,include,T,,False,True,True,True,
sib,exclude,T,T,True,False,False,False,
side,include,B,,False,False,True,True,
signature,include,B,,False,True,True,True,
significance,include,G,,False,True,True,True,
significant,include,G,,False,True,True,True,
significantly,include,G,,False,True,True,True,
signifies,include,G,,False,True,True,True,
signify,include,G,,False,True,True,True,
signifying,include,G,G,True,True,True,True,
similarity,include,G,,False,True,True,True,
similarly,include,G,,False,False,True,True,
simplest,include,G,G,True,False,False,False,
simplicity,include,G,,False,True,True,True,
simplification,include,G,,False,False,True,False,
simplified,include,G,,False,True,True,True,
simplifies,include,G,,False,True,True,True,
simplifying,include,G,,False,True,True,True,
simulate,include,G,,False,True,True,True,
simulated,include,G,,False,False,False,True,
simulates,include,G,,False,False,False,True,
simulation,include,B,,False,True,True,True,
simultaneous,include,G,,False,True,True,True,
simultaneously,include,G,,False,True,True,True,
single,include,G,,False,True,True,True,
sirnas,exclude,T,T,True,False,False,False,
sites,include,G,,False,True,True,True,
situating,include,G,,False,True,True,True,
skeletons,exclude,T,T,True,False,False,False,
skepticism,include,G,,False,True,True,True,
skewed,include,G,,False,False,True,False,
skill,include,G,,False,True,True,True,
skills,include,G,,False,True,True,True,
skip,include,G,,False,False,True,False,
skipping,include,B,B,True,False,False,False,
slope,include,T,,False,True,True,True,
sluggish,include,G,,False,True,True,True,
smart,include,B,,False,True,True,True,
smoothed,include,G,,False,False,True,True,
smoother,include,G,,False,True,True,True,
smoothing,include,T,B,True,True,True,True,
smoothly,include,G,G,True,False,False,False,
smoothness,include,G,,False,True,True,True,
snapshots,include,G,G,True,False,True,True,
sne,exclude,T,T,True,False,False,False,
social,include,B,,False,True,True,True,
societal,include,G,,False,True,True,True,
society,include,B,,False,False,True,True,
soft,include,B,,False,True,True,True,
software,include,T,,False,True,True,True,
solely,include,G,,False,True,True,True,
solidarity,include,T,T,True,False,True,True,
solution,include,B,,False,True,True,True,
solutions,include,B,,False,True,True,True,
solve,include,G,,False,True,True,True,
solver,include,T,,False,False,True,True,
solves,include,G,,False,True,True,True,
solving,include,G,,False,False,False,True,
source,include,G,,False,True,True,True,
sources,include,G,,False,True,True,True,
sourcing,include,G,,False,True,True,True,
space,include,G,,False,True,True,True,
spaces,include,G,,False,True,True,True,
spanned,include,G,,False,True,True,True,
spanning,include,G,,False,True,True,True,
spans,include,G,,False,True,True,True,
sparked,include,G,,False,True,True,True,
sparsity,include,T,,False,True,True,True,
specialization,include,G,,False,True,True,True,
specializing,include,G,,False,True,True,True,
specific,include,G,,False,True,True,True,
specifically,include,G,,False,True,True,True,
specifics,include,G,,False,True,True,True,
specified,include,G,,False,True,True,True,
speculative,include,G,,False,True,True,True,
speed,include,G,,False,True,True,True,
speeding,include,G,,False,False,True,False,
spillover,include,B,,False,True,True,True,
splines,exclude,T,T,True,False,False,False,
splits,include,G,,False,True,True,True,
spoke,include,G,,False,False,False,True,
spotlight,include,G,,False,False,True,True,
spouses,exclude,T,T,True,False,False,False,
spurred,include,G,,False,True,True,True,
square,include,B,,False,True,True,True,
squared,include,T,,False,True,True,True,
squares,include,T,,False,True,True,True,
stabilisation,include,B,,False,True,True,True,
stability,include,B,,False,True,True,True,
stabilization,include,G,,False,True,True,True,
stabilize,include,G,,False,True,True,True,
stabilized,include,G,,False,True,True,True,
stabilizes,include,G,,False,True,True,True,
stabilizing,include,G,,False,True,True,True,
stable,include,G,,False,True,True,True,
stacking,include,T,,False,True,True,True,
stacks,include,T,B,True,False,False,False,
stages,include,G,,False,True,True,True,
staggered,include,G,,False,True,True,True,
stagnant,include,G,,False,False,True,False,
stagnation,include,G,,False,True,True,True,
stakeholder,include,G,,False,True,True,True,
stakeholders,include,G,,False,True,True,True,
stakes,include,G,,False,True,True,True,
standard,include,G,,False,True,True,True,
standardisation,include,G,,False,True,True,True,
standardise,include,G,,False,True,True,True,
standardised,include,G,,False,True,True,True,
standardization,include,G,,False,True,True,True,
standardize,include,G,,False,True,True,True,
standardized,include,G,,False,True,True,True,
standardizing,include,G,,False,True,True,True,
standards,include,G,,False,True,True,True,
standing,include,G,,False,True,True,True,
stands,include,G,,False,True,True,True,
stark,include,G,,False,False,False,True,
state,include,G,,False,True,True,True,
statement,include,B,,False,False,True,False,
states,include,G,,False,True,True,True,
status,include,B,,False,True,True,True,
stays,include,G,,False,True,True,True,
steeper,include,G,,False,True,True,True,
steepest,include,G,,False,True,True,True,
steering,include,G,,False,True,True,True,
stellate,exclude,T,T,True,False,False,False,
stemmed,include,G,,False,True,True,True,
stemming,include,G,,False,True,True,True,
stems,include,G,,False,True,True,True,
step,include,G,,False,False,True,False,
steps,include,G,,False,False,True,True,
still,include,G,,False,True,True,True,
stillbirths,exclude,T,T,True,False,False,False,
stimuli,exclude,T,B,True,False,False,False,
sting,exclude,T,T,True,False,False,False,
stis,exclude,T,T,True,False,False,False,
stood,include,G,,False,True,True,True,
storage,include,B,B,True,True,True,True,
storytelling,include,T,,False,True,True,True,
straightforward,include,G,,False,True,True,True,
strain,include,T,,False,True,True,True,
strategic,include,G,,False,True,True,True,
strategically,include,G,G,True,True,True,True,
strategies,include,G,,False,True,True,True,
strategy,include,G,,False,True,True,True,
stratifies,include,G,,False,True,True,True,
streamline,include,G,,False,True,True,True,
streamlined,include,G,,False,True,True,True,
streamlines,include,G,,False,True,True,True,
streamlining,include,G,,False,True,True,True,
strength,include,B,,False,True,True,True,
strengthen,include,G,,False,True,True,True,
strengthened,include,G,,False,True,True,True,
strengthening,include,G,,False,True,True,True,
strengthens,include,G,,False,True,True,True,
strengths,include,G,,False,True,True,True,
stressing,include,G,,False,False,False,True,
strict,include,G,,False,True,True,True,
stricter,include,G,G,True,True,True,True,
strictly,include,G,,False,False,False,True,
strides,include,G,,False,True,True,True,
stringent,include,G,,False,True,True,True,
strips,exclude,B,T,True,False,False,False,
strive,include,G,,False,False,True,False,
striving,include,G,,False,False,True,False,
stromal,exclude,T,T,True,False,False,False,
strong,include,G,,False,True,True,True,
stronger,include,G,,False,True,True,True,
strongest,include,G,G,True,True,True,True,
strongly,include,G,,False,True,True,True,
structural,include,G,,False,True,True,True,
structurally,include,G,,False,True,True,True,
structure,include,G,,False,True,True,True,
structured,include,G,,False,True,True,True,
structures,include,G,,False,True,True,True,
structuring,include,G,,False,True,True,False,
struggle,include,G,,False,True,True,True,
struggled,include,G,,False,True,True,True,
struggles,include,G,,False,True,True,True,
students,exclude,T,T,True,False,False,False,
studies,include,G,,False,True,True,True,
study,include,G,,False,True,True,True,
studying,include,G,,False,True,True,True,
subcutaneous,exclude,T,T,True,False,False,False,
subdistribution,exclude,T,T,True,False,False,False,
subdomain,include,T,T,True,False,False,False,
subjected,include,G,,False,True,True,True,
subjective,include,G,,False,True,True,True,
subjectivity,include,G,,False,True,True,True,
submission,include,B,,False,True,False,True,
submissions,include,T,,False,False,False,True,
subnational,include,T,,False,False,True,True,
suboptimal,include,G,,False,True,True,True,
subregion,include,B,,False,False,False,True,
subregions,include,T,,False,False,False,True,
subsequent,include,G,,False,True,True,True,
subsequently,include,G,,False,True,True,True,
subset,include,B,,False,True,True,True,
subsets,include,B,,False,True,True,True,
substance,include,B,,False,False,False,True,
substantial,include,G,,False,True,True,True,Latest
substantially,include,G,,False,True,True,True,
substantiate,include,G,,False,False,True,False,
substantiated,include,G,,False,True,True,True,
substituting,include,G,G,True,False,False,True,
substructures,include,B,,False,False,True,False,
subsystems,include,B,,False,False,True,False,
subthemes,include,T,,False,True,True,True,
subtle,include,G,,False,True,True,True,
subwavelength,exclude,T,T,True,False,False,False,
success,include,G,,False,True,True,True,
successful,include,G,,False,True,True,True,
successfully,include,G,,False,True,True,True,
succumbed,include,G,,False,True,True,True,
suffer,include,G,,False,True,True,True,
sufferers,exclude,G,B,True,False,False,False,
suggest,include,G,,False,True,True,True,
suggesting,include,G,,False,True,True,True,
suggestions,include,G,,False,False,False,True,
suggestive,include,G,G,True,True,True,True,
suggests,include,G,,False,True,True,True,
suitability,include,G,,False,True,True,True,
suitable,include,G,,False,True,True,True,
sulbactam,exclude,T,T,True,False,False,False,
summaries,include,G,,False,True,True,True,
summarises,include,G,,False,True,True,True,
summarize,include,G,,False,True,True,True,
summarized,include,G,,False,True,True,True,
summarizes,include,G,,False,True,True,True,
summary,include,G,,False,True,True,True,
superb,include,G,,False,False,False,True,
superconductors,exclude,T,T,True,False,False,False,
superior,include,B,,False,True,True,True,
superiority,include,G,,False,True,True,True,
supervisor,include,T,T,True,False,False,False,
supervisory,include,G,,False,True,True,True,
supply,include,G,,False,True,True,True,
support,include,G,,False,True,True,True,
supported,include,G,,False,True,True,True,
supporting,include,G,,False,True,True,True,Latest
supportive,include,B,,False,True,True,True,
supports,include,G,G,True,True,True,True,
supreme,include,B,,False,True,True,True,
surface,include,B,,False,True,True,True,
surged,include,G,,False,True,True,True,
surges,include,G,,False,True,True,True,
surpass,include,G,,False,True,True,True,
surpassed,include,G,,False,True,True,True,
surpasses,include,G,,False,True,True,True,
surpassing,include,G,,False,True,True,True,
surrounding,include,G,,False,True,True,True,
survey,include,G,,False,True,True,True,
surveys,include,G,,False,True,True,True,
suspected,include,G,,False,True,True,False,
suspicion,include,G,,False,True,True,True,
sustain,include,G,,False,True,True,True,
sustainability,include,B,,False,True,True,True,
sustainable,include,G,,False,True,True,True,Intermediate
sustainably,include,G,,False,True,True,True,
sustained,include,G,,False,True,True,True,
sustaining,include,G,,False,True,True,True,
sustains,include,G,,False,True,True,True,
swift,include,G,,False,True,True,True,
swiftly,include,G,,False,True,True,True,
symbiotic,exclude,B,B,True,False,False,False,
symbolic,include,G,,False,True,True,True,
symmetric,include,B,,False,True,True,True,
symmetries,include,T,,False,False,True,False,
symmetry,include,T,,False,True,True,True,
synchronize,include,G,,False,False,False,True,
synergies,include,G,,False,True,True,True,
synergistic,include,G,B,True,True,True,True,
synergistically,include,B,,False,True,True,True,
synergize,include,G,,False,True,True,True,
synergized,include,B,,False,True,True,True,
synergizes,include,B,,False,True,True,True,
synergizing,include,G,,False,True,True,True,
synergy,include,B,,False,True,True,True,
synopsis,include,G,,False,False,False,True,
synthesis,include,B,,False,True,True,True,
synthesise,include,G,,False,True,True,True,
synthesised,include,B,,False,True,True,True,
synthesises,include,B,,False,True,True,True,
synthesising,include,G,,False,True,True,True,
synthesize,include,G,,False,True,True,True,
synthesized,include,B,,False,True,True,True,
synthesizes,include,B,,False,True,True,True,
synthesizing,include,G,,False,True,True,True,
synthetic,include,B,,False,True,True,True,
system,include,B,,False,True,True,True,
system's,include,G,,False,True,True,True,
systematic,include,G,,False,True,True,True,
systematically,include,G,G,True,True,True,True,
systems,exclude,G,G,True,False,False,False,
tabular,include,B,,False,True,True,True,
tace,exclude,T,T,True,False,False,False,
tackle,include,G,,False,True,True,True,
tactical,include,G,,False,True,False,True,
tailored,include,G,G,True,True,True,True,
tailoring,include,G,,False,True,True,True,
takes,include,G,G,True,False,False,False,
talent,include,T,,False,True,True,True,
target,include,B,,False,True,True,True,
targeted,include,G,,False,True,True,True,
targeting,include,B,,False,True,True,True,
targets,include,B,,False,True,True,True,
task,include,G,,False,True,True,True,
tasked,include,G,,False,False,False,True,
tasks,include,G,,False,True,True,True,
tdcs,exclude,T,T,True,False,False,False,
team,include,G,,False,True,True,True,
teams,include,G,,False,True,True,True,
tech,exclude,T,T,True,False,False,False,
technical,include,G,,False,True,True,True,
technically,include,G,,False,True,True,True,
technological,include,G,,False,True,True,True,
technology,include,G,,False,True,True,True,
temporal,include,B,,False,True,True,True,
temporally,include,G,,False,True,True,True,
temporary,include,G,,False,False,True,True,
tenfold,include,G,,False,False,True,True,
tensions,include,G,,False,True,True,True,
terahertz,exclude,T,T,True,False,False,False,
terminology,include,G,,False,True,True,True,
terms,include,G,,False,True,True,True,
testable,include,G,,False,True,True,True,
tetracyclines,exclude,T,T,True,False,False,False,
tetrahedral,exclude,T,T,True,False,False,False,
text,include,G,,False,True,True,True,
textbook,include,G,G,True,False,True,True,
textual,include,G,,False,True,True,True,
texture,include,B,,False,True,True,True,
thematic,include,B,,False,True,True,True,Latest
thematically,include,T,T,True,True,True,True,
themes,include,G,,False,True,True,True,
theoretical,include,G,,False,True,True,True,
theory,include,G,,False,True,True,True,
thereby,include,G,,False,True,True,True,
therefore,include,G,,False,True,True,True,
thio,exclude,T,T,True,False,False,False,
third,include,G,,False,True,True,True,
thorough,include,G,,False,True,True,True,
thoroughly,include,G,,False,True,True,True,
though,include,G,,False,True,True,True,
thoughtful,include,G,,False,True,True,True,
threat,include,G,,False,True,True,True,
threaten,include,G,,False,True,False,True,
threatening,include,G,,False,True,True,True,
threatens,include,G,,False,True,True,True,
threats,include,G,,False,True,True,True,
thriving,include,G,,False,True,True,True,
thrombospondin,exclude,T,T,True,False,False,False,
through,include,G,,False,True,True,True,
throughout,include,G,,False,False,False,True,
throughput,include,T,,False,True,True,True,
thus,include,G,,False,True,True,True,
thyrotropin,exclude,T,T,True,False,False,False,
tied,include,G,,False,True,True,True,
tiered,include,G,G,True,True,True,True,
tiers,include,G,,False,True,True,True,
tigecycline,exclude,T,T,True,False,False,False,
tight,include,G,,False,False,True,False,
tighter,include,G,,False,True,True,True,
timeframe,include,G,,False,False,True,False,
timeframes,include,G,,False,True,True,True,
timelines,include,G,,False,True,True,True,
timeliness,include,G,,False,True,True,True,
timely,include,G,,False,True,True,True,
timepoints,include,B,,False,True,True,True,
times,include,G,,False,False,True,False,
timescale,include,G,G,True,False,False,False,
timescales,include,G,,False,False,True,False,
tipping,include,G,,False,True,False,True,
titled,include,G,G,True,True,True,True,
tme,exclude,T,T,True,False,False,False,
together,include,G,,False,True,True,True,
tones,exclude,B,T,True,False,False,False,
toolkit,include,G,,False,True,True,True,
top,include,G,,False,True,True,True,
topic,include,G,,False,True,True,True,
topics,include,G,G,True,True,True,True,
total,include,G,,False,True,True,True,
totaling,include,G,,False,True,True,True,
toward,include,G,,False,True,True,True,
trace,include,B,,False,True,True,True,
traceability,include,T,,False,True,True,True,
traceable,include,G,,False,True,True,True,
tractable,include,G,,False,True,True,True,
traditional,include,B,,False,True,True,True,
traditionally,include,G,,False,True,True,True,
traditions,include,G,,False,True,True,True,
train,include,B,,False,True,True,True,
trainable,include,T,,False,True,True,True,
trained,include,G,,False,True,True,True,
trait,include,B,,False,True,True,True,
trajectories,include,G,B,True,True,True,True,
trajectory,include,G,,False,True,True,True,
transabdominal,exclude,T,T,True,False,False,False,
transcend,include,G,,False,True,True,True,
transdisciplinary,include,G,,False,False,False,True,
transfer,include,B,,False,True,True,True,
transferability,include,G,,False,True,True,True,
transferable,include,G,,False,True,True,True,
transferases,exclude,T,T,True,False,False,False,
transference,include,T,,False,True,True,True,
transform,include,G,,False,True,True,True,
transformation,include,B,,False,True,True,True,
transformational,include,G,,False,False,True,False,
transformations,include,G,,False,True,True,True,
transformative,include,G,,False,True,True,True,
transformed,include,G,,False,True,True,True,
transforming,include,G,,False,True,True,True,
transforms,include,G,,False,True,True,True,
transient,include,G,,False,True,True,True,
transition,include,G,,False,True,True,True,
transitional,include,B,,False,False,True,False,
transitioned,include,G,,False,True,True,True,
transitioning,include,G,,False,True,True,True,
transitions,include,G,,False,True,True,True,
translatability,include,G,,False,True,True,True,
translatable,include,G,,False,True,True,True,
translate,include,G,,False,True,True,True,
translates,include,G,,False,True,True,True,
translating,include,G,,False,True,True,True,
translation,include,B,,False,True,True,True,
translationally,include,G,,False,False,False,True,
translations,include,B,,False,False,True,False,
transmits,include,B,B,True,False,False,False,
transparency,include,G,,False,True,True,True,
transparent,include,G,,False,True,True,True,
traverse,include,G,,False,True,True,True,
traversing,include,G,,False,True,True,True,
treatment,exclude,G,B,True,False,False,False,
trend,include,G,,False,True,True,True,
trending,include,G,,False,False,False,True,
trends,include,G,,False,True,True,True,
trigger,include,G,,False,True,True,True,
triggered,include,G,,False,True,True,True,
triggering,include,G,,False,True,True,True,
triggers,include,G,,False,True,True,True,
trimethylamine,exclude,T,T,True,False,False,False,
trip,exclude,T,B,True,False,False,False,
triple,include,B,,False,True,True,True,
trouble,include,G,,False,False,False,True,
trueness,include,T,,False,True,True,True,
trusted,include,G,,False,True,True,True,
trusting,include,G,G,True,False,False,True,
trustworthiness,include,G,G,True,True,True,True,
trustworthy,include,G,,False,True,True,True,
truth,include,G,,False,True,True,True,
tryptophan,exclude,T,T,True,False,False,False,
ttp,exclude,T,T,True,False,False,False,
tumor,exclude,T,T,True,False,False,False,
tunability,include,T,,False,True,True,True,
tuned,include,G,,False,True,True,True,
tunes,include,G,,False,True,True,True,
turnaround,include,B,,False,True,True,True,
types,include,G,,False,True,True,True,
typically,include,G,,False,True,True,True,
uae,exclude,T,T,True,False,False,False,
uio,exclude,T,T,True,False,False,False,
ukraine,exclude,T,T,True,False,False,False,
ultimately,include,G,,False,True,True,True,
ultrafast,exclude,T,T,True,False,False,False,
umbrella,include,B,,False,True,True,True,
unaddressed,include,G,G,True,True,True,True,
unattainable,include,G,,False,True,True,False,
unavailable,include,G,,False,True,True,True,
uncertain,include,G,,False,True,True,True,
uncertainty,include,G,,False,True,True,True,
unchanged,include,G,,False,True,True,True,
uncharacterized,include,G,,False,True,True,True,
unclear,include,G,,False,True,True,True,
uncommon,include,G,,False,True,True,True,
unconstrained,include,G,G,True,True,False,True,
uncontrolled,include,B,,False,True,True,True,
uncover,include,G,,False,True,True,True,
uncovered,include,G,,False,True,True,True,
uncovering,include,G,,False,True,True,True,
uncovers,include,G,,False,True,True,True,
undefined,include,G,,False,True,True,True,
under,include,G,,False,True,True,True,
underappreciated,include,G,,False,True,True,True,
underdeveloped,include,G,,False,True,True,True,
underestimate,include,G,,False,False,True,False,
underexplored,include,G,,False,True,True,True,Intermediate
undergo,include,G,,False,True,True,True,
undergoes,include,G,,False,True,True,True,
undergoing,include,G,,False,True,True,True,
underlining,include,G,,False,True,True,True,
underlying,include,G,,False,True,True,True,
undermine,include,G,,False,True,True,True,
undermined,include,G,,False,True,True,True,
undermines,include,G,,False,True,True,True,
undermining,include,G,,False,True,True,True,
underpinnings,include,G,,False,True,True,True,
underpins,include,G,,False,True,True,True,
underpowered,include,G,,False,True,True,True,
underrecognized,include,G,,False,True,True,True,
underreported,include,G,,False,True,True,True,
underreporting,include,G,,False,True,True,True,
underrepresentation,include,G,,False,True,True,True,
underrepresented,include,G,,False,True,True,True,
underscore,include,G,,False,True,True,True,
underscored,include,G,,False,True,True,True,
underscores,include,G,,False,True,True,True,Intermediate
underscoring,include,G,,False,True,True,True,Intermediate
understand,include,G,,False,True,True,True,
understanding,include,G,,False,True,True,True,
understood,include,G,,False,True,True,True,
understudied,include,G,,False,True,True,True,
underused,include,G,,False,False,True,True,
underutilization,include,G,,False,True,True,True,
underutilized,include,G,,False,True,True,True,
underwent,include,G,,False,True,True,True,
undescribed,include,G,,False,False,False,True,
undocumented,include,B,,False,False,False,True,
unequal,include,G,,False,True,True,True,
uneven,include,G,,False,True,True,True,
unevenly,include,G,,False,True,True,True,
uneventful,include,G,,False,True,True,True,
unexplained,include,G,,False,True,True,True,
unexplored,include,G,,False,True,True,True,
unfeasible,include,G,,False,True,True,True,
unfolding,include,B,B,True,False,False,False,
unfolds,include,G,,False,True,True,True,
unified,include,G,,False,True,True,True,
unifies,include,G,,False,True,True,True,
uniform,include,G,,False,True,True,True,
uniformly,include,G,,False,True,True,True,
unify,include,G,,False,True,True,True,
unifying,include,G,,False,True,True,True,
unintentionally,include,G,,False,False,False,True,
unique,include,G,,False,True,True,True,
uniquely,include,G,,False,True,True,True,
unity,include,G,,False,True,True,True,
universal,include,B,,False,True,True,True,
universality,include,G,G,True,True,True,True,
universally,include,G,,False,True,True,True,
unlabeled,include,B,,False,True,True,True,
unlabelled,include,T,,False,True,True,True,
unlike,include,G,,False,True,True,True,
unlock,include,G,,False,True,True,True,
unlocking,include,G,,False,True,True,True,
unmeasured,include,T,B,True,True,True,True,
unmet,include,G,,False,True,True,True,
unnecessary,include,G,,False,True,True,True,
unparalleled,include,G,,False,True,True,True,
unpredictability,include,G,,False,True,True,True,
unproven,include,G,,False,True,True,True,
unravel,include,G,,False,False,True,True,
unraveling,include,G,,False,True,True,True,
unravelling,include,G,,False,True,True,False,
unrecognized,include,G,,False,True,True,True,
unreliable,include,G,,False,True,True,True,
unremarkable,include,G,,False,True,True,True,
unreported,include,G,,False,True,True,False,
unresolved,include,G,,False,True,True,True,
unresponsive,include,G,,False,True,True,True,
unseen,include,G,,False,True,True,True,
unselected,include,G,G,True,False,False,False,
unstable,include,G,,False,False,False,True,
unstructured,include,G,,False,True,True,True,
unsuitable,include,G,,False,True,False,True,
unsupported,include,G,,False,True,True,True,
unsustainable,include,G,,False,True,True,True,
untapped,include,G,,False,True,True,True,
untested,include,G,,False,True,False,True,
unveil,include,G,,False,True,True,True,
unveiled,include,G,,False,True,True,True,
unveiling,include,G,,False,True,True,True,
unveils,include,G,,False,True,True,True,
updated,include,G,,False,True,True,True,
updates,include,G,,False,True,True,True,
upgrades,include,G,G,True,True,True,True,
upgrading,include,G,,False,True,True,True,
uphold,include,G,,False,True,True,True,
upper,include,B,,False,True,True,True,
upsurge,include,G,,False,False,False,True,
uptake,include,B,,False,True,True,True,
upward,include,G,,False,True,True,True,
uranium,exclude,T,T,True,False,False,False,
urgency,include,B,,False,False,False,True,
urgent,include,G,,False,True,True,True,
urging,include,G,,False,True,True,True,
usability,include,T,,False,True,True,True,
usage,include,G,,False,True,True,True,
used,include,G,,False,True,True,True,
user,include,G,,False,True,True,True,
uses,include,G,,False,True,True,True,
using,include,G,,False,True,True,True,
ustekinumab,exclude,T,T,True,False,False,False,
usually,include,G,,False,False,False,True,
utilised,include,G,,False,False,True,True,
utilises,include,G,,False,True,True,True,
utilising,include,G,,False,False,True,True,
utility,include,B,,False,True,True,True,
utilization,include,G,,False,True,True,True,Early
utilize,include,G,,False,True,True,True,
utilized,include,G,,False,True,True,True,Early
utilizes,include,G,,False,True,True,True,Early
utilizing,include,G,,False,True,True,True,Early
validate,include,G,,False,True,True,True,
validated,include,G,,False,True,True,True,
validates,include,G,,False,True,True,True,
validating,include,G,,False,True,True,True,
validation,include,G,,False,True,True,True,
validations,include,G,,False,True,True,True,
validity,include,B,,False,True,True,True,
valuable,include,G,G,True,True,True,True,
value,include,G,,False,True,True,True,
valued,include,G,,False,True,True,True,
values,include,G,,False,True,True,True,
valuing,include,G,,False,True,True,True,
vanishing,include,G,,False,False,True,False,
variability,include,G,,False,True,True,True,
variable,include,G,,False,True,True,True,
variables,include,G,,False,True,True,True,
variably,include,G,G,True,False,True,False,
variant,include,B,,False,True,True,True,
variants,include,B,,False,True,True,True,
variation,include,G,,False,True,True,True,
variations,include,G,,False,True,True,True,
varied,include,G,,False,True,True,True,
varies,include,G,,False,True,True,True,
varieties,include,G,,False,True,True,True,
variety,include,G,,False,False,True,True,
various,include,G,,False,True,True,True,
vary,include,G,,False,True,True,True,
varying,include,G,,False,True,True,True,
vector,include,T,,False,True,True,True,
verifiable,include,G,,False,True,True,True,
verification,include,G,,False,True,True,True,
verified,include,G,,False,True,True,True,
verifies,include,G,,False,True,True,True,
verify,include,G,,False,True,True,True,
verifying,include,G,,False,False,False,True,
versatile,include,G,,False,True,True,True,
versatility,include,G,,False,True,True,True,
version,include,G,,False,True,True,True,
versus,include,G,,False,True,True,True,
vfa,exclude,T,T,True,False,False,False,
via,include,G,,False,True,True,True,
viability,include,B,,False,True,True,True,
viable,include,G,,False,True,True,True,
vicious,include,G,,False,True,True,True,
view,include,G,,False,False,False,True,
viewed,include,G,,False,True,True,True,
viewpoints,include,G,,False,False,True,False,
vigilance,include,G,,False,True,True,True,
vigilant,include,G,,False,True,True,True,
vigor,include,B,,False,True,True,True,
virtual,include,B,,False,True,True,True,
visibility,include,G,,False,True,True,True,
visible,include,G,,False,True,True,True,
vision,include,B,,False,True,True,True,
visualizations,include,G,,False,True,True,True,
vital,include,G,,False,True,True,True,
volatile,include,T,,False,True,True,True,
volatility,include,T,,False,True,True,True,
vortices,exclude,T,T,True,False,False,False,
voting,include,T,,False,True,True,True,
vulnerabilities,include,G,,False,True,True,True,
vulnerability,include,G,,False,True,True,True,
vulnerable,include,G,,False,True,True,True,
waning,include,G,B,True,True,True,True,
warning,include,G,,False,True,True,True,
warnings,include,G,,False,False,False,True,
warrant,include,G,,False,True,True,True,
warranted,include,G,,False,True,True,True,
warranting,include,G,,False,True,True,True,
warrants,include,G,,False,True,True,True,
waves,exclude,B,B,True,False,False,False,
way,include,G,G,True,True,True,True,
ways,include,G,G,True,True,True,True,
weak,include,G,,False,True,True,True,
weaken,include,G,G,True,True,True,True,
weakened,include,G,,False,True,True,True,
weakening,include,G,G,True,True,True,True,
weakens,include,G,,False,True,True,True,
weaker,include,G,,False,True,True,True,
weakest,include,G,,False,False,False,True,
weakly,include,G,,False,True,True,False,
weakness,include,B,,False,True,False,True,
weekend,exclude,T,T,True,False,False,False,
weekly,include,G,,False,False,False,True,
weights,include,B,,False,True,True,True,
whatsapp,exclude,T,T,True,False,False,False,
whereas,include,G,,False,True,True,True,
wherein,include,G,,False,False,True,True,
whether,include,G,,False,True,True,True,
while,include,G,,False,True,True,True,Intermediate
whose,include,G,,False,True,True,True,
wide,include,G,,False,True,True,True,
widely,include,G,,False,True,True,True,
widening,include,G,,False,False,False,True,
widespread,include,G,,False,True,True,True,
willingness,include,G,,False,False,True,True,
wise,include,G,,False,True,True,True,
within,include,G,,False,True,True,True,
without,include,G,,False,True,True,True,
womac,exclude,T,T,True,False,False,False,
wonder,include,G,,False,True,True,True,
work,include,G,,False,True,True,True,
workload,include,B,T,True,True,True,True,
workloads,include,B,,False,True,True,True,
works,include,G,,False,False,True,False,
world,include,G,G,True,True,True,True,
worldwide,include,G,G,True,True,True,True,
worrisome,include,G,,False,False,False,True,
worsened,include,G,,False,True,True,True,
worsening,include,G,,False,True,True,True,
worsens,include,G,,False,True,True,True,
write,include,G,G,True,False,False,False,
writers,include,T,,False,False,True,True,
yangtze,exclude,T,T,True,False,False,False,
year,include,G,,False,True,True,True,
yet,include,G,,False,True,True,True,
yield,include,G,,False,True,True,True,
yielded,include,G,,False,True,True,True,
yielding,include,G,,False,True,True,True,
yields,include,G,,False,True,True,True,
yttrium,exclude,T,T,True,False,False,False,
zenodo,exclude,T,T,True,False,False,False,
